"Num_Acc";"id_vehicule";"num_veh";"senc";"catv";"obs";"obsm";"choc";"manv";"motor";"occutc"
"202300000409";"155 679 821";"A01";"1";"10";"0";"2";"1";"2";"1";""
"202300000409";"155 679 822";"B01";"1";"7";"0";"2";"4";"2";"1";""
"202300000410";"155 679 820";"A01";"0";"10";"0";"0";"0";"0";"0";""
"202300000410";"155 679 823";"B01";"1";"10";"0";"2";"4";"2";"1";""
"202300000411";"155 679 819";"A01";"1";"7";"3";"0";"1";"1";"1";""
"202300000412";"155 679 816";"A01";"2";"33";"0";"2";"3";"18";"1";""
"202300000412";"155 679 817";"B01";"2";"7";"0";"2";"5";"14";"1";""
"202300000413";"155 679 815";"A01";"2";"33";"0";"2";"4";"1";"1";""
"202300000413";"155 679 818";"B01";"2";"7";"0";"2";"1";"26";"1";""
"202300000414";"155 679 810";"A01";"1";"10";"0";"2";"1";"2";"1";""
"202300000414";"155 679 812";"B01";"1";"7";"0";"2";"4";"2";"1";""
"202300000414";"155 679 813";"C01";"1";"7";"0";"2";"4";"2";"1";""
"202300000414";"155 679 814";"D01";"1";"7";"0";"2";"4";"2";"1";""
"202300000415";"155 679 811";"A01";"0";"39";"0";"1";"1";"1";"3";""
"202300000416";"155 679 807";"A01";"2";"7";"0";"2";"4";"2";"1";""
"202300000416";"155 679 809";"B01";"2";"33";"0";"2";"1";"3";"1";""
"202300000417";"155 679 806";"A01";"0";"39";"0";"2";"1";"1";" -1";""
"202300000417";"155 679 808";"B01";"3";"7";"0";"4";"1";"1";"1";""
"202300000418";"155 679 803";"A01";"1";"7";"0";"2";"4";"1";"1";""
"202300000418";"155 679 804";"B01";"1";"7";"0";"2";"1";"11";"1";""
"202300000418";"155 679 805";"C01";"1";"7";"0";"2";"1";"1";"1";""
"202300000419";"155 679 801";"A01";"1";"43";"0";"2";"2";"14";"0";""
"202300000419";"155 679 802";"B01";"1";"7";"0";"2";"3";"1";"1";""
"202300000420";"155 679 800";"A01";"1";"7";"0";"1";"1";"1";"1";""
"202300000421";"155 679 798";"Z01";"0";"7";"0";"2";"1";"7";"1";""
"202300000421";"155 679 799";"A01";"0";"7";"15";"0";"5";"16";"1";""
"202300000422";"155 679 795";"A01";"2";"7";"0";"1";"2";"9";"1";""
"202300000423";"155 679 796";"A01";"2";"1";"0";"2";"8";"19";"5";""
"202300000423";"155 679 797";"B01";"2";"31";"0";"9";"1";"2";"1";""
"202300000424";"155 679 794";"A01";"0";"7";"0";"1";"0";"1";"1";""
"202300000425";"155 679 792";"A01";"1";"7";"0";"2";"8";"13";"2";""
"202300000425";"155 679 793";"B01";"1";"32";"0";"2";"2";"17";"1";""
"202300000426";"155 679 791";"A01";"1";"2";"0";"1";"2";"1";"3";""
"202300000427";"155 679 789";"A01";"1";"33";"2";"0";"1";"13";"1";""
"202300000427";"155 679 790";"B01";"1";"33";"8";"0";"1";"13";"1";""
"202300000428";"155 679 787";"B01";"1";"7";"0";"0";"1";"1";"1";""
"202300000428";"155 679 788";"A01";"1";"7";"0";"0";"0";"23";"1";""
"202300000429";"155 679 786";"A01";"1";"7";"0";"1";"0";"0";"1";""
"202300000430";"155 679 784";"B01";"1";"2";"0";"2";"3";"15";"1";""
"202300000430";"155 679 785";"A01";"1";"7";"0";"2";"2";"17";"1";""
"202300000431";"155 679 783";"A01";" -1";"39";"0";"1";"0";" -1";" -1";""
"202300000432";"155 679 781";"B01";"1";"7";"0";"1";"1";"17";"1";""
"202300000432";"155 679 782";"A01";"1";"7";"0";"1";"8";"1";"1";""
"202300000433";"155 679 780";"A01";"1";"1";"0";"0";"0";"1";"5";""
"202300000434";"155 679 777";"B01";"1";"7";"0";"2";"9";"0";"1";""
"202300000434";"155 679 778";"C01";"1";"7";"0";"2";"9";"0";"1";""
"202300000434";"155 679 779";"A01";"1";"7";"0";"2";"4";"26";"1";""
"202300000435";"155 679 774";"A01";"1";"33";"0";"2";"1";"3";"1";""
"202300000435";"155 679 775";"B01";"1";"7";"0";"2";"8";"15";"1";""
"202300000436";"155 679 773";"A01";"1";"7";"0";"1";"2";"1";"1";""
"202300000437";"155 679 771";"A01";"0";"1";"0";"0";"1";"1";"5";""
"202300000438";"155 679 770";"A01";"1";"7";"0";"2";"1";"1";"1";""
"202300000438";"155 679 772";"B01";"1";"7";"1";"2";"4";"1";"1";""
"202300000439";"155 679 766";"A01";"1";"7";"0";"2";"1";"1";"1";""
"202300000439";"155 679 767";"B01";"1";"7";"0";"2";"4";"1";"2";""
"202300000439";"155 679 768";"C01";"1";"7";"0";"2";"4";"1";"1";""
"202300000440";"155 679 769";"A01";"0";"7";"2";"0";"1";"1";"1";""
"202300000441";"155 679 764";"A01";"1";"33";"0";"2";"1";"26";"1";""
"202300000441";"155 679 765";"B01";"1";"7";"0";"2";"4";"0";"1";""
"202300000442";"155 679 763";"A01";"0";"7";"0";"1";"4";"20";"1";""
"202300000443";"155 679 761";"B01";"2";"7";"0";"2";"0";"0";"1";""
"202300000443";"155 679 762";"A01";"2";"50";"0";"2";"1";"1";"3";""
"202300000444";"155 679 760";"A01";"0";"2";"12";"0";"1";"1";"1";""
"202300000445";"155 679 756";"A01";"1";"10";"0";"2";"1";"2";"1";""
"202300000445";"155 679 757";"B01";"1";"7";"0";"2";"4";"2";"1";""
"202300000445";"155 679 759";"C01";"1";"10";"0";"2";"4";"2";"1";""
"202300000446";"155 679 755";"A01";"2";"7";"0";"2";"3";"1";"1";""
"202300000446";"155 679 758";"B01";"1";"30";"0";"2";"1";"1";"3";""
"202300000447";"155 679 754";"A01";"3";"7";"0";"1";"1";"26";"1";""
"202300000448";"155 679 750";"B01";"1";"7";"0";"2";"3";"2";"1";""
"202300000448";"155 679 752";"A01";"1";"33";"0";"2";"2";"15";"1";""
"202300000449";"155 679 751";"A01";"2";"7";"0";"2";"3";"5";"0";""
"202300000449";"155 679 753";"B01";"1";"7";"0";"2";"3";"1";"0";""
"202300000450";"155 679 748";"A01";"1";"10";"0";"2";"4";"1";"1";""
"202300000450";"155 679 749";"B01";"1";"10";"0";"2";"1";"2";"1";""
"202300000451";"155 679 746";"A01";"1";"7";"9";"0";"1";"16";"1";""
"202300000452";"155 679 744";"A01";"3";"7";"0";"1";"3";"15";"1";""
"202300000453";"155 679 742";"B01";"1";"7";"0";"2";"3";"1";"1";""
"202300000453";"155 679 745";"C01";"1";"10";"0";"2";"1";"1";"1";""
"202300000453";"155 679 747";"A01";"2";"7";"0";"2";"1";"13";"1";""
"202300000454";"155 679 741";"A01";"3";"7";"0";"1";"2";"1";"1";""
"202300000455";"155 679 739";"A01";"1";"37";"0";"0";"0";"1";"6";"4"
"202300000456";"155 679 740";"A01";"2";"7";"13";"0";"1";"1";"1";""
"202300000457";"155 679 737";"A01";"0";"7";"0";"2";"3";"1";"1";""
"202300000457";"155 679 738";"B01";"0";"10";"0";"2";"3";"15";"1";""
"202300000458";"155 679 735";"A01";"1";"10";"0";"2";"1";"1";"0";""
"202300000458";"155 679 736";"B01";"1";"7";"8";"0";"2";"1";"1";""
"202300000459";"155 679 734";"A01";"1";"7";"0";"1";"1";"9";"1";""
"202300000460";"155 679 733";"A01";"2";"2";"0";"0";"0";"1";"1";""
"202300000461";"155 679 731";"A01";"0";"50";"0";"0";"0";"1";"3";""
"202300000462";"155 679 732";"A01";"1";"7";"13";"0";"1";"14";"1";""
"202300000463";"155 679 730";"A01";"1";"31";"1";"0";"1";"1";"1";""
"202300000464";"155 679 728";"A01";"3";"7";"0";"2";"2";"1";"1";""
"202300000464";"155 679 729";"B01";"3";"80";"0";"2";"2";"1";"3";""
"202300000465";"155 679 726";"B01";"1";"1";"0";"2";"2";"1";"5";""
"202300000465";"155 679 727";"A01";"1";"10";"0";"2";"3";"1";"1";""
"202300000466";"155 679 725";"A01";"1";"7";"0";"1";"3";"1";"1";""
"202300000467";"155 679 723";"A01";"1";"33";"0";"0";"0";"21";"1";""
"202300000467";"155 679 724";"B01";"1";"14";"0";"0";"0";"26";"0";""
"202300000468";"155 679 719";"A01";"1";"7";"0";"2";"1";"5";"1";""
"202300000468";"155 679 720";"B01";"2";"15";"0";"2";"2";"1";"0";""
"202300000469";"155 679 717";"B01";"1";"33";"0";"2";"3";"16";"1";""
"202300000469";"155 679 718";"A01";"2";"7";"0";"2";"3";"13";"1";""
"202300000470";"155 679 715";"B01";"2";"7";"0";"2";"6";"23";"1";""
"202300000470";"155 679 716";"A01";"1";"33";"12";"2";"1";"14";"1";""
"202300000471";"155 679 714";"A01";"2";"30";"4";"0";"2";"1";"1";""
"202300000472";"155 679 713";"A01";"2";"34";"0";"1";"1";"26";"1";""
"202300000473";"155 679 711";"A01";"3";"10";"0";"2";"1";"1";"0";""
"202300000473";"155 679 712";"B01";"3";"7";"0";"2";"4";"1";"0";""
"202300000474";"155 679 710";"A01";"0";"7";"0";"0";"2";"14";"1";""
"202300000475";"155 679 709";"A01";"1";"10";"3";"0";"3";"14";"1";""
"202300000476";"155 679 708";"A01";"1";"7";"0";"1";"1";"1";"2";""
"202300000477";"155 679 707";"A01";"1";"7";"0";"1";"1";"15";"1";""
"202300000478";"155 679 706";"A01";"3";"32";"0";"2";"3";"1";"1";""
"202300000479";"155 679 703";"C01";"1";"15";"0";"2";"5";"16";"1";""
"202300000479";"155 679 704";"A01";"1";"10";"0";"2";"1";"1";"1";""
"202300000479";"155 679 705";"B01";"1";"7";"0";"2";"4";"1";"1";""
"202300000480";"155 679 702";"A01";"3";"7";"2";"0";"1";"9";"1";""
"202300000481";"155 679 700";"B01";"2";"7";"0";"2";"3";"1";"1";""
"202300000481";"155 679 701";"A01";"2";"31";"0";"2";"0";"0";"1";""
"202300000482";"155 679 699";"A01";"0";"7";"0";"1";"2";"1";"1";""
"202300000483";"155 679 696";"A01";"3";"7";"0";"2";"1";"12";"1";""
"202300000483";"155 679 697";"B01";"3";"7";"0";"2";"4";"2";"1";""
"202300000483";"155 679 698";"C01";"3";"7";"0";"2";"4";"0";"0";""
"202300000484";"155 679 694";"A01";"1";"7";"0";"2";"3";"13";"1";""
"202300000484";"155 679 695";"B01";"2";"1";"0";"2";"1";"1";"5";""
"202300000485";"155 679 693";"A01";"2";"7";"1";"0";"2";"14";"1";""
"202300000486";"155 679 692";"A01";"3";"10";"0";"1";"4";"20";"1";""
"202300000487";"155 679 690";"B01";"2";"7";"0";"2";"3";"1";"1";""
"202300000487";"155 679 691";"A01";"1";"7";"0";"2";"3";"1";"1";""
"202300000488";"155 679 689";"A01";"3";"10";"0";"1";"1";"15";"1";""
"202300000489";"155 679 687";"A01";"1";"1";"0";"2";"1";"1";"5";""
"202300000489";"155 679 688";"B01";"1";"7";"0";"2";"4";"2";"1";""
"202300000490";"155 679 685";"B01";"1";"7";"0";"2";"2";"16";"3";""
"202300000490";"155 679 686";"A01";"3";"50";"0";"2";"1";"19";"3";""
"202300000491";"155 679 683";"A01";"1";"7";"0";"2";"2";"15";"1";""
"202300000491";"155 679 684";"B01";"1";"33";"0";"2";"1";"1";"1";""
"202300000492";"155 679 682";"A01";"1";"7";"0";"1";"1";"1";"1";""
"202300000493";"155 679 679";"A01";"2";"7";"6";"2";"9";"1";"1";""
"202300000493";"155 679 680";"B01";"2";"7";"0";"2";"4";"5";"1";""
"202300000493";"155 679 681";"C01";"2";"37";"0";"2";"1";"2";"1";"1"
"202300000494";"155 679 677";"B01";"2";"1";"0";"2";"1";"1";"5";""
"202300000494";"155 679 678";"A01";"1";"7";"0";"2";"1";"15";"1";""
"202300000495";"155 679 674";"C01";"1";"30";"0";"2";"4";"23";"1";""
"202300000495";"155 679 675";"A01";"1";"7";"1";"0";"1";"1";"1";""
"202300000495";"155 679 676";"B01";"1";"31";"0";"2";"4";"24";"1";""
"202300000496";"155 679 672";"A01";"1";"7";"0";"2";"3";"0";"1";""
"202300000496";"155 679 673";"B01";"2";"33";"0";"2";"8";"0";"1";""
"202300000497";"155 679 671";"A01";"1";"7";"0";"1";"8";"21";"1";""
"202300000498";"155 679 670";"A01";"1";"7";"0";"1";"2";"1";"1";""
"202300000499";"155 679 669";"A01";"1";"1";"0";"1";"1";"5";"5";""
"202300000500";"155 679 667";"A01";"3";"7";"0";"2";"1";"15";"1";""
"202300000500";"155 679 668";"B01";"3";"7";"0";"2";"1";"1";"1";""
"202300000501";"155 679 664";"B01";"3";"3";"0";"2";"1";"1";"1";""
"202300000501";"155 679 666";"A01";"3";"10";"0";"2";"3";"13";"1";""
"202300000502";"155 679 663";"B01";"2";"7";"1";"2";"5";"1";"1";""
"202300000502";"155 679 665";"A01";"2";"10";"0";"2";"1";"19";"1";""
"202300000503";"155 679 661";"A01";"1";"2";"0";"2";"1";"1";"1";""
"202300000503";"155 679 662";"B01";"2";"7";"0";"2";"1";"15";"1";""
"202300000504";"155 679 659";"Z01";"2";"7";"0";"2";"1";"2";"1";""
"202300000504";"155 679 660";"B01";"2";"7";"0";"2";"4";"23";"3";""
"202300000505";"155 679 657";"A01";"1";"7";"0";"2";"3";"9";"2";""
"202300000505";"155 679 658";"B01";"1";"2";"0";"2";"4";"1";"1";""
"202300000506";"155 679 655";"A01";"2";"7";"0";"2";"1";"2";"1";""
"202300000506";"155 679 656";"B01";"2";"7";"0";"2";"5";"2";"1";""
"202300000507";"155 679 653";"A01";"0";"7";"0";"1";"1";"1";"1";""
"202300000508";"155 679 651";"B01";"1";"37";"0";"2";"3";"2";"1";"2"
"202300000508";"155 679 652";"A01";"1";"7";"0";"2";"7";"14";"1";""
"202300000509";"155 679 650";"A01";"0";"37";"0";"1";"1";"15";"3";"1"
"202300000510";"155 679 648";"A01";"2";"7";"0";"1";"2";"1";"1";""
"202300000511";"155 679 646";"C01";"2";"10";"0";"2";"4";"1";"1";""
"202300000511";"155 679 647";"A01";"2";"7";"0";"2";"1";"1";"1";""
"202300000511";"155 679 649";"B01";"2";"7";"0";"2";"6";"1";"1";""
"202300000512";"155 679 643";"B01";"1";"7";"0";"2";"1";"13";"1";""
"202300000512";"155 679 644";"A01";"2";"7";"0";"2";"3";"1";"1";""
"202300000513";"155 679 642";"A01";"2";"13";"0";"2";"2";"2";"1";""
"202300000513";"155 679 645";"B01";"2";"50";"0";"2";"6";"26";"3";""
"202300000514";"155 679 641";"A01";"1";"7";"0";"0";"0";"13";"1";""
"202300000515";"155 679 637";"B01";"1";"33";"0";"2";"1";"1";"1";""
"202300000515";"155 679 640";"A01";"0";"7";"0";"2";"5";"1";"1";""
"202300000516";"155 679 638";"A01";"2";"7";"0";"2";"5";"15";"1";""
"202300000516";"155 679 639";"B01";"1";"3";"0";"2";"1";"16";"1";""
"202300000517";"155 679 634";"A01";"1";"7";"0";"2";"1";"1";"1";""
"202300000517";"155 679 635";"B01";"1";"7";"0";"2";"9";"1";"1";""
"202300000518";"155 679 629";"A01";"3";"7";"0";"2";"8";"11";"1";""
"202300000518";"155 679 631";"B01";"3";"7";"0";"2";"2";"1";"1";""
"202300000519";"155 679 628";"A01";"0";"50";"0";"0";"0";"21";"3";""
"202300000520";"155 679 627";"CA01";"2";"7";"0";"9";"3";"15";"3";""
"202300000520";"155 679 630";"B01";"1";"1";"0";"2";"1";"1";"5";""
"202300000520";"155 679 632";"C01";"1";"1";"0";"2";"1";"0";"5";""
"202300000521";"155 679 626";"A01";"3";"3";"0";"1";"1";"15";"3";""
"202300000522";"155 679 625";"A01";"3";"10";"0";"1";"4";"26";"1";""
"202300000523";"155 679 623";"A01";"0";"33";"0";"1";"3";"3";"1";""
"202300000524";"155 679 622";"A01";"1";"50";"0";"2";"1";"1";"3";""
"202300000524";"155 679 624";"B01";"2";"1";"0";"2";"3";"19";"5";""
"202300000525";"155 679 621";"A01";"2";"7";"9";"0";"2";"1";"1";""
"202300000526";"155 679 618";"B01";"2";"7";"0";"2";"3";"1";"2";""
"202300000526";"155 679 620";"A01";"1";"1";"0";"2";"2";"19";"5";""
"202300000527";"155 679 617";"A01";"2";"7";"0";"2";"3";"23";"1";""
"202300000527";"155 679 619";"B01";"1";"30";"1";"0";"1";"1";"1";""
"202300000528";"155 679 614";"A01";"1";"7";"0";"2";"2";"16";"1";""
"202300000528";"155 679 616";"B01";"2";"1";"0";"2";"1";"19";"5";""
"202300000529";"155 679 613";"A01";"2";"7";"0";"2";"6";"9";"1";""
"202300000529";"155 679 615";"B01";"2";"33";"0";"2";"1";"1";"1";""
"202300000530";"155 679 612";"A01";"2";"31";"11";"0";"1";"1";"1";""
"202300000531";"155 679 608";"A01";"1";"7";"0";"2";"3";"1";"1";""
"202300000531";"155 679 610";"B01";"2";"1";"0";"2";"8";"1";"5";""
"202300000532";"155 679 609";"B01";"2";"7";"0";"2";"2";"1";"1";""
"202300000532";"155 679 611";"A01";"1";"10";"0";"2";"2";"9";"1";""
"202300000533";"155 679 606";"A01";"1";"0";"0";"0";"0";"26";"0";""
"202300000534";"155 679 605";"B01";"1";"7";"0";"2";"6";"10";"1";""
"202300000534";"155 679 607";"A01";"1";"33";"0";"2";"1";"1";"1";""
"202300000535";"155 679 599";"A01";"2";"7";"9";"0";"2";"14";"1";""
"202300000536";"155 679 598";"B01";"1";"37";"0";"0";"0";"1";"1";"4"
"202300000536";"155 679 600";"Z01";"3";"7";"0";"0";"0";"9";"0";""
"202300000537";"155 679 596";"B01";"1";"1";"0";"2";"1";"1";"5";""
"202300000537";"155 679 597";"A01";"1";"7";"0";"2";"2";"16";"1";""
"202300000538";"155 679 595";"A01";"2";"7";"0";"1";"2";"5";"1";""
"202300000539";"155 679 592";"A01";"2";"10";"0";"1";"1";"1";"0";""
"202300000540";"155 679 593";"B01";"1";"50";"0";"2";"1";"19";"3";""
"202300000540";"155 679 594";"A01";"1";"7";"0";"2";"3";"1";"1";""
"202300000541";"155 679 591";"A01";"1";"1";"0";"1";"1";"1";"5";""
"202300000542";"155 679 590";"A01";"3";"7";"6";"0";"1";"16";"1";""
"202300000543";"155 679 587";"B01";"2";"32";"0";"2";"4";"1";"1";""
"202300000543";"155 679 589";"A01";"2";"7";"0";"2";"1";"2";"1";""
"202300000544";"155 679 588";"A01";"3";"30";"1";"0";"6";"0";"1";""
"202300000545";"155 679 585";"B01";"3";"1";"0";"2";"8";"19";"5";""
"202300000545";"155 679 586";"A01";"0";"10";"0";"2";"1";"1";"1";""
"202300000546";"155 679 584";"A01";"1";"37";"0";"1";"6";"26";"1";"1"
"202300000547";"155 679 583";"A01";"1";"7";"0";"1";"3";"1";"1";""
"202300000548";"155 679 582";"A01";"3";"7";"0";"1";"2";"1";"1";""
"202300000549";"155 679 580";"A01";"1";"10";"0";"2";"1";"2";"1";""
"202300000549";"155 679 581";"B01";"1";"7";"0";"2";"4";"1";"1";""
"202300000550";"155 679 577";"A01";"1";"7";"0";"1";"2";"1";"1";""
"202300000551";"155 679 578";"B01";"1";"7";"0";"2";"8";"1";"1";""
"202300000551";"155 679 579";"A01";"1";"7";"0";"2";"1";"1";"1";""
"202300000552";"155 679 573";"B01";"1";"7";"0";"2";"3";"15";"0";""
"202300000552";"155 679 575";"A01";"1";"32";"0";"2";"2";"1";"0";""
"202300000553";"155 679 574";"A01";"1";"10";"0";"2";"1";"15";"1";""
"202300000553";"155 679 576";"B01";"2";"2";"0";"2";"1";"1";"1";""
"202300000554";"155 679 570";"A01";"2";"7";"0";"2";"1";"2";"1";""
"202300000554";"155 679 571";"B01";"2";"7";"0";"0";"0";"26";"1";""
"202300000555";"155 679 572";"A01";"2";"7";"3";"0";"3";"2";"1";""
"202300000556";"155 679 567";"B01";"3";"7";"0";"2";"1";"1";"1";""
"202300000556";"155 679 569";"A01";"3";"7";"0";"2";"1";"1";"1";""
"202300000557";"155 679 566";"A01";"3";"7";"0";"2";"8";"15";"1";""
"202300000557";"155 679 568";"B01";"1";"7";"0";"2";"1";"1";"1";""
"202300000558";"155 679 565";"A01";"1";"10";"0";"1";"3";"1";"1";""
"202300000559";"155 679 563";"B01";"2";"2";"0";"2";"2";"1";"1";""
"202300000559";"155 679 564";"A01";"2";"7";"0";"2";"3";"9";"1";""
"202300000560";"155 679 562";"A01";"1";"10";"0";"1";"2";"16";"1";""
"202300000561";"155 679 559";"A01";"1";"7";"0";"1";"1";"1";"1";""
"202300000562";"155 679 560";"A01";"2";"33";"12";"2";"3";"1";"1";""
"202300000562";"155 679 561";"B01";"1";"7";"0";"2";"6";"1";"1";""
"202300000563";"155 679 556";"A01";"3";"7";"0";"2";"1";"1";"1";""
"202300000563";"155 679 558";"B01";"3";"7";"0";"2";"1";"1";"1";""
"202300000564";"155 679 555";"A01";"3";"7";"12";"0";"2";"14";"1";""
"202300000565";"155 679 554";"A01";"3";"10";"0";"2";"3";"15";"1";""
"202300000565";"155 679 557";"B01";"3";"7";"0";"2";"6";"1";"1";""
"202300000566";"155 679 553";"A01";"3";"7";"1";"0";"1";"15";"1";""
"202300000567";"155 679 551";"A01";"3";"40";"0";"2";"1";"24";" -1";""
"202300000567";"155 679 552";"B01";"3";"1";"0";"4";"8";"18";"5";""
"202300000568";"155 679 549";"A01";"3";"10";"0";"2";"3";"14";"0";""
"202300000568";"155 679 550";"B01";"3";"7";"0";"2";"5";"1";"1";""
"202300000569";"155 679 545";"A01";"3";"7";"0";"2";"1";"1";"1";""
"202300000569";"155 679 547";"B01";"3";"7";"0";"2";"9";"1";"1";""
"202300000569";"155 679 548";"C01";"3";"7";"0";"2";"4";"1";"0";""
"202300000570";"155 679 544";"A01";"3";"7";"0";"2";"1";"15";"1";""
"202300000570";"155 679 546";"B01";"3";"1";"0";"2";"1";"0";"5";""
"202300000571";"155 679 542";"A01";"3";"10";"0";"2";"0";"0";"1";""
"202300000571";"155 679 543";"B01";"3";"2";"0";"2";"7";"0";"1";""
"202300000572";"155 679 540";"A01";"3";"7";"0";"2";"1";"2";"1";""
"202300000572";"155 679 541";"B01";"3";"7";"0";"2";"4";"2";"1";""
"202300000573";"155 679 538";"B01";"0";"33";"0";"2";"7";"1";"1";""
"202300000573";"155 679 539";"A01";"0";"33";"0";"2";"7";"10";"1";""
"202300000574";"155 679 536";"A01";"1";"80";"0";"2";"1";"13";"3";""
"202300000574";"155 679 537";"B01";"2";"80";"0";"2";"1";"21";"3";""
"202300000575";"155 679 533";"A01";"2";"7";"0";"2";"1";"15";"1";""
"202300000575";"155 679 535";"B01";"1";"2";"0";"2";"1";"1";"1";""
"202300000576";"155 679 531";"B01";"3";"7";"0";"2";"5";"1";"0";""
"202300000576";"155 679 532";"A01";"3";"7";"0";"2";"3";"1";"0";""
"202300000577";"155 679 530";"B01";"2";"30";"0";"2";"1";"1";"1";""
"202300000577";"155 679 534";"A01";"1";"7";"0";"2";"7";"15";"2";""
"202300000578";"155 679 526";"A01";"0";"33";"14";"2";"2";"1";"1";""
"202300000578";"155 679 528";"B01";"0";"33";"0";"2";"5";"1";"1";""
"202300000579";"155 679 524";"A01";"1";"7";"0";"1";"1";"16";"1";""
"202300000580";"155 679 522";"A01";"3";"7";"0";"1";"1";"1";"1";""
"202300000581";"155 679 523";"A01";"2";"7";"0";"2";"3";"2";"1";""
"202300000581";"155 679 525";"B01";"2";"31";"0";"2";"1";"2";"1";""
"202300000582";"155 679 520";"A01";"3";"7";"12";"0";"1";"1";"1";""
"202300000583";"155 679 518";"A01";"1";"7";"0";"2";"1";"2";"1";""
"202300000583";"155 679 519";"B01";"1";"7";"0";"2";"4";"26";"1";""
"202300000583";"155 679 521";"C01";"1";"7";"0";"2";"4";"15";"1";""
"202300000584";"155 679 514";"A01";"1";"7";"0";"2";"1";"1";"1";""
"202300000584";"155 679 516";"C01";"1";"1";"0";"2";"7";"19";"5";""
"202300000584";"155 679 517";"B01";"1";"1";"0";"2";"7";"19";"5";""
"202300000585";"155 679 515";"A01";"1";"7";"6";"0";"1";"14";"1";""
"202300000586";"155 679 513";"A01";"1";"1";"0";"0";"0";"1";"5";""
"202300000587";"155 679 509";"B01";"3";"7";"0";"2";"1";"15";"1";""
"202300000587";"155 679 511";"A01";"3";"7";"0";"2";"0";"0";"1";""
"202300000588";"155 679 510";"A01";"1";"7";"0";"2";"3";"26";"1";""
"202300000588";"155 679 512";"B01";"2";"7";"0";"2";"2";"1";"1";""
"202300000589";"155 679 507";"A01";"1";"33";"0";"2";"2";"17";"1";""
"202300000589";"155 679 508";"B01";"2";"10";"0";"2";"3";"19";"1";""
"202300000590";"155 679 503";"A01";"2";"10";"0";"2";"1";"1";"1";""
"202300000590";"155 679 504";"B01";"2";"7";"1";"2";"4";"1";"1";""
"202300000590";"155 679 506";"C01";"2";"7";"0";"0";"4";"1";"1";""
"202300000591";"155 679 502";"A01";"2";"10";"0";"2";"3";"1";"1";""
"202300000591";"155 679 505";"B01";"1";"7";"0";"2";"2";"15";"1";""
"202300000592";"155 679 500";"A01";"1";"7";"1";"0";"1";"16";"1";""
"202300000593";"155 679 497";"A01";"2";"80";"12";"0";"2";"0";"3";""
"202300000594";"155 679 498";"A01";"3";"7";"0";"2";"1";"17";"0";""
"202300000594";"155 679 499";"B01";"3";"16";"0";"2";"0";"0";"0";""
"202300000594";"155 679 501";"C01";"3";"7";"0";"0";"0";"0";"0";""
"202300000595";"155 679 495";"A01";"2";"33";"0";"2";"3";"15";"1";""
"202300000595";"155 679 496";"B01";"2";"1";"0";"2";"1";"17";"5";""
"202300000596";"155 679 494";"A01";"1";"7";"0";"1";"2";"20";"0";""
"202300000597";"155 679 492";"A01";"1";"30";"0";"2";"4";"1";"1";""
"202300000597";"155 679 493";"X01";"1";"7";"0";"2";"1";"1";"1";""
"202300000598";"155 679 491";"A01";"3";"7";"0";"1";"1";"1";"0";""
"202300000599";"155 679 489";"B01";"2";"33";"0";"2";"6";"1";"1";""
"202300000599";"155 679 490";"A01";"2";"7";"0";"2";"1";"1";"2";""
"202300000600";"155 679 487";"B01";"1";"32";" -1";"2";" -1";" -1";"1";""
"202300000600";"155 679 488";"A01";"1";"7";"0";"2";"7";"15";"1";""
"202300000601";"155 679 485";"A01";"1";"7";"0";"0";"0";"2";"0";""
"202300000601";"155 679 486";"B01";"1";"33";"0";"2";"4";"2";"1";""
"202300000602";"155 679 483";"A01";"3";"7";"0";"2";"2";"15";"1";""
"202300000602";"155 679 484";"B01";"3";"33";"0";"2";"1";"1";"1";""
"202300000603";"155 679 479";"B01";"1";"7";"0";"0";"6";"9";"1";""
"202300000603";"155 679 480";"A01";"1";"7";"0";"2";"1";"1";"1";""
"202300000604";"155 679 481";"A01";"1";"7";"0";"2";"3";"10";"2";""
"202300000604";"155 679 482";"B01";"1";"32";"0";"2";"1";"17";"1";""
"202300000605";"155 679 477";"A01";"1";"7";"0";"9";"3";"2";"1";""
"202300000605";"155 679 478";"B01";"1";"50";"0";"2";"4";"0";"3";""
"202300000606";"155 679 475";"A01";"2";"17";"0";"2";"4";"26";"1";""
"202300000606";"155 679 476";"B01";"2";"1";"0";"2";"1";"1";"5";""
"202300000607";"155 679 473";"A01";"1";"7";"0";"2";"2";"9";"1";""
"202300000607";"155 679 474";"B01";"1";"1";"0";"2";"6";"1";"5";""
"202300000608";"155 679 471";"A01";"2";"7";"0";"1";"2";"1";"0";""
"202300000609";"155 679 470";"B01";"3";"7";"0";"2";"6";"1";"2";""
"202300000609";"155 679 472";"A01";"3";"31";"0";"2";"7";"12";"1";""
"202300000610";"155 679 469";"A01";"1";"7";"0";"1";"1";"1";"1";""
"202300000611";"155 679 467";"A01";"1";"7";"1";"0";"9";"1";"1";""
"202300000612";"155 679 468";"A01";"3";"7";"0";"1";"1";"26";"1";""
"202300000613";"155 679 464";"A01";"1";"10";"0";"2";"2";"15";"0";""
"202300000613";"155 679 466";"B01";"1";"7";"0";"2";"1";"1";"1";""
"202300000614";"155 679 463";"B01";"3";"1";"0";"2";"1";"1";"5";""
"202300000614";"155 679 465";"Z01";"3";"7";"0";"2";"1";"15";"0";""