"Num_Acc";"id_vehicule";"num_veh";"senc";"catv";"obs";"obsm";"choc";"manv";"motor";"occutc"
"202300001443";"155 678 035";"A01";"1";"10";"0";"2";"2";"15";"1";""
"202300001443";"155 678 038";"B01";"2";"33";"0";"2";"1";"1";"1";""
"202300001444";"155 678 033";"A01";"1";"7";"0";"2";"3";"17";"1";""
"202300001444";"155 678 034";"B01";"2";"7";"0";"2";"3";"1";"1";""
"202300001445";"155 678 032";"A01";"3";"7";"0";"1";"1";"1";"1";""
"202300001446";"155 678 031";"A01";"1";"7";"17";"0";"1";"1";"1";""
"202300001447";"155 678 030";"A01";"2";"7";"2";"0";"7";"1";"1";""
"202300001448";"155 678 027";"A01";"1";"7";"0";"2";"3";"11";"1";""
"202300001448";"155 678 029";"B01";"0";"7";"0";"2";"1";"14";"0";""
"202300001449";"155 678 025";"A01";"1";"7";"2";"0";"7";"1";"1";""
"202300001450";"155 678 026";"A01";"3";"7";"0";"2";"1";"17";"1";""
"202300001450";"155 678 028";"B01";"3";"7";"0";"2";"4";"1";"1";""
"202300001451";"155 678 022";"A01";"3";"10";"0";"1";"4";"20";"1";""
"202300001452";"155 678 020";"A01";"1";"7";"8";"2";"1";"1";"1";""
"202300001452";"155 678 024";"B01";"3";"7";"0";"2";"3";"0";"1";""
"202300001453";"155 678 021";"A01";"1";"33";"0";"2";"8";"13";"1";""
"202300001453";"155 678 023";"B01";"2";"7";"0";"2";"3";"1";"1";""
"202300001454";"155 678 017";"A01";"3";"33";"15";"0";"3";"1";"1";""
"202300001455";"155 678 016";"A01";"1";"50";"0";"2";"4";"2";"3";""
"202300001455";"155 678 019";"B01";"1";"7";"0";"2";"4";"2";"0";""
"202300001456";"155 678 014";"A01";"1";"10";"0";"0";"6";"2";"1";""
"202300001456";"155 678 015";"B01";"1";"33";"0";"2";"1";"0";"1";""
"202300001456";"155 678 018";"C01";"1";"7";"0";"9";"0";"0";"1";""
"202300001457";"155 678 012";"A01";"3";"2";"0";"2";"1";"13";"1";""
"202300001457";"155 678 013";"B01";"3";"7";"0";"2";"3";"1";"1";""
"202300001458";"155 678 011";"A01";"2";"7";"0";"1";"3";"15";"1";""
"202300001459";"155 678 010";"A01";"2";"7";"0";"1";"2";"0";"1";""
"202300001460";"155 678 009";"A01";"2";"1";"14";"0";"1";"1";"5";""
"202300001461";"155 678 007";"B01";"3";"7";"1";"2";"4";"23";"1";""
"202300001461";"155 678 008";"A01";"3";"7";"0";"2";"1";"2";"1";""
"202300001462";"155 678 005";"A01";"1";"33";"0";"2";"1";"2";"1";""
"202300001462";"155 678 006";"B01";"1";"10";"0";"0";"4";"2";"0";""
"202300001463";"155 678 002";"A01";"2";"31";"12";"0";"1";"1";"1";""
"202300001464";"155 678 003";"A01";"2";"7";"0";"2";"3";"15";"1";""
"202300001464";"155 678 004";"B01";"1";"1";"0";"2";"1";"1";"5";""
"202300001465";"155 678 000";"A01";"1";"7";"0";"2";"3";"9";"0";""
"202300001465";"155 678 001";"B01";"1";"33";"1";"2";"1";"1";"1";""
"202300001466";"155 677 998";"B01";"3";"10";"0";"2";"1";"0";"1";""
"202300001466";"155 677 999";"A01";"3";"50";"0";"2";"1";"0";"3";""
"202300001467";"155 677 997";"A01";"2";"7";"0";"0";"0";"1";"1";""
"202300001468";"155 677 994";"A01";"3";"50";"0";"2";"1";"19";"3";""
"202300001468";"155 677 996";"B01";"2";"7";"0";"2";"2";"1";"0";""
"202300001469";"155 677 991";"A01";"3";"7";"0";"2";"3";"15";"3";""
"202300001469";"155 677 993";"B01";"3";"33";"0";"2";"3";"1";"1";""
"202300001470";"155 677 988";"A01";"3";"50";"0";"2";"5";"25";"3";""
"202300001470";"155 677 990";"B01";"3";"7";"0";"2";"2";"1";"1";""
"202300001471";"155 677 987";"B01";"2";"30";"0";"2";"8";"1";"1";""
"202300001471";"155 677 989";"A01";"1";"7";"0";"2";"0";"15";"1";""
"202300001472";"155 677 986";"A01";"2";"7";"0";"1";"1";"2";"2";""
"202300001473";"155 677 984";"A01";"0";"7";"0";"2";"6";"2";"1";""
"202300001473";"155 677 985";"B01";"3";"10";"0";"2";"2";"0";"1";""
"202300001474";"155 677 982";"A01";"2";"33";"0";"2";"3";"5";"1";""
"202300001474";"155 677 983";"B01";"1";"7";"0";"2";"7";"1";"1";""
"202300001475";"155 677 980";"B01";"1";"7";"0";"2";"1";"5";"1";""
"202300001475";"155 677 981";"A01";"2";"7";"0";"2";"1";"1";"1";""
"202300001476";"155 677 978";"B01";"2";"2";"0";"2";"8";"8";"1";""
"202300001476";"155 677 979";"A01";"1";"7";"0";"2";"1";"15";"1";""
"202300001477";"155 677 977";"A01";"1";"7";"17";"0";"7";"1";"1";""
"202300001478";"155 677 976";"A01";"1";"7";"0";"1";"1";"25";"1";""
"202300001479";"155 677 972";"A01";"1";"30";"0";"2";"1";"17";"1";""
"202300001479";"155 677 974";"B01";"1";"7";"0";"0";"6";"23";"1";""
"202300001479";"155 677 975";"C01";"2";"21";"0";"2";"3";"1";"1";""
"202300001480";"155 677 971";"B01";"1";"50";"0";"2";"1";"5";"3";""
"202300001480";"155 677 973";"A01";"1";"7";"0";"2";"3";"15";"1";""
"202300001481";"155 677 967";"A01";"1";"17";"0";"2";"1";"2";"1";""
"202300001481";"155 677 968";"B01";"1";"7";"0";"2";"4";"2";"1";""
"202300001481";"155 677 970";"C01";"1";"17";"0";"2";"1";"2";"1";""
"202300001482";"155 677 966";"A01";"2";"2";"0";"2";"1";"17";"1";""
"202300001482";"155 677 969";"B01";"2";"7";"0";"0";"6";"15";"1";""
"202300001483";"155 677 965";"A01";"1";"7";"0";"1";"1";"1";"1";""
"202300001484";"155 677 963";"A01";"1";"1";"0";"0";"0";"25";"5";""
"202300001485";"155 677 962";"A01";"1";"10";"0";"2";"8";"1";"1";""
"202300001485";"155 677 964";"B01";"2";"1";"0";"2";"1";"19";"5";""
"202300001486";"155 677 959";"B01";"1";"7";"0";"2";"8";"1";"1";""
"202300001486";"155 677 960";"C01";"1";"7";"0";"2";"3";"1";"1";""
"202300001486";"155 677 961";"A01";"2";"7";"0";"2";"8";"13";"1";""
"202300001487";"155 677 954";"A01";"1";"33";"0";"2";"1";"1";"1";""
"202300001487";"155 677 955";"B01";"2";"7";"0";"2";"1";"5";"1";""
"202300001487";"155 677 956";"C01";"1";"33";"0";"2";"1";"1";"1";""
"202300001488";"155 677 957";"A01";"1";"7";"0";"9";"1";"15";"1";""
"202300001488";"155 677 958";"B01";"2";"80";"0";"2";"8";"1";"3";""
"202300001489";"155 677 952";"A01";"2";"31";"13";"0";"2";"1";"1";""
"202300001490";"155 677 950";"B01";"1";"7";"0";"2";"6";"1";"1";""
"202300001490";"155 677 951";"C01";"2";"1";"0";"2";"0";"0";"5";""
"202300001490";"155 677 953";"A01";"1";"33";"0";"2";"1";"2";"1";""
"202300001491";"155 677 947";"A01";"2";"30";"0";"2";"1";"2";"1";""
"202300001491";"155 677 949";"B01";"2";"7";"0";"0";"5";"2";"1";""
"202300001492";"155 677 948";"A01";"2";"33";"15";"0";"1";"14";"1";""
"202300001493";"155 677 946";"Z01";"1";"31";"0";"1";"1";"2";"0";""
"202300001494";"155 677 943";"Z01";"2";"7";"0";"1";"1";"1";"0";""
"202300001495";"155 677 944";"A01";"2";"2";"0";"2";"3";"15";"1";""
"202300001495";"155 677 945";"B01";"2";"2";"0";"2";"2";"17";"1";""
"202300001496";"155 677 942";"Z01";"1";"34";"0";"1";"1";"1";"0";""
"202300001497";"155 677 938";"A01";"3";"30";"0";"2";"7";"16";"1";""
"202300001497";"155 677 940";"B01";"3";"7";"0";"2";"3";"15";"2";""
"202300001498";"155 677 939";"A01";"2";"2";"0";"2";"7";"0";"1";""
"202300001498";"155 677 941";"B01";"0";"0";"0";"0";"0";"0";"0";""
"202300001499";"155 677 936";"B01";"1";"7";"16";"0";"0";"1";"1";""
"202300001499";"155 677 937";"A01";"1";"7";"0";"0";"0";"17";"0";""
"202300001500";"155 677 934";"B01";"2";"7";"0";"2";"1";"1";"1";""
"202300001500";"155 677 935";"A01";"2";"7";"0";"2";"8";"19";"1";""
"202300001501";"155 677 933";"A01";"2";"2";"0";"0";"0";"1";"0";""
"202300001502";"155 677 931";"A01";"3";"7";"0";"2";"1";"9";"1";""
"202300001502";"155 677 932";"B01";"2";"2";"0";"0";"7";"1";"1";""
"202300001503";"155 677 929";"A01";"3";"7";"0";"2";"2";"9";"1";""
"202300001503";"155 677 930";"B01";"3";"50";"0";"2";"1";"1";"3";""
"202300001504";"155 677 926";"A01";"0";"7";"0";"2";"8";"15";"0";""
"202300001504";"155 677 927";"LB01";"1";"1";"0";"2";"1";"23";"5";""
"202300001505";"155 677 925";"A01";"1";"7";"0";"2";"4";"1";"1";""
"202300001505";"155 677 928";"B01";"1";"7";"0";"2";"1";"0";"1";""
"202300001506";"155 677 922";"A01";"1";"30";"0";"2";"1";"9";"0";""
"202300001506";"155 677 924";"B01";"1";"10";"0";"2";"6";"1";"1";""
"202300001507";"155 677 918";"A01";"2";"7";"0";"2";"5";"2";"1";""
"202300001507";"155 677 920";"B01";"2";"7";"0";"2";"3";"2";"1";""
"202300001507";"155 677 923";"Z01";"2";"7";"0";"2";"1";"0";"1";""
"202300001508";"155 677 919";"B01";"0";"60";"0";"2";"1";"0";"5";""
"202300001508";"155 677 921";"A01";"3";"7";"0";"2";"1";"25";"1";""
"202300001509";"155 677 914";"A01";"2";"7";"0";"2";"1";"1";"1";""
"202300001509";"155 677 917";"B01";"2";"7";"0";"2";"4";"1";"2";""
"202300001510";"155 677 912";"A01";"3";"40";"0";"2";"1";"2";"3";""
"202300001510";"155 677 913";"B01";"1";"1";"0";"4";"8";"26";"5";""
"202300001511";"155 677 911";"A01";"2";"31";"0";"2";"1";"2";"1";""
"202300001512";"155 677 909";"B01";"1";"40";"0";"2";"2";"1";"2";""
"202300001512";"155 677 910";"A01";"1";"7";"0";"4";"3";"15";"1";""
"202300001513";"155 677 907";"A01";"1";"7";"0";"2";"1";"2";"1";""
"202300001513";"155 677 908";"B01";"1";"10";"0";"2";"4";"2";"1";""
"202300001514";"155 677 906";"A01";"1";"10";" -1";"1";"4";"25";"1";""
"202300001515";"155 677 903";"B01";"1";"7";"0";"2";"0";"14";"1";""
"202300001515";"155 677 905";"A01";"1";"33";"0";"2";"3";"1";"1";""
"202300001516";"155 677 902";"B01";"2";"32";"0";"2";"1";"1";"1";""
"202300001516";"155 677 904";"Z01";"2";"7";"0";"2";"1";"1";"0";""
"202300001517";"155 677 901";"A01";"1";"33";"0";"2";"1";"1";"1";""
"202300001518";"155 677 899";"Z01";"2";"3";"0";"2";"5";"19";"1";""
"202300001518";"155 677 900";"B01";"1";"1";"0";"2";"1";"1";"5";""
"202300001519";"155 677 898";"A01";"1";"32";"0";"2";"7";"1";"3";""
"202300001520";"155 677 896";"A01";"0";"7";"0";"2";"1";"2";"0";""
"202300001520";"155 677 897";"B01";"0";"14";"0";"2";"4";"0";"0";""
"202300001521";"155 677 893";"A01";"0";"7";"0";"1";"3";"16";"0";""
"202300001522";"155 677 892";"B01";"2";"10";"0";"2";"4";"2";"1";""
"202300001522";"155 677 894";"A01";"2";"7";"0";"2";"1";"2";"1";""
"202300001522";"155 677 895";"C01";"2";"10";"0";"2";"4";"2";"1";""
"202300001523";"155 677 891";"A01";"1";"7";"0";"1";"3";"1";"2";""
"202300001524";"155 677 887";"A01";"1";"7";"0";"2";"7";"15";"0";""
"202300001524";"155 677 889";"B01";"2";"33";"0";"2";"1";"1";"0";""
"202300001525";"155 677 886";"A01";"2";"33";"0";"2";"9";"1";"1";""
"202300001525";"155 677 888";"B01";"2";"7";"0";"2";"2";"1";"1";""
"202300001525";"155 677 890";"Z01";"1";"7";"0";"2";"8";"26";"1";""
"202300001526";"155 677 883";"A01";"2";"33";"0";"0";"1";"21";"1";""
"202300001526";"155 677 884";"B01";"2";"7";"0";"0";"0";"1";"1";""
"202300001526";"155 677 885";"C01";"2";"7";"0";"0";"0";"13";"1";""
"202300001527";"155 677 882";"A01";"1";"32";"0";"2";"7";"3";"1";""
"202300001528";"155 677 878";"A01";"1";"7";"0";"2";"3";"11";"1";""
"202300001528";"155 677 880";"B01";"1";"33";"0";"2";"1";"3";"1";""
"202300001529";"155 677 877";"A01";"1";"7";"0";"2";"0";"17";"0";""
"202300001529";"155 677 879";"B01";"1";"31";"0";"2";"3";"1";"1";""
"202300001529";"155 677 881";"C01";"1";"38";"0";"2";"5";"17";"1";"1"
"202300001530";"155 677 875";"A01";"1";"7";"15";"0";"1";"1";"0";""
"202300001531";"155 677 874";"A01";"1";"7";"0";"2";"5";"14";"1";""
"202300001531";"155 677 876";"B01";"1";"33";"0";"2";"8";"3";"1";""
"202300001532";"155 677 872";"B01";"2";"7";"0";"2";"3";"1";"1";""
"202300001532";"155 677 873";"A01";"1";"2";"0";"2";"1";"19";"3";""
"202300001533";"155 677 869";"A01";"2";"10";"0";"2";"1";"2";"1";""
"202300001533";"155 677 870";"B01";"2";"7";"0";"2";"4";"2";"1";""
"202300001533";"155 677 871";"C01";"2";"7";"0";"2";"4";"2";"1";""
"202300001534";"155 677 867";"B01";"2";"7";"0";"2";"8";"1";"1";""
"202300001534";"155 677 868";"A01";"0";"50";"0";"2";"1";"13";"3";""
"202300001535";"155 677 865";"A01";"1";"7";"0";"2";"1";"2";"1";""
"202300001535";"155 677 866";"B01";"1";"7";"0";"2";"4";"2";"1";""
"202300001536";"155 677 863";"A01";"1";"7";"0";"2";"1";"1";"1";""
"202300001536";"155 677 864";"B01";"1";"7";"0";"2";"4";"2";"1";""
"202300001537";"155 677 862";"A01";"2";"7";"13";"0";"1";"0";"1";""
"202300001538";"155 677 859";"A01";"1";"7";"0";"2";"2";"14";"1";""
"202300001538";"155 677 860";"B01";"1";"7";"0";"2";"6";"1";"1";""
"202300001539";"155 677 858";"A01";"3";"7";"0";"2";"3";"9";"1";""
"202300001539";"155 677 861";"B01";"3";"2";"0";"2";"1";"1";"1";""
"202300001540";"155 677 856";"Z01";"1";"0";"0";"1";"1";"26";"0";""
"202300001541";"155 677 855";"A01";"1";"7";"0";"2";"7";"1";"1";""
"202300001541";"155 677 857";"Z01";"2";"7";"0";"2";"1";"1";"0";""
"202300001542";"155 677 852";"A01";"1";"7";"0";"1";"1";"16";"1";""
"202300001543";"155 677 851";"A01";"1";"15";"14";"2";"0";"9";"1";""
"202300001543";"155 677 853";"B01";"1";"33";"0";"2";"2";"21";"1";""
"202300001544";"155 677 850";"A01";"2";"32";"0";"1";"1";"3";"1";""
"202300001545";"155 677 848";"B01";"0";"50";"0";"2";"7";"26";"3";""
"202300001545";"155 677 849";"A01";"3";"7";"0";"2";"2";"1";"1";""
"202300001546";"155 677 845";"B01";"3";"1";"0";"0";"0";"0";"5";""
"202300001547";"155 677 843";"A01";"1";"7";"0";"1";"0";"0";"0";""
"202300001548";"155 677 842";"A01";"2";"7";"0";"2";"3";"15";"1";""
"202300001548";"155 677 844";"B01";"2";"33";"0";"2";"1";"17";"1";""
"202300001549";"155 677 841";"A01";"1";"7";"7";"0";"5";"2";"1";""
"202300001550";"155 677 837";"B01";"1";"7";"0";"2";"5";"2";"0";""
"202300001550";"155 677 839";"A01";"1";"7";"8";"2";"3";"12";"0";""
"202300001550";"155 677 840";"C01";"1";"7";"0";"2";"4";"0";"0";""
"202300001551";"155 677 838";"A01";"3";"7";"6";"0";"1";"1";"1";""
"202300001552";"155 677 835";"A01";"1";"7";"0";"2";"1";"1";"1";""
"202300001552";"155 677 836";"B01";"1";"7";"0";"2";"8";"1";"1";""
"202300001553";"155 677 834";"A01";"1";"7";"0";"1";"3";"15";"1";""
"202300001554";"155 677 829";"A01";"3";"50";"0";"2";"1";"1";"3";""
"202300001554";"155 677 831";"B01";"3";"33";"0";"9";"2";"1";"1";""
"202300001555";"155 677 823";"A01";"2";"30";"0";"2";"1";"2";"1";""
"202300001555";"155 677 826";"B01";"2";"7";"0";"2";"4";"16";"1";""
"202300001556";"155 677 815";"B01";"1";"7";"0";"2";"1";"1";"1";""
"202300001556";"155 677 816";"A01";"1";"2";"0";"2";"5";"1";"1";""
"202300001557";"155 677 817";"A01";"2";"7";"14";"0";"1";"2";"1";""
"202300001557";"155 677 820";"B01";"2";"7";"1";"0";"4";"23";"0";""
"202300001557";"155 677 821";"C01";"2";"7";"0";"2";"4";"23";"1";""
"202300001558";"155 677 814";"A01";"1";"7";"14";"0";"2";"6";"1";""
"202300001559";"155 677 811";"A01";"1";"60";"0";"0";"0";"1";"5";""
"202300001560";"155 677 812";"A01";"3";"7";"0";"2";"1";"9";"1";""
"202300001560";"155 677 813";"B01";"1";"7";"0";"2";"5";"0";"1";""
"202300001561";"155 677 808";"A01";"1";"10";"0";"2";"6";"0";"1";""
"202300001561";"155 677 809";"B01";"1";"7";"0";"2";"2";"2";"1";""
"202300001561";"155 677 810";"C01";"1";"10";"0";"2";"2";"2";"1";""
"202300001562";"155 677 806";"A01";"2";"7";"0";"2";"1";"5";"0";""
"202300001562";"155 677 807";"B01";"2";"7";"0";"2";"8";"19";"0";""
"202300001563";"155 677 804";"B01";"0";"2";"0";"2";"1";"18";"1";""
"202300001563";"155 677 805";"A01";"1";"10";"0";"0";"5";"20";"1";""
"202300001564";"155 677 800";"B01";"1";"7";"16";"2";"1";"1";"1";""
"202300001564";"155 677 802";"A01";"1";"7";"8";"2";"7";"15";"1";""
"202300001565";"155 677 801";"B01";"2";"30";"0";"2";"1";"2";"1";""
"202300001565";"155 677 803";"A01";"2";"7";"0";"2";"8";"15";"1";""
"202300001566";"155 677 797";"A01";"3";"80";"12";"2";"1";"1";"3";""
"202300001566";"155 677 798";"B01";"3";"80";"0";"2";"1";"1";"3";""
"202300001567";"155 677 795";"A01";"2";"7";"4";"2";"1";"1";"1";""
"202300001567";"155 677 796";"B01";"2";"7";"0";"2";"1";"1";"1";""
"202300001567";"155 677 799";"C01";"2";"14";"0";"2";"1";"1";"1";""
"202300001568";"155 677 793";"B01";"2";"1";"0";"2";"1";"1";"0";""
"202300001568";"155 677 794";"A01";"3";"10";"0";"2";"1";"26";"1";""
"202300001569";"155 677 791";"A01";"1";"10";"0";"2";"2";"15";"1";""
"202300001569";"155 677 792";"B01";"2";"33";"0";"2";"1";"1";"1";""
"202300001570";"155 677 790";"A01";"1";"33";"0";"1";"1";"19";"1";""
"202300001571";"155 677 788";"B01";"1";"1";"0";"0";"3";"1";"5";""
"202300001571";"155 677 789";"A01";"2";"10";"0";"2";"3";"15";"1";""
"202300001572";"155 677 785";"A01";"2";"10";"0";"2";"1";"1";"1";""
"202300001572";"155 677 787";"B01";"2";"7";"0";"2";"4";"1";"1";""
"202300001573";"155 677 784";"A01";"2";"7";"0";"2";"7";"10";"1";""
"202300001573";"155 677 786";"B01";"1";"99";"0";"2";"1";"2";"3";""
"202300001574";"155 677 783";"A01";"3";"33";"1";"0";"1";"1";"1";""
"202300001575";"155 677 781";"A01";"2";"33";"0";"2";"8";"1";"1";""
"202300001575";"155 677 782";"B01";"2";"7";"0";"2";"7";"12";"1";""
"202300001576";"155 677 779";"A01";"1";"17";"0";"1";"3";"1";"1";""
"202300001577";"155 677 778";"B01";"2";"7";"0";"2";"1";"0";"1";""
"202300001577";"155 677 780";"A01";"2";"7";"0";"2";"3";"0";"1";""
"202300001578";"155 677 777";"A01";"2";"7";"0";"1";"1";"2";"1";""
"202300001579";"155 677 774";"B01";"1";"7";"0";"2";"3";"0";"1";""
"202300001579";"155 677 776";"A01";"2";"2";"0";"2";"3";"15";"1";""
"202300001580";"155 677 773";"A01";"2";"7";"0";"2";"3";"1";"1";""
"202300001580";"155 677 775";"B01";"2";"50";"0";"0";"2";"0";"3";""
"202300001581";"155 677 771";"A01";"1";"7";"0";"1";"1";"1";"1";""
"202300001582";"155 677 772";"A01";"1";"7";"0";"1";"3";"15";"1";""
"202300001583";"155 677 770";"A01";"2";"1";"3";"0";"4";"2";"5";""
"202300001584";"155 677 768";"A01";"1";"7";"3";"0";"2";"2";"4";""
"202300001585";"155 677 767";"A01";"2";"7";"0";"2";"3";"15";"1";""
"202300001585";"155 677 769";"B01";"2";"33";"0";"2";"1";"17";"1";""
"202300001586";"155 677 765";"A01";"2";"30";"0";"2";"1";"5";"6";""
"202300001586";"155 677 766";"B01";"1";"14";"0";"2";"6";"15";"6";""
"202300001587";"155 677 764";"A01";"3";"7";"0";"1";"1";"1";"3";""
"202300001588";"155 677 760";"C01";"1";"7";"1";"0";"1";"2";"1";""
"202300001588";"155 677 762";"A01";"1";"10";"0";"2";"4";"2";"1";""
"202300001588";"155 677 763";"B01";"1";"7";"1";"0";"4";"2";"1";""
"202300001589";"155 677 761";"A01";"1";"7";"0";"1";"3";"15";"1";""
"202300001590";"155 677 759";"A01";"1";"7";"4";"0";"3";"1";"1";""
"202300001591";"155 677 755";"C01";"1";"10";"0";"2";"4";"1";"1";""
"202300001591";"155 677 756";"A01";"1";"33";"0";"2";"1";"3";"1";""
"202300001591";"155 677 757";"B01";"1";"33";"0";"2";"4";"3";"1";""
"202300001592";"155 677 750";"A01";"2";"10";"0";"2";"1";"1";"1";""
"202300001592";"155 677 752";"B01";"2";"10";"0";"2";"4";"1";"1";""
"202300001592";"155 677 753";"C01";"2";"7";"0";"2";"4";"1";"1";""
"202300001593";"155 677 749";"B01";"2";"14";"0";"2";"8";"15";"1";""
"202300001593";"155 677 751";"A01";"2";"33";"0";"2";"7";"17";"1";""
"202300001594";"155 677 748";"A01";"2";"7";"4";"0";"1";"1";"1";""
"202300001595";"155 677 746";"B01";"2";"31";"0";"2";"1";"1";"1";""
"202300001595";"155 677 747";"A01";"2";"7";"0";"2";"2";"5";"1";""
"202300001596";"155 677 741";"A01";"1";"99";"0";"0";"0";"1";"1";""
"202300001596";"155 677 742";"B01";"2";"7";"0";"9";"1";"1";"1";""
"202300001596";"155 677 744";"C01";"2";"7";"0";"9";"3";"0";"1";""
"202300001596";"155 677 745";"D01";"2";"7";"0";"9";"1";"1";"1";""
"202300001597";"155 677 740";"A01";"1";"7";"0";"2";"7";"13";"1";""
"202300001597";"155 677 743";"B01";"1";"7";"0";"2";"8";"15";"1";""
"202300001598";"155 677 738";"A01";"2";"50";"0";"2";"4";"2";"3";""
"202300001598";"155 677 739";"B01";"2";"7";"0";"2";"1";"2";"1";""
"202300001599";"155 677 736";"A01";"3";"7";"0";"2";"3";"1";"1";""
"202300001599";"155 677 737";"B01";"3";"2";"0";"2";"8";"13";"1";""
"202300001600";"155 677 735";"A01";"1";"7";"0";"1";"1";"1";"1";""
"202300001601";"155 677 732";"A01";"1";"7";"0";"2";"1";"2";"1";""
"202300001601";"155 677 734";"B01";"1";"7";"0";"2";"0";"2";"1";""
"202300001602";"155 677 731";"A01";"1";"7";"0";"2";"1";"1";"1";""
"202300001602";"155 677 733";"B01";"3";"7";"0";"2";"8";"16";"1";""
"202300001603";"155 677 730";"A01";"1";"10";"0";"1";"2";"1";"1";""
"202300001604";"155 677 729";"A01";"2";"17";"0";"0";"1";"14";"1";""
"202300001605";"155 677 728";"A01";"2";"33";"12";"0";"2";"1";"1";""
"202300001606";"155 677 725";"A01";"2";"7";"0";"2";"2";"16";"0";""
"202300001606";"155 677 726";"B01";"3";"1";"0";"0";"1";"1";"5";""
"202300001607";"155 677 724";"A01";"3";"30";"0";"2";"2";"21";"1";""
"202300001607";"155 677 727";"B01";"3";"10";"0";"2";"7";"15";"1";""
"202300001608";"155 677 721";"A01";"3";"7";"0";"2";"1";"1";"2";""
"202300001608";"155 677 722";"B01";"3";"1";"0";"2";"8";"1";"5";""
"202300001609";"155 677 718";"B01";"2";"1";"0";"2";"8";"16";"5";""
"202300001609";"155 677 719";"A01";"2";"7";"0";"0";"1";"16";"1";""
"202300001610";"155 677 715";"B01";"1";"7";"0";"2";"3";"1";"3";""
"202300001610";"155 677 716";"C01";"1";"15";"0";"2";"8";"1";"1";""
"202300001610";"155 677 717";"A01";"2";"7";"0";"2";"3";"13";"1";""
"202300001611";"155 677 714";"A01";"3";"7";"0";"1";" -1";"0";" -1";""
"202300001612";"155 677 713";"A01";"2";"14";"0";"1";"1";"16";"1";""
"202300001613";"155 677 711";"A01";"1";"7";"0";"2";"7";"15";"1";""
"202300001613";"155 677 712";"B01";"2";"33";"0";"2";"2";"1";"1";""
"202300001614";"155 677 710";"A01";"3";"7";"0";"2";"1";"1";"1";""
"202300001615";"155 677 706";"A01";"1";"33";"1";"0";"2";"3";"1";""
"202300001615";"155 677 708";"B01";"1";"15";"0";"2";"6";"24";"1";""
"202300001616";"155 677 707";"A01";"0";"10";"0";"2";"7";"15";"0";""
"202300001616";"155 677 709";"B01";"0";"7";"0";"0";"0";"0";"0";""
"202300001617";"155 677 704";"A01";"0";"7";"0";"1";"7";"1";"1";""
"202300001618";"155 677 703";"A01";"1";"7";"0";"2";"2";"2";"1";""
"202300001618";"155 677 705";"B01";"1";"1";"0";"2";"9";"1";"5";""
"202300001619";"155 677 701";"A01";"2";"7";"0";"1";"1";"1";"1";""
"202300001620";"155 677 700";"B01";"3";"50";"0";"2";"0";"0";"3";""
"202300001620";"155 677 702";"A01";"3";"10";"0";"2";"2";"16";"1";""
"202300001621";"155 677 699";"A01";"1";"1";"0";"0";"0";"1";"5";""
"202300001622";"155 677 698";"A01";"1";"7";"0";"1";"1";"1";"1";""
"202300001623";"155 677 697";"A01";"0";"1";"0";"0";"1";"1";"5";""
"202300001624";"155 677 695";"A01";"3";"7";"0";"1";"1";"9";"1";""
"202300001625";"155 677 694";"B01";"1";"7";"0";"2";"2";"16";"1";""
"202300001625";"155 677 696";"A01";"1";"31";"0";"2";"3";"1";"1";""
"202300001626";"155 677 692";"A01";"0";"50";"0";"0";"0";"1";"3";""
"202300001627";"155 677 691";"A01";"3";"32";"0";"2";"1";"1";"1";""
"202300001627";"155 677 693";"B01";"3";"7";"0";"2";"1";"15";"1";""
"202300001628";"155 677 689";"A01";"1";"7";"2";"0";"1";"2";"1";""
"202300001629";"155 677 690";"A01";"2";"30";"12";"0";"2";"19";"1";""
"202300001630";"155 677 688";"A01";"2";"1";"0";"0";"1";"1";"5";""
"202300001631";"155 677 685";"A01";"0";"1";"0";"0";"1";"1";"5";""
"202300001632";"155 677 686";"Z01";"3";"7";"0";"2";"1";"15";"0";""
"202300001632";"155 677 687";"A01";"1";"1";"0";"2";"0";"19";"5";""
"202300001633";"155 677 684";"A01";"2";"1";"0";"0";"1";"23";"5";""
"202300001634";"155 677 681";"B01";"2";"1";"0";"2";"1";"1";"5";""
"202300001634";"155 677 683";"A01";"1";"7";"0";"2";"2";"15";"1";""
"202300001635";"155 677 680";"A01";"1";"33";"0";"2";"8";"16";"1";""
"202300001635";"155 677 682";"B01";"1";"10";"0";"2";"7";"1";"1";""
"202300001636";"155 677 677";"B01";"0";"50";"0";"2";"7";"19";"3";""
"202300001636";"155 677 678";"A01";"0";"7";"0";"2";"2";"16";"1";""
"202300001637";"155 677 674";"A01";"2";"10";"0";"2";"3";"1";"1";""
"202300001637";"155 677 675";"B01";"2";"7";"0";"2";"5";"1";"1";""
"202300001638";"155 677 676";"B01";"2";"33";"0";"2";"1";"1";"1";""
"202300001638";"155 677 679";"A01";"1";"7";"0";"2";"2";"15";"1";""
"202300001639";"155 677 672";"A01";"1";"7";"0";"2";"3";"0";"1";""
"202300001639";"155 677 673";"B01";"1";"7";"0";"2";"1";"0";"1";""
"202300001640";"155 677 670";"A01";"2";"7";"0";"2";"7";"26";"1";""
"202300001640";"155 677 671";"B01";"2";"15";"0";"2";"7";"17";"1";""
"202300001641";"155 677 667";"A01";"1";"13";"0";"2";"3";"13";"1";""
"202300001641";"155 677 668";"B01";"2";"7";"0";"2";"3";"1";"2";""