"Num_Acc";"id_vehicule";"num_veh";"senc";"catv";"obs";"obsm";"choc";"manv";"motor";"occutc"
"202300002260";"155 676 582";"A01";"1";"1";"0";"2";"1";"1";"5";""
"202300002260";"155 676 585";"B01";"2";"21";"0";"2";"2";"1";"1";""
"202300002261";"155 676 580";"A01";"2";"33";"2";"0";"1";"0";"1";""
"202300002262";"155 676 579";"B01";"1";"7";"0";"2";"2";"1";"1";""
"202300002262";"155 676 581";"A01";"2";"14";"0";"2";"3";"11";"1";""
"202300002263";"155 676 577";"A01";"2";"7";"4";"0";"1";"1";"1";""
"202300002264";"155 676 576";"B01";"2";"7";"0";"2";"8";"1";"1";""
"202300002264";"155 676 578";"A01";"2";"2";"0";"2";"1";"9";"1";""
"202300002265";"155 676 574";"A01";"1";"32";"0";"2";"7";"1";"1";""
"202300002265";"155 676 575";"B01";"1";"7";"0";"2";"3";"11";"1";""
"202300002266";"155 676 573";"A01";"2";"2";"12";"0";"7";"1";"1";""
"202300002267";"155 676 571";"A01";"1";"7";"0";"2";"1";"9";"2";""
"202300002267";"155 676 572";"B01";"1";"7";"0";"2";"4";"1";"1";""
"202300002268";"155 676 569";"A01";"2";"7";"0";"2";"1";"1";"1";""
"202300002268";"155 676 570";"B01";"1";"7";"0";"2";"1";"13";"1";""
"202300002269";"155 676 567";"A01";"2";"10";"0";"2";"1";"1";"1";""
"202300002269";"155 676 568";"B01";"2";"33";"0";"2";"4";"2";"1";""
"202300002270";"155 676 566";"A01";"1";"33";"0";"0";"8";"1";"1";""
"202300002271";"155 676 565";"A01";"1";"7";"4";"0";"7";"12";"1";""
"202300002272";"155 676 563";"A01";"2";"33";"0";"2";"3";"1";"1";""
"202300002272";"155 676 564";"B01";"1";"33";"0";"2";"1";"1";"1";""
"202300002273";"155 676 562";"A01";"2";"7";"0";"1";"4";"26";"1";""
"202300002274";"155 676 561";"A01";"1";"7";"6";"0";"2";"1";"0";""
"202300002275";"155 676 559";"B01";"2";"7";"0";"2";"4";"15";"1";""
"202300002275";"155 676 560";"A01";"2";"10";"0";"2";"1";"2";"1";""
"202300002276";"155 676 558";"A01";"3";"33";"16";"0";"0";"1";"1";""
"202300002277";"155 676 556";"B01";"3";"7";"0";"2";"4";"2";"1";""
"202300002277";"155 676 557";"A01";"3";"32";"0";"2";"1";"2";"1";""
"202300002278";"155 676 554";"A01";"1";"21";"0";"2";"3";"15";"1";""
"202300002278";"155 676 555";"B01";"2";"33";"0";"2";"2";"17";"1";""
"202300002279";"155 676 553";"A01";"1";"7";"10";"0";"1";"14";"1";""
"202300002280";"155 676 550";"A01";"1";"7";"0";"2";"1";"17";"1";""
"202300002280";"155 676 551";"B01";"2";"7";"0";"2";"3";"1";"1";""
"202300002281";"155 676 546";"B01";"1";"15";"0";"2";"4";"2";"1";""
"202300002281";"155 676 547";"A01";"1";"10";"0";"2";"1";"2";"1";""
"202300002282";"155 676 548";"A01";"1";"30";"0";"2";"3";"1";"0";""
"202300002282";"155 676 552";"B01";"1";"7";"0";"2";"0";"11";"0";""
"202300002283";"155 676 545";"A01";"1";"7";"0";"1";"2";"1";"1";""
"202300002284";"155 676 541";"A01";"1";"7";"0";"2";"2";"17";"1";""
"202300002284";"155 676 543";"B01";"1";"7";"0";"2";"8";"15";"1";""
"202300002285";"155 676 542";"B01";"1";"32";"0";"2";"8";"15";"1";""
"202300002285";"155 676 544";"A01";"2";"37";"0";"2";"1";"1";"6";"4"
"202300002286";"155 676 540";"A01";"2";"7";"8";"0";"8";"19";"1";""
"202300002287";"155 676 538";"A01";"3";"33";"0";"2";"1";"0";"1";""
"202300002287";"155 676 539";"B01";"0";"0";"0";"2";"0";"0";"0";""
"202300002288";"155 676 534";"B01";"1";"7";"0";"2";"8";"1";"1";""
"202300002288";"155 676 536";"Z01";"1";"7";"0";"2";"0";"9";"6";""
"202300002288";"155 676 537";"A01";"1";"7";"0";"2";"3";"14";"1";""
"202300002289";"155 676 535";"A01";"1";"33";"0";"1";"0";"1";"1";""
"202300002290";"155 676 532";"A01";"1";"33";"4";"0";"3";"17";"1";""
"202300002291";"155 676 531";"B01";"1";"34";"0";"2";"1";"3";"1";""
"202300002291";"155 676 533";"A01";"1";"3";"0";"2";"3";"13";"1";""
"202300002292";"155 676 525";"B01";"1";"33";"0";"2";"8";"1";"1";""
"202300002292";"155 676 527";"A01";"1";"7";"0";"2";"1";"19";"1";""
"202300002292";"155 676 530";"C01";"2";"7";"0";"0";"3";"23";"1";""
"202300002293";"155 676 524";"D01";"1";"7";"0";"2";"4";"23";"0";""
"202300002293";"155 676 526";"A01";"1";"7";"0";"2";"1";"2";"0";""
"202300002293";"155 676 528";"B01";"1";"7";"0";"2";"4";"2";"0";""
"202300002293";"155 676 529";"C01";"1";"7";"0";"2";"4";"23";"0";""
"202300002294";"155 676 522";"A01";"1";"10";"0";"1";"3";"1";"1";""
"202300002295";"155 676 521";"A01";"1";"33";"0";"2";"7";"17";"1";""
"202300002295";"155 676 523";"B01";"1";"7";"0";"2";"1";"15";"1";""
"202300002296";"155 676 519";"B01";"1";"7";"0";"2";"6";"1";"1";""
"202300002296";"155 676 520";"A01";"1";"7";"0";"2";"2";"15";"1";""
"202300002297";"155 676 518";"A01";"2";"7";"2";"0";"1";"1";"1";""
"202300002298";"155 676 517";"A01";"2";"33";"0";"0";"8";"0";"1";""
"202300002299";"155 676 514";"B01";"1";"2";"0";"2";"2";"17";"0";""
"202300002299";"155 676 516";"A01";"1";"10";"0";"2";"3";"15";"0";""
"202300002300";"155 676 512";"A01";"2";"7";"0";"2";"1";"1";"3";""
"202300002300";"155 676 513";"B01";"2";"10";"0";"2";"4";"23";"1";""
"202300002300";"155 676 515";"C01";"2";"10";"0";"2";"4";"23";"1";""
"202300002301";"155 676 510";"A01";"2";"7";"2";"0";"1";"1";"1";""
"202300002302";"155 676 508";"B01";"2";"7";"0";"2";"4";"2";"1";""
"202300002302";"155 676 509";"C01";"2";"7";"0";"2";"4";"2";"1";""
"202300002302";"155 676 511";"A01";"2";"7";"0";"2";"1";"2";"1";""
"202300002303";"155 676 506";"A01";"1";"7";"0";"1";"1";"2";"1";""
"202300002304";"155 676 505";"A01";"1";"7";"0";"0";"1";"17";"1";""
"202300002304";"155 676 507";"B01";"2";"7";"0";"0";"1";"1";"1";""
"202300002305";"155 676 504";"A01";"3";"32";"0";"0";"0";"16";"1";""
"202300002306";"155 676 500";"A01";"3";"7";"8";"2";"1";"19";"1";""
"202300002306";"155 676 502";"B01";"3";"7";"0";"2";"8";"1";"1";""
"202300002307";"155 676 499";"A01";"2";"30";"0";"2";"3";"16";"0";""
"202300002307";"155 676 501";"B01";"1";"7";"0";"2";"3";"16";"0";""
"202300002308";"155 676 498";"A01";"1";"7";"0";"1";"1";"1";"1";""
"202300002309";"155 676 495";"A01";"2";"7";"6";"0";"1";"17";"1";""
"202300002310";"155 676 496";"A01";"2";"10";"0";"2";"6";"13";"1";""
"202300002310";"155 676 497";"B01";"2";"33";"3";"2";"2";"3";"1";""
"202300002311";"155 676 492";"A01";"1";"30";"0";"2";"8";"18";"1";""
"202300002311";"155 676 494";"B01";"1";"7";"0";"2";"2";"1";"1";""
"202300002312";"155 676 491";"B01";"1";"7";"0";"2";"6";"1";"1";""
"202300002312";"155 676 493";"A01";"1";"15";"0";"2";"2";"14";"1";""
"202300002313";"155 676 488";"B01";"2";"7";"0";"2";"6";"0";"0";""
"202300002313";"155 676 489";"A01";"2";"34";"0";"2";"1";"0";"1";""
"202300002314";"155 676 485";"B01";"2";"7";"0";"2";"1";"15";"1";""
"202300002314";"155 676 487";"A01";"1";"7";"9";"2";"1";"1";"1";""
"202300002315";"155 676 484";"B01";"2";"32";"0";"2";"1";"3";"1";""
"202300002315";"155 676 486";"A01";"2";"7";"0";"2";"7";"12";"1";""
"202300002316";"155 676 481";"A01";"2";"7";"0";"2";"1";"1";"1";""
"202300002316";"155 676 483";"B01";"2";"7";"0";"2";"4";"1";"1";""
"202300002317";"155 676 478";"A01";"2";"33";"0";"0";"7";"26";"1";""
"202300002318";"155 676 477";"C01";"1";"7";"0";"2";"4";"2";"1";""
"202300002318";"155 676 479";"A01";"1";"7";"0";"2";"1";"2";"1";""
"202300002318";"155 676 480";"B01";"1";"7";"0";"2";"4";"2";"1";""
"202300002318";"155 676 482";"D01";"1";"10";"0";"2";"4";"2";"1";""
"202300002319";"155 676 476";"A01";"1";"7";"4";"2";"1";"2";"1";""
"202300002320";"155 676 475";"B01";"0";"31";"0";"2";"4";"9";"6";""
"202300002321";"155 676 473";"B01";"2";"33";"0";"2";"1";"1";"1";""
"202300002321";"155 676 474";"A01";"2";"7";"4";"0";"3";"0";"1";""
"202300002322";"155 676 470";"B01";"2";"7";"0";"2";"4";"1";"1";""
"202300002322";"155 676 471";"C01";"2";"7";"0";"2";"4";"1";"1";""
"202300002322";"155 676 472";"A01";"2";"7";"0";"2";"1";"1";"1";""
"202300002323";"155 676 468";"A01";"2";"50";"0";"0";"0";"1";"3";""
"202300002324";"155 676 467";"A01";"2";"33";"0";"2";"3";"13";"1";""
"202300002324";"155 676 469";"B01";"2";"7";"0";"2";"7";"1";"1";""
"202300002325";"155 676 466";"A01";"2";"1";"0";"0";"0";"1";"5";""
"202300002326";"155 676 465";"A01";"2";"43";"0";"0";"2";"3";"1";""
"202300002327";"155 676 463";"A01";"3";"7";"0";"1";"4";"4";"1";""
"202300002328";"155 676 460";"A01";"2";"34";"0";"0";"8";"1";"1";""
"202300002329";"155 676 459";"A01";"1";"50";"0";"2";"1";"15";"3";""
"202300002329";"155 676 461";"B01";"2";"7";"0";"2";"1";"16";"1";""
"202300002330";"155 676 456";"B01";"2";"7";"0";"2";"8";"13";"1";""
"202300002330";"155 676 458";"A01";"2";"43";"0";"2";"1";"3";"1";""
"202300002331";"155 676 455";"B01";"2";"1";"0";"2";"1";"0";"5";""
"202300002331";"155 676 457";"A01";"2";"7";"0";"9";"3";"9";"1";""
"202300002332";"155 676 453";"B01";"2";"15";"4";"2";"2";"12";"1";""
"202300002332";"155 676 454";"A01";"2";"7";"4";"2";"3";"1";"1";""
"202300002333";"155 676 452";"A01";"1";"7";"0";"1";"3";"1";"0";""
"202300002334";"155 676 450";"A01";"3";"7";"0";"1";"1";"15";"1";""
"202300002335";"155 676 449";"B01";"2";"7";"0";"2";"2";"12";"1";""
"202300002335";"155 676 451";"A01";"2";"31";"0";"2";"8";"3";"1";""
"202300002336";"155 676 448";"A01";"3";"30";"12";"9";"7";"26";"0";""
"202300002337";"155 676 447";"A01";"2";"7";"0";"1";"3";"1";"1";""
"202300002338";"155 676 444";"B01";"1";"1";"0";"2";"1";"2";"5";""
"202300002338";"155 676 446";"A01";"1";"7";"0";"9";"5";"19";"1";""
"202300002339";"155 676 443";"A01";"1";"7";"6";"2";"1";"1";"1";""
"202300002339";"155 676 445";"B01";"2";"7";"1";"2";"9";"1";"1";""
"202300002340";"155 676 441";"A01";"1";"7";"0";"1";"3";"1";"1";""
"202300002341";"155 676 440";"A01";"2";"31";"0";"2";"1";"17";"1";""
"202300002341";"155 676 442";"B01";"2";"7";"0";"2";"8";"2";"1";""
"202300002342";"155 676 438";"A01";"1";"1";"0";"2";"1";"1";"6";""
"202300002342";"155 676 439";"B01";"2";"7";"0";"2";"1";"16";"1";""
"202300002343";"155 676 434";"B01";"1";"7";"0";"2";"1";"1";"1";""
"202300002343";"155 676 435";"A01";"2";"7";"0";"2";"1";"15";"2";""
"202300002344";"155 676 436";"A01";"1";"30";"0";"2";"1";"1";"1";""
"202300002344";"155 676 437";"B01";"2";"7";"0";"2";"2";"15";"1";""
"202300002345";"155 676 432";"A01";"2";"10";"0";"2";"1";"1";"1";""
"202300002345";"155 676 433";"B01";"2";"7";"0";"2";"6";"23";"1";""
"202300002346";"155 676 429";"A01";"1";"7";"0";"1";"1";"15";"1";""
"202300002347";"155 676 428";"A01";"1";"7";"0";"2";"1";"2";"1";""
"202300002347";"155 676 430";"B01";"1";"7";"0";"2";"4";"23";"1";""
"202300002347";"155 676 431";"C01";"1";"7";"0";"2";"4";"23";"1";""
"202300002348";"155 676 427";"A01";"1";"1";"0";"1";"1";"21";"5";""
"202300002349";"155 676 424";"B01";"1";"7";"0";"2";"7";"21";"1";""
"202300002349";"155 676 426";"A01";"1";"7";"0";"2";"1";"16";"1";""
"202300002350";"155 676 425";"A01";"3";"37";"0";"1";"5";"15";"1";"1"
"202300002351";"155 676 423";"A01";"3";"7";"2";"2";"1";"14";"1";""
"202300002352";"155 676 421";"A01";"2";"7";"0";"2";"3";"15";"1";""
"202300002352";"155 676 422";"B01";"2";"1";"0";"2";"2";"1";"5";""
"202300002353";"155 676 420";"A01";"1";"7";"0";"1";"8";"2";"1";""
"202300002354";"155 676 418";"B01";"1";"7";"0";"2";"1";"1";"1";""
"202300002354";"155 676 419";"A01";"1";"7";"0";"2";"4";"1";"1";""
"202300002355";"155 676 417";"A01";"1";"7";"5";"0";"1";"1";"1";""
"202300002356";"155 676 415";"A01";"1";"30";"0";"2";"4";"1";"1";""
"202300002356";"155 676 416";"B01";"1";"15";"0";"2";"2";"2";"1";""
"202300002357";"155 676 414";"A01";"1";"7";"4";"0";"3";"9";"1";""
"202300002358";"155 676 412";"B01";"2";"14";"0";"2";"3";"1";"1";""
"202300002358";"155 676 413";"A01";"2";"7";"0";"2";"5";"9";"1";""
"202300002359";"155 676 411";"A01";"2";"7";"0";"1";"2";"1";"0";""
"202300002360";"155 676 410";"A01";"2";"7";"1";"0";"2";"14";"1";""
"202300002361";"155 676 409";"A01";"2";"7";"0";"1";"1";"17";"1";""
"202300002362";"155 676 408";"A01";"1";"7";"0";"1";"1";"1";"1";""
"202300002363";"155 676 407";"A01";"1";"14";"0";"1";"2";"1";"1";""
"202300002364";"155 676 405";"B01";"3";"33";"0";"2";"8";"3";"1";""
"202300002364";"155 676 406";"A01";"3";"7";"0";"2";"2";"16";"0";""
"202300002365";"155 676 402";"A01";"1";"7";"0";"9";"1";"15";"1";""
"202300002365";"155 676 404";"B01";"2";"50";"0";"2";"1";"0";"3";""
"202300002366";"155 676 403";"A01";"2";"2";"12";"5";"2";"14";"1";""
"202300002367";"155 676 400";"A01";"1";"7";"2";"0";"1";"1";" -1";""
"202300002368";"155 676 399";"B01";"3";"7";"0";"2";"7";"19";"1";""
"202300002368";"155 676 401";"A01";"3";"7";"0";"2";"1";"1";"1";""
"202300002369";"155 676 397";"A01";"1";"50";"13";"0";"1";"1";"3";""
"202300002370";"155 676 395";"A01";"2";"7";"0";"1";"2";"1";"1";""
"202300002371";"155 676 393";"A01";"3";"30";"13";"0";"0";"1";"1";""
"202300002372";"155 676 394";"A01";"1";"7";"0";"0";"3";"1";"2";""
"202300002373";"155 676 390";"C01";"1";"10";"0";"2";"1";"2";"1";""
"202300002373";"155 676 391";"A01";"1";"7";"0";"2";"1";"2";"1";""
"202300002373";"155 676 392";"B01";"1";"7";"0";"2";"4";"23";"1";""
"202300002374";"155 676 388";"A01";"3";"7";"15";"0";"1";"20";"0";""
"202300002375";"155 676 387";"B01";"1";"7";"0";"2";"1";"17";"1";""
"202300002375";"155 676 389";"A01";"1";"7";"0";"2";"3";"10";"1";""
"202300002376";"155 676 386";"A01";"1";"7";"8";"1";"2";"1";"1";""
"202300002377";"155 676 383";"B01";"1";"7";"0";"2";"1";"1";"1";""
"202300002377";"155 676 384";"A01";"3";"80";"0";"2";"1";"19";"3";""
"202300002378";"155 676 380";"B01";"1";"30";"0";"2";"1";"17";"1";""
"202300002378";"155 676 381";"A01";"1";"13";"0";"2";"6";"15";"1";""
"202300002379";"155 676 378";"A01";"1";"31";"12";"0";"0";"0";"1";""
"202300002380";"155 676 379";"B01";"2";"7";"0";"2";"1";"1";"1";""
"202300002380";"155 676 382";"A01";"3";"7";"0";"2";"7";"19";"1";""
"202300002381";"155 676 377";"A01";"1";"7";"0";"1";"2";"1";"1";""
"202300002382";"155 676 375";"B01";"1";"80";"0";"2";"7";"1";"3";""
"202300002382";"155 676 376";"A01";"1";"33";"0";"2";"1";"1";"1";""
"202300002383";"155 676 373";"A01";"2";"7";"0";"2";"3";"15";"1";""
"202300002383";"155 676 374";"B01";"2";"30";"0";"2";"1";"1";"3";""
"202300002384";"155 676 372";"A01";"2";"30";"0";"0";"8";"21";"1";""
"202300002385";"155 676 370";"B01";"1";"2";"0";"2";"1";"1";"1";""
"202300002385";"155 676 371";"A01";"2";"7";"0";"2";"7";"15";"1";""
"202300002386";"155 676 367";"B01";"2";"32";"0";"2";"1";"1";"3";""
"202300002386";"155 676 369";"A01";"2";"7";"0";"2";"3";"15";"1";""
"202300002387";"155 676 366";"A01";"3";"7";"0";"2";"3";"9";"1";""
"202300002387";"155 676 368";"B01";"1";"2";"0";"2";"1";"1";"1";""
"202300002388";"155 676 363";"A01";"3";"7";"0";"2";"1";"17";"1";""
"202300002388";"155 676 365";"B01";"3";"7";"0";"2";"1";"1";"1";""
"202300002389";"155 676 361";"B01";"1";"31";"0";"2";"1";"1";"1";""
"202300002389";"155 676 364";"A01";"3";"7";"0";"2";"3";"26";"1";""
"202300002390";"155 676 360";"B01";"1";"7";"0";"2";"8";"15";"1";""
"202300002390";"155 676 362";"A01";"1";"31";"0";"2";"1";"15";"1";""
"202300002391";"155 676 357";"B01";"1";"7";"0";"2";"1";"1";"1";""
"202300002391";"155 676 358";"A01";"1";"10";"0";"2";"6";"11";"1";""
"202300002392";"155 676 355";"A01";"2";"50";"0";"0";"0";"1";"3";""
"202300002393";"155 676 356";"A01";"2";"32";"0";"2";"1";"21";"1";""
"202300002393";"155 676 359";"B01";"1";"7";"0";"9";"3";"15";"1";""
"202300002394";"155 676 353";"A01";"1";"7";"0";"2";"3";"0";"1";""
"202300002394";"155 676 354";"B01";"1";"50";"0";"2";"0";"0";"3";""
"202300002395";"155 676 348";"B01";"1";"7";"0";"2";"4";"2";"1";""
"202300002395";"155 676 350";"A01";"1";"7";"0";"2";"1";"2";"1";""
"202300002396";"155 676 349";"A01";"1";"30";"0";"2";"1";"2";"1";""
"202300002396";"155 676 351";"B01";"1";"30";"0";"2";"4";"23";"1";""
"202300002397";"155 676 346";"B01";"3";"1";"0";"2";"7";"1";"5";""
"202300002397";"155 676 347";"A01";"2";"7";"0";"2";"3";"9";"1";""
"202300002398";"155 676 344";"A01";"3";"7";"0";"2";"6";"26";"1";""
"202300002398";"155 676 345";"B01";"3";"10";"0";"2";"1";"2";"1";""
"202300002399";"155 676 342";"A01";"2";"10";"0";"2";"1";"1";"1";""
"202300002399";"155 676 343";"B01";"2";"7";"0";"1";"1";"1";"1";""
"202300002400";"155 676 339";"B01";"2";"31";"0";"2";"7";"1";"1";""
"202300002400";"155 676 341";"A01";"3";"7";"0";"2";"1";"9";"1";""
"202300002401";"155 676 336";"B01";"1";"1";"0";"2";"3";"1";"5";""
"202300002401";"155 676 338";"A01";"1";"17";"0";"2";"5";"17";"1";""
"202300002402";"155 676 337";"A01";"3";"7";"0";"2";"2";"15";"1";""
"202300002402";"155 676 340";"B01";"3";"7";"0";"2";"1";"1";"1";""
"202300002403";"155 676 334";"B01";"3";"7";"0";"2";"4";"2";"1";""
"202300002403";"155 676 335";"A01";"3";"7";"0";"2";"1";"2";"1";""
"202300002404";"155 676 331";"A01";"0";"1";"1";"2";"8";"21";"5";""
"202300002404";"155 676 332";"B01";"0";"7";"0";"2";"7";"1";"3";""
"202300002405";"155 676 330";"B01";"1";"7";" -1";"2";"2";"1";" -1";""
"202300002405";"155 676 333";"A01";"3";"2";"0";"2";"3";"16";"1";""
"202300002406";"155 676 326";"A01";"1";"7";"0";"2";"8";"15";"1";""
"202300002406";"155 676 328";"B01";"1";"17";"0";"2";"1";"1";"1";""
"202300002406";"155 676 329";"C01";"2";"7";"0";"2";"1";"1";"4";""
"202300002407";"155 676 324";"A01";"1";"10";"0";"1";"0";"1";"1";""
"202300002408";"155 676 322";"B01";"2";"17";"0";"0";"0";"0";"1";""
"202300002408";"155 676 323";"A01";"2";"7";"4";"2";"2";"1";"1";""
"202300002409";"155 676 318";"A01";"1";"30";"0";"2";"1";"17";"1";""
"202300002409";"155 676 319";"B01";"1";"14";"0";"2";"3";"15";"1";""
"202300002410";"155 676 316";"A01";"3";"7";"0";"1";"3";"1";"1";""
"202300002411";"155 676 313";"A01";"1";"1";"0";"2";"6";"15";"5";""
"202300002411";"155 676 314";"B01";"1";"33";"0";"2";"2";"17";"1";""
"202300002412";"155 676 311";"A01";"1";"7";"2";"0";"8";"21";"1";""
"202300002413";"155 676 310";"A01";"1";"7";"0";"2";"1";"1";"2";""
"202300002413";"155 676 312";"P01";"1";"50";"0";"2";"1";"1";"3";""
"202300002414";"155 676 309";"A01";"2";"7";"1";"0";"2";"14";"1";""
"202300002415";"155 676 307";"A01";"1";"7";"0";"1";"3";"1";"1";""
"202300002416";"155 676 305";"A01";"3";"7";"0";"2";"1";"1";"1";""
"202300002416";"155 676 306";"B01";"3";"7";"0";"2";"4";"26";"1";""
"202300002417";"155 676 303";"A01";"2";"31";"11";"0";"1";"1";"1";""
"202300002418";"155 676 302";"A01";"2";"50";"0";"2";"1";"1";"3";""
"202300002418";"155 676 304";"B01";"1";"7";"0";"9";"3";"16";" -1";""
"202300002419";"155 676 298";"A01";"2";"15";"0";"2";"7";"14";"1";""
"202300002419";"155 676 300";"B01";"2";"7";"0";"2";"6";"1";"2";""
"202300002419";"155 676 301";"C01";"2";"7";"0";"2";"1";"2";"1";""
"202300002420";"155 676 299";"A01";"2";"7";"0";"0";"9";"14";"1";""
"202300002421";"155 676 297";"A01";"3";"37";"0";"0";"1";"14";"1";"4"
"202300002422";"155 676 296";"A01";"2";"7";"1";"0";"9";"1";"1";""
"202300002423";"155 676 293";"A01";"1";"15";"0";"2";"2";"1";"1";""
"202300002423";"155 676 295";"B01";"2";"7";"0";"2";"3";"19";"1";""
"202300002424";"155 676 291";"A01";"1";"7";"0";"2";"1";"5";"1";""
"202300002424";"155 676 294";"B01";"2";"7";"0";"2";"1";"1";"1";""
"202300002425";"155 676 290";"A01";"1";"30";"0";"2";"1";"16";"1";""
"202300002425";"155 676 292";"B01";"1";"38";"0";"2";"7";"1";"1";"1"
"202300002426";"155 676 289";"A01";"1";"7";"6";"0";"1";"1";"1";""
"202300002427";"155 676 287";"A01";"1";"7";"0";"2";"8";"13";"1";""
"202300002427";"155 676 288";"B01";"2";"7";"0";"0";"0";"0";"1";""
"202300002428";"155 676 284";"A01";"2";"7";"13";"0";"1";"0";"1";""
"202300002429";"155 676 285";"A01";"1";"7";"0";"2";"2";"15";"1";""
"202300002429";"155 676 286";"B01";"2";"31";"0";"2";"1";"1";"1";""
"202300002430";"155 676 282";"A01";"2";"7";"0";"2";"2";"0";"1";""
"202300002430";"155 676 283";"B01";"1";"30";"0";"2";"6";"0";"1";""
"202300002431";"155 676 279";"A01";"1";"7";"0";"2";"3";"15";"1";""
"202300002431";"155 676 281";"B01";"2";"31";"0";"2";"1";"1";"1";""
"202300002432";"155 676 278";"A01";"3";"7";"0";"2";"3";"9";"3";""
"202300002432";"155 676 280";"B01";"3";"2";"0";"2";"7";"1";"1";""
"202300002433";"155 676 277";"A01";"2";"7";"2";"0";"1";"14";"1";""
"202300002434";"155 676 276";"A01";"0";"7";"0";"1";"1";"1";"1";""
"202300002435";"155 676 272";"A01";"3";"50";"0";"2";"7";"19";"3";""
"202300002435";"155 676 274";"B01";"2";"10";"0";"2";"3";"1";"1";""
"202300002436";"155 676 270";"B01";"0";"7";"0";"2";"6";"1";"1";""
"202300002436";"155 676 273";"A01";"0";"50";"0";"2";"1";"19";"3";""
"202300002437";"155 676 267";"A01";"3";"32";"0";"2";"1";"16";"1";""
"202300002437";"155 676 269";"B01";"3";"7";"0";"2";"3";"1";"1";""
"202300002438";"155 676 268";"A01";"3";"7";"2";"0";"1";"1";"1";""
"202300002439";"155 676 262";"A01";"0";"7";"0";"2";"1";"17";"1";""
"202300002439";"155 676 265";"B01";"0";"7";"0";"2";"1";"1";"3";""
"202300002439";"155 676 266";"C01";"0";"7";"0";"2";"1";"1";"1";""
"202300002440";"155 676 261";"A01";"2";"7";"0";"2";"1";"13";"1";""
"202300002440";"155 676 264";"B01";"1";"7";"0";"2";"1";"1";"2";""
"202300002441";"155 676 260";"B01";"1";"7";"0";"2";"3";"1";"0";""
"202300002441";"155 676 263";"A01";"2";"7";"0";"2";"3";"2";"0";""
"202300002442";"155 676 258";"A01";"2";"7";"0";"1";"2";"15";"1";""
"202300002443";"155 676 256";"A01";"3";"7";"0";"2";"3";"26";"1";""
"202300002443";"155 676 259";"B01";"3";"7";"0";"2";"0";"0";"1";""
"202300002444";"155 676 254";"A01";"1";"7";"0";"2";"3";"13";"1";""
"202300002444";"155 676 257";"B01";"2";"13";"0";"2";"3";"1";"1";""
"202300002445";"155 676 252";"B01";"2";"1";"0";"2";"7";"1";"5";""
"202300002445";"155 676 255";"A01";"2";"7";"0";"2";"3";"9";"0";""
"202300002446";"155 676 250";"A01";"2";"32";"0";"2";"7";"3";"3";""
"202300002446";"155 676 251";"B01";"2";"33";"0";"2";"1";"1";"1";""
"202300002446";"155 676 253";"C01";"2";"7";"0";"2";"4";"2";"1";""
"202300002447";"155 676 247";"B01";"2";"1";"0";"2";"1";"25";"5";""
"202300002447";"155 676 249";"A01";"3";"7";"0";"9";"3";"9";"1";""
"202300002448";"155 676 245";"A01";"1";"33";"0";"2";"1";"3";"1";""
"202300002448";"155 676 248";"B01";"1";"7";"0";"2";"4";"1";"1";""
"202300002449";"155 676 244";"A01";"2";"7";"0";"2";"1";"1";"1";""
"202300002449";"155 676 246";"B01";"2";"7";"0";"2";"4";"1";"1";""
"202300002450";"155 676 240";"A01";"3";"43";"0";"2";"1";"1";"1";""
"202300002450";"155 676 241";"B01";"3";"7";"0";"2";"5";"9";"1";""
"202300002451";"155 676 239";"A01";"1";"7";"4";"0";"2";"1";"1";""
"202300002452";"155 676 236";"B01";"0";"37";"0";"2";"3";"1";"1";"1"
"202300002452";"155 676 238";"A01";"0";"7";"0";"2";"1";"9";"1";""
"202300002453";"155 676 235";"Y01";"3";"1";"0";"2";"1";"1";"5";""
"202300002453";"155 676 237";"A01";"3";"7";"0";"2";"2";"15";"1";""
"202300002454";"155 676 234";"A01";"1";"7";"13";"0";"0";"1";"1";""
"202300002455";"155 676 232";"A01";"3";"7";"6";"0";"3";"20";"1";""
"202300002456";"155 676 229";"A01";"2";"7";"0";"2";"1";"1";"1";""
"202300002456";"155 676 230";"B01";"2";"15";"0";"2";"4";"1";"1";""
"202300002457";"155 676 228";"B01";"1";"2";"0";"2";"1";"1";"1";""
"202300002457";"155 676 231";"A01";"1";"37";"0";"2";"2";"10";"1";"1"
"202300002458";"155 676 227";"A01";"3";"7";"0";"1";"1";"15";"3";""
"202300002459";"155 676 225";"A01";"3";"7";"13";"0";"7";"0";"1";""
"202300002460";"155 676 224";"A01";"1";"7";"0";"2";"2";"15";"1";""
"202300002460";"155 676 226";"B01";"2";"1";"0";"2";"1";"1";"5";""
"202300002461";"155 676 222";"B01";"3";"33";"0";"2";"4";"23";"1";""
"202300002461";"155 676 223";"A01";"3";"7";"0";"2";"1";"2";"1";""
"202300002462";"155 676 219";"A01";"1";"7";"0";"0";"1";"1";"1";""
"202300002462";"155 676 221";"B01";"2";"10";"0";"0";"1";"1";"1";""
"202300002463";"155 676 217";"A01";"1";"37";"0";"2";"1";"1";"1";"1"
"202300002463";"155 676 220";"B01";"2";"7";"0";"0";"0";"1";"1";""
"202300002464";"155 676 218";"A01";"1";"1";"0";"1";"1";"1";"5";""
"202300002465";"155 676 215";"B01";"2";"33";"0";"2";"1";"1";"1";""
"202300002465";"155 676 216";"A01";"2";"7";"0";"2";"8";"9";"0";""