"Num_Acc";"id_vehicule";"num_veh";"senc";"catv";"obs";"obsm";"choc";"manv";"motor";"occutc"
"202300002466";"155 676 213";"A01";"0";"10";"0";"1";"3";"1";"1";""
"202300002467";"155 676 214";"A01";"3";"31";"0";"0";"2";"1";"1";""
"202300002468";"155 676 209";"A01";"2";"15";"0";"2";"2";"17";"1";""
"202300002468";"155 676 212";"B01";"2";"7";"0";"0";"4";"1";"1";""
"202300002469";"155 676 211";"A01";"2";"7";"8";"0";"3";"14";"1";""
"202300002470";"155 676 208";"A01";"1";"7";"0";"2";"8";"15";"1";""
"202300002470";"155 676 210";"B01";"1";"30";"0";"2";"1";"1";"1";""
"202300002471";"155 676 207";"A01";"2";"7";"8";"0";"1";"1";"1";""
"202300002472";"155 676 205";"A01";"3";"10";"0";"2";"1";"0";"0";""
"202300002472";"155 676 206";"B01";"2";"1";"0";"2";"1";"1";"5";""
"202300002473";"155 676 201";"A01";"1";"7";"0";"2";"1";"1";"1";""
"202300002473";"155 676 203";"B01";"1";"7";"0";"2";"4";"1";"1";""
"202300002473";"155 676 204";"C01";"1";"7";"0";"2";"4";"1";"1";""
"202300002474";"155 676 199";"B01";"1";"7";"0";"0";"8";"15";"0";""
"202300002474";"155 676 202";"A01";"1";"7";"0";"0";"2";"17";"0";""
"202300002475";"155 676 195";"A01";"2";"7";"0";"2";"1";"21";"1";""
"202300002475";"155 676 198";"B01";"1";"7";"0";"2";"3";"23";"1";""
"202300002475";"155 676 200";"C01";"2";"10";"0";"2";"6";"24";"1";""
"202300002476";"155 676 194";"A01";"1";"7";"0";"2";"2";"1";"1";""
"202300002476";"155 676 196";"B01";"2";"7";"0";"2";"2";"1";"1";""
"202300002477";"155 676 193";"A01";"2";"7";"0";"2";"4";"2";"1";""
"202300002477";"155 676 197";"Z01";"2";"7";"0";"2";"1";"2";"1";""
"202300002478";"155 676 191";"A01";"1";"7";"0";"1";"1";"15";"0";""
"202300002479";"155 676 189";"B01";"2";"7";"0";"2";"1";"2";"1";""
"202300002479";"155 676 192";"A01";"1";"7";"0";"2";"5";"2";"1";""
"202300002480";"155 676 188";"A01";"2";"10";"13";"2";"5";"9";"1";""
"202300002480";"155 676 190";"B01";"2";"7";"9";"2";"1";"1";"1";""
"202300002481";"155 676 184";"C01";"3";"7";"0";"2";"5";"1";"1";""
"202300002481";"155 676 186";"A01";"3";"7";"1";"0";"4";"4";"1";""
"202300002481";"155 676 187";"B01";"3";"7";"1";"0";"5";"24";"1";""
"202300002482";"155 676 183";"A01";"3";"7";"0";"2";"1";"2";"1";""
"202300002482";"155 676 185";"B01";"3";"7";"0";"2";"4";"2";"1";""
"202300002483";"155 676 182";"A01";"2";"7";"13";"0";"9";"1";"0";""
"202300002484";"155 676 177";"A01";"3";"7";"0";"2";"1";"1";"1";""
"202300002484";"155 676 180";"B01";"3";"7";"0";"2";"4";"1";"1";""
"202300002484";"155 676 181";"C01";"3";"7";"0";"2";"4";"23";"2";""
"202300002485";"155 676 179";"A01";"1";"7";"0";"1";"3";"19";"2";""
"202300002486";"155 676 174";"A01";"1";"7";"0";"1";"3";"15";"0";""
"202300002487";"155 676 173";"A01";"2";"7";"6";"0";"5";"1";"1";""
"202300002488";"155 676 172";"A01";"2";"7";"0";"2";"3";"15";"1";""
"202300002488";"155 676 175";"B01";"1";"33";"0";"2";"2";"21";"1";""
"202300002489";"155 676 168";"A01";"3";"7";"0";"1";"4";"4";"1";""
"202300002490";"155 676 167";"A01";"1";"7";"0";"2";"2";"16";"1";""
"202300002490";"155 676 170";"B01";"1";"50";"0";"2";"1";"1";"3";""
"202300002491";"155 676 169";"A01";"1";"7";"0";"2";"3";"1";"1";""
"202300002491";"155 676 171";"B01";"0";"50";"0";"2";"0";"19";"3";""
"202300002492";"155 676 165";"A01";"2";"7";"9";"0";"1";"1";"1";""
"202300002493";"155 676 166";"A01";"3";"10";"0";"1";"2";"26";"1";""
"202300002494";"155 676 163";"A01";"1";"50";"0";"2";"8";"19";"3";""
"202300002494";"155 676 164";"B01";"1";"7";"0";"9";"1";"15";"1";""
"202300002495";"155 676 158";"C01";"1";"7";"0";"2";"0";"1";"1";""
"202300002495";"155 676 160";"B01";"1";"7";"0";"2";"0";"1";"1";""
"202300002495";"155 676 161";"A01";"1";"7";"0";"2";"0";"1";"1";""
"202300002496";"155 676 157";"A01";"1";"7";"0";"1";"1";"15";"1";""
"202300002497";"155 676 154";"B01";"3";"7";"0";"2";"2";"15";"1";""
"202300002497";"155 676 156";"A01";"2";"33";"0";"2";"8";"1";"1";""
"202300002498";"155 676 153";"A01";"1";"7";"0";"1";"1";"9";"3";""
"202300002499";"155 676 150";"B01";"1";"7";"0";"2";"4";"2";"1";""
"202300002499";"155 676 152";"A01";"1";"7";"0";"2";"3";"2";"1";""
"202300002499";"155 676 155";"C01";"1";"7";"0";"2";"8";"1";"1";""
"202300002500";"155 676 149";"A01";"3";"10";"0";"2";"3";"2";"1";""
"202300002500";"155 676 151";"B01";"3";"14";"0";"0";"5";"23";"1";""
"202300002501";"155 676 148";"A01";"1";"7";"0";"1";"2";"16";"1";""
"202300002502";"155 676 146";"B01";"0";"13";"0";"0";"8";"24";"1";""
"202300002502";"155 676 147";"A01";"3";"13";"1";"0";"5";"17";"1";""
"202300002503";"155 676 144";"A01";"1";"7";"0";"2";"1";"13";"0";""
"202300002503";"155 676 145";"B01";"2";"7";"0";"2";"1";"21";"0";""
"202300002504";"155 676 141";"A01";"3";"7";"0";"2";"6";"0";"1";""
"202300002504";"155 676 143";"B01";"3";"14";"0";"2";"0";"0";"1";""
"202300002505";"155 676 138";"B01";"1";"7";"0";"2";"1";"2";"3";""
"202300002505";"155 676 140";"A01";"1";"7";"0";"2";"4";"2";"1";""
"202300002506";"155 676 139";"A01";"2";"7";"0";"2";"3";"11";"1";""
"202300002506";"155 676 142";"B01";"2";"33";"0";"2";"5";"3";"1";""
"202300002507";"155 676 136";"A01";"1";"7";"4";"0";"1";"1";"1";""
"202300002508";"155 676 134";"B01";"3";"7";"0";"2";"1";"15";"1";""
"202300002508";"155 676 137";"A01";"3";"1";"0";"2";"7";"1";"5";""
"202300002509";"155 676 133";"A01";"2";"7";"0";"2";"2";"12";"1";""
"202300002509";"155 676 135";"B01";"2";"31";"0";"2";"8";"3";"1";""
"202300002510";"155 676 131";"A01";"3";"80";"0";"1";"1";"1";"3";""
"202300002511";"155 676 132";"A01";"0";"37";"0";"1";"2";"1";"1";"1"
"202300002512";"155 676 129";"B01";"1";"7";"0";"2";"8";"1";"0";""
"202300002512";"155 676 130";"A01";"2";"7";"11";"2";"2";"1";"0";""
"202300002513";"155 676 128";"A01";"2";"10";"0";"1";"1";"1";"1";""
"202300002514";"155 676 125";"Z01";"3";"7";"0";"2";"7";"16";"1";""
"202300002514";"155 676 127";"Y01";"3";"1";"0";"2";"0";"0";"5";""
"202300002515";"155 676 124";"A01";"3";"33";"14";"0";"1";"1";"1";""
"202300002516";"155 676 123";"A01";"3";"2";"0";"2";"3";"2";"1";""
"202300002516";"155 676 126";"Z01";"3";"7";"0";"2";"6";"1";"0";""
"202300002517";"155 676 121";"A01";"2";"7";"6";"0";"1";"14";"0";""
"202300002518";"155 676 122";"A01";"3";"32";"0";"1";"1";"1";"1";""
"202300002519";"155 676 118";"A01";"1";"7";"0";"1";"1";"1";"1";""
"202300002519";"155 676 120";"B01";"1";"43";"0";"2";"1";"1";"1";""
"202300002520";"155 676 117";"B01";"2";"1";"16";"2";"3";"0";"0";""
"202300002520";"155 676 119";"A01";"2";"7";"0";"2";"2";"16";"1";""
"202300002521";"155 676 115";"A01";"2";"33";"0";"2";"2";"1";"1";""
"202300002521";"155 676 116";"B01";"3";"10";"0";"2";"8";"19";"1";""
"202300002522";"155 676 113";"A01";"2";"50";"14";"0";"0";"1";"3";""
"202300002523";"155 676 111";"B01";"1";"7";"0";"2";"1";"5";"1";""
"202300002523";"155 676 112";"C01";"2";"7";"0";"2";"1";"5";"1";""
"202300002523";"155 676 114";"A01";"2";"7";"0";"2";"1";"5";"1";""
"202300002524";"155 676 110";"A01";"1";"7";"0";"1";"1";"1";"1";""
"202300002525";"155 676 107";"B01";"1";"7";"0";"2";"3";"1";"1";""
"202300002525";"155 676 109";"A01";"1";"43";"0";"2";"3";"7";"1";""
"202300002526";"155 676 106";"A01";"1";"7";"0";"2";"0";"5";"0";""
"202300002526";"155 676 108";"B01";"2";"2";"0";"2";"0";"1";"3";""
"202300002527";"155 676 104";"B01";"3";"7";"0";"2";"3";"0";"1";""
"202300002527";"155 676 105";"A01";"3";"30";"0";"2";"3";"1";"3";""
"202300002528";"155 676 103";"A01";"2";"1";"0";"1";"1";"1";"5";""
"202300002529";"155 676 102";"A01";"1";"7";"0";"1";"2";"17";"1";""
"202300002530";"155 676 100";"A01";"1";"7";"0";"1";"3";"15";"1";""
"202300002531";"155 676 098";"B01";"3";"7";"0";"2";"2";"15";"1";""
"202300002531";"155 676 101";"A01";"3";"2";"0";"2";"1";"17";"3";""
"202300002532";"155 676 099";"A01";"2";"7";"0";"1";"2";"1";"1";""
"202300002533";"155 676 095";"A01";"3";"43";"0";"2";"2";"21";"1";""
"202300002534";"155 676 094";"A01";"1";"7";"0";"2";"1";"1";"1";""
"202300002534";"155 676 097";"B01";"2";"7";"0";"2";"1";"5";"1";""
"202300002535";"155 676 093";"B01";"0";"32";"0";"2";"1";"1";"0";""
"202300002535";"155 676 096";"A01";"0";"7";"0";"2";"3";"15";"0";""
"202300002536";"155 676 091";"B01";"1";"80";"0";"2";"1";"21";"3";""
"202300002536";"155 676 092";"A01";"1";"10";"0";"2";"3";"10";"1";""
"202300002537";"155 676 088";"B01";"2";"7";"0";"2";"3";"1";"1";""
"202300002537";"155 676 090";"A01";"1";"33";"0";"2";"1";"17";"1";""
"202300002538";"155 676 087";"A01";"2";"7";"0";"2";"2";"15";"1";""
"202300002538";"155 676 089";"B01";"1";"2";"0";"2";"3";"1";"1";""
"202300002539";"155 676 085";"Z01";"2";"1";"0";"2";"4";"1";"5";""
"202300002539";"155 676 086";"A01";"2";"1";"0";"2";"1";"1";"5";""
"202300002540";"155 676 083";"A01";"1";"7";"0";"1";"3";"26";"1";""
"202300002541";"155 676 084";"A01";"1";"30";"0";"0";"3";"2";"6";""
"202300002542";"155 676 082";"A01";"3";"7";"2";"0";"8";"1";"1";""
"202300002543";"155 676 078";"B01";"2";"34";"0";"2";"1";"16";"1";""
"202300002543";"155 676 080";"A01";"1";"7";"0";"2";"2";"15";"1";""
"202300002544";"155 676 077";"C01";"2";"33";"0";"2";"1";"21";"1";""
"202300002544";"155 676 079";"B01";"2";"10";"0";"2";"3";"1";"1";""
"202300002544";"155 676 081";"A01";"2";"33";"0";"2";"1";"13";"1";""
"202300002545";"155 676 073";"A01";"1";"7";"0";"2";"1";"21";"1";""
"202300002545";"155 676 074";"B01";"1";"7";"0";"2";"4";"0";"1";""
"202300002546";"155 676 071";"B01";"3";"7";"0";"2";"2";"1";"1";""
"202300002546";"155 676 072";"C01";"3";"7";"0";"2";"5";"1";"1";""
"202300002546";"155 676 075";"D01";"3";"7";"0";"2";"3";"24";"1";""
"202300002546";"155 676 076";"A01";"3";"7";"1";"0";"1";"0";"1";""
"202300002547";"155 676 070";"A01";"2";"30";"0";"2";"4";"2";"3";""
"202300002548";"155 676 065";"B01";"3";"43";"0";"2";"1";"13";"1";""
"202300002548";"155 676 067";"A01";"3";"7";"0";"2";"2";"15";"1";""
"202300002549";"155 676 063";"C01";"1";"36";"0";"2";"3";"0";"6";""
"202300002549";"155 676 064";"D01";"1";"36";"0";"2";"6";"0";"6";""
"202300002549";"155 676 066";"E01";"1";"36";"0";"0";"0";"1";"6";""
"202300002549";"155 676 068";"A01";"2";"10";"0";"0";"2";"1";"6";""
"202300002549";"155 676 069";"B01";"1";"7";"0";"2";"9";"5";"0";""
"202300002550";"155 676 058";"A01";"1";"10";"2";"0";"2";"13";"0";""
"202300002551";"155 676 059";"B01";"2";"1";"1";"0";"0";"1";"5";""
"202300002551";"155 676 060";"A01";"1";"7";"0";"2";"5";"1";"1";""
"202300002552";"155 676 055";"A01";"2";"7";"0";"2";"3";"15";"0";""
"202300002552";"155 676 057";"B01";"1";"7";"0";"2";"1";"1";"0";""
"202300002553";"155 676 054";"B01";"2";"7";"0";"2";"2";"1";"1";""
"202300002553";"155 676 056";"A01";"1";"7";"0";"2";"3";"19";"1";""
"202300002554";"155 676 053";"A01";"3";"7";"0";"1";"1";"1";"0";""
"202300002555";"155 676 052";"A01";"0";"7";"0";"1";"3";"1";"1";""
"202300002556";"155 676 049";"A01";"3";"30";"0";"2";"1";"1";"0";""
"202300002556";"155 676 051";"B01";"3";"7";"0";"2";"6";"15";"0";""
"202300002557";"155 676 048";"A01";"1";"7";"0";"2";"3";"13";"1";""
"202300002557";"155 676 050";"B01";"2";"7";"0";"2";"3";"0";"1";""
"202300002558";"155 676 047";"A01";"3";"7";"0";"1";"3";"16";"0";""
"202300002559";"155 676 043";"A01";"2";"7";"0";"2";"2";"15";"1";""
"202300002559";"155 676 045";"B01";"2";"30";"0";"2";"1";"1";"1";""
"202300002560";"155 676 044";"A01";"1";"7";"0";"2";"6";"13";"1";""
"202300002560";"155 676 046";"B01";"2";"7";"0";"2";"8";"1";"1";""
"202300002561";"155 676 041";"A01";"3";"2";"0";"0";"7";"1";"1";""
"202300002562";"155 676 040";"A01";"1";"7";"0";"2";"7";"15";"1";""
"202300002562";"155 676 042";"B01";"2";"2";"0";"2";"2";"1";"1";""
"202300002563";"155 676 038";"A01";"1";"7";"0";"1";"1";"1";"4";""
"202300002564";"155 676 037";"B01";"3";"7";"8";"1";"7";"2";"1";""
"202300002564";"155 676 039";"A01";"3";"7";"12";"2";"1";"1";"1";""
"202300002565";"155 676 036";"A01";"1";"33";"13";"0";"0";"2";"1";""
"202300002566";"155 676 034";"A01";"3";"7";"5";"2";"2";"13";"1";""
"202300002566";"155 676 035";"B01";"3";"7";"0";"2";"2";"1";"1";""
"202300002567";"155 676 031";"A01";"3";"7";"0";"2";"8";"1";"1";""
"202300002567";"155 676 033";"B01";"3";"7";"0";"2";"8";"9";"1";""
"202300002568";"155 676 030";"A01";"3";"7";"0";"2";"2";"15";"1";""
"202300002568";"155 676 032";"B01";"3";"2";"0";"2";"1";"1";"1";""
"202300002569";"155 676 028";"A01";"2";"7";"0";"1";"1";"1";"1";""
"202300002570";"155 676 027";"A01";"1";"1";"0";"2";"7";"26";"5";""
"202300002570";"155 676 029";"B01";"1";"7";"0";"2";"3";"0";"1";""
"202300002571";"155 676 025";"A01";"1";"50";"1";"0";"1";"1";"3";""
"202300002572";"155 676 024";"A01";"1";"7";"4";"2";"3";"14";"1";""
"202300002572";"155 676 026";"B01";"2";"7";"4";"2";"3";"15";"1";""
"202300002573";"155 676 022";"A01";"3";"7";"1";" -1";"1";"1";"1";""
"202300002573";"155 676 023";"B01";"3";"7";"0";" -1";"4";"24";"1";""
"202300002574";"155 676 021";"A01";"3";"7";"0";"1";"2";"1";"1";""
"202300002575";"155 676 019";"B01";"2";"33";"0";"2";"1";"1";"1";""
"202300002575";"155 676 020";"A01";"2";"7";"0";"2";"3";"15";"1";""
"202300002576";"155 676 016";"A01";"1";"7";"0";"1";"3";"1";"1";""
"202300002577";"155 676 017";"A01";"2";"10";"0";"2";"3";"13";"1";""
"202300002577";"155 676 018";"B01";"1";"15";"0";"2";"3";"1";"1";""
"202300002578";"155 676 015";"A01";"3";"7";"0";"1";"2";"1";"1";""
"202300002579";"155 676 013";"A01";"2";"7";"1";"0";"1";"26";"1";""
"202300002580";"155 676 010";"B01";"3";"7";"0";"2";"1";"1";"1";""
"202300002580";"155 676 012";"A01";"3";"7";"0";"2";"1";"16";"1";""
"202300002581";"155 676 011";"B01";"2";"7";"0";"2";"8";"1";"1";""
"202300002581";"155 676 014";"A01";"1";"7";"0";"2";"1";"1";"1";""
"202300002582";"155 676 008";"A01";"2";"7";"1";"0";"3";"5";"1";""
"202300002583";"155 676 006";"A01";"2";"1";"12";"0";"7";"26";"5";""
"202300002584";"155 676 005";"A01";"3";"7";"0";"1";"3";"1";"1";""
"202300002585";"155 676 004";"A01";"2";"7";"2";"0";"1";"14";"1";""
"202300002586";"155 676 000";"B01";"1";"7";"0";"2";"1";"1";"1";""
"202300002586";"155 676 003";"A01";"2";"7";"0";"2";"3";"15";"1";""
"202300002587";"155 675 998";"A01";"2";"2";"0";"0";"1";"2";"1";""
"202300002587";"155 676 001";"B01";"2";"38";"0";"0";"4";"1";"1";"1"
"202300002588";"155 675 994";"B01";"0";"7";"0";"2";"4";"15";"1";""
"202300002588";"155 675 996";"A01";"0";"7";"5";"2";"1";"1";"1";""
"202300002589";"155 675 995";"B01";"1";"50";"0";"2";"6";"1";"3";""
"202300002589";"155 675 997";"A01";"1";"7";"0";"2";"1";"26";"1";""
"202300002590";"155 675 992";"A01";"2";"3";"15";"2";"3";"13";"1";""
"202300002590";"155 675 993";"B01";"1";"7";"15";"2";"2";"1";"1";""
"202300002591";"155 675 989";"A01";"2";"7";"0";"1";"1";"1";"1";""
"202300002592";"155 675 988";"A01";"1";"2";"0";"2";"1";"0";"1";""
"202300002592";"155 675 991";"B01";"2";"7";"0";"2";"8";"1";"1";""
"202300002593";"155 675 987";"B01";"2";"7";"0";"2";"1";"1";"1";""
"202300002593";"155 675 990";"A01";"1";"7";"0";"2";"1";"13";"1";""
"202300002594";"155 675 985";"A01";"1";"3";"0";"0";"9";"15";"1";""
"202300002595";"155 675 984";"B01";"3";"7";"0";"2";"2";"1";"1";""
"202300002595";"155 675 986";"A01";"3";"7";"0";"2";"3";"9";"1";""
"202300002596";"155 675 983";"A01";"0";"33";"0";"0";"0";"0";"0";""
"202300002597";"155 675 981";"N01";"1";"33";"0";"1";"0";"1";"0";""
"202300002598";"155 675 982";"A01";"1";"7";"0";"1";"1";"1";"1";""
"202300002599";"155 675 980";"A01";"1";"34";"0";"1";"1";"1";"1";""
"202300002600";"155 675 979";"A01";"2";"50";"1";"0";"1";"1";"3";""
"202300002601";"155 675 977";"B01";"1";"1";"0";"2";"1";"1";"5";""
"202300002601";"155 675 978";"A01";"2";"7";"0";"2";"5";"15";"1";""
"202300002602";"155 675 973";"B01";"3";"7";"1";"0";"1";"1";"2";""
"202300002602";"155 675 976";"A01";"3";"7";"0";"2";"2";"9";"0";""
"202300002603";"155 675 974";"B01";"0";"7";"0";"2";"3";"0";"1";""
"202300002603";"155 675 975";"A01";"1";"7";"1";"2";"1";"9";"1";""
"202300002604";"155 675 972";"A01";"1";"10";"0";"1";"7";"16";"1";""
"202300002605";"155 675 970";"A01";"1";"7";"0";"1";"2";"1";"1";""
"202300002606";"155 675 968";"A01";"1";"32";"0";"2";"3";"10";"1";""
"202300002606";"155 675 971";"B01";"1";"7";"0";"2";"2";"1";"1";""
"202300002607";"155 675 967";"B01";"2";"7";"0";"9";"6";"1";"1";""
"202300002607";"155 675 969";"A01";"2";"7";"3";"2";"1";"17";"1";""
"202300002608";"155 675 964";"A01";"1";"7";"6";"0";"1";"1";"1";""
"202300002609";"155 675 963";"A01";"3";"7";"0";"2";"5";"16";"1";""
"202300002609";"155 675 966";"B01";"3";"1";"0";"2";"0";"0";"5";""
"202300002610";"155 675 962";"B01";"3";"7";"0";"2";"4";"2";"1";""
"202300002610";"155 675 965";"A01";"3";"10";"0";"2";"2";"2";"1";""
"202300002611";"155 675 959";"Z01";"1";"30";"0";"1";"1";"0";"1";""
"202300002612";"155 675 958";"A01";"3";"7";"0";"1";"1";"15";"1";""
"202300002613";"155 675 955";"A01";"0";"7";"0";"0";"1";"2";"0";""
"202300002613";"155 675 956";"B01";"3";"33";"0";"0";"4";"2";"1";""
"202300002614";"155 675 954";"A01";"3";"33";"0";"0";"8";"1";"1";""
"202300002615";"155 675 953";"A01";"2";"30";"0";"0";"0";"9";"1";""
"202300002616";"155 675 952";"A01";"1";"10";"3";"9";"2";"2";"2";""
"202300002617";"155 675 950";"B01";"1";"7";"0";"2";"4";"0";"0";""
"202300002617";"155 675 951";"A01";"1";"10";"0";"2";"1";"1";"1";""
"202300002618";"155 675 948";"A01";"2";"33";"0";"0";"7";"21";"1";""
"202300002619";"155 675 947";"A01";"1";"7";"0";"2";"6";"1";"1";""
"202300002619";"155 675 949";"B01";"1";"2";"0";"2";"1";"1";"1";""
"202300002620";"155 675 943";"A01";"2";"7";"0";"2";"2";"12";"1";""
"202300002620";"155 675 945";"B01";"2";"7";"0";"2";"6";"2";"2";""
"202300002621";"155 675 942";"A01";"3";"7";"0";"2";"3";"15";"1";""
"202300002621";"155 675 946";"B01";"3";"34";"0";"2";"7";"15";"0";""
"202300002622";"155 675 941";"A01";"2";"7";"0";"2";"3";"1";"1";""
"202300002622";"155 675 944";"B01";"1";"7";"0";"2";"6";"1";"1";""
"202300002623";"155 675 939";"A01";"2";"32";"12";"0";"1";"13";"1";""
"202300002624";"155 675 938";"B01";"1";"7";"0";"2";"3";"1";"1";""
"202300002624";"155 675 940";"A01";"2";"7";"0";"2";"3";"1";"1";""
"202300002625";"155 675 936";"B01";"3";"7";"0";"2";"4";"23";"1";""
"202300002625";"155 675 937";"A01";"3";"7";"0";"2";"1";"2";"1";""
"202300002626";"155 675 934";"A01";"2";"10";"0";"2";"6";"24";"1";""
"202300002626";"155 675 935";"B01";"2";"43";"0";"2";"3";"17";"1";""
"202300002627";"155 675 931";"A01";"1";"7";"4";"2";"2";"17";"1";""
"202300002627";"155 675 933";"B01";"1";"17";"0";"0";"6";"1";"6";""
"202300002628";"155 675 930";"A01";"0";"10";"0";"1";"4";"4";"1";""
"202300002629";"155 675 929";"B01";"2";"33";"0";"2";"3";"1";"1";""
"202300002629";"155 675 932";"A01";"1";"7";"0";"2";"1";"15";"1";""
"202300002630";"155 675 928";"A01";"2";"7";"0";"1";"1";"1";"2";""
"202300002631";"155 675 927";"A01";"1";"50";"0";"1";"1";"0";"3";""
"202300002632";"155 675 926";"A01";"1";"7";"0";"1";"1";"1";"1";""
"202300002633";"155 675 924";"A01";"1";"14";"0";"1";"3";"1";"1";""
"202300002634";"155 675 922";"A01";"3";"3";"5";"0";"0";"1";"1";""
"202300002635";"155 675 921";"A01";"2";"7";"0";"2";"6";"15";"0";""
"202300002635";"155 675 925";"B01";"2";"33";"0";"2";"1";"1";"1";""
"202300002636";"155 675 920";"A01";"2";"80";"0";"2";"8";"15";"3";""
"202300002636";"155 675 923";"Z01";"2";"2";"0";"2";"0";"17";"1";""
"202300002637";"155 675 918";"A01";"1";"7";"1";"0";"2";"14";"1";""
"202300002638";"155 675 919";"A01";"2";"7";"0";"1";"1";"1";"1";""
"202300002639";"155 675 917";"A01";"2";"7";"0";"1";"2";"1";"0";""
"202300002640";"155 675 915";"A01";"1";"7";"2";"0";"1";"14";"1";""
"202300002641";"155 675 914";"A01";"3";"7";"0";"2";"1";"9";"1";""
"202300002641";"155 675 916";"B01";"3";"31";"0";"2";"8";"1";"3";""
"202300002642";"155 675 912";"A01";"2";"7";"0";"2";"1";"1";"1";""
"202300002642";"155 675 913";"B01";"1";"7";"0";"2";"1";"17";"1";""
"202300002643";"155 675 909";"A01";"2";"31";"0";"2";"3";"1";"1";""
"202300002643";"155 675 911";"Z01";"1";"7";"0";"2";"0";"15";"0";""
"202300002644";"155 675 907";"A01";"3";"7";"0";"2";"5";"19";"1";""
"202300002644";"155 675 910";"B01";"3";"33";"0";"2";"1";"1";"1";""
"202300002645";"155 675 906";"A01";"2";"7";"3";"0";"4";"2";"1";""
"202300002645";"155 675 908";"B01";"2";"7";"3";"2";"1";"2";"1";""
"202300002646";"155 675 904";"A01";"1";"7";"0";"1";"2";"1";"1";""
"202300002647";"155 675 903";"A01";"3";"7";"0";"1";"3";"26";"1";""
"202300002648";"155 675 901";"A01";"2";"10";"0";"1";"1";"1";"1";""
"202300002649";"155 675 900";"A01";"2";"1";"0";"2";"7";"25";"5";""
"202300002649";"155 675 902";"B01";"3";"7";"0";"9";"2";"26";"1";""
"202300002650";"155 675 899";"A01";"1";"7";"2";"0";"2";"1";"2";""
"202300002651";"155 675 896";"A01";"2";"7";"0";"2";"8";"10";"1";""
"202300002651";"155 675 898";"B01";"2";"33";"0";"2";"1";"1";"1";""
"202300002652";"155 675 895";"B01";"1";"7";"0";"2";"3";"2";"1";""
"202300002652";"155 675 897";"A01";"1";"30";"1";"2";"2";"21";"1";""
"202300002653";"155 675 892";"A01";"1";"10";"0";"2";"7";"15";"1";""
"202300002653";"155 675 893";"B01";"2";"50";"0";"2";"1";"1";"3";""
"202300002654";"155 675 891";"A01";"2";"2";"0";"2";"1";"1";"1";""
"202300002654";"155 675 894";"B01";"3";"7";"0";"2";"2";"19";"1";""
"202300002655";"155 675 889";"B01";"2";"80";"1";"0";"1";"1";"3";""
"202300002655";"155 675 890";"A01";"2";"10";"0";"2";"8";"22";"1";""
"202300002656";"155 675 887";"A01";"1";"7";"2";"0";"1";"1";"0";""
"202300002657";"155 675 886";"B01";"2";"50";"0";"2";"3";"1";"3";""
"202300002657";"155 675 888";"A01";"2";"7";"0";"2";"2";"16";"1";""
"202300002658";"155 675 885";"A01";"1";"1";"8";"0";"2";"14";"5";""
"202300002659";"155 675 882";"A01";"2";"7";"0";"2";"3";"23";"1";""
"202300002659";"155 675 884";"B01";"1";"1";"1";"0";"1";"0";"5";""
"202300002660";"155 675 881";"A01";"1";"7";"0";"1";"8";"15";"2";""
"202300002661";"155 675 879";"B01";"1";"1";"0";"2";"6";"13";"5";""
"202300002661";"155 675 880";"A01";"1";"33";"0";"2";"1";"2";"1";""
"202300002662";"155 675 876";"B01";"2";"7";"0";"2";"3";"15";"1";""
"202300002662";"155 675 878";"A01";"2";"2";"0";"2";"1";"13";"1";""
"202300002663";"155 675 875";"A01";"1";"34";"0";"2";"4";"1";"1";""
"202300002663";"155 675 877";"Z01";"1";"7";"0";"2";"0";"1";"0";""
"202300002664";"155 675 874";"A01";"1";"33";"3";"0";"3";"13";"1";""
"202300002665";"155 675 872";"A01";"2";"33";"3";"0";"0";"1";"1";""
"202300002666";"155 675 870";"A01";"1";"7";"12";"0";"2";"14";"1";""
"202300002667";"155 675 871";"B01";"1";"7";"0";"2";"2";"1";"2";""
"202300002667";"155 675 873";"A01";"1";"1";"0";"2";"4";"9";"5";""
"202300002668";"155 675 864";"B01";"3";"1";"0";"2";"1";"1";"5";""
"202300002668";"155 675 866";"A01";"3";"80";"0";"2";"3";"9";"3";""
"202300002669";"155 675 867";"A01";"3";"3";"6";"0";"1";"16";"1";""
"202300002670";"155 675 863";"A01";"1";"7";"0";"2";"6";"9";"1";""
"202300002670";"155 675 865";"B01";"1";"15";"0";"2";"2";"1";"1";""
"202300002670";"155 675 868";"C01";"1";"10";"3";"2";"2";"1";"1";""
"202300002670";"155 675 869";"D01";"1";"7";"0";"2";"1";"1";"1";""
"202300002671";"155 675 860";"B01";"3";"1";"0";"2";"3";"2";"5";""
"202300002671";"155 675 862";"A01";"3";"30";"0";"2";"2";"2";"3";""
"202300002672";"155 675 859";"B01";"2";"7";"0";"2";"3";"1";"1";""
"202300002672";"155 675 861";"A01";"1";"10";"0";"2";"3";"13";"3";""
"202300002673";"155 675 855";"B01";"1";"34";"0";"2";"1";"1";"1";""
"202300002673";"155 675 857";"A01";"1";"7";"0";"2";"7";"9";"1";""
"202300002674";"155 675 853";"A01";"2";"7";"3";"0";"4";"2";"2";""
"202300002674";"155 675 856";"B01";"2";"7";"0";"0";"1";"2";"1";""
"202300002674";"155 675 858";"C01";"2";"7";"0";"0";"0";"2";"1";""
"202300002675";"155 675 850";"A01";"1";"34";"12";"0";"0";"6";"1";""
"202300002676";"155 675 851";"B01";"0";"7";"0";"2";"1";"1";"1";""