"Num_Acc";"id_vehicule";"num_veh";"senc";"catv";"obs";"obsm";"choc";"manv";"motor";"occutc"
"202300002873";"155 675 503";"Z01";"1";"7";"1";"0";"0";"1";"0";""
"202300002874";"155 675 497";"A01";"1";"7";"13";"0";"3";"13";"1";""
"202300002875";"155 675 493";"A01";"1";"7";"0";"2";"4";"1";"1";""
"202300002875";"155 675 496";"B01";"1";"33";"0";"2";"1";"2";"1";""
"202300002876";"155 675 492";"C01";"2";"1";"0";"2";"1";"1";"5";""
"202300002876";"155 675 494";"B01";"2";"1";"0";"2";"1";"1";"5";""
"202300002876";"155 675 498";"A01";"1";"7";"0";"2";"1";"5";"1";""
"202300002876";"155 675 499";"D01";"2";"1";"0";"2";"1";"1";"5";""
"202300002877";"155 675 489";"A01";"1";"7";"0";"2";"3";"1";"1";""
"202300002877";"155 675 491";"B01";"2";"15";"0";"2";"3";"1";"1";""
"202300002878";"155 675 490";"B01";"3";"2";"0";"2";"1";"19";"1";""
"202300002878";"155 675 495";"A01";"2";"99";"0";"2";"3";"1";"0";""
"202300002879";"155 675 487";"A01";"1";"16";"0";"2";"2";"12";"1";""
"202300002879";"155 675 488";"B01";"1";"7";"0";"2";"8";"1";"1";""
"202300002880";"155 675 486";"A01";"0";"7";"16";"0";"0";"1";"1";""
"202300002881";"155 675 485";"A01";"1";"7";"0";"6";"3";"0";"1";""
"202300002882";"155 675 484";"A01";"2";"7";"13";"0";"2";"21";"1";""
"202300002883";"155 675 482";"A01";"1";"7";"0";"2";"4";"1";"1";""
"202300002883";"155 675 483";"B01";"1";"7";"0";"2";"1";"1";"1";""
"202300002884";"155 675 480";"A01";"2";"7";"4";"0";"3";"1";"1";""
"202300002885";"155 675 479";"A01";"1";"2";"0";"0";"0";"0";"0";""
"202300002886";"155 675 476";"A01";"1";"7";"0";"2";"4";"1";"1";""
"202300002886";"155 675 478";"B01";"1";"7";"0";"2";"1";"1";"1";""
"202300002887";"155 675 477";"B01";"0";"14";"0";"2";"1";"2";"1";""
"202300002887";"155 675 481";"A01";"0";"7";"0";"2";"1";"13";"1";""
"202300002888";"155 675 475";"A01";"2";"7";"6";"0";"3";"1";"2";""
"202300002889";"155 675 473";"A01";"0";"2";"0";"0";"8";"1";"0";""
"202300002890";"155 675 472";"A01";"3";"10";"0";"2";"2";"1";"1";""
"202300002890";"155 675 474";"B01";"3";"7";"0";"2";"4";"1";"1";""
"202300002891";"155 675 465";"A01";"1";"7";"0";"2";"3";"1";"1";""
"202300002891";"155 675 468";"B01";"1";"15";"0";"2";"3";"1";"1";""
"202300002891";"155 675 470";"C01";"2";"7";"0";"2";"3";"13";"1";""
"202300002892";"155 675 463";"A01";"2";"7";"0";"2";"3";"15";"1";""
"202300002892";"155 675 466";"B01";"1";"1";"0";"2";"8";"1";"5";""
"202300002893";"155 675 464";"A01";"2";"2";"0";"2";"3";"15";"1";""
"202300002893";"155 675 467";"B01";"2";"7";"0";"2";"2";"17";"1";""
"202300002894";"155 675 462";"A01";"2";"10";"3";"0";"1";"1";"1";""
"202300002895";"155 675 461";"A01";"1";"7";"0";"1";"1";"1";"1";""
"202300002896";"155 675 460";"A01";"1";"10";"2";"0";"2";"14";"1";""
"202300002897";"155 675 456";"A01";"1";"33";"0";"2";"1";"0";"0";""
"202300002897";"155 675 458";"B01";"1";"36";"0";"2";"3";"0";"0";""
"202300002898";"155 675 452";"B01";"1";"33";"0";"2";"7";"3";"1";""
"202300002898";"155 675 455";"A01";"1";"7";"0";"2";"6";"11";"1";""
"202300002899";"155 675 453";"C01";"2";"14";"0";"2";"2";"1";"1";""
"202300002899";"155 675 457";"B01";"2";"7";"3";"2";"4";"1";"1";""
"202300002899";"155 675 459";"A01";"2";"7";"3";"2";"1";"1";"1";""
"202300002900";"155 675 451";"A01";"2";"7";"0";"2";"1";"15";"1";""
"202300002900";"155 675 454";"B01";"1";"33";"0";"2";"3";"1";"1";""
"202300002901";"155 675 450";"A01";"2";"2";"8";"0";"1";"1";"1";""
"202300002902";"155 675 447";"B01";"2";"15";"0";"2";"7";"1";"1";""
"202300002902";"155 675 449";"A01";"2";"7";"0";"2";"8";"13";"1";""
"202300002903";"155 675 448";"A01";"2";"7";"0";"0";"0";"2";"1";""
"202300002904";"155 675 444";"A01";"3";"7";"0";"2";"3";"9";"1";""
"202300002904";"155 675 446";"B01";"2";"33";"0";"2";"1";"1";"1";""
"202300002905";"155 675 443";"A01";"1";"7";"4";"0";"3";"13";"1";""
"202300002906";"155 675 440";"A01";"2";"31";"16";"0";"2";"1";"1";""
"202300002907";"155 675 441";"A01";"1";"33";"0";"2";"1";"0";"1";""
"202300002907";"155 675 442";"B01";"1";"7";"0";"0";"4";"0";"1";""
"202300002908";"155 675 438";"A01";"0";"7";"0";"2";"3";"15";"1";""
"202300002908";"155 675 445";"B01";"0";"34";"0";"2";"5";"17";"1";""
"202300002909";"155 675 437";"A01";"1";"7";"0";"2";"3";"11";"1";""
"202300002909";"155 675 439";"B01";"1";"10";"0";"2";"2";"1";"1";""
"202300002910";"155 675 435";"A01";"0";"31";"0";"0";"1";"0";"0";""
"202300002911";"155 675 434";"A01";"1";"7";"2";"0";"7";"1";"1";""
"202300002911";"155 675 436";"B01";"2";"7";"0";"2";"1";"23";"1";""
"202300002912";"155 675 432";"A01";"1";"40";"0";"1";"1";"1";"3";""
"202300002913";"155 675 431";"A01";"2";"33";"0";"2";"1";"1";"1";""
"202300002913";"155 675 433";"B01";"0";"7";"0";"2";"7";"19";"1";""
"202300002914";"155 675 429";"A01";"3";"1";"0";"0";"0";"26";"5";""
"202300002915";"155 675 428";"A01";"0";"7";"0";"2";"2";"19";"3";""
"202300002915";"155 675 430";"B01";"2";"2";"0";"2";"1";"19";"1";""
"202300002916";"155 675 423";"A01";"1";"7";"0";"2";"8";"26";"1";""
"202300002916";"155 675 425";"B01";"1";"1";"0";"2";"7";"1";"5";""
"202300002917";"155 675 424";"A01";"1";"2";"0";"0";"7";"19";"1";""
"202300002917";"155 675 426";"B01";"1";"7";"0";"2";"1";"1";"1";""
"202300002918";"155 675 422";"B01";"2";"7";"0";"0";"6";"1";"1";""
"202300002918";"155 675 427";"A01";"2";"7";"0";"1";"1";"1";"1";""
"202300002919";"155 675 419";"A01";"1";"7";"0";"2";"8";"13";"1";""
"202300002919";"155 675 420";"B01";"2";"15";"0";"2";"8";"1";"1";""
"202300002920";"155 675 417";"A01";"2";"7";"0";"0";"9";"1";"1";""
"202300002921";"155 675 418";"A01";"2";"7";"0";"2";"2";"13";"1";""
"202300002921";"155 675 421";"B01";"1";"7";"6";"2";"3";"1";"1";""
"202300002922";"155 675 415";"A01";"1";"7";"2";"0";"0";"0";"1";""
"202300002923";"155 675 414";"A01";"1";"7";"16";"2";"1";"13";"1";""
"202300002923";"155 675 416";"B01";"2";"7";"0";"2";"3";"1";"2";""
"202300002924";"155 675 411";"A01";"2";"33";"0";"2";"1";"1";"1";""
"202300002924";"155 675 413";"B01";"1";"7";"0";"2";"8";"15";"1";""
"202300002925";"155 675 408";"B01";"1";"15";"0";"2";"1";"1";"1";""
"202300002925";"155 675 412";"A01";"2";"10";"0";"0";"8";"19";"1";""
"202300002926";"155 675 409";"A01";"2";"33";"0";"0";"7";"23";"1";""
"202300002927";"155 675 407";"A01";"3";"7";"0";"9";"2";"15";"1";""
"202300002927";"155 675 410";"B01";"3";"30";"0";"2";"8";"0";"1";""
"202300002928";"155 675 405";"A01";"2";"10";"0";"2";"8";"0";"1";""
"202300002928";"155 675 406";"B01";"1";"33";"0";"2";"1";"0";"1";""
"202300002929";"155 675 400";"A01";"2";"7";"0";"0";"1";"13";"1";""
"202300002929";"155 675 404";"B01";"1";"7";"2";"0";"1";"1";"0";""
"202300002930";"155 675 401";"A01";"2";"7";"0";"2";"1";"2";"1";""
"202300002930";"155 675 403";"B01";"2";"21";"0";"0";"4";"15";"1";""
"202300002931";"155 675 399";"B01";"2";"7";"0";"2";"3";"2";"2";""
"202300002931";"155 675 402";"A01";"1";"7";"0";"2";"3";"5";"1";""
"202300002932";"155 675 397";"A01";"1";"7";"0";"2";"1";"13";"1";""
"202300002932";"155 675 398";"B01";"2";"7";"0";"2";"1";"1";"1";""
"202300002933";"155 675 395";"A01";"1";"7";"0";"0";"1";"13";"1";""
"202300002934";"155 675 396";"A01";"1";"7";"2";"0";"3";"1";"1";""
"202300002935";"155 675 393";"A01";"1";"7";"0";"2";"8";"2";"1";""
"202300002935";"155 675 394";"B01";"1";"14";"0";"2";"2";"14";"1";""
"202300002936";"155 675 392";"A01";"2";"7";"0";"1";"2";"1";"1";""
"202300002937";"155 675 391";"A01";"2";"7";"0";"1";"2";"1";"1";""
"202300002938";"155 675 390";"A01";"1";"7";"8";"0";"1";"0";"1";""
"202300002939";"155 675 386";"A01";"1";"7";"0";"2";"1";"13";"0";""
"202300002939";"155 675 389";"B01";"2";"7";"0";"2";"1";"1";"0";""
"202300002940";"155 675 387";"A01";"2";"7";"0";"1";"0";"1";"0";""
"202300002941";"155 675 383";"A01";"1";"7";"0";"2";"3";"13";"1";""
"202300002941";"155 675 385";"C01";"1";"7";"0";"2";"2";"1";"1";""
"202300002941";"155 675 388";"B01";"1";"7";"0";"2";"3";"1";"1";""
"202300002942";"155 675 381";"A01";"1";"7";"6";"0";"3";"1";"1";""
"202300002943";"155 675 382";"A01";"1";"7";"15";"0";"1";"0";"1";""
"202300002944";"155 675 379";"B01";"1";"7";"0";"2";"3";"1";"6";""
"202300002944";"155 675 380";"A01";"1";"16";"0";"2";"3";"15";"6";""
"202300002945";"155 675 378";"A01";"2";"7";"13";"2";"5";"9";"6";""
"202300002945";"155 675 384";"B01";"2";"7";"13";"2";"1";"1";"6";""
"202300002946";"155 675 376";"A01";"2";"2";"4";"0";"3";"13";"1";""
"202300002947";"155 675 375";"A01";"1";"34";"0";"2";"1";"17";"1";""
"202300002947";"155 675 377";"B01";"2";"7";"0";"2";"1";"9";"1";""
"202300002948";"155 675 373";"A01";"1";"33";"0";"2";"8";"1";"1";""
"202300002948";"155 675 374";"B01";"1";"7";"0";"2";"8";"10";"1";""
"202300002949";"155 675 370";"A01";"1";"1";"0";"2";"1";"2";"5";""
"202300002949";"155 675 372";"B01";"1";"1";"0";"2";"4";"2";"5";""
"202300002950";"155 675 367";"A01";"1";"7";"0";"2";"4";"11";"1";""
"202300002950";"155 675 369";"B01";"1";"7";"0";"2";"1";"1";"1";""
"202300002950";"155 675 371";"C01";"1";"7";"0";"2";"1";"2";"1";""
"202300002951";"155 675 366";"A01";"2";"33";"0";"2";"2";"2";"1";""
"202300002951";"155 675 368";"B01";"2";"7";"0";"2";"3";"2";"1";""
"202300002952";"155 675 364";"A01";"3";"10";"13";"0";"1";"1";"1";""
"202300002953";"155 675 362";"A01";"3";"7";"0";"2";"1";"1";"1";""
"202300002953";"155 675 365";"B01";"0";"7";"8";"0";"3";"20";"1";""
"202300002954";"155 675 360";"B01";"2";"7";"0";"2";"8";"1";"1";""
"202300002954";"155 675 363";"A01";"2";"7";"0";"2";"1";"1";"1";""
"202300002955";"155 675 361";"A01";"1";"33";"3";"0";"7";"0";"1";""
"202300002956";"155 675 357";"A01";"2";"7";"0";"1";"1";"1";"1";""
"202300002957";"155 675 358";"A01";"2";"7";"0";"1";"2";"1";"1";""
"202300002958";"155 675 355";"A01";"0";"7";"0";"0";"5";"19";"1";""
"202300002958";"155 675 359";"B01";"0";"7";"0";"2";"1";"1";"1";""
"202300002959";"155 675 351";"A01";"1";"7";"0";"0";"6";"1";"1";""
"202300002959";"155 675 354";"B01";"1";"34";"0";"2";"1";"1";"1";""
"202300002959";"155 675 356";"C01";"2";"7";"14";"0";"1";"1";"1";""
"202300002960";"155 675 352";"B01";"1";"1";"0";"2";"1";"1";"5";""
"202300002960";"155 675 353";"A01";"1";"7";"0";"2";"8";"15";"1";""
"202300002961";"155 675 349";"B01";"1";"7";"0";"0";"3";"1";"1";""
"202300002961";"155 675 350";"A01";"2";"10";"0";"2";"1";"1";"1";""
"202300002962";"155 675 348";"A01";"3";"7";"12";"1";"3";"1";"1";""
"202300002963";"155 675 345";"A01";"0";"7";"13";"0";"2";"0";"3";""
"202300002964";"155 675 344";"B01";"1";"7";"0";"2";"4";"1";"1";""
"202300002964";"155 675 347";"A01";"2";"7";"0";"2";"1";"2";"1";""
"202300002965";"155 675 339";"C01";"2";"7";"0";"2";"4";"1";"1";""
"202300002965";"155 675 342";"A01";"2";"7";"0";"2";"1";"2";"1";""
"202300002965";"155 675 346";"B01";"2";"7";"0";"2";"4";"1";"1";""
"202300002966";"155 675 337";"A01";"2";"7";"0";"2";"0";"0";" -1";""
"202300002966";"155 675 341";"B01";"2";"60";"0";"2";"0";"1";"5";""
"202300002967";"155 675 338";"A01";"1";"7";"0";"2";"1";"0";"0";""
"202300002967";"155 675 343";"B01";"2";"10";"0";"2";"1";"1";"0";""
"202300002968";"155 675 340";"A01";"3";"7";"0";"0";"9";"1";"1";""
"202300002969";"155 675 335";"A01";"3";"7";"2";"0";"2";"1";"1";""
"202300002970";"155 675 332";"A01";"2";"1";"0";"2";"1";"15";"5";""
"202300002970";"155 675 336";"B01";"1";"7";"0";"2";"2";"1";"1";""
"202300002971";"155 675 331";"A01";"1";"7";"0";"2";"2";"1";"1";""
"202300002971";"155 675 334";"B01";"2";"7";"0";"2";"3";"1";"1";""
"202300002972";"155 675 330";"B01";"2";"7";"0";"2";"1";"1";"1";""
"202300002972";"155 675 333";"A01";"1";"10";"0";"2";"7";"19";"1";""
"202300002973";"155 675 326";"A01";"2";"7";"0";"2";"3";"15";"1";""
"202300002973";"155 675 328";"B01";"2";"34";"0";"2";"1";"1";"1";""
"202300002974";"155 675 325";"A01";"1";"7";"0";"2";"1";"13";"1";""
"202300002974";"155 675 327";"B01";"2";"15";"0";"2";"3";"1";"1";""
"202300002975";"155 675 324";"A01";"1";"2";"0";"2";"1";"19";"1";""
"202300002975";"155 675 329";"B01";"2";"0";"0";"0";"5";"1";"0";""
"202300002976";"155 675 323";"A01";"2";"7";"9";"0";"1";"1";"1";""
"202300002977";"155 675 322";"A01";"1";"7";"6";"0";"2";"1";"1";""
"202300002978";"155 675 320";"B01";"2";"60";"0";"2";"0";"0";"5";""
"202300002978";"155 675 321";"A01";"2";"7";"0";"2";"0";"1";"1";""
"202300002979";"155 675 317";"A01";"2";"33";"0";"0";"7";"17";"1";""
"202300002980";"155 675 313";"C01";"1";"2";"1";"2";"1";"1";"1";""
"202300002980";"155 675 316";"A01";"1";"7";"0";"2";"0";"0";"1";""
"202300002981";"155 675 314";"A01";"2";"7";"0";"2";"1";"13";"1";""
"202300002981";"155 675 319";"B01";"1";"7";"0";"2";"1";"1";"1";""
"202300002982";"155 675 312";"A01";"2";"7";"0";"2";"3";"26";"1";""
"202300002982";"155 675 315";"B01";"1";"15";"0";"2";"1";"1";"1";""
"202300002982";"155 675 318";"C01";"1";"10";"0";"9";"7";"1";"1";""
"202300002983";"155 675 310";"A01";"2";"1";"14";"0";"0";"1";"5";""
"202300002984";"155 675 311";"A01";"3";"7";"8";"0";"1";"1";"1";""
"202300002985";"155 675 309";"A01";"2";"7";"13";"0";"2";"2";"1";""
"202300002986";"155 675 306";"B01";"1";"7";"0";"2";"4";"23";"1";""
"202300002986";"155 675 307";"A01";"1";"7";"0";"2";"1";"2";"1";""
"202300002987";"155 675 303";"A01";"3";"33";"0";"0";"0";"1";"1";""
"202300002988";"155 675 304";"A01";"1";"7";"0";"2";"3";"15";"1";""
"202300002988";"155 675 308";"B01";"1";"7";"0";"2";"7";"17";"1";""
"202300002989";"155 675 305";"A01";"0";"33";"12";"0";"2";"1";"1";""
"202300002990";"155 675 301";"B01";"1";"60";"0";"2";"0";"0";"5";""
"202300002990";"155 675 302";"A01";"1";"7";"0";"2";"0";"1";"1";""
"202300002991";"155 675 300";"A01";"2";"33";"0";"0";"8";"1";"1";""
"202300002992";"155 675 297";"A01";"1";"1";"0";"0";"0";"0";"5";""
"202300002993";"155 675 296";"B01";"0";"7";"0";"1";"1";"1";"0";""
"202300002993";"155 675 299";"A01";"3";"7";"0";"1";"2";"11";"0";""
"202300002994";"155 675 294";"A01";"0";"7";"2";"0";"3";"0";"1";""
"202300002995";"155 675 293";"B01";"0";"7";"0";"2";"3";"1";"1";""
"202300002995";"155 675 295";"C01";"0";"7";"0";"2";"3";"1";"1";""
"202300002995";"155 675 298";"A01";"0";"7";"0";"2";"6";"1";"1";""
"202300002996";"155 675 292";"A01";"1";"7";"8";"0";"2";"14";"1";""
"202300002997";"155 675 291";"A01";"0";"7";"1";"0";"2";"1";"1";""
"202300002998";"155 675 286";"A01";"1";"7";"0";"2";"0";"0";"1";""
"202300002998";"155 675 289";"B01";"1";"60";"0";"2";"0";"0";"5";""
"202300002999";"155 675 288";"B01";"1";"7";"0";"2";"1";"1";"0";""
"202300002999";"155 675 290";"A01";"2";"7";"0";"2";"1";"13";"0";""
"202300003000";"155 675 285";"A01";"1";"33";"0";"0";"0";"14";"1";""
"202300003001";"155 675 284";"A01";"1";"2";"0";"2";"2";"15";"1";""
"202300003001";"155 675 287";"B01";"1";"7";"0";"2";"3";"17";"1";""
"202300003002";"155 675 282";"B01";"1";"1";"0";"2";"7";"19";"5";""
"202300003002";"155 675 283";"A01";"2";"7";"0";"9";"3";"21";"1";""
"202300003003";"155 675 280";"A01";"3";"2";"0";"1";"2";"0";"1";""
"202300003004";"155 675 279";"B01";"1";"7";"0";"2";"3";"1";"1";""
"202300003004";"155 675 281";"A01";"2";"7";"0";"2";"3";"1";"1";""
"202300003005";"155 675 276";"A01";"1";"10";"0";"2";"1";"1";"1";""
"202300003005";"155 675 278";"B01";"1";"7";"0";"2";"4";"2";"1";""
"202300003006";"155 675 277";"A01";"1";"31";"9";"0";"7";"1";"1";""
"202300003007";"155 675 275";"A01";"2";"33";"7";"0";"1";"1";"1";""
"202300003008";"155 675 271";"B01";"1";"7";"0";"2";"1";"2";"1";""
"202300003008";"155 675 274";"A01";"1";"7";"15";"0";"7";"1";"1";""
"202300003009";"155 675 270";"A01";"1";"7";"0";"2";"0";"26";"1";""
"202300003009";"155 675 273";"B01";"1";"30";"0";"2";"0";"1";"1";""
"202300003010";"155 675 269";"A01";"0";"21";"0";"0";"3";"19";"1";""
"202300003010";"155 675 272";"B01";"0";"33";"13";"0";"2";"21";"1";""
"202300003011";"155 675 267";"A01";"1";"1";"0";"0";"0";"0";"5";""
"202300003012";"155 675 268";"A01";"3";"7";"2";"0";"7";"1";"2";""
"202300003013";"155 675 266";"A01";"1";"7";"2";"0";"2";"1";"1";""
"202300003014";"155 675 263";"B01";"2";"1";"0";"2";"0";"5";"5";""
"202300003014";"155 675 264";"A01";"1";"7";"0";"2";"0";"1";"1";""
"202300003015";"155 675 260";"B01";"0";"31";"0";"2";"1";"1";"1";""
"202300003015";"155 675 262";"A01";"0";"7";"0";"2";"3";"13";"1";""
"202300003015";"155 675 265";"C01";"0";"7";"0";"2";"1";"1";"1";""
"202300003016";"155 675 259";"A01";"1";"7";"0";"2";"3";"17";"1";""
"202300003016";"155 675 261";"B01";"2";"7";"0";"2";"3";"1";"1";""
"202300003017";"155 675 257";"A01";"1";"33";"0";"0";"0";"0";"1";""
"202300003018";"155 675 254";"B01";"3";"7";"0";"2";"1";"2";"0";""
"202300003018";"155 675 255";"A01";"3";"1";"0";"2";"4";"1";"5";""
"202300003019";"155 675 253";"A01";"1";"7";"0";"2";"1";"1";"1";""
"202300003019";"155 675 258";"B01";"1";"7";"0";"2";"8";"1";"1";""
"202300003020";"155 675 252";"A01";"0";"31";"0";"2";"1";"1";"1";""
"202300003020";"155 675 256";"B01";"0";"7";"0";"2";"3";"15";"1";""
"202300003021";"155 675 250";"B01";"1";"1";"0";"2";"8";"1";"5";""
"202300003021";"155 675 251";"A01";"1";"7";"0";"2";"7";"1";"1";""
"202300003022";"155 675 249";"A01";"3";"33";"0";"0";"8";"1";"1";""
"202300003023";"155 675 244";"A01";"1";"7";"13";"0";"7";"1";" -1";""
"202300003024";"155 675 246";"A01";"1";"7";"0";"2";"3";"26";"1";""
"202300003024";"155 675 248";"B01";"1";"7";"0";"2";"2";"1";"1";""
"202300003025";"155 675 243";"A01";"2";"7";"0";"2";"1";"1";"0";""
"202300003025";"155 675 247";"B01";"2";"50";"0";"2";"0";"0";"3";""
"202300003026";"155 675 242";"A01";"1";"7";"9";"2";"1";"1";"1";""
"202300003026";"155 675 245";"B01";"3";"2";"0";"2";"7";"19";"1";""
"202300003027";"155 675 238";"B01";"2";"33";"0";"2";"3";"1";"0";""
"202300003027";"155 675 241";"A01";"1";"7";"0";"2";"8";"17";"1";""
"202300003028";"155 675 236";"A01";"1";"7";"0";"2";"6";"26";"1";""
"202300003028";"155 675 239";"B01";"1";"7";"0";"2";"1";"0";"1";""
"202300003029";"155 675 240";"A01";"1";"7";"16";"0";"1";"1";"1";""
"202300003030";"155 675 234";"A01";"1";"7";"0";"2";"0";"0";"1";""
"202300003030";"155 675 235";"B01";"1";"80";"0";"2";"0";"0";"3";""
"202300003031";"155 675 237";"A01";"1";"7";"7";"0";"1";"1";"2";""
"202300003032";"155 675 233";"A01";"0";"7";"0";"1";"2";"1";"0";""
"202300003033";"155 675 230";"A01";"1";"33";"0";"2";"2";"3";"1";""
"202300003033";"155 675 232";"B01";"1";"7";"0";"2";"6";"1";"1";""
"202300003034";"155 675 231";"A01";"1";"33";"0";"0";"0";"1";"1";""
"202300003035";"155 675 228";"A01";"2";"15";"0";"2";"5";"1";"6";""
"202300003035";"155 675 229";"B01";"2";"15";"0";"2";"3";"2";"0";""
"202300003036";"155 675 226";"A01";"1";"7";"3";"0";"0";"0";"1";""
"202300003037";"155 675 227";"A01";"1";"7";"13";"0";"2";"1";"1";""
"202300003038";"155 675 224";"A01";"2";"33";"0";"1";"1";"1";"1";""
"202300003039";"155 675 222";"A01";"1";"33";"0";"2";"1";"17";"1";""
"202300003039";"155 675 225";"B01";"1";"7";"0";"2";"6";"15";"1";""
"202300003040";"155 675 220";"B01";"2";"60";"0";"2";"7";"25";"5";""
"202300003040";"155 675 223";"A01";"1";"10";"0";"2";"1";"16";"1";""
"202300003041";"155 675 221";"A01";"2";"32";"0";"0";"7";"1";"1";""
"202300003042";"155 675 215";"A01";"1";"7";"0";"2";"1";"2";"1";""
"202300003042";"155 675 217";"B01";"1";"7";"0";"2";"4";"23";"1";""
"202300003043";"155 675 214";"A01";"1";"7";"0";"5";"3";"1";"1";""
"202300003043";"155 675 218";"B01";"1";"7";"0";"5";"2";"1";"1";""
"202300003044";"155 675 216";"A01";"1";"7";"16";"0";"2";"0";"1";""
"202300003045";"155 675 212";"A01";"2";"33";"0";"2";"1";"2";"1";""
"202300003045";"155 675 213";"B01";"2";"7";"0";"2";"4";"23";"1";""
"202300003046";"155 675 211";"A01";"2";"7";"0";"2";"1";"17";"0";""
"202300003046";"155 675 219";"B01";"1";"15";"0";"2";"3";"21";"1";""
"202300003047";"155 675 210";"A01";"1";"7";"2";"0";"3";"1";"1";""
"202300003048";"155 675 207";"A01";"2";"7";"0";"2";"7";"21";"1";""
"202300003048";"155 675 209";"B01";"2";"1";"0";"2";"8";"21";"5";""
"202300003049";"155 675 206";"A01";"3";"2";"0";"0";"0";"1";"1";""
"202300003050";"155 675 204";"B01";"1";"7";"0";"2";"1";"1";"0";""
"202300003050";"155 675 205";"A01";"1";"7";"0";"0";"4";"1";"0";""
"202300003051";"155 675 203";"A01";"1";"60";"0";"0";"0";"0";"5";""
"202300003052";"155 675 201";"A01";"1";"7";"0";"1";"1";"1";"1";""
"202300003053";"155 675 199";"A01";"1";"1";"13";"0";"0";"1";"5";""
"202300003054";"155 675 198";"A01";"1";"1";"12";"0";"0";"0";"5";""
"202300003055";"155 675 200";"B01";"1";"1";"0";"0";"2";"2";"5";""
"202300003055";"155 675 202";"A01";"1";"7";"0";"2";"3";"2";"1";""
"202300003056";"155 675 196";"A01";"1";"1";"0";"0";"0";"0";"5";""
"202300003057";"155 675 192";"A01";"0";"7";"0";"9";"2";"2";"1";""
"202300003057";"155 675 195";"B01";"3";"1";"0";"0";"4";"15";"5";""
"202300003058";"155 675 193";"A01";"2";"7";"13";"2";"3";"13";"0";""
"202300003058";"155 675 197";"B01";"1";"10";"13";"2";"3";"1";"1";""
"202300003059";"155 675 191";"A01";"2";"2";"0";"2";"1";"5";"0";""
"202300003059";"155 675 194";"B01";"1";"7";"0";"2";"1";"1";"1";""
"202300003060";"155 675 190";"A01";"1";"7";"0";"2";"1";"1";"1";""
"202300003061";"155 675 186";"B01";"0";"41";"0";"0";"0";"0";"0";""
"202300003061";"155 675 189";"A01";"0";"10";"0";"2";"8";"1";"1";""
"202300003062";"155 675 183";"A01";"1";"7";"0";"2";"7";"2";" -1";""
"202300003062";"155 675 187";"B01";"1";"1";"0";"2";"8";"1";"5";""
"202300003063";"155 675 184";"A01";"1";"33";"0";"2";"1";"1";"1";""
"202300003063";"155 675 188";"B01";"1";"33";"6";"0";"4";"16";"1";""
"202300003064";"155 675 185";"A01";"3";"7";"0";"1";"3";"15";"1";""
"202300003065";"155 675 181";"A01";"1";"1";"0";"1";"1";"1";"5";""
"202300003066";"155 675 178";"B01";"1";"33";"0";"0";"7";"16";"1";""
"202300003066";"155 675 182";"A01";"1";"43";"0";"2";"3";"18";"1";""
"202300003067";"155 675 177";"A01";"2";"7";"0";"2";"1";"2";"1";""
"202300003067";"155 675 179";"B01";"2";"33";"6";"0";"4";"23";"1";""
"202300003068";"155 675 176";"A01";"3";"10";"0";"2";"3";"15";"1";""
"202300003068";"155 675 180";"B01";"0";"2";"0";"2";"7";"17";"1";""
"202300003069";"155 675 174";"A01";"1";"30";"0";"2";"1";"1";"1";""
"202300003069";"155 675 175";"B01";"1";"7";"0";"2";"4";"1";"1";""
"202300003070";"155 675 172";"A01";"1";"33";"12";"0";"1";"0";"1";""
"202300003071";"155 675 171";"A01";"1";"30";"0";"0";"0";"0";"1";""
"202300003072";"155 675 170";"A01";"2";"33";"0";"2";"1";"2";"1";""
"202300003072";"155 675 173";"B01";"2";"7";"0";"0";"5";"15";"1";""
"202300003073";"155 675 169";"A01";"2";"80";"0";"0";"8";"15";"3";""
"202300003074";"155 675 168";"A01";"1";"7";"0";"1";"1";"1";"1";""
"202300003075";"155 675 167";"A01";"1";"33";"7";"0";"3";"1";"1";""
"202300003076";"155 675 166";"A01";"1";"33";"5";"0";"7";"14";"1";""
"202300003077";"155 675 162";"A01";"1";"7";"0";"2";"0";"1";"1";""
"202300003077";"155 675 164";"B01";"1";"1";"0";"2";"0";"1";"5";""
"202300003078";"155 675 163";"A01";"1";"33";"0";"6";"1";"1";"1";""
"202300003079";"155 675 160";"A01";"2";"7";"13";"0";"0";"1";"1";""
"202300003080";"155 675 159";"A01";"1";"33";"0";"0";"0";"0";"1";""
"202300003081";"155 675 158";"A01";"1";"7";"11";"0";"1";"1";"1";""
"202300003082";"155 675 157";"A01";"2";"7";"0";"2";"1";"17";"0";""
"202300003082";"155 675 161";"B01";"1";"7";"0";"2";"2";"1";"1";""
"202300003082";"155 675 165";"C01";"2";"37";"0";"2";"3";"1";"1";"1"
"202300003083";"155 675 155";"A01";"1";"50";"0";"2";"0";"1";"3";""
"202300003083";"155 675 156";"B01";"1";"1";"0";"2";"0";"1";"5";""
"202300003084";"155 675 154";"A01";"1";"33";"6";"0";"1";"1";"1";""
"202300003085";"155 675 153";"A01";"1";"7";"4";"0";"6";"1";"1";""
"202300003086";"155 675 152";"A01";"1";"7";"2";"0";"0";"0";"1";""
"202300003087";"155 675 150";"A01";"0";"7";"0";"2";"1";"1";"1";""
"202300003087";"155 675 151";"B01";"3";"7";"0";"2";"3";"1";"1";""