"Num_Acc";"id_vehicule";"num_veh";"senc";"catv";"obs";"obsm";"choc";"manv";"motor";"occutc"
"202300003473";"155 674 432";"A01";"1";"33";"0";"2";"1";"2";"1";""
"202300003474";"155 674 430";"A01";"2";"7";"0";"1";"3";"15";"1";""
"202300003475";"155 674 428";"B01";"1";"33";"0";"2";"4";"1";"1";""
"202300003475";"155 674 429";"A01";"1";"7";"0";"2";"1";"2";"1";""
"202300003476";"155 674 427";"A01";"2";"2";"0";"0";"0";"1";"3";""
"202300003477";"155 674 426";"A01";"1";"0";"0";"0";"0";"26";"0";""
"202300003478";"155 674 424";"A01";"0";"10";"0";"1";"4";"4";"1";""
"202300003479";"155 674 423";"A01";"3";"7";"0";"2";"4";"20";"1";""
"202300003479";"155 674 425";"B01";"2";"1";"0";"2";"1";"1";"5";""
"202300003480";"155 674 422";"A01";"3";"99";"0";"0";"0";"0";"0";""
"202300003481";"155 674 420";"A01";"1";"7";"0";"2";"1";"2";"1";""
"202300003481";"155 674 421";"B01";"1";"7";"0";"2";"4";"23";"1";""
"202300003482";"155 674 419";"A01";"1";"1";"6";"0";"1";"2";"5";""
"202300003483";"155 674 417";"A01";"1";"7";"0";"5";"9";"2";"0";""
"202300003484";"155 674 416";"B01";"2";"2";"0";"2";"1";"2";"3";""
"202300003484";"155 674 418";"A01";"1";"7";"0";"2";"2";"2";"0";""
"202300003485";"155 674 414";"A01";"2";"7";"0";"1";"2";"1";"1";""
"202300003486";"155 674 409";"A01";"2";"7";"0";"2";"2";"15";"1";""
"202300003486";"155 674 410";"B01";"1";"31";"0";"2";"1";"1";"1";""
"202300003487";"155 674 411";"A01";"3";"7";"0";"2";"1";"2";"1";""
"202300003487";"155 674 412";"B01";"3";"7";"0";"2";"4";"2";"1";""
"202300003488";"155 674 405";"A01";"0";"7";"0";"2";"1";"2";"1";""
"202300003488";"155 674 406";"B01";"0";"7";"0";"2";"4";"2";"1";""
"202300003488";"155 674 408";"C01";"0";"7";"0";"2";"4";"2";"1";""
"202300003489";"155 674 404";"A01";"1";"2";"0";"2";"1";"17";"3";""
"202300003489";"155 674 407";"B01";"1";"7";"0";"2";"8";"15";"2";""
"202300003490";"155 674 401";"A01";"0";"10";"0";"2";"3";"1";"1";""
"202300003490";"155 674 403";"B01";"0";"31";"0";"2";"1";"1";"1";""
"202300003491";"155 674 399";"A01";"0";"10";"0";"1";"1";"0";"1";""
"202300003492";"155 674 400";"B01";"3";"7";"0";"2";"2";"0";"1";""
"202300003492";"155 674 402";"A01";"2";"1";"0";"2";"7";"19";"5";""
"202300003493";"155 674 397";"B01";"1";"2";"0";"2";"1";"17";"1";""
"202300003493";"155 674 398";"A01";"1";"7";"0";"2";"6";"15";"1";""
"202300003494";"155 674 394";"B01";"1";"7";"0";"2";"4";"1";"1";""
"202300003494";"155 674 395";"A01";"1";"31";"0";"2";"1";"1";"1";""
"202300003495";"155 674 393";"A01";"1";"7";"0";"2";"1";"1";"1";""
"202300003495";"155 674 396";"B01";"1";"7";"0";"2";"4";"1";"1";""
"202300003496";"155 674 391";"A01";"1";"2";"14";"0";"1";"1";"1";""
"202300003496";"155 674 392";"B01";"1";"7";"0";"2";"0";"23";"1";""
"202300003497";"155 674 390";"A01";"1";"33";"0";"1";"1";"1";"1";""
"202300003498";"155 674 388";"A01";"2";"7";"0";"2";"3";"9";"1";""
"202300003498";"155 674 389";"B01";"1";"7";"0";"2";"1";"1";"1";""
"202300003499";"155 674 385";"A01";"1";"33";"0";"2";"1";"1";"1";""
"202300003499";"155 674 387";"B01";"1";"32";"0";"2";"4";"1";"1";""
"202300003500";"155 674 383";"A01";"0";"33";"0";"2";"3";"21";"0";""
"202300003500";"155 674 384";"B01";"0";"7";"0";"2";"3";"13";"0";""
"202300003501";"155 674 381";"A01";"2";"7";"0";"2";"1";"26";"1";""
"202300003501";"155 674 382";"B01";"1";"7";"0";"2";"1";"1";"1";""
"202300003502";"155 674 380";"A01";"3";"7";"0";"1";"1";"2";"1";""
"202300003503";"155 674 378";"A01";"3";"7";"12";"0";"2";"1";"1";""
"202300003504";"155 674 376";"A01";"3";"33";"0";"9";"1";"0";"1";""
"202300003505";"155 674 374";"B01";"1";"7";"0";"2";"6";"9";"1";""
"202300003505";"155 674 375";"A01";"1";"33";"0";"2";"1";"1";"1";""
"202300003506";"155 674 377";"B01";"0";"7";"0";"2";"3";"15";"1";""
"202300003506";"155 674 379";"A01";"0";"3";"0";"2";"1";"26";"1";""
"202300003507";"155 674 371";"A01";"3";"7";"0";"2";"1";"13";"1";""
"202300003507";"155 674 373";"B01";"3";"7";"0";"2";"1";"1";"1";""
"202300003508";"155 674 370";"A01";"3";"7";"12";"2";"1";"2";"1";""
"202300003508";"155 674 372";"B01";"3";"7";"0";"2";"4";"23";"1";""
"202300003509";"155 674 369";"A01";"1";"14";"0";"0";"0";"26";"0";""
"202300003510";"155 674 367";"A01";"2";"10";"0";"9";"5";"18";"0";""
"202300003510";"155 674 368";"B01";"2";"50";"0";"2";"3";"2";"3";""
"202300003511";"155 674 364";"B01";"1";"80";"0";"2";"4";"0";"3";""
"202300003511";"155 674 366";"A01";"1";"7";"0";"9";"1";"1";"1";""
"202300003512";"155 674 363";"B01";"1";"10";"9";"0";"2";"1";"1";""
"202300003512";"155 674 365";"A01";"1";"3";"0";"2";"1";"1";"3";""
"202300003513";"155 674 360";"A01";"2";"10";"0";"2";"2";"2";"1";""
"202300003513";"155 674 362";"B01";"2";"1";"0";"2";"6";"2";"5";""
"202300003514";"155 674 359";"B01";"2";"7";"0";"2";"1";"1";"3";""
"202300003514";"155 674 361";"A01";"2";"2";"0";"2";"7";"1";"1";""
"202300003515";"155 674 355";"B01";"1";"7";"0";"2";"4";"1";"1";""
"202300003515";"155 674 357";"A01";"1";"37";"0";"2";"1";"1";"1";"1"
"202300003516";"155 674 356";"B01";"2";"30";"0";"2";"1";"1";"1";""
"202300003516";"155 674 358";"A01";"1";"7";"0";"2";"2";"15";"1";""
"202300003517";"155 674 351";"B01";"2";"7";"0";"2";"3";"0";"1";""
"202300003517";"155 674 353";"C01";"2";"10";"0";"2";"7";"0";"1";""
"202300003517";"155 674 354";"A01";"1";"7";"0";"2";"1";"13";"1";""
"202300003518";"155 674 350";"B01";"1";"1";"0";"2";"4";"1";"5";""
"202300003518";"155 674 352";"Z01";"1";"30";"0";"2";"1";"17";"0";""
"202300003519";"155 674 349";"A01";"1";"33";"0";"0";"0";"1";"1";""
"202300003520";"155 674 348";"A01";"3";"7";"0";"1";"1";"1";"1";""
"202300003521";"155 674 347";"A01";"1";"7";"14";"0";"1";"1";"1";""
"202300003522";"155 674 346";"A01";"3";"7";"0";"1";"2";"16";"1";""
"202300003523";"155 674 345";"A01";"2";"7";"11";"0";"3";"13";"1";""
"202300003524";"155 674 343";"A01";"3";"7";"0";"1";"1";"1";"1";""
"202300003525";"155 674 339";"B01";"1";"7";"0";"2";"0";"26";"0";""
"202300003525";"155 674 340";"A01";"3";"1";"0";"2";"0";"0";"5";""
"202300003526";"155 674 337";"A01";"3";"7";"0";"1";"1";"1";"1";""
"202300003527";"155 674 336";"A01";"3";"30";"14";"0";"1";"17";"1";""
"202300003528";"155 674 334";"A01";"1";"7";"0";"2";"6";"11";"1";""
"202300003528";"155 674 335";"B01";"1";"30";"0";"2";"3";"1";"1";""
"202300003529";"155 674 331";"B01";"1";"2";"16";"2";"0";"2";"1";""
"202300003529";"155 674 333";"A01";"1";"7";"16";"0";"3";"2";"1";""
"202300003530";"155 674 330";"A01";"1";"7";"0";"2";"1";"16";"1";""
"202300003530";"155 674 332";"B01";"1";"50";"0";"2";"0";"0";"3";""
"202300003531";"155 674 327";"A01";"0";"7";"6";"2";"1";"1";"1";""
"202300003531";"155 674 329";"B01";"0";"7";"0";"2";"3";"1";"0";""
"202300003532";"155 674 326";"A01";"3";"2";"0";"2";"7";"1";"1";""
"202300003532";"155 674 328";"B01";"3";"7";"0";"2";"3";"1";"1";""
"202300003533";"155 674 324";"B01";"1";"30";"0";"2";"1";"1";"1";""
"202300003533";"155 674 325";"A01";"2";"7";"0";"2";"3";"15";"1";""
"202300003534";"155 674 321";"A01";"1";"31";"14";"0";"1";"1";"1";""
"202300003535";"155 674 323";"A01";"1";"7";"0";"1";"3";"1";"1";""
"202300003536";"155 674 319";"A01";"1";"80";"0";"2";"2";"1";"3";""
"202300003536";"155 674 320";"B01";"3";"7";"0";"2";"8";"1";"1";""
"202300003537";"155 674 315";"A01";"1";"43";"0";"2";"8";"1";"1";""
"202300003537";"155 674 316";"B01";"1";"7";"0";"2";"1";"15";"1";""
"202300003538";"155 674 317";"B01";"2";"7";"0";"9";"6";"1";"1";""
"202300003538";"155 674 318";"A01";"2";"50";"0";"2";"2";"1";"3";""
"202300003539";"155 674 314";"A01";"1";"43";"0";"1";"8";"21";"1";""
"202300003540";"155 674 311";"A01";"1";"7";"0";"2";"1";"2";"1";""
"202300003540";"155 674 313";"B01";"1";"7";"0";"2";"4";"2";"1";""
"202300003541";"155 674 312";"A01";"3";"7";"8";"0";"2";"1";"1";""
"202300003542";"155 674 310";"A01";"0";"7";"13";"0";"1";"26";"1";""
"202300003543";"155 674 307";"A01";"3";"7";"0";"2";"8";"26";"1";""
"202300003543";"155 674 308";"B01";"3";"1";"0";"2";"1";"9";"5";""
"202300003544";"155 674 306";"B01";"1";"13";"0";"2";"1";"19";"1";""
"202300003544";"155 674 309";"A01";"2";"7";"0";"2";"7";"1";"1";""
"202300003545";"155 674 305";"A01";"3";"7";"0";"1";"1";"1";"2";""
"202300003546";"155 674 303";"B01";"1";"33";"0";"2";"3";"1";"1";""
"202300003546";"155 674 304";"Z01";"2";"7";"0";"2";"0";"0";"0";""
"202300003547";"155 674 302";"A01";"1";"7";"0";"1";"2";"1";"1";""
"202300003548";"155 674 301";"A01";"1";"7";"12";"0";"1";"16";"1";""
"202300003549";"155 674 300";"A01";"2";"10";"1";"0";"2";"1";"1";""
"202300003550";"155 674 297";"B01";"1";"7";"0";"2";"3";"0";"2";""
"202300003550";"155 674 298";"A01";"3";"7";"0";"2";"2";"15";"1";""
"202300003551";"155 674 296";"B01";"1";"7";"0";"2";"4";"2";"1";""
"202300003551";"155 674 299";"A01";"1";"10";"0";"2";"1";"2";"1";""
"202300003552";"155 674 294";"B01";"0";"7";"0";"2";"1";"2";"1";""
"202300003552";"155 674 295";"A01";"3";"7";"0";"0";"4";"2";"1";""
"202300003553";"155 674 289";"A01";"2";"7";"0";"2";"1";"1";"0";""
"202300003553";"155 674 291";"B01";"2";"7";"0";"2";"4";"1";"1";""
"202300003554";"155 674 290";"A01";"1";"15";"0";"2";"2";"12";"1";""
"202300003554";"155 674 292";"B01";"1";"7";"0";"2";"8";"1";"1";""
"202300003554";"155 674 293";"C01";"1";"33";"0";"2";"1";"2";"1";""
"202300003555";"155 674 287";"A01";"1";"7";"0";"2";"2";"16";"1";""
"202300003555";"155 674 288";"B01";"2";"7";"0";"2";"3";"1";"1";""
"202300003556";"155 674 284";"B01";"2";"7";"0";"2";"6";"2";"1";""
"202300003556";"155 674 286";"A01";"2";"31";"0";"2";"1";"2";"1";""
"202300003557";"155 674 283";"A01";"3";"7";"0";"2";"3";"1";"1";""
"202300003557";"155 674 285";"B01";"3";"32";"0";"2";"2";"9";"1";""
"202300003558";"155 674 282";"A01";"2";"50";"0";"0";"1";"1";"3";""
"202300003559";"155 674 280";"A01";"0";"30";"5";"0";"0";"2";"1";""
"202300003560";"155 674 279";"A01";"0";"7";"0";"0";"9";"2";"1";""
"202300003561";"155 674 278";"A01";"1";"7";"0";"2";"1";"1";"1";""
"202300003561";"155 674 281";"B01";"1";"7";"0";"2";"8";"1";"2";""
"202300003562";"155 674 277";"A01";"1";"7";"0";"0";"1";"1";"1";""
"202300003563";"155 674 275";"A01";"2";"50";"1";"2";"1";"5";"3";""
"202300003563";"155 674 276";"B01";"1";"10";"1";"2";"8";"15";"1";""
"202300003564";"155 674 274";"Z01";"1";"33";"0";"1";"0";"2";"0";""
"202300003565";"155 674 272";"A01";"2";"32";"0";"1";"2";"17";"1";""
"202300003565";"155 674 273";"B01";"2";"7";"0";"2";"6";"1";"1";""
"202300003566";"155 674 271";"A01";"1";"10";"0";"1";"1";"1";"1";""
"202300003567";"155 674 270";"A01";"2";"30";"0";"1";"2";"17";"1";""
"202300003568";"155 674 268";"A01";"1";"7";"0";"2";"1";"1";"1";""
"202300003568";"155 674 269";"B01";"1";"7";"0";"2";"3";"20";"1";""
"202300003569";"155 674 265";"A01";"1";"7";"0";"2";"3";"15";"1";""
"202300003569";"155 674 267";"B01";"1";"30";"0";"2";"2";"17";"3";""
"202300003570";"155 674 264";"A01";"3";"43";"0";"4";"7";"1";"1";""
"202300003570";"155 674 266";"B01";"3";"40";"0";"2";"1";"1";"3";""
"202300003571";"155 674 261";"A01";"1";"7";"0";"2";"3";"1";"1";""
"202300003571";"155 674 263";"B01";"2";"34";"0";"2";"1";"1";"1";""
"202300003572";"155 674 262";"A01";"1";"7";"0";"1";"3";"2";"2";""
"202300003573";"155 674 259";"B01";"1";"1";"0";"2";"1";"1";"5";""
"202300003573";"155 674 260";"A01";"1";"7";"0";"2";"1";"5";"0";""
"202300003574";"155 674 258";"A01";"2";"7";"9";"0";"1";"14";"1";""
"202300003575";"155 674 256";"B01";"2";"1";"0";"2";"2";"1";"5";""
"202300003575";"155 674 257";"A01";"1";"1";"0";"2";"2";"1";"5";""
"202300003576";"155 674 253";"Z01";"1";"7";"0";"2";"1";"5";"0";""
"202300003576";"155 674 254";"B01";"2";"1";"0";"2";"1";"1";"5";""
"202300003577";"155 674 252";"B01";"1";"1";"0";"2";"3";"15";"5";""
"202300003577";"155 674 255";"A01";"2";"1";"0";"2";"1";"5";"5";""
"202300003578";"155 674 250";"A01";"3";"50";"0";"2";"1";"15";"3";""
"202300003578";"155 674 251";"B01";"3";"7";"0";"2";"3";"16";"1";""
"202300003579";"155 674 249";"A01";"1";"1";"0";"1";"1";"1";"5";""
"202300003580";"155 674 247";"A01";"2";"7";"0";"2";"7";"17";"1";""
"202300003580";"155 674 248";"B01";"2";"1";"0";"2";"8";"15";"5";""
"202300003581";"155 674 246";"A01";"2";"7";"0";"1";"3";"16";"1";""
"202300003582";"155 674 243";"A01";"1";"10";"0";"2";"1";"2";"1";""
"202300003582";"155 674 245";"B01";"1";"2";"0";"2";"4";"2";"1";""
"202300003583";"155 674 242";"A01";"2";"33";"0";"2";"2";"21";"1";""
"202300003583";"155 674 244";"B01";"2";"1";"0";"2";"3";"11";"5";""
"202300003584";"155 674 240";"A01";"1";"7";"0";"2";"3";"15";"0";""
"202300003584";"155 674 241";"B01";"1";"33";"0";"2";"1";"1";"1";""
"202300003585";"155 674 239";"A01";"2";"1";"0";"1";"1";"1";"5";""
"202300003586";"155 674 237";"B01";"2";"7";"0";"2";"1";"1";"1";""
"202300003586";"155 674 238";"A01";"2";"7";"0";"2";"3";"26";"1";""
"202300003587";"155 674 234";"A01";"1";"7";"0";"2";"1";"26";"1";""
"202300003587";"155 674 236";"B01";"1";"33";"0";"2";"1";"0";"0";""
"202300003588";"155 674 233";"A01";"2";"7";"0";"2";"8";"20";"2";""
"202300003588";"155 674 235";"B01";"2";"80";"0";"2";"7";"1";"3";""
"202300003589";"155 674 231";"A01";"3";"7";"1";"0";"8";"17";"1";""
"202300003589";"155 674 232";"B01";"3";"33";"0";"2";"0";"1";"1";""
"202300003590";"155 674 230";"A01";"1";"1";"14";"2";"3";"13";"5";""
"202300003591";"155 674 227";"A01";"2";"7";"0";"1";"1";"1";"0";""
"202300003592";"155 674 228";"A01";"3";"30";"0";"1";"1";"19";"1";""
"202300003593";"155 674 225";"A01";"3";"7";"0";"2";"2";"9";"1";""
"202300003593";"155 674 226";"B01";"1";"2";"0";"2";"1";"1";"1";""
"202300003594";"155 674 222";"A01";"2";"7";"0";"2";"2";"9";"1";""
"202300003594";"155 674 223";"B01";"2";"7";"0";"2";"3";"1";"1";""
"202300003595";"155 674 220";"A01";"1";"36";"0";"0";"0";"16";"1";""
"202300003596";"155 674 221";"A01";"3";"32";"0";"2";"8";"13";"1";""
"202300003596";"155 674 224";"B01";"3";"7";"0";"2";"7";"1";"1";""
"202300003597";"155 674 219";"A01";"1";"50";"0";"1";"3";"2";"3";""
"202300003598";"155 674 217";"A01";"1";"7";"0";"9";"2";"15";"1";""
"202300003599";"155 674 216";"A01";"3";"43";"0";"2";"8";"1";"1";""
"202300003599";"155 674 218";"B01";"3";"7";"0";"2";"3";"13";"1";""
"202300003600";"155 674 215";"A01";"1";"7";"2";"0";"3";"1";"1";""
"202300003601";"155 674 212";"A01";"3";"7";"0";"2";"5";"0";"0";""
"202300003601";"155 674 214";"B01";"0";"33";"0";"2";"1";"2";"0";""
"202300003602";"155 674 211";"A01";"0";"10";"0";"1";"4";"4";"1";""
"202300003603";"155 674 210";"A01";"1";"7";"3";"0";"3";"1";"1";""
"202300003604";"155 674 213";"A01";"2";"34";"0";"1";"3";"0";"0";""
"202300003605";"155 674 206";"B01";"1";"7";"0";"2";"5";"2";"1";""
"202300003605";"155 674 208";"A01";"1";"7";"1";"2";"3";"2";"1";""
"202300003605";"155 674 209";"C01";"1";"7";"1";"0";"6";"23";"1";""
"202300003606";"155 674 205";"A01";"3";"7";"0";"2";"2";"0";"0";""
"202300003606";"155 674 207";"B01";"3";"7";"0";"2";"6";"0";"0";""
"202300003607";"155 674 200";"A01";"3";"14";"0";"2";"1";"0";"1";""
"202300003607";"155 674 202";"B01";"3";"7";"0";"2";"4";"0";"1";""
"202300003607";"155 674 203";"C01";"3";"7";"0";"0";"4";"0";"0";""
"202300003608";"155 674 197";"A01";"1";"7";"0";"2";"3";"13";"1";""
"202300003608";"155 674 198";"C01";"2";"7";"3";"2";"3";"1";"1";""
"202300003608";"155 674 199";"E01";"1";"7";"0";"0";"4";"1";"1";""
"202300003608";"155 674 201";"B01";"2";"7";"3";"0";"7";"1";"1";""
"202300003608";"155 674 204";"D01";"1";"7";"0";"2";"1";"1";"1";""
"202300003609";"155 674 195";"A01";"1";"7";"0";"2";"1";"1";"1";""
"202300003609";"155 674 196";"B01";"1";"10";"0";"2";"4";"2";"1";""
"202300003610";"155 674 193";"A01";"2";"7";"0";"2";"3";"1";"0";""
"202300003610";"155 674 194";"B01";"1";"7";"0";"2";"2";"15";"0";""
"202300003611";"155 674 192";"A01";"1";"7";"13";"0";"2";"1";"1";""
"202300003612";"155 674 189";"B01";"0";"36";"0";"0";"6";"0";"0";""
"202300003612";"155 674 190";"A01";"0";"36";"1";"0";"2";"0";"0";""
"202300003613";"155 674 188";"A01";"1";"7";"6";"0";"1";"1";"1";""
"202300003614";"155 674 187";"A01";"1";"7";"0";"2";"3";"1";"1";""
"202300003614";"155 674 191";"B01";"1";"7";"0";"2";"2";"19";"1";""
"202300003615";"155 674 186";"A01";"2";"7";"13";"0";"1";"1";"1";""
"202300003616";"155 674 181";"B01";"2";"7";"0";"2";"8";"1";"1";""
"202300003616";"155 674 182";"C01";"2";"7";"0";"2";"2";"1";"1";""
"202300003616";"155 674 185";"A01";"1";"10";"0";"2";"1";"13";"1";""
"202300003617";"155 674 180";"A01";"1";"13";"6";"0";"1";"1";"1";""
"202300003618";"155 674 183";"A01";"2";"3";"0";"2";"1";"15";"0";""
"202300003618";"155 674 184";"B01";"1";"3";"0";"2";"1";"2";"0";""
"202300003619";"155 674 177";"A01";"1";"10";"2";"0";"1";"13";"1";""
"202300003620";"155 674 175";"A01";"1";"7";"16";"0";"0";"14";"1";""
"202300003621";"155 674 176";"B01";"2";"15";"0";"0";"5";"15";"1";""
"202300003621";"155 674 178";"A01";"2";"7";"0";"2";"6";"1";"1";""
"202300003622";"155 674 173";"A01";"2";"33";"0";"2";"2";"17";"1";""
"202300003622";"155 674 174";"B01";"2";"7";"0";"2";"3";"15";"1";""
"202300003623";"155 674 171";"B01";"0";"7";"0";"2";"0";"17";"0";""
"202300003623";"155 674 172";"A01";"0";"37";"0";"2";"8";"9";"1";"2"
"202300003624";"155 674 170";"A01";"3";"7";"2";"0";"7";"1";"1";""
"202300003625";"155 674 169";"A01";"3";"33";"0";"0";"7";"15";"1";""
"202300003626";"155 674 168";"A01";"1";"10";"0";"1";"1";"16";"1";""
"202300003627";"155 674 166";"A01";"0";"7";"0";"2";"3";"1";"0";""
"202300003627";"155 674 167";"B01";"0";"7";"0";"0";"5";"0";"0";""
"202300003628";"155 674 165";"A01";"0";"7";"0";"1";"1";"9";"0";""
"202300003629";"155 674 163";"A01";"1";"10";"0";"1";"4";"4";"1";""
"202300003630";"155 674 162";"B01";"2";"7";"0";"2";"1";"1";"1";""
"202300003630";"155 674 164";"A01";"1";"7";"0";"2";"2";"15";"1";""
"202300003631";"155 674 159";"B01";"1";"32";"0";"2";"5";"1";"1";""
"202300003631";"155 674 161";"A01";"1";"7";"0";"2";"2";"9";"1";""
"202300003632";"155 674 158";"B01";"2";"7";"0";"2";"3";"19";"1";""
"202300003632";"155 674 160";"A01";"2";"34";"0";"2";"1";"1";"1";""
"202300003633";"155 674 156";"B01";"2";"21";"0";"2";"4";"1";"1";""
"202300003633";"155 674 157";"A01";"2";"7";"0";"2";"1";"1";"1";""
"202300003634";"155 674 154";"A01";"3";"2";"0";"0";"0";"14";"1";""
"202300003634";"155 674 155";"B01";"3";"7";"0";"0";"0";"0";"1";""
"202300003635";"155 674 153";"A01";"3";"7";"8";"0";"1";"1";"1";""
"202300003636";"155 674 152";"A01";"1";"7";"2";"0";"0";"0";"2";""
"202300003637";"155 674 149";"B01";"3";"13";"0";"2";"2";"1";"1";""
"202300003637";"155 674 151";"A01";"2";"7";"0";"2";"1";"1";"1";""
"202300003638";"155 674 148";"A01";"1";"7";"8";"0";"2";"1";"1";""
"202300003638";"155 674 150";"B01";"2";"7";"0";"2";"1";"1";"1";""
"202300003639";"155 674 146";"B01";"1";"7";"0";"2";"2";"1";"1";""
"202300003639";"155 674 147";"A01";"2";"3";"0";"0";"3";"1";"1";""
"202300003640";"155 674 144";"A01";"1";"7";"0";"2";"1";"13";"1";""
"202300003640";"155 674 145";"B01";"2";"7";"0";"2";"1";"1";"1";""
"202300003641";"155 674 142";"A01";"3";"7";"0";"0";"3";"19";"0";""
"202300003641";"155 674 143";"B01";"3";"33";"0";"2";"1";"2";"0";""
"202300003642";"155 674 141";"A01";"3";"7";"0";"1";"4";"4";"1";""
"202300003643";"155 674 137";"A01";"2";"7";"0";"2";"3";"13";"1";""
"202300003643";"155 674 139";"B01";"1";"33";"0";"2";"8";"1";"1";""
"202300003644";"155 674 136";"A01";"2";"7";"0";"2";"5";"16";"1";""
"202300003644";"155 674 138";"B01";"2";"50";"0";"2";"1";"1";"3";""
"202300003645";"155 674 131";"A01";"1";"7";"1";"0";"1";"1";"1";""
"202300003646";"155 674 130";"B01";"2";"7";"0";"2";"3";"1";"1";""
"202300003646";"155 674 134";"A01";"1";"2";"0";"2";"3";"1";"1";""
"202300003647";"155 674 132";"D01";"2";"7";"0";"2";"3";"1";"1";""
"202300003647";"155 674 133";"A01";"2";"7";"4";"0";"4";"0";"1";""
"202300003647";"155 674 135";"B01";"2";"7";"0";"2";"1";"0";"1";""
"202300003647";"155 674 140";"C01";"2";"7";"0";"2";"1";"2";"1";""
"202300003648";"155 674 129";"A01";"1";"7";"6";"0";"1";"1";"1";""
"202300003649";"155 674 126";"A01";"1";"7";"0";"2";"3";"9";"1";""
"202300003649";"155 674 128";"B01";"2";"33";"0";"2";"2";"1";"1";""
"202300003650";"155 674 125";"A01";"2";"10";"15";"0";"0";"0";"0";""
"202300003651";"155 674 124";"A01";"1";"7";"0";"2";"2";"15";"1";""
"202300003651";"155 674 127";"B01";"2";"1";"0";"2";"1";"1";"5";""
"202300003652";"155 674 120";"C01";"1";"7";"0";"2";"3";"1";"1";""
"202300003652";"155 674 122";"A01";"1";"7";"0";"2";"5";"15";"1";""
"202300003652";"155 674 123";"B01";"2";"33";"0";"2";"1";"17";"1";""
"202300003653";"155 674 121";"A01";"2";"33";"3";"0";"1";"2";"1";""
"202300003654";"155 674 119";"A01";"1";"7";"3";"0";"9";"1";"1";""
"202300003655";"155 674 117";"B01";"3";"1";"0";"2";"8";"19";"5";""
"202300003655";"155 674 118";"A01";"2";"7";"0";"9";"1";"1";"1";""
"202300003656";"155 674 116";"A01";"3";"7";"16";"0";"0";"0";"1";""
"202300003657";"155 674 115";"A01";"1";"7";"2";"0";"3";"1";"1";""
"202300003658";"155 674 113";"A01";"1";"7";"3";"0";"1";"26";"1";""
"202300003659";"155 674 112";"B01";"0";"80";"0";"2";"8";"1";"3";""
"202300003659";"155 674 114";"A01";"0";"7";"0";"2";"7";"9";"1";""
"202300003660";"155 674 111";"A01";"1";"7";"0";"1";"2";"1";"1";""
"202300003661";"155 674 108";"B01";"1";"30";"0";"2";"1";"1";"0";""
"202300003661";"155 674 110";"A01";"2";"7";"0";"2";"2";"15";"1";""
"202300003662";"155 674 107";"A01";"0";"7";"0";"2";"1";"0";"1";""
"202300003662";"155 674 109";"B01";"0";"50";"0";"2";"8";"26";"3";""
"202300003663";"155 674 106";"A01";"2";"7";"0";"1";"3";"1";"0";""
"202300003664";"155 674 103";"A01";"2";"7";"0";"2";"6";"11";"1";""
"202300003664";"155 674 105";"B01";"2";"2";"0";"2";"1";"1";"1";""
"202300003665";"155 674 102";"A01";"1";"7";"0";"9";"2";"15";"1";""
"202300003665";"155 674 104";"B01";"2";"1";"0";"2";"1";"1";"5";""
"202300003666";"155 674 101";"A01";"1";"2";"0";"0";"7";"1";"1";""
"202300003667";"155 674 098";"A01";"2";"7";"0";"2";"2";"0";"1";""
"202300003667";"155 674 099";"B01";"2";"10";"5";"0";"6";"0";"1";""
"202300003668";"155 674 097";"A01";"2";"7";"0";"2";"1";"1";"1";""
"202300003668";"155 674 100";"B01";"3";"1";"0";"2";"7";"1";"5";""
"202300003669";"155 674 093";"A01";"1";"7";"0";"2";"6";"1";"1";""
"202300003669";"155 674 095";"B01";"1";"7";"0";"2";"3";"1";"1";""
"202300003670";"155 674 094";"A01";"1";"7";"12";"2";"3";"1";"1";""
"202300003670";"155 674 096";"B01";"2";"7";"0";"2";"8";"1";"1";""
"202300003671";"155 674 091";"B01";"2";"17";"0";"0";"6";"17";"1";""
"202300003671";"155 674 092";"A01";"2";"7";"4";"2";"1";"17";"1";""
"202300003672";"155 674 089";"A01";"1";"7";"0";"1";"1";"26";"1";""
"202300003673";"155 674 087";"B01";"2";"10";"0";"9";"0";"1";"1";""
"202300003673";"155 674 090";"A01";"3";"30";"0";"2";"0";"2";"1";""
"202300003674";"155 674 086";"A01";"1";"1";" -1";"2";"1";"13";"5";""
"202300003674";"155 674 088";"B01";"1";"7";"0";"2";"3";"1";"1";""
"202300003675";"155 674 083";"A01";"3";"7";"0";"2";"2";"16";"1";""
"202300003675";"155 674 085";"B01";"3";"1";"0";"2";"8";"1";"5";""
"202300003676";"155 674 081";"A01";"3";"7";"0";"2";"2";"15";"1";""
"202300003676";"155 674 084";"B01";"2";"31";"0";"2";"1";"1";"1";""
"202300003677";"155 674 080";"A01";"1";"2";"0";"2";"8";"13";"1";""
"202300003677";"155 674 082";"B01";"2";"7";"0";"2";"1";"1";"1";""
"202300003678";"155 674 077";"A01";"3";"31";"0";"2";"1";"17";"1";""
"202300003678";"155 674 078";"D01";"3";"10";"0";"2";"6";"2";"0";""
"202300003678";"155 674 079";"B01";"3";"7";"0";"2";"8";"20";"1";""
"202300003679";"155 674 074";"A01";"0";"7";"0";"2";"3";"17";"1";""
"202300003679";"155 674 075";"B01";"0";"7";"0";"2";"3";"16";"1";""
"202300003680";"155 674 072";"A01";"3";"0";"0";"2";"8";"3";"0";""