"Num_Acc";"id_vehicule";"num_veh";"senc";"catv";"obs";"obsm";"choc";"manv";"motor";"occutc"
"202300004485";"155 672 626";"A01";"1";"34";"8";"2";"5";"1";"1";""
"202300004486";"155 672 620";"B01";"1";"2";"0";"2";"7";"9";"1";""
"202300004486";"155 672 623";"A01";"2";"7";"0";"2";"3";"9";"1";""
"202300004487";"155 672 621";"A01";"2";"7";"2";"0";"7";"1";"1";""
"202300004488";"155 672 619";"A01";"1";"7";"8";"0";"1";"2";"1";""
"202300004489";"155 672 614";"A01";"1";"10";"0";"2";"3";"15";"1";""
"202300004489";"155 672 616";"B01";"2";"7";"0";"0";"3";"1";"1";""
"202300004490";"155 672 612";"A01";"1";"2";"0";"2";"8";"15";"1";""
"202300004490";"155 672 617";"B01";"1";"7";"8";"2";"7";"1";"1";""
"202300004491";"155 672 611";"B01";"2";"32";"0";"2";"8";"1";"0";""
"202300004491";"155 672 615";"A01";"1";"7";"0";"2";"1";"15";"0";""
"202300004492";"155 672 608";"A01";"3";"7";"0";"1";"2";"1";"0";""
"202300004493";"155 672 604";"A01";"2";"7";"0";"2";"1";"9";"1";""
"202300004493";"155 672 609";"B01";"2";"7";"0";"2";"8";"26";"1";""
"202300004494";"155 672 603";"A01";"3";"7";"0";"2";"2";"19";"1";""
"202300004494";"155 672 607";"B01";"3";"7";"8";"2";"3";"1";"1";""
"202300004495";"155 672 602";"C01";"2";"3";"0";"0";"0";"0";"1";""
"202300004495";"155 672 605";"A01";"2";"34";"0";"2";"8";"13";"1";""
"202300004495";"155 672 606";"B01";"1";"3";"0";"2";"8";"1";"1";""
"202300004496";"155 672 600";"A01";"2";"7";"15";"0";"2";"14";"1";""
"202300004497";"155 672 601";"A01";"3";"2";"12";"0";"8";"15";"1";""
"202300004498";"155 672 598";"A01";"1";"50";"0";"1";"1";"25";"3";""
"202300004499";"155 672 596";"B01";"2";"10";"0";"2";"4";"1";"1";""
"202300004499";"155 672 599";"A01";"2";"2";"0";"2";"1";"2";"1";""
"202300004500";"155 672 593";"A01";"1";"30";"0";"2";"1";"2";"1";""
"202300004500";"155 672 595";"B01";"1";"32";"0";"2";"1";"0";"1";""
"202300004500";"155 672 597";"C01";"1";"7";"1";"2";"4";"15";"1";""
"202300004501";"155 672 591";"A01";"3";"10";"0";"2";"4";"26";"1";""
"202300004501";"155 672 594";"B01";"3";"31";"0";"2";"1";"1";"1";""
"202300004502";"155 672 589";"C01";"1";"7";"0";"2";"2";"23";"1";""
"202300004502";"155 672 590";"A01";"1";"7";"0";"2";"3";"22";"1";""
"202300004502";"155 672 592";"B01";"1";"80";"1";"0";"1";"1";"3";""
"202300004503";"155 672 587";"A01";"2";"33";"0";"1";"1";"1";"1";""
"202300004504";"155 672 588";"A01";"1";"7";"2";"0";"2";"1";"1";""
"202300004505";"155 672 586";"A01";"1";"7";"3";"0";"1";"1";"1";""
"202300004506";"155 672 581";"A01";"1";"7";"8";"0";"5";"1";"1";""
"202300004507";"155 672 580";"B01";"1";"31";"0";"2";"8";"17";"1";""
"202300004507";"155 672 584";"A01";"1";"7";"0";"2";"3";"15";"1";""
"202300004508";"155 672 583";"A01";"1";"33";"0";"2";"1";"16";"1";""
"202300004508";"155 672 585";"B01";"2";"7";"0";"2";"1";"23";"1";""
"202300004509";"155 672 573";"B01";"3";"7";"0";"2";"2";"15";"1";""
"202300004509";"155 672 577";"A01";"3";"7";"0";"2";"1";"1";"1";""
"202300004510";"155 672 576";"A01";"1";"10";"3";"0";"9";"1";"1";""
"202300004511";"155 672 575";"A01";"3";"7";"0";"2";"6";"1";"1";""
"202300004511";"155 672 578";"B01";"3";"2";"0";"2";"3";"17";"1";""
"202300004512";"155 672 572";"A01";"2";"7";"3";"2";"1";"13";"1";""
"202300004512";"155 672 574";"B01";"1";"7";"0";"2";"1";"1";"1";""
"202300004513";"155 672 570";"A01";"2";"33";"0";"0";"4";"17";"1";""
"202300004514";"155 672 569";"A01";"3";"32";"0";"1";"1";"17";"1";""
"202300004515";"155 672 568";"B01";"2";"7";"0";"2";"2";"1";"1";""
"202300004515";"155 672 571";"A01";"2";"10";"9";"2";"1";"1";"0";""
"202300004516";"155 672 564";"A01";"1";"34";"14";"1";"2";"19";"6";""
"202300004517";"155 672 562";"A01";"3";"10";"0";"2";"1";"2";"1";""
"202300004517";"155 672 565";"B01";"3";"7";"0";"2";"4";"2";"1";""
"202300004517";"155 672 567";"C01";"3";"7";"0";"2";"4";"2";"1";""
"202300004518";"155 672 561";"B01";"1";"7";"0";"2";"3";"21";"1";""
"202300004518";"155 672 563";"A01";"1";"1";"0";"2";"7";"19";"5";""
"202300004519";"155 672 558";"A01";"1";"33";"0";"2";"2";"0";"1";""
"202300004519";"155 672 560";"B01";"2";"10";"0";"2";"6";"9";"1";""
"202300004520";"155 672 556";"A01";"1";"7";"0";"1";"1";"0";"1";""
"202300004521";"155 672 552";"A01";"2";"7";"8";"0";"0";"0";"1";""
"202300004522";"155 672 550";"B01";"2";"1";"0";"2";"2";"17";"5";""
"202300004522";"155 672 554";"A01";"2";"7";"0";"2";"6";"15";"1";""
"202300004523";"155 672 548";"B01";"1";"7";"0";"2";"1";"1";"1";""
"202300004523";"155 672 549";"Z01";"2";"7";"0";"2";"1";"5";"1";""
"202300004524";"155 672 547";"A01";"2";"7";"0";"2";"7";"19";"1";""
"202300004524";"155 672 551";"B01";"2";"33";"0";"2";"1";"1";"1";""
"202300004525";"155 672 546";"A01";"2";"30";"0";"0";"0";"0";"1";""
"202300004526";"155 672 545";"A01";"1";"7";"13";"0";"8";"13";"1";""
"202300004527";"155 672 544";"A01";"2";"10";"0";"1";"3";"5";"1";""
"202300004528";"155 672 542";"A01";"2";"60";"15";"0";"7";"26";"5";""
"202300004529";"155 672 543";"A01";"1";"7";"0";"1";"3";"1";"1";""
"202300004530";"155 672 538";"A01";"1";"7";"0";"2";"1";"5";"1";""
"202300004530";"155 672 541";"B01";"2";"33";"0";"0";"1";"1";"1";""
"202300004531";"155 672 539";"A01";"1";"10";"0";"4";"8";"1";"1";""
"202300004531";"155 672 540";"B01";"2";"40";"0";"2";"1";"1";"3";""
"202300004532";"155 672 533";"B01";"2";"80";"0";"2";"1";"5";"3";""
"202300004532";"155 672 535";"A01";"1";"7";"0";"2";"1";"9";"1";""
"202300004533";"155 672 534";"A01";"2";"7";"0";"2";"1";"13";"1";""
"202300004533";"155 672 537";"B01";"1";"7";"0";"2";"1";"1";"1";""
"202300004534";"155 672 532";"A01";"2";"7";"0";"2";"1";"1";"1";""
"202300004534";"155 672 536";"B01";"2";"1";"0";"2";"7";"1";"5";""
"202300004535";"155 672 530";"A01";"1";"1";"0";"1";"0";"1";"5";""
"202300004536";"155 672 528";"B01";"0";"7";"0";"0";"8";"0";"0";""
"202300004536";"155 672 531";"A01";"0";"7";"0";"0";"8";"0";"0";""
"202300004537";"155 672 527";"A01";"1";"7";"0";"2";"7";"1";"2";""
"202300004537";"155 672 529";"B01";"2";"1";"0";"2";"1";"15";"5";""
"202300004538";"155 672 526";"A01";"1";"10";"0";"1";"6";"4";"1";""
"202300004539";"155 672 523";"A01";"3";"7";"0";"2";"1";"19";"1";""
"202300004539";"155 672 525";"B01";"2";"7";"0";"0";"8";"1";"1";""
"202300004540";"155 672 520";"A01";"2";"7";"0";"0";"1";"0";"1";""
"202300004541";"155 672 517";"B01";" -1";"7";"0";"2";"7";"23";"1";""
"202300004541";"155 672 524";"A01";"3";"7";"0";"2";"1";"16";"2";""
"202300004542";"155 672 519";"A01";"2";"50";"0";"2";"1";"17";"3";""
"202300004542";"155 672 522";"B01";"1";"7";"0";"2";"3";"15";"1";""
"202300004543";"155 672 518";"A01";"1";"7";"0";"2";"2";"15";"1";""
"202300004543";"155 672 521";"B01";"2";"30";"0";"2";"1";"1";"1";""
"202300004544";"155 672 512";"A01";"0";"2";"0";"0";"8";"15";"1";""
"202300004545";"155 672 511";"A01";"2";"17";"0";"0";"1";"2";"1";""
"202300004545";"155 672 514";"B01";"2";"17";"0";"0";"4";"2";"1";""
"202300004545";"155 672 516";"C01";"2";"14";"0";"0";"4";"2";"1";""
"202300004546";"155 672 510";"A01";"1";"7";"0";"0";"4";"1";"1";""
"202300004546";"155 672 515";"B01";"1";"7";"8";"2";"1";"0";"1";""
"202300004547";"155 672 507";"A01";"1";"10";"0";"2";"1";"2";"1";""
"202300004547";"155 672 513";"B01";"1";"7";"0";"2";"1";"1";"1";""
"202300004548";"155 672 508";"A01";"1";"7";"0";"2";"1";"17";"1";""
"202300004548";"155 672 509";"B01";"2";"7";"0";"2";"1";"1";"1";""
"202300004549";"155 672 506";"A01";"2";"7";"13";"0";"3";"1";"1";""
"202300004550";"155 672 503";"A01";"1";"7";"0";"2";"3";"15";"1";""
"202300004550";"155 672 505";"B01";"1";"33";"0";"2";"1";"3";"1";""
"202300004551";"155 672 502";"B01";"1";"30";"12";"2";"8";"16";"1";""
"202300004551";"155 672 504";"A01";"1";"7";"0";"2";"2";"15";"1";""
"202300004552";"155 672 498";"A01";"3";"7";"0";"1";"2";"1";"1";""
"202300004553";"155 672 495";"A01";"1";"7";"0";"2";"3";"11";"1";""
"202300004553";"155 672 497";"B01";"1";"33";"0";"2";"5";"1";"1";""
"202300004554";"155 672 493";"A01";"1";"10";"0";"2";"6";"23";"1";""
"202300004554";"155 672 496";"D01";"1";"14";"0";"2";"1";"1";"1";""
"202300004554";"155 672 500";"C01";"1";"7";"0";"2";"1";"2";"1";""
"202300004554";"155 672 501";"B01";"1";"7";"0";"2";"2";"2";"1";""
"202300004555";"155 672 492";"A01";"3";"7";"0";"1";"6";"9";"1";""
"202300004556";"155 672 494";"A01";"1";"7";"0";"2";"3";"15";"1";""
"202300004556";"155 672 499";"B01";"2";"33";"0";"2";"1";"1";"1";""
"202300004557";"155 672 491";"A01";"1";"7";"2";"0";"9";"1";"1";""
"202300004558";"155 672 490";"A01";"1";"7";"2";"0";"2";"14";"1";""
"202300004559";"155 672 489";"A01";"2";"0";"0";"1";"0";"1";"0";""
"202300004560";"155 672 487";"A01";"2";"33";"0";"0";" -1";"26";"1";""
"202300004561";"155 672 486";"A01";"2";"7";"0";"2";"3";"1";"1";""
"202300004561";"155 672 488";"B01";"1";"32";"0";"2";"1";"13";"1";""
"202300004562";"155 672 484";"A01";"1";"7";"0";"0";"0";"0";"1";""
"202300004563";"155 672 485";"A01";"3";"7";"0";"0";"1";"0";"1";""
"202300004564";"155 672 482";"A01";"0";"10";"0";"9";"2";"25";"1";""
"202300004564";"155 672 483";"B01";"0";"1";"0";"2";"1";"25";"5";""
"202300004565";"155 672 481";"A01";"1";"7";"2";"0";"3";"15";"1";""
"202300004566";"155 672 479";"A01";"1";"7";"0";"1";"1";"1";"1";""
"202300004567";"155 672 477";"A01";"2";"7";"0";"2";"1";"1";"1";""
"202300004567";"155 672 480";"B01";"3";"7";"0";"2";"6";"1";"1";""
"202300004568";"155 672 476";"A01";"2";"7";"0";"2";"2";"15";"1";""
"202300004568";"155 672 478";"B01";"1";"33";"0";"2";"0";"0";"1";""
"202300004569";"155 672 475";"A01";"3";"21";"16";"0";"3";"13";"1";""
"202300004570";"155 672 472";"A01";"1";"1";"0";"2";"0";"26";"5";""
"202300004570";"155 672 473";"B01";"1";"7";"0";"2";"1";"1";"1";""
"202300004571";"155 672 470";"A01";"1";"7";"0";"0";"9";"19";"1";""
"202300004572";"155 672 469";"B01";"0";"37";"0";"2";"1";"1";"1";"4"
"202300004572";"155 672 474";"A01";"0";"7";"0";"2";"7";"16";"1";""
"202300004573";"155 672 468";"A01";"3";"7";"0";"2";"1";"17";"1";""
"202300004573";"155 672 471";"B01";"3";"7";"0";"2";"3";"15";"1";""
"202300004574";"155 672 466";"A01";"3";"31";"0";"2";"2";"1";"1";""
"202300004574";"155 672 467";"B01";"3";"7";"0";"2";"3";"9";"1";""
"202300004575";"155 672 463";"A01";"1";"7";"0";"2";"3";"1";"1";""
"202300004575";"155 672 465";"B01";"1";"2";"0";"2";"7";"1";"1";""
"202300004576";"155 672 464";"A01";"2";"7";"13";"0";"1";"1";"1";""
"202300004577";"155 672 460";"A01";"1";"0";"0";"1";"0";"0";"0";""
"202300004578";"155 672 458";"B01";"2";"7";"0";"2";"7";"15";"1";""
"202300004578";"155 672 462";"A01";"2";"33";"0";"2";"1";"1";"1";""
"202300004579";"155 672 459";"A01";"3";"7";"0";"9";"0";"0";"1";""
"202300004579";"155 672 461";"B01";"1";"60";"0";"2";"0";"15";"5";""
"202300004580";"155 672 456";"A01";"2";"7";"0";"1";"1";"1";"1";""
"202300004581";"155 672 450";"A01";"1";"7";"0";"2";"2";"1";"1";""
"202300004581";"155 672 454";"B01";"3";"1";"1";"2";"8";"19";"5";""
"202300004582";"155 672 449";"FA01";"2";"7";"0";"2";"6";"2";"1";""
"202300004582";"155 672 453";"B01";"2";"33";"0";"2";"6";"2";"1";""
"202300004583";"155 672 448";"B01";"1";"7";"16";"2";"3";"26";"1";""
"202300004583";"155 672 451";"RA01";"1";"7";"0";"2";"1";"2";"1";""
"202300004584";"155 672 447";"B01";"0";"1";"0";"2";"1";"0";"5";""
"202300004584";"155 672 452";"A01";"0";"7";"0";"9";"8";"26";"1";""
"202300004585";"155 672 443";"B01";"1";"34";"0";"2";"1";"13";"1";""
"202300004585";"155 672 446";"A01";"2";"7";"0";"2";"3";"1";"1";""
"202300004586";"155 672 442";"A01";"1";"34";"0";"0";"0";"0";"1";""
"202300004587";"155 672 441";"B01";"3";"50";"0";"2";"3";"1";"3";""
"202300004587";"155 672 444";"A01";"3";"7";"0";"9";"3";"26";"1";""
"202300004588";"155 672 439";"A01";"2";"10";"0";"9";"3";"9";"0";""
"202300004588";"155 672 445";"B01";"2";"50";"0";"2";"2";"9";"3";""
"202300004589";"155 672 438";"B01";"1";"1";"0";"2";"0";"0";"5";""
"202300004589";"155 672 440";"A01";"1";"7";"0";"9";"6";"1";"1";""
"202300004590";"155 672 434";"A01";"1";"7";"0";"2";"0";"0";"1";""
"202300004590";"155 672 436";"B01";"1";"1";"0";"2";"0";"0";"5";""
"202300004591";"155 672 435";"A01";"3";"40";"0";"1";"2";"1";"3";""
"202300004592";"155 672 432";"A01";"2";"7";"4";"2";"1";"1";"1";""
"202300004592";"155 672 437";"B01";"2";"7";"0";"2";"4";"23";"1";""
"202300004593";"155 672 431";"A01";"1";"7";"8";"0";"1";"14";"1";""
"202300004594";"155 672 430";"A01";"1";"10";"0";"2";"2";"1";"1";""
"202300004594";"155 672 433";"B01";"1";"2";"0";"2";"1";"1";"1";""
"202300004595";"155 672 425";"B01";"1";"1";"0";"2";"7";"1";"5";""
"202300004595";"155 672 429";"A01";"1";"7";"0";"2";"8";"22";"1";""
"202300004596";"155 672 427";"A01";"2";"33";"3";"0";"3";"12";"1";""
"202300004597";"155 672 423";"B01";"2";"10";"0";"2";"8";"15";"1";""
"202300004597";"155 672 426";"A01";"2";"33";"0";"2";"7";"17";"1";""
"202300004598";"155 672 421";"A01";"1";"7";"0";"2";"1";"1";"1";""
"202300004598";"155 672 428";"B01";"1";"7";"0";"2";"8";"0";"1";""
"202300004599";"155 672 418";"A01";"2";"7";"3";"2";"2";"0";"1";""
"202300004599";"155 672 422";"B01";"2";"7";"0";"2";"6";"0";"1";""
"202300004599";"155 672 424";"C01";"2";"7";"0";"2";"8";"0";"1";""
"202300004600";"155 672 417";"A01";"1";"7";"0";"2";"7";"22";"1";""
"202300004600";"155 672 420";"B01";"1";"1";"0";"2";"3";"1";"5";""
"202300004601";"155 672 416";"A01";"2";"7";"0";"2";"2";"2";"1";""
"202300004601";"155 672 419";"B01";"2";"1";"0";"2";"4";"13";"5";""
"202300004602";"155 672 413";"A01";"2";"31";"0";"0";"0";"0";"1";""
"202300004603";"155 672 411";"A01";"0";"7";"0";"2";"1";"1";"1";""
"202300004603";"155 672 415";"B01";"0";"80";"0";"2";"8";"19";"3";""
"202300004604";"155 672 407";"A01";"2";"10";"0";"2";"3";"16";"1";""
"202300004604";"155 672 412";"B01";"1";"1";"0";"2";"2";"1";"5";""
"202300004605";"155 672 405";"B01";"2";"7";"0";"2";"5";"1";"1";""
"202300004605";"155 672 409";"A01";"1";"7";"0";"2";"1";"15";"1";""
"202300004606";"155 672 404";"A01";"1";"7";"0";"2";"3";"1";"1";""
"202300004606";"155 672 408";"B01";"2";"80";"0";"2";"1";"1";"3";""
"202300004607";"155 672 401";"B01";"2";"1";"0";"2";"8";"13";"5";""
"202300004607";"155 672 403";"A01";"2";"7";"0";"9";"7";"17";"2";""
"202300004608";"155 672 402";"B01";"1";"1";"0";"9";"0";"16";"5";""
"202300004608";"155 672 406";"A01";"0";"1";"0";"9";"0";"15";"5";""
"202300004609";"155 672 397";"B01";"1";"7";"0";"2";"4";"1";"1";""
"202300004609";"155 672 400";"A01";"1";"7";"0";"2";"1";"1";"1";""
"202300004610";"155 672 396";"A01";"2";"7";"0";"2";"8";"22";"1";""
"202300004610";"155 672 398";"B01";"2";"1";"1";"0";"2";"1";"5";""
"202300004611";"155 672 394";"A01";"1";"10";"0";"1";"3";"13";"1";""
"202300004612";"155 672 392";"B01";"3";"33";"0";"2";"7";"1";"1";""
"202300004612";"155 672 395";"A01";"3";"7";"0";"2";"3";"9";"1";""
"202300004613";"155 672 388";"A01";"1";"10";"0";"2";"7";"16";"1";""
"202300004613";"155 672 390";"B01";"1";"1";"0";"2";"8";"1";"5";""
"202300004614";"155 672 387";"C01";"1";"7";"0";"2";"8";"1";"0";""
"202300004614";"155 672 389";"A01";"2";"13";"0";"2";"3";"13";"0";""
"202300004614";"155 672 393";"B01";"1";"7";"0";"2";"8";"1";"0";""
"202300004615";"155 672 386";"A01";"3";"10";"0";"2";"6";"18";"1";""
"202300004615";"155 672 391";"B01";"3";"7";"0";"2";"2";"1";"1";""
"202300004616";"155 672 383";"A01";"1";"7";"0";"2";"2";"1";"1";""
"202300004617";"155 672 381";"A01";"1";"7";"0";"2";"3";"17";"1";""
"202300004617";"155 672 384";"B01";"2";"7";"0";"0";"3";"21";"1";""
"202300004617";"155 672 385";"C01";"1";"7";"0";"0";"8";"1";"1";""
"202300004618";"155 672 380";"A01";"1";"7";"0";"1";"2";"1";"1";""
"202300004619";"155 672 379";"A01";"2";"7";"0";"2";"7";"15";"1";""
"202300004619";"155 672 382";"B01";"1";"50";"0";"2";"1";"1";"3";""
"202300004620";"155 672 378";"A01";"2";"7";"12";"0";"1";"0";"1";""
"202300004621";"155 672 373";"A01";"1";"43";"0";"2";"1";"5";"1";""
"202300004621";"155 672 377";"B01";"2";"7";"0";"2";"3";"15";"2";""
"202300004622";"155 672 371";"A01";"1";"7";"0";"2";"8";"15";"1";""
"202300004622";"155 672 375";"B01";"1";"31";"0";"2";"1";"1";"1";""
"202300004623";"155 672 369";"A01";"2";"33";"0";"2";"3";"13";"1";""
"202300004623";"155 672 374";"B01";"1";"7";"0";"2";"6";"1";"1";""
"202300004624";"155 672 372";"B01";"2";"7";"0";"2";"0";"1";"1";""
"202300004624";"155 672 376";"A01";"1";"7";"0";"2";"2";"15";"1";""
"202300004625";"155 672 367";"A01";"1";"3";"0";"2";"8";"1";"1";""
"202300004625";"155 672 370";"B01";"3";"50";"0";"2";"8";"1";"3";""
"202300004626";"155 672 365";"B01";"1";"7";"0";"2";"3";"2";"1";""
"202300004626";"155 672 368";"A01";"1";"7";"9";"2";"1";"9";"1";""
"202300004627";"155 672 363";"A01";"2";"10";"0";"2";"8";"16";"1";""
"202300004627";"155 672 366";"B01";"1";"50";"0";"2";"1";"1";"3";""
"202300004628";"155 672 361";"A01";"2";"7";"0";"2";"6";"1";"1";""
"202300004628";"155 672 364";"B01";"2";"7";"0";"2";"1";"0";"0";""
"202300004629";"155 672 360";"A01";"1";"7";"7";"2";"7";"17";"1";""
"202300004629";"155 672 362";"B01";"1";"38";"5";"0";"3";"1";"1";"1"
"202300004630";"155 672 357";"A01";"1";"7";"4";"0";"0";"0";"1";""
"202300004631";"155 672 354";"B01";"2";"7";"0";"2";"1";"15";"1";""
"202300004631";"155 672 358";"A01";"2";"7";"0";"2";"2";"17";"1";""
"202300004632";"155 672 352";"A01";"3";"7";"0";"2";"1";"5";"1";""
"202300004632";"155 672 355";"C01";"3";"7";"0";"2";"0";"16";"1";""
"202300004632";"155 672 359";"B01";"3";"7";"0";"2";"1";"1";"1";""
"202300004633";"155 672 350";"A01";"2";"7";"0";"2";"2";"1";"1";""
"202300004633";"155 672 356";"B01";"2";"7";"0";"2";"9";"18";"1";""
"202300004634";"155 672 348";"A01";"2";"7";"0";"2";"1";"15";"1";""
"202300004634";"155 672 353";"B01";"3";"2";"0";"2";"1";"1";"1";""
"202300004635";"155 672 347";"A01";"2";"7";"0";"1";"2";"1";"1";""
"202300004636";"155 672 344";"C01";"1";"7";"0";"2";"4";"1";"1";""
"202300004636";"155 672 349";"A01";"2";"10";"8";"2";"1";"1";"1";""
"202300004636";"155 672 351";"B01";"1";"7";"0";"2";"7";"15";"1";""
"202300004637";"155 672 343";"A01";"2";"7";"0";"2";"1";"2";"3";""
"202300004637";"155 672 345";"B01";"0";"7";"0";"2";"4";"2";"1";""
"202300004638";"155 672 340";"A01";"1";"43";"2";"0";"1";"26";"1";""
"202300004639";"155 672 342";"B01";"3";"10";"0";"2";"2";"1";"0";""
"202300004639";"155 672 346";"A01";"3";"30";"0";"2";"0";"16";"0";""
"202300004640";"155 672 339";"A01";"1";"7";"0";"1";"1";"1";"1";""
"202300004641";"155 672 336";"A01";"2";"7";"0";"2";"1";"3";"1";""
"202300004641";"155 672 338";"C01";"2";"10";"0";"2";"0";"2";"1";""
"202300004641";"155 672 341";"B01";"2";"7";"0";"2";"4";"2";"1";""
"202300004642";"155 672 330";"A01";"2";"7";"0";"2";"3";"21";"1";""
"202300004642";"155 672 333";"B01";"2";"7";"0";"2";"2";"1";"1";""
"202300004642";"155 672 337";"C01";"2";"7";"0";"2";"5";"2";"1";""
"202300004643";"155 672 331";"A01";"1";"7";"0";"0";"8";"15";"1";""
"202300004643";"155 672 334";"B01";"1";"33";"0";"0";"1";"1";"1";""
"202300004644";"155 672 328";"B01";"2";"2";"0";"2";"1";"1";" -1";""
"202300004644";"155 672 332";"A01";"3";"7";"0";"2";"1";"13";"0";""
"202300004645";"155 672 324";"A01";"2";"7";"0";"2";"5";"15";"1";""
"202300004645";"155 672 327";"B01";"1";"30";"0";"2";"1";"1";"1";""
"202300004646";"155 672 323";"A01";"1";"7";"5";"9";"0";"1";"6";""
"202300004647";"155 672 321";"A01";"2";"7";"0";"2";"1";"2";"1";""
"202300004647";"155 672 325";"B01";"2";"7";"0";"2";"4";"2";"1";""
"202300004648";"155 672 320";"A01";"1";"2";"0";"2";"1";"19";"1";""
"202300004648";"155 672 326";"B01";"2";"10";"0";"0";"8";"1";"1";""
"202300004649";"155 672 319";"B01";"2";"1";"0";"2";"2";"13";"5";""
"202300004649";"155 672 322";"A01";"1";"50";"0";"2";"1";"1";"3";""
"202300004650";"155 672 315";"A01";"3";"7";"0";"2";"3";"9";"1";""
"202300004650";"155 672 318";"B01";"3";"30";"0";"2";"1";"26";"1";""
"202300004651";"155 672 311";"B01";"1";"7";"0";"2";"3";"19";"1";""
"202300004651";"155 672 316";"A01";"2";"33";"0";"2";"1";"1";"1";""
"202300004652";"155 672 309";"A01";"3";"7";"0";"2";"3";"1";"1";""
"202300004652";"155 672 314";"B01";"0";"7";"0";"2";"3";"1";"1";""
"202300004653";"155 672 308";"A01";"1";"10";"0";"2";"2";"1";"1";""
"202300004653";"155 672 312";"B01";"1";"33";"0";"2";"4";"9";"1";""
"202300004654";"155 672 307";"A01";"2";"7";"0";"0";"4";"2";"1";""
"202300004654";"155 672 310";"B01";"2";"7";"0";"2";"1";"1";"1";""
"202300004654";"155 672 313";"C01";"2";"7";"0";"2";"4";"1";"1";""
"202300004654";"155 672 317";"D01";"2";"7";"0";"2";"1";"2";"1";""
"202300004655";"155 672 303";"B01";"3";"7";"0";"2";"1";"1";"1";""
"202300004655";"155 672 306";"A01";"3";"7";"0";"2";"0";"0";"3";""
"202300004656";"155 672 301";"A01";"2";"7";"0";"9";"6";"9";"1";""
"202300004656";"155 672 304";"B01";"2";"1";"0";"2";"7";"1";"5";""
"202300004657";"155 672 299";"A01";"1";"7";"3";"0";"0";"1";"1";""
"202300004658";"155 672 298";"B01";"2";"7";"0";"2";"4";"23";"1";""
"202300004658";"155 672 302";"C01";"2";"7";"0";"2";"4";"23";"1";""
"202300004658";"155 672 305";"A01";"2";"7";"0";"2";"1";"21";"1";""
"202300004659";"155 672 297";"B01";"2";"15";"0";"2";"1";"2";"0";""
"202300004659";"155 672 300";"A01";"1";"7";"15";"2";"1";"0";"0";""
"202300004660";"155 672 294";"A01";"2";"7";"3";"0";"1";"14";"1";""
"202300004661";"155 672 292";"A01";"1";"7";"0";"2";"2";"1";"1";""
"202300004661";"155 672 296";"B01";"1";"33";"0";"2";"4";"2";"1";""
"202300004662";"155 672 293";"A01";"2";"7";"0";"2";"7";"16";"1";""
"202300004662";"155 672 295";"B01";"2";"1";"0";"2";"8";"1";"5";""
"202300004663";"155 672 291";"A01";"1";"7";"4";"0";"1";"1";"1";""
"202300004664";"155 672 283";"B01";"2";"60";"0";"2";"8";"1";"5";""
"202300004664";"155 672 287";"A01";"2";"7";"0";"2";"1";"1";"1";""
"202300004665";"155 672 284";"B01";"1";"33";"0";"2";"7";"3";"1";""
"202300004665";"155 672 288";"A01";"1";"7";"0";"2";"3";"11";"1";""
"202300004666";"155 672 286";"A01";"1";"31";"0";"2";"1";"2";"1";""
"202300004666";"155 672 289";"B01";"1";"7";"0";"2";"4";"1";"1";""
"202300004667";"155 672 285";"B01";"3";"2";"0";"2";"8";"2";"0";""
"202300004667";"155 672 290";"A01";"3";"7";"0";"2";"5";"17";"0";""
"202300004668";"155 672 281";"B01";"2";"7";"0";"2";"4";"12";"1";""
"202300004668";"155 672 282";"A01";"2";"33";"0";"2";"9";"3";"1";""
"202300004669";"155 672 276";"A01";"1";"50";"0";"2";"7";"17";"3";""
"202300004669";"155 672 280";"B01";"1";"7";"0";"2";"3";"15";"3";""
"202300004670";"155 672 275";"A01";"1";"7";"0";"2";"3";"9";"1";""
"202300004670";"155 672 279";"B01";"1";"17";"0";"2";"2";"1";"0";""
"202300004671";"155 672 273";"B01";"2";"1";"0";"2";"1";"14";"5";""
"202300004671";"155 672 278";"Z01";"1";"7";"0";"2";"2";"1";"1";""
"202300004672";"155 672 270";"B01";"2";"50";"0";"2";"4";"0";"3";""
"202300004672";"155 672 277";"A01";"2";"7";"0";"2";"1";"19";"1";""
"202300004673";"155 672 268";"A01";"1";"2";"0";"2";"0";"1";"1";""
"202300004673";"155 672 271";"B01";"1";"7";"0";"2";"0";"15";"1";""
"202300004674";"155 672 263";"B01";"1";"7";"0";"2";"4";"2";"1";""
"202300004674";"155 672 266";"A01";"1";"7";"0";"2";"1";"2";"1";""
"202300004675";"155 672 262";"B01";"1";"2";"0";"2";"8";"1";"1";""
"202300004675";"155 672 265";"A01";"1";"10";"0";"2";"7";"16";"1";""
"202300004676";"155 672 264";"A01";"1";"7";"0";"2";"1";"2";"1";""
"202300004676";"155 672 267";"C01";"1";"7";"0";"2";"4";"2";"1";""
"202300004676";"155 672 269";"B01";"1";"7";"0";"2";"4";"2";"1";""
"202300004677";"155 672 260";"A01";"1";"7";"0";"4";"8";"1";"1";""
"202300004677";"155 672 261";"B01";"1";"40";"0";"2";"1";"1";"3";""
"202300004678";"155 672 257";"A01";"2";"7";"0";"2";"2";"15";"1";""
"202300004678";"155 672 259";"B01";"1";"2";"0";"2";"1";"1";"3";""
"202300004679";"155 672 252";"A01";"1";"7";"0";"2";"1";"26";"1";""