"Num_Acc";"id_vehicule";"num_veh";"senc";"catv";"obs";"obsm";"choc";"manv";"motor";"occutc"
"202300004679";"155 672 256";"B01";"1";"7";"0";"2";"6";"26";"1";""
"202300004679";"155 672 258";"C01";"1";"7";"0";"2";"8";"26";"1";""
"202300004680";"155 672 251";"A01";"1";"7";"0";"2";"1";"1";"1";""
"202300004680";"155 672 255";"B01";"1";"33";"0";"2";"8";"1";"1";""
"202300004681";"155 672 249";"A01";"2";"7";"0";"2";"2";"16";"1";""
"202300004681";"155 672 253";"B01";"2";"33";"0";"2";"8";"1";"1";""
"202300004682";"155 672 247";"C01";"1";"7";"0";"2";"4";"23";"2";""
"202300004682";"155 672 250";"A01";"1";"7";"0";"2";"1";"1";"1";""
"202300004682";"155 672 254";"B01";"1";"10";"0";"2";"4";"23";"1";""
"202300004683";"155 672 246";"A01";"1";"7";"0";"2";"8";"10";"1";""
"202300004683";"155 672 248";"B01";"1";"33";"0";"2";"1";"1";"1";""
"202300004684";"155 672 242";"A01";"1";"7";"0";"2";"1";"2";"1";""
"202300004684";"155 672 245";"B01";"1";"7";"0";"2";"4";"2";"3";""
"202300004685";"155 672 240";"A01";"2";"7";"0";"2";"0";"0";"1";""
"202300004685";"155 672 243";"B01";"2";"1";"0";"2";"0";"0";"5";""
"202300004686";"155 672 238";"A01";"2";"7";"0";"2";"1";"1";"1";""
"202300004686";"155 672 241";"B01";"2";"7";"0";"2";"4";"1";"1";""
"202300004687";"155 672 236";"A01";"3";"50";"0";"0";"0";"1";"3";""
"202300004688";"155 672 237";"AC01";"2";"7";"0";"2";"3";"1";"1";""
"202300004688";"155 672 239";"Z01";"2";"7";"9";"2";"9";"1";"1";""
"202300004688";"155 672 244";"B01";"1";"1";"0";"2";"1";"1";"5";""
"202300004689";"155 672 232";"A01";"1";"33";"0";"2";"1";"0";"1";""
"202300004689";"155 672 234";"B01";"1";"7";"0";"0";"8";"26";"1";""
"202300004690";"155 672 233";"B01";"1";"60";"0";"2";"8";"26";"5";""
"202300004690";"155 672 235";"A01";"1";"7";"0";"2";"1";"1";"1";""
"202300004691";"155 672 229";"A01";"1";"10";"4";"2";"2";"12";"1";""
"202300004691";"155 672 231";"B01";"1";"34";"4";"2";"1";"3";"1";""
"202300004692";"155 672 228";"A01";"1";"2";"0";"0";"7";"1";"1";""
"202300004693";"155 672 227";"B01";"2";"7";"0";"2";"1";"1";"1";""
"202300004693";"155 672 230";"A01";"1";"7";"0";"2";"2";"5";"1";""
"202300004694";"155 672 225";"A01";"1";"10";"12";"0";"4";"23";"0";""
"202300004694";"155 672 226";"B01";"1";"10";"12";"0";"1";"2";"1";""
"202300004695";"155 672 219";"A01";"1";"33";"0";"2";"1";"13";"1";""
"202300004695";"155 672 223";"B01";"2";"7";"0";"2";"6";"16";"1";""
"202300004696";"155 672 220";"A01";"2";"33";"0";"2";"2";"3";"1";""
"202300004696";"155 672 224";"B01";"2";"7";"0";"2";"8";"11";"1";""
"202300004697";"155 672 217";"A01";"1";"7";"2";"0";"7";"0";"1";""
"202300004698";"155 672 216";"A01";"1";"1";"0";"2";"1";"1";"5";""
"202300004698";"155 672 221";"B01";"3";"7";"0";"2";"7";"1";"1";""
"202300004699";"155 672 218";"A01";"2";"7";"0";"2";"8";"13";"1";""
"202300004699";"155 672 222";"B01";"0";"1";"0";"2";"7";"13";"5";""
"202300004700";"155 672 215";"A01";"1";"7";"6";"0";"1";"1";"1";""
"202300004701";"155 672 211";"B01";"1";"7";"0";"2";"5";"1";"1";""
"202300004701";"155 672 214";"A01";"1";"32";"0";"2";"1";"11";"1";""
"202300004702";"155 672 209";"A01";"2";"33";"6";"0";"1";"11";"1";""
"202300004703";"155 672 207";"A01";"1";"7";"0";"2";"3";"1";"1";""
"202300004703";"155 672 213";"B01";"2";"1";"0";"2";"1";"1";"5";""
"202300004704";"155 672 206";"B01";"1";"7";"0";"2";"6";"2";"1";""
"202300004704";"155 672 210";"A01";"1";"31";"0";"2";"1";"2";"1";""
"202300004705";"155 672 208";"B01";"2";"33";"0";"2";"1";"1";"1";""
"202300004705";"155 672 212";"A01";"2";"7";"0";"2";"1";"9";"1";""
"202300004706";"155 672 201";"A01";"1";"7";"0";"2";"0";"0";"1";""
"202300004706";"155 672 204";"B01";"1";"1";"0";"2";"0";"0";"5";""
"202300004707";"155 672 202";"A01";"1";"7";"0";"1";"5";"16";"1";""
"202300004708";"155 672 199";"A01";"1";"10";"0";"2";"5";"2";"1";""
"202300004708";"155 672 203";"B01";"1";"31";"0";"2";"5";"3";"1";""
"202300004708";"155 672 205";"C01";"1";"31";"0";"2";"1";"3";"1";""
"202300004709";"155 672 198";"A01";"2";"7";"0";"1";"1";"16";"1";""
"202300004710";"155 672 197";"B01";"2";"1";"0";"2";"1";"1";"5";""
"202300004710";"155 672 200";"A01";"1";"2";"0";"2";"1";"12";"1";""
"202300004711";"155 672 194";"A01";"1";"7";"0";"2";"1";"1";"1";""
"202300004711";"155 672 196";"B01";"1";"1";"0";"2";"0";"1";"5";""
"202300004712";"155 672 193";"A01";"1";"7";"0";"2";"1";"2";"1";""
"202300004712";"155 672 195";"B01";"1";"2";"0";"2";"4";"2";"1";""
"202300004713";"155 672 187";"A01";"1";"7";"4";"0";"8";"0";"1";""
"202300004714";"155 672 189";"A01";"3";"7";"0";"2";"8";"22";"1";""
"202300004714";"155 672 191";"B01";"2";"1";"0";"2";"1";"1";"5";""
"202300004715";"155 672 185";"B01";"1";"34";"0";"2";"2";"1";"1";""
"202300004715";"155 672 192";"Z01";"2";"7";"0";"2";"3";"16";"1";""
"202300004716";"155 672 184";"A01";"1";"7";"0";"2";"3";"15";"1";""
"202300004716";"155 672 188";"B01";"2";"1";"0";"2";"8";"1";"5";""
"202300004717";"155 672 186";"B01";"1";"14";"0";"2";"7";"16";"1";""
"202300004717";"155 672 190";"A01";"1";"1";"0";"2";"1";"17";"5";""
"202300004718";"155 672 183";"A01";"2";"7";"13";"0";"7";"17";"1";""
"202300004719";"155 672 181";"A01";"1";"7";"0";"2";"1";"13";"1";""
"202300004719";"155 672 182";"B01";"2";"7";"0";"2";"1";"1";"1";""
"202300004720";"155 672 179";"Z01";"1";"50";"0";"1";"7";"25";"3";""
"202300004721";"155 672 173";"B01";"2";"7";"0";"2";"3";"1";"1";""
"202300004721";"155 672 177";"A01";"1";"7";"0";"2";"1";"13";"1";""
"202300004722";"155 672 176";"A01";"1";"7";"0";"2";"3";"15";"1";""
"202300004722";"155 672 180";"B01";"2";"30";"0";"2";"2";"21";"1";""
"202300004723";"155 672 174";"B01";"1";"7";"0";"2";"3";"1";"1";""
"202300004723";"155 672 178";"A01";"2";"2";"0";"2";"1";"13";"1";""
"202300004724";"155 672 170";"Z01";"2";"80";"0";"1";"1";"1";"3";""
"202300004725";"155 672 169";"B01";"1";"7";"0";"2";"8";"1";"1";""
"202300004725";"155 672 171";"C01";"1";"7";"0";"2";"4";"1";"1";""
"202300004725";"155 672 172";"D01";"1";"7";"0";"2";"4";"1";"1";""
"202300004725";"155 672 175";"A01";"1";"7";"0";"2";"0";"12";"1";""
"202300004726";"155 672 167";"A01";"2";"7";"5";"1";"3";"19";"6";""
"202300004727";"155 672 161";"A01";"2";"7";"0";"2";"1";"0";"1";""
"202300004727";"155 672 164";"B01";"2";"60";"0";"2";"7";"1";"5";""
"202300004728";"155 672 163";"B01";"2";"2";"0";"2";"7";"1";"1";""
"202300004728";"155 672 168";"Z01";"2";"10";"0";"2";"1";"15";"1";""
"202300004729";"155 672 160";"A01";"1";"33";"3";"0";"8";"17";"0";""
"202300004730";"155 672 159";"A01";"2";"7";"0";"2";"1";"1";"1";""
"202300004730";"155 672 166";"B01";"2";"7";"0";"2";"3";"1";"1";""
"202300004731";"155 672 162";"A01";"3";"14";"0";"2";"1";"2";"1";""
"202300004731";"155 672 165";"B01";"3";"2";"0";"0";"4";"2";"3";""
"202300004732";"155 672 158";"A01";"2";"7";"1";"0";"2";"0";"1";""
"202300004733";"155 672 156";"A01";"3";"1";"0";"0";"2";"1";"5";""
"202300004734";"155 672 152";"A01";"3";"7";"0";"9";"2";"14";"0";""
"202300004734";"155 672 155";"B01";"3";"60";"0";"2";"1";"1";"5";""
"202300004735";"155 672 151";"B01";"3";"1";"0";"2";"3";"2";"5";""
"202300004735";"155 672 154";"A01";"3";"7";"0";"2";"2";"14";"1";""
"202300004736";"155 672 149";"A01";"2";"32";"0";"2";"0";"26";"1";""
"202300004736";"155 672 150";"B01";"2";"10";"0";"2";"7";"16";"1";""
"202300004737";"155 672 153";"A01";"1";"33";"0";"2";"7";"12";"1";""
"202300004737";"155 672 157";"B01";"1";"7";"0";"2";"3";"16";"1";""
"202300004738";"155 672 146";"A01";"3";"30";"0";"2";"1";"17";"1";""
"202300004738";"155 672 148";"B01";"3";"10";"0";"2";"3";"15";"1";""
"202300004739";"155 672 145";"A01";"2";"33";"0";"2";"0";"1";"0";""
"202300004739";"155 672 147";"B01";"1";"7";"0";"2";"3";"1";"0";""
"202300004740";"155 672 142";"A01";"2";"7";"0";"0";"0";"0";"1";""
"202300004741";"155 672 138";"A01";"1";"1";"12";"0";"1";"1";"5";""
"202300004742";"155 672 141";"A01";"1";"7";"0";"2";"3";"22";"1";""
"202300004742";"155 672 144";"B01";"1";"1";"0";"2";"0";"1";"5";""
"202300004743";"155 672 137";"A01";"1";"7";"0";"2";"2";"18";"1";""
"202300004743";"155 672 140";"B01";"1";"2";"0";"2";"3";"18";"1";""
"202300004744";"155 672 136";"A01";"1";"1";"0";"0";"0";"0";"5";""
"202300004745";"155 672 135";"A01";"1";"34";"11";"0";"1";"17";"1";""
"202300004746";"155 672 134";"A01";"1";"1";"14";"0";"0";"1";"5";""
"202300004747";"155 672 132";"A01";"1";"10";"0";"0";"2";"26";"1";""
"202300004748";"155 672 131";"A01";"1";"30";"0";"0";"0";"0";"1";""
"202300004749";"155 672 126";"A01";"1";"2";"0";"2";"1";"0";"1";""
"202300004749";"155 672 130";"B01";"3";"7";"0";"2";"2";"9";"1";""
"202300004750";"155 672 124";"A01";"1";"7";"0";"2";"3";"6";"1";""
"202300004750";"155 672 129";"B01";"1";"50";"0";"0";"1";"1";"3";""
"202300004751";"155 672 123";"A01";"2";"7";"0";"2";"1";"1";"1";""
"202300004751";"155 672 127";"B01";"2";"1";"0";"2";"8";"1";"5";""
"202300004752";"155 672 122";"A01";"1";"7";"0";"2";"1";"1";"1";""
"202300004752";"155 672 128";"B01";"1";"7";"0";"2";"4";"15";"0";""
"202300004753";"155 672 121";"A01";"1";"7";"0";"2";"6";"22";"2";""
"202300004753";"155 672 125";"B01";"1";"2";"1";"0";"7";"17";"1";""
"202300004754";"155 672 118";"A01";"3";"7";"0";"0";"8";"1";"0";""
"202300004754";"155 672 120";"B01";"3";"1";"0";"2";"1";"19";"5";""
"202300004755";"155 672 116";"A01";"1";"10";"0";"1";"1";"1";"1";""
"202300004756";"155 672 114";"A01";"3";"33";"0";"1";"1";"2";"0";""
"202300004757";"155 672 115";"A01";"1";"7";"0";"2";"1";"13";"1";""
"202300004757";"155 672 117";"B01";"2";"7";"0";"2";"1";"1";"1";""
"202300004758";"155 672 112";"B01";"1";"7";"0";"2";"3";"9";"1";""
"202300004758";"155 672 119";"A01";"2";"7";"0";"2";"1";"1";"1";""
"202300004759";"155 672 110";"A01";"3";"33";"0";"4";"7";"9";"1";""
"202300004759";"155 672 113";"B01";"1";"39";"0";"2";"1";"1";"3";""
"202300004760";"155 672 108";"A01";"1";"33";"0";"2";"1";"2";"1";""
"202300004760";"155 672 111";"B01";"1";"7";"0";"2";"4";"1";"1";""
"202300004761";"155 672 106";"A01";"2";"50";"0";"2";"8";"13";"3";""
"202300004761";"155 672 109";"B01";"2";"7";"0";"9";"2";"2";"1";""
"202300004762";"155 672 104";"A01";"2";"7";"14";"0";"1";"1";"0";""
"202300004763";"155 672 101";"A01";"1";"7";"2";"0";"1";"1";"1";""
"202300004763";"155 672 105";"B01";"1";"99";"8";"2";"3";"0";"1";""
"202300004764";"155 672 097";"A01";"1";"2";"0";"2";"0";"0";"1";""
"202300004764";"155 672 100";"B01";"2";"7";"0";"2";"0";"0";"1";""
"202300004765";"155 672 096";"B01";"1";"7";"0";"2";"4";"2";"1";""
"202300004765";"155 672 099";"A01";"1";"30";"0";"2";"1";"2";"1";""
"202300004766";"155 672 095";"A01";"2";"7";"0";"2";"3";"15";"1";""
"202300004766";"155 672 098";"B01";"2";"34";"0";"2";"1";"17";"1";""
"202300004767";"155 672 093";"A01";"3";"7";"0";"1";"1";"1";"1";""
"202300004768";"155 672 092";"B01";"3";"1";"0";"2";"0";"0";"5";""
"202300004768";"155 672 094";"A01";"1";"10";"0";"9";"2";"2";"1";""
"202300004769";"155 672 088";"A01";"1";"7";"0";"2";"2";"16";"1";""
"202300004769";"155 672 091";"B01";"1";"60";"0";"2";"8";"1";"5";""
"202300004770";"155 672 087";"A01";"1";"7";"16";"2";"1";"0";"0";""
"202300004770";"155 672 090";"B01";"2";"7";"16";"2";"1";"0";"1";""
"202300004771";"155 672 083";"A01";"2";"7";"0";"2";"1";"1";"0";""
"202300004771";"155 672 085";"B01";"2";"7";"0";"2";"4";"23";"0";""
"202300004771";"155 672 089";"C01";"1";"7";"0";"2";"4";"1";"1";""
"202300004772";"155 672 081";"A01";"2";"7";"13";"0";"1";"1";"1";""
"202300004773";"155 672 076";"B01";"1";"7";"0";"2";"3";"0";"1";""
"202300004773";"155 672 080";"A01";"2";"7";"0";"2";"7";"1";"1";""
"202300004774";"155 672 079";"A01";"2";"7";"0";"2";"3";"15";"0";""
"202300004774";"155 672 082";"B01";"1";"33";"0";"2";"1";"1";"0";""
"202300004775";"155 672 074";"A01";"3";"0";"0";"2";"0";"26";"0";""
"202300004775";"155 672 077";"B01";"3";"50";"0";"2";"1";"5";"3";""
"202300004776";"155 672 073";"B01";"2";"7";"0";"2";"8";"1";"1";""
"202300004776";"155 672 075";"A01";"1";"7";"0";"2";"8";"1";"1";""
"202300004777";"155 672 072";"A01";"1";"1";"0";"2";"1";"1";"5";""
"202300004777";"155 672 078";"B01";"2";"7";"0";"2";"3";"1";"1";""
"202300004778";"155 672 067";"A01";"1";"7";"0";"2";"1";"1";"0";""
"202300004778";"155 672 068";"B01";"2";"7";"0";"2";"2";"0";"0";""
"202300004779";"155 672 065";"B01";"0";"1";"1";"2";"4";"1";"5";""
"202300004779";"155 672 071";"A01";"0";"7";"0";"2";"1";"16";"1";""
"202300004780";"155 672 064";"A01";"3";"99";"0";"2";"1";"19";"0";""
"202300004780";"155 672 069";"B01";"2";"99";"0";"2";"5";"1";"1";""
"202300004781";"155 672 063";"A01";"1";"7";"0";"2";"1";"2";"1";""
"202300004781";"155 672 066";"B01";"1";"7";"0";"2";"4";"23";"2";""
"202300004782";"155 672 062";"A01";"1";"31";"0";"2";"1";"19";"1";""
"202300004782";"155 672 070";"B01";"1";"7";"0";"2";"3";"15";"1";""
"202300004783";"155 672 060";"A01";"1";"33";"0";"0";"0";"0";"0";""
"202300004784";"155 672 059";"A01";"1";"10";"0";"1";"3";"15";"1";""
"202300004785";"155 672 058";"A01";"3";"2";"0";"2";"1";"21";"1";""
"202300004785";"155 672 061";"B01";"3";"10";"0";"2";"3";"21";"1";""
"202300004786";"155 672 057";"A01";"3";"7";"0";"1";"0";"11";"1";""
"202300004787";"155 672 055";"B01";"1";"10";"0";"2";"3";"1";"1";""
"202300004787";"155 672 056";"A01";"1";"7";"0";"2";"1";"1";"1";""
"202300004788";"155 672 054";"A01";"1";"7";"9";"2";"2";"1";"1";""
"202300004789";"155 672 053";"A01";"1";"7";"2";"0";"0";"1";"1";""
"202300004790";"155 672 050";"B01";"2";"0";"0";"2";"1";"2";"0";""
"202300004790";"155 672 052";"A01";"2";"37";"0";"2";"6";"2";"0";"1"
"202300004791";"155 672 049";"A01";"1";"7";"0";"2";"3";"15";"1";""
"202300004791";"155 672 051";"B01";"1";"33";"0";"2";"1";"17";"1";""
"202300004792";"155 672 048";"A01";"1";"33";"1";"0";"0";"0";"1";""
"202300004793";"155 672 047";"A01";"3";"7";"0";"1";"1";"1";"0";""
"202300004794";"155 672 046";"A01";"1";"7";"3";"0";"2";"1";"1";""
"202300004795";"155 672 043";"A01";"3";"7";"10";"0";"1";"20";"3";""
"202300004796";"155 672 038";"B01";"2";"7";"0";"2";"4";"1";"1";""
"202300004796";"155 672 044";"A01";"2";"7";"0";"2";"1";"1";"1";""
"202300004797";"155 672 041";"A01";"2";"33";"0";"2";"4";"23";"1";""
"202300004797";"155 672 045";"B01";"2";"15";"0";"2";"1";"1";"1";""
"202300004798";"155 672 039";"A01";"2";"7";"0";"2";"0";"1";"1";""
"202300004798";"155 672 042";"B01";"2";"60";"0";"2";"0";"1";"5";""
"202300004799";"155 672 040";"A01";"3";"7";"1";"0";"7";"2";"0";""
"202300004800";"155 672 037";"A01";"3";"33";"0";"0";"1";"1";"1";""
"202300004801";"155 672 033";"Y01";"2";"1";"0";"2";"0";"9";"5";""
"202300004801";"155 672 035";"A01";"2";"7";"0";"9";"0";"9";"1";""
"202300004802";"155 672 032";"A01";"2";"7";"11";"0";"3";"1";"1";""
"202300004803";"155 672 031";"A01";"1";"7";"0";"2";"1";"13";"0";""
"202300004803";"155 672 036";"B01";"2";"7";"0";"2";"1";"0";"0";""
"202300004804";"155 672 030";"A01";"1";"7";"0";"2";"2";"0";"1";""
"202300004804";"155 672 034";"B01";"1";"30";"0";"2";"0";"0";"1";""
"202300004805";"155 672 028";"A01";"3";"30";"0";"2";"1";"2";"1";""
"202300004805";"155 672 029";"B01";"3";"7";"0";"2";"4";"2";"1";""
"202300004806";"155 672 024";"A01";"2";"7";"1";"0";"0";"0";"1";""
"202300004807";"155 672 023";"A01";"3";"7";"14";"0";"4";"23";"0";""
"202300004807";"155 672 025";"B01";"3";"2";"14";"0";"4";"23";"1";""
"202300004807";"155 672 027";"C01";"2";"7";"14";"0";"1";"1";"0";""
"202300004808";"155 672 022";"B01";"3";"2";"0";"2";"1";"2";"1";""
"202300004808";"155 672 026";"A01";"3";"2";"0";"2";"4";"18";"1";""
"202300004809";"155 672 021";"A01";"3";"7";"0";"1";"1";"1";"3";""
"202300004810";"155 672 020";"A01";"1";"7";"0";"1";"1";"1";"1";""
"202300004811";"155 672 019";"A01";"1";"7";"6";"1";"0";"0";"1";""
"202300004812";"155 672 017";"A01";"1";"7";"0";"1";"3";"1";"1";""
"202300004813";"155 672 012";"B01";"1";"7";"0";"2";"1";"2";"1";""
"202300004813";"155 672 015";"A01";"1";"7";"0";"2";"4";"23";"1";""
"202300004814";"155 672 011";"A01";"1";"7";"0";"2";"0";"0";"1";""
"202300004814";"155 672 014";"B01";"1";"60";"0";"2";"0";"1";"5";""
"202300004815";"155 672 008";"A01";"3";"7";"0";"1";"2";"1";"1";""
"202300004816";"155 672 010";"A01";"1";"7";"0";"2";"3";"11";"1";""
"202300004816";"155 672 013";"B01";"2";"7";"0";"2";"1";"1";"1";""
"202300004817";"155 672 006";"B01";"1";"7";"0";"2";"5";"16";"1";""
"202300004817";"155 672 009";"A01";"1";"34";"0";"2";"1";"9";"1";""
"202300004818";"155 672 007";"A01";"2";"7";"0";"1";"3";"15";"1";""
"202300004819";"155 672 003";"A01";"1";"7";"0";"2";"0";"15";"1";""
"202300004819";"155 672 005";"B01";"2";"7";"0";"2";"0";"0";"1";""
"202300004820";"155 672 002";"A01";"2";"2";"0";"2";"1";"1";"0";""
"202300004820";"155 672 004";"B01";"1";"7";"0";"2";"5";"15";"1";""
"202300004821";"155 671 998";"B01";"1";"32";"0";"2";"4";"2";"1";""
"202300004821";"155 672 000";"A01";"1";"7";"0";"2";"2";"2";"1";""
"202300004822";"155 671 999";"A01";"1";"13";"0";"2";"7";"2";"0";""
"202300004822";"155 672 001";"B01";"1";"33";"0";"2";"8";"2";"0";""
"202300004823";"155 671 996";"A01";"2";"7";"0";"2";"4";"2";"1";""
"202300004823";"155 671 997";"B01";"2";"7";"0";"2";"1";"2";"1";""
"202300004824";"155 671 995";"A01";"1";"7";"13";"0";"0";"1";"1";""
"202300004825";"155 671 992";"A01";"1";"7";"0";"1";"1";"1";"1";""
"202300004826";"155 671 993";"A01";"0";"7";"0";"1";"3";"1";"1";""
"202300004827";"155 671 991";"A01";"1";"50";"0";"2";"1";"15";"3";""
"202300004827";"155 671 994";"B01";"1";"1";"0";"2";"2";"1";"5";""
"202300004828";"155 671 989";"A01";"2";"7";"0";"1";"2";"1";"1";""
"202300004829";"155 671 986";"A01";"1";"7";"0";"2";"0";"0";"1";""
"202300004829";"155 671 990";"B01";"1";"1";"0";"2";"0";"0";"5";""
"202300004830";"155 671 985";"B01";"3";"7";"0";"9";"5";"16";"1";""
"202300004830";"155 671 987";"A01";"3";"50";"0";"2";"2";"2";"3";""
"202300004831";"155 671 978";"A01";"2";"7";"0";"2";"4";"2";"1";""
"202300004831";"155 671 981";"B01";"2";"10";"0";"2";"1";"2";"1";""
"202300004831";"155 671 984";"C01";"2";"15";"0";"2";"1";"2";"1";""
"202300004832";"155 671 980";"A01";"2";"3";"1";"0";"2";"16";"0";""
"202300004832";"155 671 982";"B01";"1";"30";"1";"2";"0";"18";"1";""
"202300004833";"155 671 976";"A01";"0";"33";"0";"2";"2";"3";"1";""
"202300004833";"155 671 979";"B01";"0";"10";"0";"2";"5";"2";"1";""
"202300004834";"155 671 977";"A01";"3";"7";"3";"2";"3";"13";"1";""
"202300004834";"155 671 983";"B01";"3";"7";"0";"2";"2";"2";"1";""
"202300004835";"155 671 974";"A01";"3";"7";"0";"2";"5";"15";"1";""
"202300004836";"155 671 972";"A01";"1";"1";"0";"2";"1";"9";"5";""
"202300004836";"155 671 975";"B01";"2";"1";"0";"2";"1";"1";"5";""
"202300004837";"155 671 969";"A01";"1";"7";"0";"2";"1";"2";"1";""
"202300004837";"155 671 971";"B01";"1";"7";"0";"2";"4";"1";"1";""
"202300004838";"155 671 970";"A01";"1";"7";"0";"0";"1";"26";"1";""
"202300004838";"155 671 973";"B01";"1";"80";"9";"2";"7";"19";"3";""
"202300004839";"155 671 967";"A01";"0";"7";"0";"2";"1";"1";"1";""
"202300004839";"155 671 968";"B01";"0";"7";"0";"2";"7";"0";"1";""
"202300004840";"155 671 965";"A01";"2";"33";"15";"0";"1";"1";"1";""
"202300004841";"155 671 963";"A01";"1";"7";"0";"1";"1";"1";"1";""
"202300004842";"155 671 964";"A01";"2";"7";"0";"2";"2";"16";"1";""
"202300004842";"155 671 966";"B01";"0";"50";"0";"0";"1";"1";"3";""
"202300004843";"155 671 961";"A01";"0";"7";"0";"2";"5";"15";"1";""
"202300004843";"155 671 962";"B01";"0";"33";"0";"2";"1";"1";"1";""
"202300004844";"155 671 956";"A01";"1";"7";"0";"2";"1";"2";"1";""
"202300004844";"155 671 959";"B01";"1";"33";"0";"2";"4";"2";"1";""
"202300004845";"155 671 958";"B01";"2";"7";"0";"2";"1";"26";"1";""
"202300004845";"155 671 960";"A01";"1";"2";"0";"0";"0";"13";"0";""
"202300004846";"155 671 954";"B01";"0";"7";"0";"2";"1";"1";"1";""
"202300004846";"155 671 957";"A01";"0";"30";"0";"2";"3";"1";"1";""
"202300004847";"155 671 953";"A01";"2";"31";"0";"0";"0";"1";"1";""
"202300004848";"155 671 952";"A01";"1";"7";"0";"2";"6";"19";"0";""
"202300004848";"155 671 955";"B01";"1";"34";"0";"2";"1";"2";"1";""
"202300004849";"155 671 949";"DA01";"3";"30";"12";"0";"0";"26";"1";""
"202300004850";"155 671 946";"A01";"2";"7";"1";"0";"2";"14";"0";""
"202300004851";"155 671 947";"B01";"1";"7";"0";"2";"4";"2";"1";""
"202300004851";"155 671 951";"A01";"1";"7";"1";"0";"1";"2";"1";""
"202300004852";"155 671 945";"A01";"2";"33";"0";"2";"9";"26";"1";""
"202300004852";"155 671 948";"B01";"2";"7";"0";"2";"6";"2";"1";""
"202300004852";"155 671 950";"C01";"2";"7";"0";"2";"8";"2";"1";""
"202300004853";"155 671 944";"A01";"2";"7";"0";"1";"1";"1";"1";""
"202300004854";"155 671 943";"A01";"1";"7";"8";"0";"1";"13";"1";""
"202300004855";"155 671 941";"A01";"1";"7";"0";"1";"1";"10";"1";""
"202300004856";"155 671 939";"A01";"2";"15";"0";"1";"1";"1";"1";""
"202300004857";"155 671 940";"B01";"1";"33";"0";"0";"9";"1";"1";""
"202300004857";"155 671 942";"A01";"1";"33";"0";"0";"9";"1";"1";""
"202300004858";"155 671 934";"A01";"1";"99";"0";"2";"5";"16";"0";""
"202300004858";"155 671 936";"B01";"1";"17";"0";"2";"3";"16";"0";""
"202300004858";"155 671 937";"C01";"1";"7";"0";"2";"7";"16";"0";""
"202300004859";"155 671 932";"A01";"2";"7";"0";"0";"3";"2";"1";""
"202300004859";"155 671 935";"B01";"1";"7";"0";"0";"3";"2";"0";""
"202300004860";"155 671 930";"B01";"3";"7";"0";"0";"7";"1";"1";""
"202300004860";"155 671 933";"A01";"3";"2";"0";"2";"1";"19";"1";""
"202300004861";"155 671 928";"A01";"1";"7";"0";"2";"8";"11";"1";""
"202300004861";"155 671 931";"B01";"1";"7";"0";"2";"2";"2";"1";""
"202300004862";"155 671 925";"A01";"1";"7";"0";"2";"3";"15";"1";""
"202300004862";"155 671 927";"B01";"1";"32";"0";"2";"7";"1";"1";""
"202300004863";"155 671 924";"A01";"1";"10";"9";"2";"1";"2";"1";""
"202300004863";"155 671 926";"B01";"1";"7";"0";"2";"4";"2";"1";""
"202300004863";"155 671 929";"C01";"1";"7";"0";"2";"4";"2";"1";""
"202300004864";"155 671 921";"A01";"1";"7";"0";"1";"3";"1";"1";""
"202300004865";"155 671 919";"A01";"2";"7";"0";"2";"1";"10";"1";""
"202300004865";"155 671 923";"B01";"1";"34";"0";"2";"2";"1";"1";""
"202300004866";"155 671 918";"A01";"3";"7";"0";"2";"3";"19";"1";""
"202300004866";"155 671 920";"B01";"3";"2";"0";"2";"1";"17";"1";""
"202300004867";"155 671 917";"B01";"2";"10";"0";"2";"2";"10";"1";""
"202300004867";"155 671 922";"A01";"2";"31";"0";"2";"1";"21";"1";""
"202300004868";"155 671 916";"A01";"1";"7";"0";"2";"1";"1";"1";""
"202300004869";"155 671 915";"A01";"2";"7";"2";"0";"1";"13";"1";""
"202300004870";"155 671 909";"A01";"2";"13";"16";"0";"3";"3";"1";""
"202300004870";"155 671 912";"B01";"1";"37";"16";"0";"1";"3";"1";"4"
"202300004871";"155 671 908";"B01";"1";"7";"0";"2";"8";"14";"1";""
"202300004871";"155 671 913";"A01";"1";"32";"0";"2";"5";"1";"1";""
"202300004872";"155 671 906";"A01";"2";"7";"13";"0";"1";"21";"1";""
"202300004873";"155 671 903";"Y01";"3";"60";"0";"9";"1";"0";"5";""
"202300004873";"155 671 905";"A01";"3";"1";"0";"2";"1";"1";"5";""
"202300004874";"155 671 902";"A01";"1";"10";"0";"2";"1";"1";"1";""
"202300004874";"155 671 904";"B01";"1";"7";"0";"2";"4";"1";"1";""
"202300004875";"155 671 898";"A01";"2";"7";"0";"2";"3";"1";"1";""
"202300004875";"155 671 900";"B01";"1";"7";"0";"2";"3";"1";"1";""
"202300004876";"155 671 895";"A01";"1";"13";"0";"9";"4";"2";"1";""
"202300004876";"155 671 897";"B01";"1";"7";"0";"9";"4";"2";"1";""
"202300004876";"155 671 901";"C01";"1";"7";"0";"9";"4";"0";"1";""
"202300004877";"155 671 896";"A01";"1";"7";"0";"1";"2";"1";"1";""
"202300004878";"155 671 894";"A01";"2";"10";"0";"2";"1";"15";"1";""
"202300004878";"155 671 899";"B01";"1";"1";"0";"2";"1";"1";"5";""
"202300004879";"155 671 890";"A01";"3";"80";"0";"0";"0";"0";"3";""