"Num_Acc";"id_vehicule";"num_veh";"senc";"catv";"obs";"obsm";"choc";"manv";"motor";"occutc"
"202300005706";"155 670 442";"A01";"1";"7";"0";"2";"3";"19";"1";""
"202300005706";"155 670 443";"B01";"2";"2";"0";"2";"1";"1";"1";""
"202300005707";"155 670 441";"A01";"2";"7";"2";"0";"3";"13";"1";""
"202300005708";"155 670 440";"A01";"2";"33";"0";"0";"9";"1";"1";""
"202300005709";"155 670 439";"A01";"0";"7";"0";"1";"0";"0";"0";""
"202300005710";"155 670 438";"A01";"3";"7";"1";"0";"1";"0";"1";""
"202300005711";"155 670 436";"A01";"1";"7";"0";"2";"1";"1";"1";""
"202300005711";"155 670 437";"B01";"2";"13";"0";"2";"1";"1";"1";""
"202300005712";"155 670 434";"A01";"1";"7";"0";"9";"2";"1";"1";""
"202300005712";"155 670 435";"B01";"1";"1";"0";"0";"4";"1";"5";""
"202300005713";"155 670 433";"A01";"1";"7";"0";"1";"2";"1";"0";""
"202300005714";"155 670 431";"A01";"2";"7";"0";"2";"2";"2";"1";""
"202300005714";"155 670 432";"B01";"2";"7";"0";"2";"6";"2";"1";""
"202300005715";"155 670 429";"A01";"2";"7";"2";"0";"1";"6";"0";""
"202300005716";"155 670 427";"A01";"1";"43";"3";"2";"1";"1";"1";""
"202300005716";"155 670 428";"B01";"1";"15";"0";"2";"6";"1";"1";""
"202300005717";"155 670 424";"B01";"1";"7";"0";"2";"5";"2";"1";""
"202300005717";"155 670 425";"C01";"1";"7";"0";"2";"2";"2";"1";""
"202300005717";"155 670 426";"A01";"1";"7";"0";"6";"3";"0";"1";""
"202300005718";"155 670 423";"A01";"1";"7";"4";"0";"1";"21";"1";""
"202300005719";"155 670 422";"A01";"2";"7";"3";"0";"9";"1";"1";""
"202300005720";"155 670 421";"A01";"2";"7";"4";"0";"2";"1";"1";""
"202300005721";"155 670 420";"A01";"3";"31";"0";"0";"0";"21";"1";""
"202300005722";"155 670 417";"A01";"1";"7";"4";"2";"1";"17";"1";""
"202300005722";"155 670 418";"B01";"1";"7";"0";"2";"8";"1";"1";""
"202300005722";"155 670 419";"C01";"1";"7";"0";"2";"1";"1";"1";""
"202300005723";"155 670 415";"A01";"2";"7";"0";"2";"8";"11";"1";""
"202300005723";"155 670 416";"B01";"2";"7";"0";"2";"7";"1";"1";""
"202300005724";"155 670 414";"A01";"0";"99";"8";"0";"1";"0";"1";""
"202300005725";"155 670 412";"A01";"1";"7";"0";"2";"1";"0";"1";""
"202300005725";"155 670 413";"B01";"2";"10";"0";"2";"1";"1";"1";""
"202300005726";"155 670 411";"A01";"2";"7";"2";"0";"0";"0";"1";""
"202300005727";"155 670 409";"B01";"1";"7";"0";"2";"3";"15";"1";""
"202300005727";"155 670 410";"A01";"2";"31";"0";"2";"2";"17";"1";""
"202300005728";"155 670 406";"A01";"1";"7";"2";"0";"0";"1";"1";""
"202300005729";"155 670 404";"A01";"1";"7";"0";"2";"2";"15";"1";""
"202300005729";"155 670 405";"B01";"2";"33";"0";"2";"1";"1";"1";""
"202300005730";"155 670 402";"A01";"2";"15";"0";"2";"1";"1";"1";""
"202300005730";"155 670 403";"B01";"2";"2";"0";"2";"4";"1";"1";""
"202300005731";"155 670 400";"A01";"1";"2";"0";"2";"1";"1";"1";""
"202300005731";"155 670 401";"B01";"3";"7";"0";"2";"3";"20";"1";""
"202300005732";"155 670 398";"B01";"2";"1";"13";"2";"7";"19";"5";""
"202300005732";"155 670 399";"A01";"2";"7";"0";"9";"1";"1";"1";""
"202300005733";"155 670 394";"B01";"2";"7";"0";"2";"3";"21";"0";""
"202300005733";"155 670 395";"A01";"2";"7";"0";"2";"1";"5";"1";""
"202300005733";"155 670 396";"C01";"1";"7";"0";"2";"1";"21";"0";""
"202300005733";"155 670 397";"D01";"1";"7";"0";"2";"3";"21";"0";""
"202300005734";"155 670 393";"A01";"2";"7";"0";"1";"2";"1";"1";""
"202300005735";"155 670 391";"B01";"1";"7";"0";"2";"3";"1";"1";""
"202300005735";"155 670 392";"A01";"2";"7";"0";"2";"3";"13";"1";""
"202300005736";"155 670 388";"C01";"1";"7";"0";"2";"8";"13";"1";""
"202300005736";"155 670 389";"A01";"1";"7";"3";"0";"3";"1";"1";""
"202300005736";"155 670 390";"B01";"1";"7";"0";"2";"2";"3";"1";""
"202300005737";"155 670 387";"A01";"1";"7";"4";"0";"3";"13";"0";""
"202300005738";"155 670 384";"A01";"2";"7";"0";"2";"1";"2";"0";""
"202300005738";"155 670 385";"B01";"2";"7";"0";"2";"1";"2";"0";""
"202300005738";"155 670 386";"C01";"2";"7";"0";"0";"0";"0";"0";""
"202300005739";"155 670 381";"A01";"2";"7";"0";"2";"1";"2";"1";""
"202300005739";"155 670 382";"B01";"2";"7";"0";"2";"4";"2";"1";""
"202300005739";"155 670 383";"C01";"2";"7";"0";"2";"4";"2";"1";""
"202300005740";"155 670 379";"A01";"1";"7";"0";"2";"1";"2";"1";""
"202300005740";"155 670 380";"B01";"1";"7";"0";"2";"4";"2";"1";""
"202300005741";"155 670 377";"A01";"2";"7";"0";"2";"5";"12";"1";""
"202300005741";"155 670 378";"B01";"2";"33";"0";"2";"1";"3";"0";""
"202300005742";"155 670 374";"A01";"2";"7";"0";"2";"1";"1";"1";""
"202300005742";"155 670 375";"B01";"2";"7";"0";"2";"4";"1";"1";""
"202300005742";"155 670 376";"C01";"2";"7";"0";"2";"4";"1";"1";""
"202300005743";"155 670 373";"A01";"2";"7";"3";"0";"9";"1";"1";""
"202300005744";"155 670 372";"A01";"1";"7";"4";"0";"3";"26";"1";""
"202300005745";"155 670 370";"B01";"2";"32";"0";"2";"0";"0";"1";""
"202300005745";"155 670 371";"Z01";"2";"0";"0";"0";"0";"0";"0";""
"202300005746";"155 670 369";"A01";"1";"7";"3";"0";"3";"0";"1";""
"202300005747";"155 670 366";"A01";"2";"10";"0";"2";"3";"1";"1";""
"202300005747";"155 670 367";"B01";"2";"7";"0";"2";"6";"23";"1";""
"202300005747";"155 670 368";"C01";"2";"7";"0";"2";"5";"2";"1";""
"202300005748";"155 670 363";"B01";"1";"7";"0";"2";"4";"1";"1";""
"202300005748";"155 670 364";"A01";"1";"7";"0";"2";"1";"1";"1";""
"202300005748";"155 670 365";"C01";"1";"7";"0";"2";"4";"0";"1";""
"202300005749";"155 670 361";"B01";"2";"7";"0";"0";"4";"2";"1";""
"202300005749";"155 670 362";"A01";"2";"10";"0";"2";"1";"2";"1";""
"202300005750";"155 670 359";"A01";"3";"15";"0";"0";"6";"24";"0";""
"202300005750";"155 670 360";"B01";"3";"80";"1";"0";"1";"0";"3";""
"202300005751";"155 670 357";"A01";"1";"1";"0";"2";"7";"1";"5";""
"202300005751";"155 670 358";"B01";"1";"7";"0";"9";"1";"2";"1";""
"202300005752";"155 670 355";"A01";"1";"7";"0";"2";"1";"5";"1";""
"202300005752";"155 670 356";"B01";"2";"7";"0";"2";"1";"1";"1";""
"202300005753";"155 670 352";"A01";"1";"10";"0";"2";"1";"2";"1";""
"202300005753";"155 670 353";"B01";"1";"7";"0";"0";"4";"2";"1";""
"202300005753";"155 670 354";"C01";"1";"7";"0";"0";"4";"2";"1";""
"202300005754";"155 670 350";"A01";"0";"33";"0";"2";"1";"19";"0";""
"202300005754";"155 670 351";"B01";"1";"7";"0";"2";"8";"19";"1";""
"202300005755";"155 670 348";"B01";"3";"99";"0";"2";"3";"19";"1";""
"202300005755";"155 670 349";"A01";"3";"10";"0";"2";"1";"1";"1";""
"202300005756";"155 670 346";"Z01";"3";"7";"0";"2";"1";"0";"0";""
"202300005756";"155 670 347";"A01";"3";"2";"0";"2";"0";"0";"0";""
"202300005757";"155 670 344";"A01";"1";"2";"0";"2";"1";"2";"0";""
"202300005757";"155 670 345";"B01";"1";"7";"0";"2";"4";"1";"0";""
"202300005758";"155 670 342";"A01";"1";"7";"0";"2";"4";"20";"1";""
"202300005758";"155 670 343";"B01";"1";"2";"0";"2";"1";"1";"1";""
"202300005759";"155 670 340";"B01";"2";"50";"0";"2";"7";"2";"3";""
"202300005759";"155 670 341";"A01";"2";"7";"0";"2";"8";"10";"1";""
"202300005760";"155 670 339";"A01";"1";"7";"5";"0";"3";"16";"1";""
"202300005761";"155 670 335";"B01";"0";"7";"0";"2";"5";"9";"0";""
"202300005761";"155 670 336";"A01";"3";"7";"0";"2";"3";"1";"0";""
"202300005762";"155 670 334";"A01";"1";"7";"0";"1";"2";"1";"1";""
"202300005763";"155 670 333";"A01";"2";"7";"2";"0";"2";"14";"1";""
"202300005764";"155 670 331";"A01";"1";"2";"0";"2";"8";"2";"1";""
"202300005764";"155 670 332";"B01";"1";"2";"0";"2";"7";"2";"1";""
"202300005765";"155 670 330";"A01";"2";"7";"0";"1";"1";"1";"1";""
"202300005766";"155 670 327";"A01";"2";"7";"1";"0";"2";"14";"2";""
"202300005766";"155 670 328";"B01";"3";"7";"0";"2";"2";"23";"1";""
"202300005767";"155 670 325";"A01";"1";"7";"0";"2";"3";"13";"1";""
"202300005767";"155 670 326";"B01";"2";"7";"0";"2";"3";"1";"1";""
"202300005768";"155 670 323";"A01";"0";"7";"0";"2";"1";"1";"1";""
"202300005768";"155 670 324";"B01";"1";"7";"0";"2";"1";"1";"1";""
"202300005769";"155 670 321";"A01";"1";"7";"0";"2";"1";"1";"1";""
"202300005769";"155 670 322";"B01";"2";"33";"0";"2";"1";"13";"1";""
"202300005770";"155 670 319";"B01";"3";"7";"0";"2";"1";"1";"1";""
"202300005770";"155 670 320";"A01";"3";"7";"0";"2";"2";"12";"1";""
"202300005771";"155 670 317";"A01";"2";"7";"0";"2";"7";"17";"1";""
"202300005771";"155 670 318";"B01";"2";"7";"0";"2";"3";"2";"1";""
"202300005772";"155 670 315";"B01";"1";"1";"0";"2";"1";"15";"5";""
"202300005772";"155 670 316";"A01";"2";"7";"0";"2";"3";"9";"1";""
"202300005773";"155 670 313";"A01";"2";"50";"0";"2";"1";"1";"3";""
"202300005773";"155 670 314";"B01";"2";"7";"14";"9";"3";"16";"1";""
"202300005774";"155 670 312";"A01";"2";"2";"0";"0";"0";"26";"1";""
"202300005775";"155 670 311";"A01";"1";"7";"3";"0";"2";"1";"1";""
"202300005776";"155 670 310";"A01";"3";"1";"0";"1";"1";"1";"5";""
"202300005777";"155 670 309";"A01";"2";"7";"12";"0";"2";"13";"1";""
"202300005778";"155 670 307";"B01";"2";"1";"0";"2";"2";"1";"5";""
"202300005778";"155 670 308";"A01";"1";"7";"0";"2";"3";"9";"1";""
"202300005779";"155 670 306";"A01";"2";"7";"0";"1";"2";"9";"1";""
"202300005780";"155 670 305";"A01";"1";"7";"8";"0";"2";"1";"1";""
"202300005781";"155 670 302";"A01";"3";"7";"0";"1";"3";"1";"1";""
"202300005782";"155 670 300";"A01";"3";"1";"0";"2";"1";"16";"5";""
"202300005782";"155 670 301";"B01";"3";"7";"0";"2";"3";"1";"1";""
"202300005783";"155 670 298";"A01";"2";"7";"0";"2";"1";"0";"1";""
"202300005783";"155 670 299";"B01";"1";"7";"0";"2";"1";"0";"1";""
"202300005784";"155 670 297";"A01";"1";"7";"0";"0";"2";"1";"1";""
"202300005785";"155 670 296";"A01";"3";"7";"0";"0";"0";"13";"1";""
"202300005786";"155 670 293";"A01";"2";"7";"9";"0";"2";"14";"0";""
"202300005787";"155 670 290";"A01";"3";"7";"0";"2";"2";"15";"0";""
"202300005787";"155 670 291";"B01";"3";"33";"0";"2";"0";"1";"1";""
"202300005787";"155 670 292";"C01";"0";"7";"0";"2";"1";"1";"1";""
"202300005788";"155 670 288";"A01";"1";"7";"0";"2";"7";"15";"1";""
"202300005788";"155 670 289";"B01";"2";"33";"0";"2";"1";"1";"1";""
"202300005789";"155 670 286";"A01";"2";"30";"0";"2";"1";"1";"1";""
"202300005789";"155 670 287";"B01";"1";"7";"0";"2";"7";"15";"1";""
"202300005790";"155 670 285";"A01";"1";"30";"0";"1";"1";"1";"3";""
"202300005791";"155 670 283";"A01";"2";"7";"0";"2";"1";"5";"1";""
"202300005791";"155 670 284";"B01";"1";"7";"0";"2";"1";"1";"1";""
"202300005792";"155 670 281";"B01";"2";"2";"0";"2";"2";"17";"1";""
"202300005792";"155 670 282";"A01";"2";"10";"0";"2";"3";"10";"1";""
"202300005793";"155 670 279";"A01";"1";"33";"15";"2";"2";"17";"1";""
"202300005793";"155 670 280";"B01";"1";"7";"0";"2";"3";"15";"1";""
"202300005794";"155 670 277";"A01";"2";"7";"0";"2";"2";"2";"1";""
"202300005794";"155 670 278";"B01";"2";"36";"0";"2";"6";"2";"1";""
"202300005795";"155 670 275";"A01";"3";"7";"0";"9";"2";"2";"1";""
"202300005795";"155 670 276";"B01";"3";"50";"0";"2";"4";"1";"3";""
"202300005796";"155 670 274";"A01";"2";"33";"0";"0";"0";"2";"1";""
"202300005797";"155 670 272";"B01";"3";"50";"0";"2";"7";"6";"3";""
"202300005797";"155 670 273";"A01";"3";"7";"0";"9";"1";"1";"1";""
"202300005798";"155 670 270";"B01";"1";"34";"0";"2";"7";"17";"1";""
"202300005798";"155 670 271";"A01";"1";"10";"0";"2";"3";"10";"1";""
"202300005799";"155 670 268";"A01";"1";"7";"0";"0";"0";"0";"0";""
"202300005799";"155 670 269";"B01";"1";"2";"0";"0";"0";"0";"1";""
"202300005800";"155 670 266";"A01";"1";"7";"0";"2";"2";"16";"1";""
"202300005800";"155 670 267";"B01";"2";"2";"0";"2";"1";"1";"1";""
"202300005801";"155 670 265";"A01";"1";"7";"0";"1";"2";"1";"1";""
"202300005802";"155 670 264";"A01";"2";"10";"0";"1";"4";"4";"1";""
"202300005803";"155 670 263";"A01";"1";"33";"0";"1";"1";"1";"1";""
"202300005804";"155 670 261";"A01";"1";"7";"0";"0";"0";"15";"1";""
"202300005804";"155 670 262";"B01";"1";"33";"0";"0";"0";"16";"1";""
"202300005805";"155 670 259";"A01";"1";"7";"0";"2";"1";"26";"1";""
"202300005805";"155 670 260";"B01";"1";"7";"0";"2";"4";"26";"1";""
"202300005806";"155 670 258";"A01";"1";"7";"8";"0";"1";"14";"1";""
"202300005807";"155 670 256";"A01";"1";"7";"0";"2";"3";"9";"1";""
"202300005807";"155 670 257";"B01";"1";"50";"0";"2";"1";"9";"3";""
"202300005808";"155 670 254";"B01";"2";"7";"0";"2";"1";"1";"1";""
"202300005808";"155 670 255";"A01";"1";"7";"0";"2";"1";"15";"1";""
"202300005809";"155 670 253";"A01";"3";"7";"0";"1";"4";"20";"1";""
"202300005810";"155 670 251";"B01";"3";"30";"0";"2";"7";"9";" -1";""
"202300005810";"155 670 252";"A01";"3";"7";"0";"2";"1";"9";" -1";""
"202300005811";"155 670 250";"A01";"1";"7";"0";"1";"1";"1";"1";""
"202300005812";"155 670 249";"A01";"3";"7";"0";"1";"1";"1";"1";""
"202300005813";"155 670 247";"B01";"1";"2";"0";"0";"4";"2";"1";""
"202300005813";"155 670 248";"A01";"1";"7";"0";"2";"1";"2";"1";""
"202300005814";"155 670 245";"A01";"1";"7";"0";"2";"1";"2";"1";""
"202300005814";"155 670 246";"B01";"1";"33";"0";"2";"4";"1";"1";""
"202300005815";"155 670 244";"A01";"1";"7";"1";"0";"2";"1";"1";""
"202300005816";"155 670 242";"A01";"1";"7";"0";"2";"2";"1";"1";""
"202300005816";"155 670 243";"B01";"2";"7";"0";"2";"1";"5";"1";""
"202300005817";"155 670 241";"A01";"2";"7";"0";"1";"1";"9";"3";""
"202300005818";"155 670 240";"A01";"1";"43";"0";"1";"1";"1";"1";""
"202300005819";"155 670 239";"A01";"1";"7";"0";"1";"3";"9";"1";""
"202300005820";"155 670 237";"A01";"1";"33";"0";"2";"1";"1";"1";""
"202300005820";"155 670 238";"B01";"1";"7";"0";"2";"6";"9";"1";""
"202300005821";"155 670 235";"A01";"3";"7";"0";"2";"1";"1";"1";""
"202300005821";"155 670 236";"B01";"3";"7";"0";"2";"3";"2";"1";""
"202300005822";"155 670 233";"A01";"1";"10";"0";"2";"2";"11";"1";""
"202300005822";"155 670 234";"B01";"1";"7";"0";"2";"6";"1";"1";""
"202300005823";"155 670 231";"A01";"2";"1";"0";"2";"1";"1";"5";""
"202300005823";"155 670 232";"B01";"1";"50";"0";"2";"1";"5";"3";""
"202300005824";"155 670 229";"B01";"0";"31";"0";"2";"1";"26";"0";""
"202300005824";"155 670 230";"A01";"0";"7";"0";"2";"3";"23";"1";""
"202300005825";"155 670 227";"A01";"0";"7";"0";"2";"8";"10";"1";""
"202300005825";"155 670 228";"B01";"0";"7";"0";"2";"1";"1";"1";""
"202300005826";"155 670 226";"A01";"1";"7";"0";"1";"1";"1";"1";""
"202300005827";"155 670 224";"B01";"1";"7";"0";"2";"1";"15";"1";""
"202300005827";"155 670 225";"A01";"1";"7";"0";"2";"1";"1";"1";""
"202300005828";"155 670 223";"A01";"1";"7";"0";"1";"1";"1";"1";""
"202300005829";"155 670 222";"A01";"0";"7";"0";"1";"3";"15";"1";""
"202300005830";"155 670 221";"A01";"2";"10";"0";"1";"1";"1";"1";""
"202300005831";"155 670 220";"A01";"1";"30";"0";"0";"0";"26";"1";""
"202300005832";"155 670 218";"B01";"1";"7";"9";"2";"1";"1";"1";""
"202300005832";"155 670 219";"A01";"1";"7";"0";"2";"1";"1";"1";""
"202300005833";"155 670 216";"A01";"3";"7";"0";"2";"3";"1";"1";""
"202300005833";"155 670 217";"B01";"0";"2";"0";"2";"7";"1";"1";""
"202300005834";"155 670 214";"A01";"3";"7";"0";"2";"1";"2";"1";""
"202300005834";"155 670 215";"B01";"3";"7";"0";"2";"4";"23";"2";""
"202300005835";"155 670 213";"A01";"1";"7";"0";"1";"2";"16";"1";""
"202300005836";"155 670 212";"A01";"3";"7";"8";"0";"0";"1";"1";""
"202300005837";"155 670 210";"B01";"3";"50";"0";"2";"1";"19";"3";""
"202300005837";"155 670 211";"A01";"3";"7";"0";"2";"7";"1";"1";""
"202300005838";"155 670 208";"A01";"3";"37";"0";"2";"1";"1";"1";"2"
"202300005838";"155 670 209";"B01";"3";"1";"0";"2";"7";"19";"5";""
"202300005839";"155 670 206";"A01";"2";"30";"0";"2";"3";"17";"0";""
"202300005839";"155 670 207";"B01";"2";"80";"0";"2";"7";"15";"3";""
"202300005840";"155 670 204";"A01";"1";"7";"0";"2";"1";"2";"1";""
"202300005840";"155 670 205";"B01";"1";"7";"0";"0";"4";"23";"1";""
"202300005841";"155 670 202";"B01";"1";"33";"0";"2";"2";"2";"1";""
"202300005841";"155 670 203";"A01";"1";"10";"0";"2";"3";"11";"1";""
"202300005842";"155 670 201";"A01";"2";"7";"5";"0";"1";"1";"1";""
"202300005843";"155 670 199";"B01";"1";"7";"0";"2";"1";"1";"1";""
"202300005843";"155 670 200";"A01";"2";"7";"0";"2";"1";"13";"1";""
"202300005844";"155 670 198";"A01";"1";"7";"0";"1";"2";"1";"1";""
"202300005845";"155 670 194";"A01";"3";"10";"0";"2";"4";"4";"1";""
"202300005845";"155 670 196";"B01";"3";"2";"0";"2";"2";"1";"1";""
"202300005846";"155 670 195";"A01";"2";"7";"0";"0";"4";"26";"1";""
"202300005846";"155 670 197";"B01";"2";"7";"0";"2";"1";"2";"1";""
"202300005847";"155 670 191";"B01";"3";"60";"0";"9";"1";"1";"5";""
"202300005847";"155 670 193";"A01";"3";"1";"0";"9";"8";"19";"5";""
"202300005848";"155 670 190";"A01";"0";"7";"0";"2";"3";"1";"1";""
"202300005848";"155 670 192";"B01";"0";"1";"0";"2";"4";"9";"5";""
"202300005849";"155 670 188";"B01";"3";"7";"0";"2";"3";"1";"2";""
"202300005849";"155 670 189";"A01";"3";"7";"0";"2";"3";"17";"1";""
"202300005850";"155 670 187";"A01";"1";"7";"8";"0";"1";"1";"1";""
"202300005851";"155 670 185";"B01";"2";"7";"0";"2";"4";"2";"1";""
"202300005851";"155 670 186";"A01";"2";"7";"0";"2";"1";"2";"1";""
"202300005852";"155 670 184";"A01";"3";"7";"0";"1";"4";"4";"1";""
"202300005853";"155 670 182";"A01";"2";"50";"0";"2";"8";"17";"3";""
"202300005853";"155 670 183";"B01";"2";"7";"0";"2";"5";"17";"1";""
"202300005854";"155 670 180";"A01";"3";"7";"6";"0";"1";"24";"1";""
"202300005855";"155 670 181";"A01";"1";"2";"0";"0";"9";"1";"1";""
"202300005856";"155 670 178";"B01";"3";"31";"0";"2";"1";"0";"1";""
"202300005856";"155 670 179";"A01";"0";"7";"0";"2";"3";"9";"1";""
"202300005857";"155 670 177";"A01";"2";"7";"2";"0";"1";"1";"1";""
"202300005858";"155 670 174";"A01";"1";"10";"0";"2";"0";"0";"1";""
"202300005858";"155 670 176";"B01";"2";"7";"0";"2";"1";"2";"1";""
"202300005859";"155 670 175";"A01";"1";"1";"6";"0";"8";"16";"5";""
"202300005860";"155 670 171";"B01";"2";"7";"0";"2";"3";"1";"1";""
"202300005860";"155 670 173";"A01";"1";"7";"0";"2";"3";"1";"1";""
"202300005861";"155 670 172";"A01";"2";"10";"2";"0";"1";"1";"1";""
"202300005862";"155 670 169";"A01";"3";"7";"0";"2";"7";"15";"1";""
"202300005862";"155 670 170";"B01";"3";"33";"0";"2";"1";"1";"1";""
"202300005863";"155 670 167";"A01";"1";"31";"0";"2";"1";"13";"1";""
"202300005863";"155 670 168";"B01";"2";"7";"0";"2";"3";"21";"1";""
"202300005864";"155 670 165";"A01";"3";"7";"0";"2";"2";"2";"1";""
"202300005864";"155 670 166";"B01";"3";"7";"0";"2";"6";"2";"1";""
"202300005865";"155 670 164";"A01";"2";"7";"8";"0";"1";"1";"1";""
"202300005866";"155 670 163";"A01";"1";"7";"0";"1";"2";"15";"2";""
"202300005867";"155 670 160";"A01";"2";"7";"0";"2";"1";"2";"1";""
"202300005867";"155 670 162";"B01";"2";"10";"0";"0";"4";"16";"1";""
"202300005868";"155 670 158";"A01";"1";"33";"3";"0";"9";"1";"1";""
"202300005869";"155 670 159";"A01";"3";"7";"0";"2";"0";"1";"1";""
"202300005869";"155 670 161";"B01";"1";"7";"0";"2";"2";"1";"1";""
"202300005870";"155 670 155";"A01";"1";"7";"0";"2";"1";"2";"1";""
"202300005870";"155 670 156";"B01";"1";"10";"0";"2";"4";"2";"1";""
"202300005870";"155 670 157";"C01";"1";"7";"0";"2";"4";"2";"1";""
"202300005871";"155 670 153";"A01";"3";"7";"0";"1";"4";"20";"1";""
"202300005872";"155 670 154";"A01";"2";"36";"13";"0";"3";"0";"0";""
"202300005873";"155 670 151";"B01";"1";"2";"0";"2";"1";"1";"1";""
"202300005873";"155 670 152";"A01";"2";"10";"0";"2";"3";"15";"1";""
"202300005874";"155 670 149";"A01";"3";"10";"0";"1";"1";"1";"1";""
"202300005875";"155 670 150";"A01";"0";"2";"0";"0";"3";"1";"1";""
"202300005876";"155 670 146";"B01";"2";"7";"0";"2";"1";"1";"2";""
"202300005876";"155 670 148";"A01";"1";"7";"7";"2";"1";"13";"1";""
"202300005877";"155 670 145";"B01";"2";"33";"0";"2";"2";"17";"1";""
"202300005877";"155 670 147";"A01";"2";"7";"0";"0";"6";"15";"1";""
"202300005878";"155 670 143";"A01";"2";"7";"0";"2";"2";"16";"2";""
"202300005878";"155 670 144";"B01";"2";"30";"0";"2";"3";"18";"1";""
"202300005879";"155 670 141";"A01";"1";"7";"0";"2";"3";"15";"1";""
"202300005879";"155 670 142";"B01";"2";"33";"0";"2";"8";"1";"1";""
"202300005880";"155 670 139";"A01";"2";"1";"0";"2";"5";"19";"5";""
"202300005880";"155 670 140";"Z01";"2";"2";"0";"2";"1";"1";"0";""
"202300005881";"155 670 137";"A01";"2";"10";"0";"2";"1";"23";"1";""
"202300005881";"155 670 138";"B01";"2";"7";"0";"0";"4";"23";"1";""
"202300005882";"155 670 135";"B01";"2";"1";"0";"2";"8";"19";"5";""
"202300005882";"155 670 136";"A01";"3";"7";"0";"2";"1";"1";"6";""
"202300005883";"155 670 134";"A01";"1";"10";"13";"0";"1";"26";"1";""
"202300005884";"155 670 132";"B01";"1";"1";"1";"0";"1";"1";"5";""
"202300005884";"155 670 133";"A01";"1";"7";"0";"2";"3";"22";"1";""
"202300005885";"155 670 131";"A01";"2";"7";"0";"1";"1";"1";"1";""
"202300005886";"155 670 130";"A01";"1";"1";"0";"0";"0";"1";"5";""
"202300005887";"155 670 125";"C01";"2";"7";"0";"2";"8";"13";"1";""
"202300005887";"155 670 127";"B01";"2";"30";"0";"2";"4";"2";"3";""
"202300005887";"155 670 128";"A01";"2";"31";"0";"2";"2";"2";"1";""
"202300005888";"155 670 123";"B01";"2";"31";"0";"2";"1";"1";"1";""
"202300005888";"155 670 124";"A01";"1";"7";"0";"2";"2";"15";"1";""
"202300005889";"155 670 120";"B01";"1";"30";"0";"2";"4";"16";"3";""
"202300005889";"155 670 121";"A01";"1";"7";"0";"2";"2";"16";"1";""
"202300005890";"155 670 119";"A01";"1";"7";"2";"0";"1";"1";"1";""
"202300005891";"155 670 117";"A01";"1";"7";"0";"2";"2";"10";"2";""
"202300005891";"155 670 118";"B01";"2";"1";"0";"2";"8";"1";"5";""
"202300005892";"155 670 115";"B01";"1";"7";"0";"2";"2";"14";"1";""
"202300005892";"155 670 116";"A01";"1";"15";"0";"0";"6";"2";"1";""
"202300005893";"155 670 113";"B01";"3";"80";"0";"2";"6";"1";"3";""
"202300005893";"155 670 114";"A01";"0";"7";"0";"2";"5";"16";"1";""
"202300005894";"155 670 110";"A01";"1";"7";"0";"2";"1";"1";"1";""
"202300005894";"155 670 112";"B01";"1";"15";"0";"2";"5";"1";"1";""
"202300005895";"155 670 108";"A01";"2";"32";"0";"2";"1";"1";"1";""
"202300005895";"155 670 109";"B01";"2";"33";"0";"2";"5";"16";"1";""
"202300005895";"155 670 111";"C01";"2";"7";"0";"2";"5";"23";"1";""
"202300005896";"155 670 106";"A01";"2";"7";"8";"1";"1";"14";"1";""
"202300005897";"155 670 105";"A01";"1";"7";"0";"2";"1";"13";"1";""
"202300005897";"155 670 107";"B01";"2";"15";"0";"2";"1";"1";"1";""
"202300005898";"155 670 101";"B01";"2";"10";"0";"2";"4";"2";"1";""
"202300005898";"155 670 103";"C01";"2";"7";"0";"2";"4";"2";"2";""
"202300005898";"155 670 104";"A01";"2";"7";"0";"2";"1";"2";"1";""
"202300005899";"155 670 100";"A01";"2";"7";"0";"0";"4";"12";"1";""
"202300005899";"155 670 102";"B01";"2";"33";"0";"2";"1";"18";"1";""
"202300005900";"155 670 099";"A01";"1";"7";"14";"1";"7";"1";"1";""
"202300005901";"155 670 097";"A01";"3";"7";"1";"1";"2";"16";"2";""
"202300005902";"155 670 098";"A01";"2";"31";"0";"0";"4";"26";"1";""
"202300005903";"155 670 095";"A01";"3";"15";"0";"2";"3";"9";"1";""
"202300005903";"155 670 096";"B01";"3";"1";"0";"2";"0";"26";"5";""
"202300005904";"155 670 092";"A01";"1";"10";"1";"1";"2";"1";"1";""
"202300005905";"155 670 093";"A01";"1";"21";"0";"2";"3";"2";"6";""
"202300005905";"155 670 094";"B01";"1";"33";"0";"2";"2";"2";"1";""
"202300005906";"155 670 091";"A01";"3";"7";"0";"1";"2";"16";"1";""
"202300005907";"155 670 089";"A01";"2";"10";"14";"0";"2";"26";"0";""
"202300005908";"155 670 088";"B01";"1";"7";"0";"0";"1";"1";"0";""
"202300005908";"155 670 090";"A01";"2";"2";"0";"0";"2";"15";"0";""
"202300005909";"155 670 086";"B01";"1";"32";"0";"2";"2";"1";"1";""
"202300005909";"155 670 087";"A01";"1";"7";"0";"2";"8";"11";"1";""
"202300005910";"155 670 083";"B01";"2";"30";"0";"2";"1";"1";"0";""
"202300005910";"155 670 084";"A01";"1";"10";"0";"0";"2";"15";"1";""
"202300005911";"155 670 082";"B01";"2";"2";"0";"0";"8";"1";"1";""