"Num_Acc";"id_vehicule";"num_veh";"senc";"catv";"obs";"obsm";"choc";"manv";"motor";"occutc"
"202300007121";"155 667 890";"A01";"1";"30";"0";"1";"3";"18";"1";""
"202300007122";"155 667 887";"A01";"0";"10";"0";"1";"2";"1";"1";""
"202300007123";"155 667 886";"A01";"1";"32";"6";"0";"1";"19";"1";""
"202300007124";"155 667 884";"B01";"1";"31";"0";"2";"1";"1";"1";""
"202300007124";"155 667 889";"A01";"0";"7";"0";"0";"1";"16";"1";""
"202300007125";"155 667 883";"B01";"3";"33";"0";"2";"1";"1";"1";""
"202300007125";"155 667 888";"A01";"3";"10";"0";"2";"3";"9";"1";""
"202300007126";"155 667 882";"A01";"0";"7";"0";"2";"1";"26";"1";""
"202300007126";"155 667 885";"B01";"0";"99";"0";"2";"8";"25";"3";""
"202300007127";"155 667 881";"A01";"0";"42";"12";"0";"2";"1";"1";""
"202300007128";"155 667 879";"A01";"2";"7";"0";"0";"9";"0";"1";""
"202300007129";"155 667 878";"A01";"2";"7";"0";"1";"1";"2";"1";""
"202300007130";"155 667 877";"A01";"3";"7";"0";"1";"5";"20";"1";""
"202300007131";"155 667 876";"A01";"1";"7";"0";"1";"3";"1";"1";""
"202300007132";"155 667 875";"A01";"2";"50";"0";"0";"0";"26";"3";""
"202300007133";"155 667 873";"A01";"1";"7";"0";"1";"1";"1";"1";""
"202300007134";"155 667 872";"A01";"2";"33";"0";"0";"9";"2";"1";""
"202300007134";"155 667 874";"B01";"2";"10";"0";"0";"0";"10";"1";""
"202300007135";"155 667 871";"A01";"3";"10";"1";"1";"6";"20";"1";""
"202300007136";"155 667 870";"A01";"1";"7";"0";"1";"2";"1";"1";""
"202300007137";"155 667 868";"A01";"1";"33";"0";"1";"1";"1";"1";""
"202300007138";"155 667 867";"B01";"1";"7";"0";"2";"0";"0";"0";""
"202300007138";"155 667 869";"A01";"1";"10";"0";"2";"0";"0";"1";""
"202300007139";"155 667 863";"A01";"1";"7";"0";"1";"2";"1";"1";""
"202300007140";"155 667 861";"A01";"2";"7";"0";"1";"1";"1";"1";""
"202300007141";"155 667 858";"A01";"1";"7";"0";"2";"3";"13";"1";""
"202300007141";"155 667 864";"B01";"1";"33";"0";"2";"2";"2";"1";""
"202300007142";"155 667 857";"C01";"1";"7";"0";"2";"1";"1";"1";""
"202300007142";"155 667 860";"A01";"1";"15";"5";"0";"1";"1";"1";""
"202300007142";"155 667 865";"B01";"1";"7";"0";"2";"1";"1";"1";""
"202300007142";"155 667 866";"D01";"1";"7";"0";"2";"0";"1";"1";""
"202300007143";"155 667 859";"A01";"2";"10";"0";"2";"2";"16";"1";""
"202300007143";"155 667 862";"B01";"2";"50";"0";"2";"8";"19";"3";""
"202300007144";"155 667 855";"B01";"1";"10";"0";"2";"0";"12";"1";""
"202300007144";"155 667 856";"A01";"1";"10";"0";"2";"1";"0";"1";""
"202300007145";"155 667 854";"A01";"3";"2";"0";"0";"2";"16";"1";""
"202300007146";"155 667 852";"A01";"1";"7";"0";"1";"1";"15";"1";""
"202300007147";"155 667 851";"A01";"2";"33";"0";"2";"3";"18";"1";""
"202300007147";"155 667 853";"B01";"2";"7";"0";"2";"2";"14";"1";""
"202300007148";"155 667 848";"A01";"1";"7";"13";"0";"1";"2";"1";""
"202300007149";"155 667 849";"B01";"1";"50";"0";"2";"1";"5";"3";""
"202300007149";"155 667 850";"A01";"2";"7";"0";"2";"2";"16";"1";""
"202300007150";"155 667 845";"A01";"2";"7";"1";"0";"1";"16";"1";""
"202300007151";"155 667 843";"A01";"1";"7";"0";"2";"1";"1";"1";""
"202300007151";"155 667 847";"B01";"1";"7";"0";"2";"2";"0";"1";""
"202300007152";"155 667 844";"A01";"1";"7";"0";"2";"1";"26";"0";""
"202300007152";"155 667 846";"B01";"1";"31";"15";"2";"7";"16";"0";""
"202300007153";"155 667 842";"A01";"2";"33";"12";"0";"1";"14";"1";""
"202300007154";"155 667 840";"A01";"2";"7";"9";"0";"3";"13";"0";""
"202300007155";"155 667 838";"A01";"1";"50";"1";"0";"1";"2";"3";""
"202300007155";"155 667 841";"B01";"1";"7";"0";"2";"7";"23";"1";""
"202300007156";"155 667 836";"A01";"2";"7";"0";"2";"2";"10";"0";""
"202300007156";"155 667 839";"B01";"2";"33";"0";"2";"1";"1";"0";""
"202300007157";"155 667 835";"A01";"3";"7";"15";"0";"1";"1";"1";""
"202300007158";"155 667 834";"A01";"1";"7";"0";"2";"1";"1";"1";""
"202300007158";"155 667 837";"B01";"2";"7";"1";"2";"1";"1";"1";""
"202300007159";"155 667 832";"A01";"2";"2";"12";"0";"2";"1";"1";""
"202300007160";"155 667 831";"A01";"1";"7";"0";"1";"7";"1";"1";""
"202300007161";"155 667 830";"B01";"0";"2";"0";"2";"1";"0";"0";""
"202300007161";"155 667 833";"A01";"0";"7";"0";"2";"1";"15";"1";""
"202300007162";"155 667 827";"B01";"1";"7";"0";"2";"1";"2";"1";""
"202300007162";"155 667 829";"A01";"1";"7";"0";"0";"4";"2";"1";""
"202300007163";"155 667 824";"A01";"1";"33";"0";"6";"9";"0";"1";""
"202300007164";"155 667 826";"A01";"2";"7";"0";"9";"8";"15";"1";""
"202300007164";"155 667 828";"B01";"1";"2";"0";"2";"1";"2";"1";""
"202300007165";"155 667 822";"A01";"1";"10";"0";"2";"1";"1";"1";""
"202300007165";"155 667 825";"B01";"1";"7";"0";"2";"7";"1";"1";""
"202300007166";"155 667 821";"B01";"2";"7";"0";"2";"3";"1";"1";""
"202300007166";"155 667 823";"A01";"1";"7";"0";"0";"1";"1";"1";""
"202300007167";"155 667 819";"A01";"1";"7";"0";"0";"0";"0";"1";""
"202300007168";"155 667 818";"A01";"2";"7";"0";"1";"4";"4";"1";""
"202300007169";"155 667 817";"A01";"1";"50";"0";"0";"8";"1";"3";""
"202300007169";"155 667 820";"B01";"1";"10";"0";"0";"7";"2";"0";""
"202300007170";"155 667 814";"A01";"3";"7";"0";"2";"3";"15";"1";""
"202300007170";"155 667 815";"B01";"3";"33";"0";"2";"1";"1";"1";""
"202300007171";"155 667 813";"B01";"2";"21";"0";"2";"6";"1";"1";""
"202300007171";"155 667 816";"A01";"1";"7";"0";"2";"3";"1";"1";""
"202300007172";"155 667 811";"A01";"2";"10";"0";"2";"1";"2";"1";""
"202300007172";"155 667 812";"B01";"2";"7";"0";"2";"4";"2";"1";""
"202300007173";"155 667 809";"A01";"3";"2";"0";"0";"0";"0";"1";""
"202300007174";"155 667 807";"A01";"1";"7";"0";"2";"3";"2";"1";""
"202300007174";"155 667 810";"B01";"1";"7";"0";"2";"5";"2";"3";""
"202300007175";"155 667 805";"A01";"2";"30";"12";"0";"0";"0";"1";""
"202300007176";"155 667 804";"B01";"1";"7";"0";"2";"1";"1";"1";""
"202300007176";"155 667 806";"A01";"2";"7";"0";"2";"2";"15";"1";""
"202300007177";"155 667 802";"A01";"1";"7";"0";"2";"1";"1";"1";""
"202300007177";"155 667 808";"B01";"1";"7";"9";"2";"1";"1";"2";""
"202300007178";"155 667 801";"A01";"2";"33";"0";"2";"2";"0";"1";""
"202300007178";"155 667 803";"B01";"2";"1";"0";"0";"6";"0";"5";""
"202300007179";"155 667 800";"A01";"3";"7";"0";"1";"1";"1";"1";""
"202300007180";"155 667 796";"A01";"3";"7";"0";"2";"2";"15";"2";""
"202300007180";"155 667 799";"B01";"2";"33";"0";"0";"5";"1";"1";""
"202300007181";"155 667 798";"A01";"1";"37";"0";"9";"2";"16";"1";"1"
"202300007182";"155 667 797";"A01";"2";"7";"0";"1";"3";"15";"0";""
"202300007183";"155 667 795";"A01";"1";"7";"0";"1";"7";"1";"2";""
"202300007184";"155 667 791";"A01";"1";"7";"2";"0";"1";"1";"1";""
"202300007185";"155 667 790";"A01";"1";"7";"0";"2";"1";"15";"1";""
"202300007185";"155 667 793";"B01";"2";"50";"0";"0";"8";"1";"3";""
"202300007186";"155 667 789";"B01";"1";"7";"0";"2";"3";"1";"1";""
"202300007186";"155 667 792";"A01";"1";"7";"0";"2";"2";"5";"1";""
"202300007187";"155 667 788";"A01";"3";"39";"0";"1";"1";"1";"1";""
"202300007188";"155 667 786";"A01";"0";"33";"0";"0";"0";"1";"1";""
"202300007189";"155 667 783";"B01";"1";"7";"0";"0";"1";"1";"1";""
"202300007189";"155 667 787";"A01";"2";"7";"0";"0";"6";"9";"1";""
"202300007190";"155 667 782";"B01";"3";"2";"0";"2";"7";"17";"1";""
"202300007190";"155 667 785";"A01";"3";"7";"0";"2";"8";"15";"1";""
"202300007191";"155 667 780";"A01";"2";"7";"0";"1";"5";"1";"1";""
"202300007192";"155 667 775";"A01";"2";"10";"0";"2";"3";"5";"1";""
"202300007192";"155 667 778";"B01";"1";"7";"0";"2";"3";"0";"1";""
"202300007193";"155 667 777";"A01";"0";"10";"0";"1";"2";"26";"1";""
"202300007194";"155 667 776";"A01";"1";"33";"0";"0";"0";"18";"0";""
"202300007195";"155 667 774";"B01";"1";"7";"0";"2";"3";"1";"0";""
"202300007195";"155 667 779";"A01";"2";"7";"0";"2";"6";"13";"0";""
"202300007196";"155 667 772";"A01";"3";"7";"0";"1";"1";"1";"1";""
"202300007197";"155 667 770";"A01";"3";"7";"0";"2";"3";"9";"0";""
"202300007197";"155 667 773";"B01";"2";"2";"0";"0";"8";"1";"0";""
"202300007198";"155 667 769";"A01";"1";"7";"0";"2";"1";"19";"1";""
"202300007198";"155 667 771";"B01";"2";"7";"0";"0";"3";"1";"1";""
"202300007199";"155 667 768";"A01";"0";"7";"8";"0";"1";"1";"1";""
"202300007200";"155 667 767";"A01";"2";"7";"8";"0";"1";"1";"1";""
"202300007201";"155 667 763";"B01";"1";"7";"0";"2";"5";"15";"1";""
"202300007201";"155 667 765";"A01";"1";"33";"0";"2";"7";"2";"1";""
"202300007202";"155 667 764";"A01";"3";"7";"0";"2";"1";"15";"1";""
"202300007202";"155 667 766";"B01";"3";"33";"0";"2";"1";"1";"1";""
"202300007203";"155 667 762";"A01";"1";"7";"0";"1";"2";"1";"1";""
"202300007204";"155 667 761";"A01";"2";"33";"16";"0";"3";"1";"1";""
"202300007205";"155 667 759";"A01";"3";"7";"2";"0";"1";"0";"0";""
"202300007206";"155 667 758";"A01";"2";"31";"0";"2";"1";"17";"1";""
"202300007206";"155 667 760";"B01";"1";"7";"0";"2";"3";"1";"1";""
"202300007207";"155 667 757";"A01";"2";"33";"0";"0";"0";"1";"1";""
"202300007208";"155 667 753";"B01";"2";"7";"13";"2";"1";"1";"1";""
"202300007208";"155 667 755";"A01";"1";"7";"15";"2";"1";"13";"1";""
"202300007209";"155 667 754";"B01";"3";"7";"0";"0";"6";"20";"1";""
"202300007209";"155 667 756";"A01";"3";"43";"0";"2";"2";"1";"1";""
"202300007210";"155 667 752";"A01";"2";"7";"2";"0";"1";"1";"3";""
"202300007211";"155 667 749";"A01";"2";"7";"13";"0";"2";"14";"1";""
"202300007212";"155 667 747";"A01";"2";"7";"0";"2";"9";"15";"6";""
"202300007212";"155 667 750";"B01";"2";"7";"0";"2";"1";"17";"6";""
"202300007213";"155 667 748";"A01";"2";"7";"0";"2";"3";"17";"1";""
"202300007213";"155 667 751";"B01";"1";"15";"0";"2";"1";"1";"1";""
"202300007214";"155 667 744";"A01";"3";"7";"0";"1";"2";"2";"0";""
"202300007215";"155 667 742";"A01";"1";"7";"0";"2";"3";"13";"1";""
"202300007215";"155 667 746";"B01";"2";"13";"0";"0";"3";"0";"1";""
"202300007216";"155 667 743";"A01";"1";"7";"0";"9";"2";"19";"1";""
"202300007216";"155 667 745";"B01";"2";"1";"0";"0";"8";"1";"5";""
"202300007217";"155 667 740";"A01";"1";"33";"0";"0";"9";"1";"1";""
"202300007218";"155 667 739";"A01";"1";"7";"0";"2";"3";"15";"1";""
"202300007218";"155 667 741";"B01";"2";"31";"0";"2";"1";"13";"1";""
"202300007219";"155 667 738";"A01";"3";"7";"0";"0";"0";"4";"1";""
"202300007220";"155 667 737";"A01";"2";"7";"2";"0";"1";"14";"1";""
"202300007221";"155 667 735";"A01";"0";"7";"0";"0";"0";"0";"0";""
"202300007222";"155 667 734";"B01";"1";"7";"0";"2";"2";"15";"1";""
"202300007222";"155 667 736";"A01";"2";"31";"0";"2";"1";"17";"1";""
"202300007223";"155 667 732";"A01";"2";"1";"0";"2";"4";"1";"5";""
"202300007223";"155 667 733";"B01";"2";"7";"0";"2";"2";"1";"1";""
"202300007224";"155 667 729";"B01";"1";"50";"0";"2";"7";"1";"3";""
"202300007224";"155 667 731";"A01";"1";"0";"0";"2";"7";"1";"0";""
"202300007225";"155 667 727";"A01";"1";"7";"0";"2";"9";"5";"1";""
"202300007225";"155 667 730";"B01";"2";"7";"0";"2";"7";"1";"1";""
"202300007226";"155 667 726";"B01";"2";"33";"0";"2";"5";"1";"1";""
"202300007226";"155 667 728";"A01";"1";"7";"0";"2";"2";"15";"1";""
"202300007227";"155 667 720";"B01";"3";"7";"0";"2";"8";"24";"0";""
"202300007227";"155 667 722";"C01";"3";"7";"0";"2";"8";"1";"2";""
"202300007227";"155 667 724";"D01";"3";"7";"0";"2";"4";"1";"2";""
"202300007227";"155 667 725";"A01";"3";"7";"0";"2";"1";"2";"1";""
"202300007228";"155 667 719";"B01";"1";"7";"0";"2";"3";"15";"1";""
"202300007228";"155 667 723";"A01";"1";"7";"0";"2";"1";"1";"1";""
"202300007229";"155 667 718";"A01";"2";"7";"0";"2";"1";"1";"1";""
"202300007229";"155 667 721";"B01";"2";"7";"0";"0";"4";"1";"1";""
"202300007230";"155 667 716";"A01";"1";"31";"0";"0";"0";"16";"1";""
"202300007231";"155 667 714";"B01";"1";"1";"0";"0";"7";"1";"5";""
"202300007231";"155 667 717";"A01";"1";"7";"0";"9";"2";"1";"1";""
"202300007232";"155 667 713";"A01";"1";"1";"0";"2";"9";"1";"5";""
"202300007232";"155 667 715";"B01";"2";"17";"0";"2";"8";"1";"1";""
"202300007233";"155 667 712";"A01";"1";"7";"0";"0";"0";"1";"1";""
"202300007234";"155 667 711";"A01";"2";"7";"0";"0";"9";"13";"1";""
"202300007235";"155 667 710";"A01";"1";"7";"0";"1";"3";"15";"1";""
"202300007236";"155 667 708";"A01";"1";"7";"0";"1";"8";"1";"1";""
"202300007237";"155 667 707";"B01";"2";"7";"0";"2";"7";"15";"1";""
"202300007237";"155 667 709";"A01";"1";"31";"0";"2";"1";"1";"1";""
"202300007238";"155 667 706";"A01";"1";"10";"13";"0";"2";"1";"1";""
"202300007239";"155 667 704";"B01";"3";"32";"0";"2";"1";"1";"1";""
"202300007239";"155 667 705";"A01";"3";"7";"0";"2";"2";"15";"1";""
"202300007240";"155 667 702";"B01";"3";"7";"0";"2";"3";"1";"1";""
"202300007240";"155 667 703";"A01";"3";"31";"0";"2";"1";"1";"1";""
"202300007241";"155 667 700";"A01";"0";"7";"0";"2";"6";"2";"1";""
"202300007241";"155 667 701";"B01";"0";"7";"0";"0";"9";"2";"1";""
"202300007242";"155 667 699";"B01";"1";"1";"6";"0";"0";"1";"5";""
"202300007243";"155 667 697";"A01";"1";"7";"0";"2";"2";"11";"1";""
"202300007243";"155 667 698";"B01";"2";"7";"0";"2";"1";"1";"1";""
"202300007244";"155 667 696";"A01";"1";"7";"3";"0";"8";"13";"0";""
"202300007245";"155 667 694";"A01";"1";"7";"0";"2";"1";"5";"2";""
"202300007245";"155 667 695";"B01";"2";"7";"0";"2";"1";"1";"1";""
"202300007246";"155 667 692";"A01";"3";"7";"0";"9";"1";"1";"1";""
"202300007246";"155 667 693";"B01";"3";"1";"0";"2";"8";"1";"5";""
"202300007247";"155 667 691";"A01";"3";"7";"0";"0";"0";"26";"1";""
"202300007248";"155 667 689";"A01";"0";"7";"0";"2";"1";"0";"0";""
"202300007248";"155 667 690";"B01";"0";"30";"0";"2";"4";"0";"1";""
"202300007249";"155 667 688";"A01";"3";"7";"0";"1";"2";"1";"1";""
"202300007250";"155 667 686";"A01";"1";"33";"0";"2";"1";"2";"1";""
"202300007250";"155 667 687";"B01";"1";"33";"0";"2";"4";"2";"1";""
"202300007251";"155 667 685";"A01";"1";"33";"0";"6";"6";"0";"1";""
"202300007252";"155 667 683";"A01";"2";"7";"0";"2";"3";"15";"1";""
"202300007252";"155 667 684";"B01";"1";"7";"2";"2";"3";"1";"1";""
"202300007253";"155 667 682";"A01";"1";"10";"7";"0";"1";"0";"1";""
"202300007254";"155 667 680";"A01";"2";"7";"0";"2";"3";"5";"1";""
"202300007254";"155 667 681";"B01";"1";"7";"0";"2";"6";"1";"1";""
"202300007255";"155 667 679";"A01";"2";"33";"4";"0";"9";"14";"1";""
"202300007256";"155 667 677";"B01";"1";"1";"0";"2";"1";"1";"5";""
"202300007256";"155 667 678";"A01";"2";"7";"0";"9";"2";"19";"0";""
"202300007257";"155 667 676";"A01";"1";"7";"3";"9";"1";"1";"1";""
"202300007258";"155 667 674";"A01";"1";"33";"0";"2";"1";"2";"1";""
"202300007258";"155 667 675";"B01";"1";"17";"0";"0";"4";"2";"1";""
"202300007259";"155 667 672";"A01";"2";"7";"0";"2";"2";"1";"0";""
"202300007259";"155 667 673";"B01";"2";"2";"0";"0";"4";"15";"0";""
"202300007260";"155 667 669";"A01";"2";"7";"0";"2";"2";"15";"1";""
"202300007260";"155 667 670";"C01";"2";"7";"0";"2";"3";"15";"1";""
"202300007260";"155 667 671";"B01";"2";"7";"0";"2";"3";"1";"1";""
"202300007261";"155 667 668";"A01";"1";"7";"6";"0";"2";"14";"1";""
"202300007262";"155 667 666";"A01";"1";"33";"0";"2";"2";"2";"1";""
"202300007262";"155 667 667";"B01";"1";"33";"0";"2";"8";"2";"1";""
"202300007263";"155 667 664";"B01";"2";"7";"0";"0";"6";"1";"1";""
"202300007263";"155 667 665";"A01";"1";"7";"0";"2";"1";"13";"1";""
"202300007264";"155 667 663";"A01";"1";"7";"13";"0";"3";"19";"1";""
"202300007265";"155 667 661";"B01";"2";"33";"0";"2";"1";"1";"1";""
"202300007265";"155 667 662";"A01";"2";"7";"0";"2";"8";"9";"1";""
"202300007266";"155 667 659";"A01";"2";"33";"0";"0";"7";"1";"1";""
"202300007267";"155 667 658";"A01";"1";"7";"3";"0";"0";"1";"1";""
"202300007268";"155 667 655";"A01";"2";"7";"9";"0";"1";"1";"1";""
"202300007268";"155 667 656";"B01";"2";"7";"15";"2";"7";"1";"1";""
"202300007268";"155 667 657";"C01";"2";"7";"0";"2";"1";"1";"1";""
"202300007269";"155 667 653";"A01";"2";"7";"0";"2";"2";"12";"1";""
"202300007269";"155 667 654";"B01";"2";"17";"0";"2";"6";"1";"1";""
"202300007270";"155 667 652";"A01";"2";"7";"2";"0";"1";"13";"1";""
"202300007271";"155 667 650";"A01";"1";"7";"0";"2";"7";"19";"1";""
"202300007271";"155 667 651";"B01";"1";"7";"0";"2";"2";"1";"1";""
"202300007272";"155 667 648";"A01";"1";"7";"0";"2";"1";"13";"1";""
"202300007272";"155 667 649";"B01";"2";"7";"0";"2";"8";"1";"1";""
"202300007273";"155 667 646";"A01";"1";"31";"0";"2";"1";"1";"0";""
"202300007273";"155 667 647";"B01";"2";"7";"0";"2";"2";"15";"1";""
"202300007274";"155 667 645";"A01";"3";"31";"0";"0";"0";"0";"1";""
"202300007275";"155 667 644";"A01";"2";"33";"1";"0";"7";"1";"1";""
"202300007276";"155 667 642";"A01";"1";"7";"0";"2";"8";"1";"1";""
"202300007276";"155 667 643";"B01";"2";"7";"0";"2";"3";"13";"1";""
"202300007277";"155 667 641";"A01";"2";"7";"2";"0";"8";"1";"1";""
"202300007278";"155 667 640";"A01";"3";"7";"13";"0";"2";"1";"1";""
"202300007279";"155 667 639";"A01";"2";"7";"0";"0";"1";"21";"1";""
"202300007280";"155 667 638";"A01";"1";"7";"14";"0";"1";"1";"0";""
"202300007281";"155 667 636";"A01";"2";"31";"0";"2";"1";"1";"1";""
"202300007281";"155 667 637";"B01";"2";"7";"0";"0";"4";"1";"1";""
"202300007282";"155 667 634";"A01";"1";"7";"0";"0";"4";"0";"1";""
"202300007282";"155 667 635";"B01";"1";"7";"0";"2";"1";"1";"1";""
"202300007283";"155 667 632";"B01";"2";"1";"0";"2";"1";"19";"5";""
"202300007283";"155 667 633";"A01";"1";"33";"0";"2";"2";"1";"1";""
"202300007284";"155 667 629";"C01";"2";"16";"0";"2";"6";"1";"1";""
"202300007284";"155 667 630";"A01";"2";"7";"0";"2";"8";"13";"1";""
"202300007284";"155 667 631";"B01";"2";"7";"0";"2";"7";"17";"1";""
"202300007285";"155 667 628";"A01";"3";"7";"6";"0";"3";"13";"1";""
"202300007286";"155 667 627";"A01";"3";"7";"0";"1";"4";"20";"1";""
"202300007287";"155 667 624";"B01";"1";"7";"0";"2";"4";"1";"1";""
"202300007287";"155 667 625";"A01";"1";"7";"0";"2";"1";"2";"1";""
"202300007287";"155 667 626";"C01";"3";"7";"0";"2";"1";"23";"1";""
"202300007288";"155 667 622";"A01";"2";"10";"0";"2";"5";"13";"1";""
"202300007288";"155 667 623";"B01";"1";"7";"0";"2";"1";"1";"0";""
"202300007289";"155 667 621";"A01";"2";"33";"15";"0";"9";"0";"1";""
"202300007290";"155 667 619";"B01";"1";"43";"0";"2";"1";"1";"1";""
"202300007290";"155 667 620";"A01";"3";"7";"0";"2";"8";"19";"1";""
"202300007291";"155 667 617";"A01";"2";"7";"0";"2";"1";"13";"0";""
"202300007291";"155 667 618";"B01";"1";"7";"0";"2";"1";"0";"0";""
"202300007292";"155 667 615";"B01";"1";"2";"0";"0";"8";"1";"1";""
"202300007292";"155 667 616";"A01";"2";"7";"0";"0";"1";"6";"1";""
"202300007293";"155 667 614";"A01";"1";"15";"0";"1";"3";"1";"1";""
"202300007294";"155 667 611";"A01";"1";"7";"0";"2";"8";"19";"1";""
"202300007294";"155 667 613";"B01";"2";"43";"0";"2";"1";"1";"1";""
"202300007295";"155 667 610";"B01";"1";"30";"0";"2";"1";"2";"1";""
"202300007295";"155 667 612";"A01";"1";"7";"0";"2";"4";"2";"1";""
"202300007296";"155 667 609";"A01";"1";"7";"2";"0";"3";"1";"1";""
"202300007297";"155 667 607";"A01";"1";"7";"0";"9";"1";"5";"1";""
"202300007297";"155 667 608";"B01";"2";"15";"0";"2";"3";"1";"1";""
"202300007298";"155 667 605";"A01";"2";"7";"0";"2";"2";"15";"1";""
"202300007298";"155 667 606";"B01";"1";"33";"0";"2";"1";"1";"1";""
"202300007299";"155 667 602";"B01";"3";"7";"0";"2";"7";"1";"1";""
"202300007299";"155 667 604";"A01";"3";"7";"0";"2";"1";"9";"1";""
"202300007300";"155 667 600";"A01";"1";"35";"0";"2";"8";"15";"1";""
"202300007300";"155 667 601";"B01";"1";"33";"0";"2";"1";"21";"1";""
"202300007300";"155 667 603";"C01";"2";"7";"0";"2";"1";"1";"1";""
"202300007301";"155 667 597";"A01";"3";"7";"0";"0";"1";"1";"1";""
"202300007301";"155 667 598";"B01";"3";"7";"0";"2";"1";"15";"1";""
"202300007302";"155 667 596";"A01";"2";"7";"0";"2";"3";"15";"1";""
"202300007302";"155 667 599";"B01";"1";"33";"0";"2";"1";"1";"1";""
"202300007303";"155 667 594";"A01";"1";"10";"0";"1";"1";"1";"1";""
"202300007304";"155 667 593";"A01";"3";"7";"3";"2";"1";"0";"1";""
"202300007304";"155 667 595";"B01";"3";"7";"0";"2";"1";"1";"1";""
"202300007305";"155 667 592";"A01";"1";"7";"0";"1";"2";"1";"1";""
"202300007306";"155 667 591";"A01";"0";"7";"2";"0";"1";"1";"1";""
"202300007307";"155 667 590";"A01";"1";"7";"0";"2";"9";"17";"1";""
"202300007308";"155 667 588";"B01";"1";"33";"0";"2";"1";"13";"1";""
"202300007308";"155 667 589";"A01";"2";"33";"0";"2";"1";"1";"1";""
"202300007309";"155 667 587";"A01";"2";"2";"0";"0";"0";"1";"1";""
"202300007310";"155 667 586";"A01";"1";"7";"6";"0";"1";"1";"1";""
"202300007311";"155 667 585";"A01";"1";"7";"13";"0";"9";"13";"1";""
"202300007312";"155 667 582";"A01";"1";"7";"0";"2";"3";"1";"1";""
"202300007312";"155 667 584";"B01";"2";"2";"0";"0";"6";"1";"1";""
"202300007313";"155 667 581";"B01";"0";"7";"0";"2";"1";"1";"1";""
"202300007313";"155 667 583";"A01";"3";"7";"0";"2";"3";"15";"1";""
"202300007314";"155 667 580";"A01";"1";"33";"0";"0";"1";"1";"1";""
"202300007315";"155 667 577";"A01";"1";"33";"0";"2";"3";"2";"1";""
"202300007315";"155 667 578";"B01";"1";"7";"0";"2";"7";"2";"1";""
"202300007316";"155 667 576";"A01";"3";"7";"0";"2";"1";"1";"1";""
"202300007316";"155 667 579";"B01";"2";"1";"0";"2";"5";"1";"5";""
"202300007317";"155 667 575";"A01";"1";"1";"0";"0";"7";"26";"5";""
"202300007318";"155 667 574";"A01";"2";"32";"0";"0";"0";"1";"1";""
"202300007319";"155 667 571";"B01";"2";"1";"0";"2";"8";"13";"5";""
"202300007319";"155 667 573";"A01";"2";"10";"0";"2";"2";"17";"1";""
"202300007320";"155 667 570";"A01";"3";"7";"0";"2";"4";"23";"0";""
"202300007320";"155 667 572";"B01";"3";"7";"0";"2";"1";"2";"1";""
"202300007321";"155 667 569";"A01";"2";"7";"13";"0";"1";"1";"1";""
"202300007322";"155 667 568";"A01";"2";"17";"3";"0";"1";"9";"1";""
"202300007323";"155 667 564";"A01";"1";"99";"6";"2";"1";"1";"1";""
"202300007323";"155 667 567";"B01";"2";"10";"0";"2";"7";"15";"1";""
"202300007324";"155 667 565";"A01";"1";"7";"0";"2";"1";"6";"1";""
"202300007324";"155 667 566";"B01";"2";"10";"0";"2";"1";"1";"1";""
"202300007325";"155 667 562";"A01";"1";"7";"13";"0";"9";"1";"1";""
"202300007326";"155 667 561";"A01";"1";"7";"0";"2";"1";"2";"1";""
"202300007326";"155 667 563";"B01";"1";"7";"0";"2";"4";"23";"1";""
"202300007327";"155 667 560";"A01";"1";"31";"0";"0";"0";"0";"1";""
"202300007328";"155 667 558";"A01";"1";"7";"0";"2";"0";"2";"2";""
"202300007328";"155 667 559";"B01";"1";"30";"0";"2";"0";"18";"1";""
"202300007329";"155 667 557";"A01";"1";"2";"8";"0";"1";"1";"1";""
"202300007330";"155 667 555";"A01";"2";"7";"13";"0";"9";"14";"1";""
"202300007331";"155 667 554";"B01";"3";"50";"0";"0";"0";"0";"3";""
"202300007331";"155 667 556";"A01";"3";"7";"12";"0";"0";"16";"1";""
"202300007332";"155 667 553";"A01";"2";"7";"17";"0";"1";"1";"1";""
"202300007333";"155 667 552";"A01";"3";"7";"0";"1";"2";"1";"1";""
"202300007334";"155 667 551";"A01";"1";"7";"13";"0";"9";"14";"1";""
"202300007335";"155 667 550";"A01";"3";"1";"0";"1";"1";"1";"5";""
"202300007336";"155 667 549";"A01";"1";"33";"13";"0";"1";"14";"1";""
"202300007337";"155 667 547";"A01";"3";"7";"0";"2";"7";"15";"1";""
"202300007337";"155 667 548";"B01";"3";"33";"0";"2";"1";"1";"1";""
"202300007338";"155 667 546";"A01";"2";"1";"16";"0";"8";"0";"5";""
"202300007339";"155 667 543";"A01";"2";"7";"0";"2";"2";"2";"1";""
"202300007339";"155 667 545";"B01";"2";"10";"0";"2";"4";"2";"1";""
"202300007340";"155 667 544";"A01";"1";"33";"2";"0";"2";"1";"1";""
"202300007341";"155 667 541";"A01";"3";"33";"0";"2";"7";"16";"1";""
"202300007341";"155 667 542";"B01";"3";"7";"0";"2";"8";"2";"1";""
"202300007342";"155 667 539";"A01";"3";"7";"0";"2";"1";"11";"1";""
"202300007342";"155 667 540";"B01";"3";"7";"0";"2";"1";"1";"1";""
"202300007343";"155 667 537";"A01";"3";"33";"0";"2";"1";"26";"1";""