"Num_Acc";"id_vehicule";"num_veh";"senc";"catv";"obs";"obsm";"choc";"manv";"motor";"occutc"
"202300007343";"155 667 538";"B01";"3";"7";"0";"2";"5";"26";"1";""
"202300007344";"155 667 535";"A01";"3";"7";"0";"2";"1";"9";"3";""
"202300007344";"155 667 536";"B01";"1";"7";"0";"2";"1";"1";"1";""
"202300007345";"155 667 529";"B01";"1";"7";"0";"2";"3";"23";"1";""
"202300007345";"155 667 530";"A01";"1";"7";"0";"2";"1";"0";"1";""
"202300007346";"155 667 527";"A01";"3";"1";"0";"2";"1";"2";"5";""
"202300007346";"155 667 528";"B01";"3";"7";"0";"9";"4";"1";"1";""
"202300007347";"155 667 525";"B01";"3";"80";"0";"2";"3";"9";"3";""
"202300007347";"155 667 526";"A01";"3";"7";"0";"2";"3";"9";"1";""
"202300007348";"155 667 524";"A01";"3";"30";"0";"0";"3";"1";"1";""
"202300007349";"155 667 523";"A01";"1";"1";"1";"0";"3";"1";"5";""
"202300007350";"155 667 522";"A01";"2";"7";"13";"0";"2";"14";"1";""
"202300007351";"155 667 520";"B01";"1";"7";"0";"0";"4";"1";"1";""
"202300007351";"155 667 521";"A01";"0";"10";"0";"2";"1";"1";"1";""
"202300007352";"155 667 519";"A01";"1";"7";"12";"0";"0";"1";"1";""
"202300007353";"155 667 518";"A01";"1";"7";"0";"1";"1";"1";"2";""
"202300007354";"155 667 516";"A01";"1";"32";"0";"2";"7";"1";"1";""
"202300007354";"155 667 517";"Z01";"1";"10";"0";"2";"8";"11";"0";""
"202300007355";"155 667 514";"A01";"1";"7";"0";"2";"6";"11";"1";""
"202300007355";"155 667 515";"B01";"1";"33";"0";"2";"2";"1";"1";""
"202300007356";"155 667 513";"A01";"1";"33";"0";"0";"8";"21";"1";""
"202300007357";"155 667 511";"A01";"1";"33";"0";"2";"1";"3";"1";""
"202300007357";"155 667 512";"B01";"1";"33";"0";"0";"4";"3";"1";""
"202300007358";"155 667 509";"A01";"1";"33";"0";"2";"1";"3";"1";""
"202300007358";"155 667 510";"B01";"1";"7";"0";"2";"4";"12";"1";""
"202300007359";"155 667 507";"A01";"2";"2";"0";"2";"1";"2";"3";""
"202300007359";"155 667 508";"B01";"2";"38";"0";"2";"4";"2";"1";"1"
"202300007360";"155 667 506";"A01";"1";"7";"0";"1";"1";"17";"1";""
"202300007361";"155 667 504";"A01";"2";"7";"0";"2";"3";"20";"1";""
"202300007361";"155 667 505";"B01";"2";"33";"0";"2";"2";"17";"1";""
"202300007362";"155 667 502";"A01";"1";"60";"0";"2";"8";"19";"5";""
"202300007362";"155 667 503";"B01";"1";"7";"0";"2";"2";"7";"1";""
"202300007363";"155 667 501";"A01";"2";"31";"0";"9";"7";"1";"1";""
"202300007364";"155 667 499";"A01";"3";"33";"0";"2";"1";"16";"1";""
"202300007364";"155 667 500";"B01";"3";"50";"0";"2";"2";"1";"3";""
"202300007365";"155 667 497";"Z01";"3";"7";"0";"2";"0";"15";"0";""
"202300007365";"155 667 498";"B01";"1";"1";"0";"2";"1";"1";"5";""
"202300007366";"155 667 495";"A01";"2";"7";"0";"2";"8";"22";"3";""
"202300007366";"155 667 496";"B01";"2";"80";"0";"2";"7";"1";"3";""
"202300007367";"155 667 493";"A01";"2";"10";"0";"2";"1";"15";"1";""
"202300007367";"155 667 494";"B01";"2";"32";"0";"2";"8";"1";"1";""
"202300007368";"155 667 491";"A01";"1";"7";"0";"2";"2";"15";"1";""
"202300007368";"155 667 492";"B01";"2";"80";"0";"2";"1";"1";"3";""
"202300007369";"155 667 489";"A01";"2";"7";"0";"2";"1";"1";"1";""
"202300007369";"155 667 490";"B01";"2";"33";"0";"2";"4";"23";"1";""
"202300007370";"155 667 487";"A01";"1";"10";"0";"2";"3";"22";"1";""
"202300007370";"155 667 488";"B01";"2";"1";"0";"2";"5";"1";"5";""
"202300007371";"155 667 486";"A01";"3";"30";"0";"0";"0";"1";"3";""
"202300007372";"155 667 485";"A01";"1";"1";"0";"1";"0";"7";"5";""
"202300007373";"155 667 483";"B01";"1";"50";"0";"2";"7";"1";"3";""
"202300007373";"155 667 484";"A01";"1";"7";"0";"2";"2";"15";"1";""
"202300007374";"155 667 481";"A01";"1";"7";"0";"2";"7";"22";"2";""
"202300007374";"155 667 482";"B01";"1";"1";"0";"2";"1";"1";"5";""
"202300007375";"155 667 479";"A01";"1";"7";"0";"2";"7";"1";"1";""
"202300007375";"155 667 480";"B01";"1";"43";"0";"2";"1";"1";"1";""
"202300007376";"155 667 478";"A01";"2";"30";"0";"0";"1";"1";"3";""
"202300007377";"155 667 477";"A01";"2";"1";"0";"0";"3";"1";"5";""
"202300007378";"155 667 475";"B01";"1";"1";" -1";"2";"0";"1";"5";""
"202300007378";"155 667 476";"A01";"1";"7";"0";"0";"0";"1";"1";""
"202300007379";"155 667 473";"A01";"2";"1";"0";"2";"1";"2";"5";""
"202300007379";"155 667 474";"B01";"2";"7";"0";"2";"5";"2";"1";""
"202300007380";"155 667 472";"A01";"2";"2";"0";"1";"1";"1";"1";""
"202300007381";"155 667 470";"B01";"3";"32";"0";"2";"1";"1";"1";""
"202300007381";"155 667 471";"A01";"2";"7";"0";"2";"3";"9";"0";""
"202300007382";"155 667 469";"A01";"1";"7";"0";"1";"3";"1";"1";""
"202300007383";"155 667 468";"A01";"0";"34";"0";"1";"8";"2";"0";""
"202300007384";"155 667 466";"A01";"1";"7";"0";"2";"1";"1";"0";""
"202300007384";"155 667 467";"B01";"1";"33";"0";"2";"4";"1";"0";""
"202300007385";"155 667 465";"A01";"3";"7";"0";"1";"2";"1";"1";""
"202300007386";"155 667 463";"A01";"1";"15";"0";"2";"1";"1";"1";""
"202300007386";"155 667 464";"B01";"1";"7";"0";"2";"4";"1";"1";""
"202300007387";"155 667 461";"A01";"2";"7";"0";"2";"1";"1";"1";""
"202300007387";"155 667 462";"B01";"2";"7";"0";"2";"4";"1";"1";""
"202300007388";"155 667 459";"B01";"1";"7";"0";"2";"3";"1";"1";""
"202300007388";"155 667 460";"A01";"1";"7";"0";"2";"2";"1";"1";""
"202300007389";"155 667 458";"A01";"0";"7";"0";"1";"2";"1";"1";""
"202300007390";"155 667 456";"B01";"1";"33";"0";"2";"1";"1";"0";""
"202300007390";"155 667 457";"A01";"1";"7";"0";"2";"4";"1";"1";""
"202300007391";"155 667 455";"A01";"2";"33";"0";"0";"7";"1";"1";""
"202300007392";"155 667 452";"A01";"1";"43";"0";"2";"1";"2";"1";""
"202300007392";"155 667 453";"B01";"1";"10";"0";"2";"2";"16";"1";""
"202300007392";"155 667 454";"C01";"3";"7";"0";"2";"6";"16";"1";""
"202300007393";"155 667 450";"A01";"1";"13";"0";"2";"1";"0";"0";""
"202300007393";"155 667 451";"B01";"1";"10";"0";"2";"4";"1";" -1";""
"202300007394";"155 667 449";"A01";"1";"7";"0";"2";"3";"15";"0";""
"202300007395";"155 667 447";"B01";"2";"7";"0";"0";"6";"1";"1";""
"202300007395";"155 667 448";"A01";"2";"7";"0";"0";"0";"0";"1";""
"202300007396";"155 667 446";"A01";"1";"7";"12";"0";"7";"1";"1";""
"202300007397";"155 667 445";"A01";"1";"7";"0";"1";"2";"16";"1";""
"202300007398";"155 667 444";"A01";"2";"10";"0";"1";"2";"11";"1";""
"202300007399";"155 667 442";"A01";"2";"7";"0";"2";"2";"15";"1";""
"202300007399";"155 667 443";"B01";"2";"2";"0";"2";"1";"2";"3";""
"202300007400";"155 667 441";"A01";"2";"7";"0";"1";"1";"1";"1";""
"202300007401";"155 667 439";"A01";"2";"50";"0";"2";"1";"1";"3";""
"202300007401";"155 667 440";"B01";"1";"7";"0";"2";"3";"1";"0";""
"202300007402";"155 667 437";"A01";"1";"7";"0";"2";"8";"11";"1";""
"202300007402";"155 667 438";"B01";"1";"33";"0";"2";"7";"17";"1";""
"202300007403";"155 667 436";"A01";"1";"7";"0";"1";"2";"16";"1";""
"202300007404";"155 667 434";"B01";"2";"7";"0";"2";"7";"1";"1";""
"202300007404";"155 667 435";"A01";"1";"14";"0";"2";"2";"1";"1";""
"202300007405";"155 667 433";"A01";"1";"7";"8";"0";"1";"0";"1";""
"202300007406";"155 667 431";"A01";"1";"7";"0";"2";"3";"15";"0";""
"202300007406";"155 667 432";"B01";"1";"7";"0";"2";"1";"17";"0";""
"202300007407";"155 667 429";"A01";"2";"7";"0";"0";"3";"13";"1";""
"202300007407";"155 667 430";"B01";"2";"7";"6";"0";"3";"13";"1";""
"202300007408";"155 667 428";"A01";"1";"36";"13";"0";"6";"0";"1";""
"202300007409";"155 667 426";"A01";"1";"2";"0";"2";"1";"1";"1";""
"202300007409";"155 667 427";"B01";"1";"7";"0";"2";"3";"1";"1";""
"202300007410";"155 667 424";"A01";"0";"33";"0";"2";"0";"1";"1";""
"202300007410";"155 667 425";"B01";"0";"7";"0";"2";"3";"23";"0";""
"202300007411";"155 667 422";"A01";"1";"7";"0";"2";"3";"9";"0";""
"202300007411";"155 667 423";"B01";"1";"1";"0";"2";"0";"1";"5";""
"202300007412";"155 667 421";"A01";"3";"7";"13";"0";"3";"13";"0";""
"202300007413";"155 667 420";"A01";"3";"33";"0";"2";"1";"21";"0";""
"202300007414";"155 667 418";"A01";"2";"7";"7";"2";"1";"26";"1";""
"202300007414";"155 667 419";"B01";"2";"7";"7";"2";"3";"26";"1";""
"202300007415";"155 667 416";"A01";"1";"33";"0";"2";"8";"1";"1";""
"202300007415";"155 667 417";"B01";"0";"7";"0";"2";"1";"19";"1";""
"202300007416";"155 667 414";"A01";"1";"10";"1";"0";"2";"2";"1";""
"202300007416";"155 667 415";"B01";"1";"7";"13";"0";"6";"23";"1";""
"202300007417";"155 667 412";"A01";"2";"7";"0";"9";"8";"13";"1";""
"202300007417";"155 667 413";"B01";"1";"80";"0";"2";"3";"1";"3";""
"202300007418";"155 667 410";"A01";"3";"7";"0";"2";"3";"9";"1";""
"202300007418";"155 667 411";"B01";"1";"10";"0";"2";"3";"1";"1";""
"202300007419";"155 667 409";"A01";"2";"7";"0";"1";"2";"1";"1";""
"202300007420";"155 667 408";"A01";"2";"7";"0";"1";"1";"1";"1";""
"202300007421";"155 667 406";"A01";"2";"7";"0";"2";"1";"17";"1";""
"202300007421";"155 667 407";"B01";"1";"7";"0";"2";"1";"1";"3";""
"202300007422";"155 667 405";"A01";"1";"7";"2";"0";"2";"0";"1";""
"202300007423";"155 667 404";"A01";"1";"7";"13";"0";"3";"13";"1";""
"202300007424";"155 667 402";"A01";"1";"7";"0";"2";"1";"15";"1";""
"202300007424";"155 667 403";"B01";"1";"50";"0";"2";"3";"1";"3";""
"202300007425";"155 667 401";"A01";"1";"2";"0";"0";"7";"1";"1";""
"202300007426";"155 667 399";"A01";"2";"7";"0";"2";"1";"13";"1";""
"202300007426";"155 667 400";"B01";"1";"7";"0";"2";"3";"1";"2";""
"202300007427";"155 667 397";"A01";"2";"7";"0";"2";"1";"13";"1";""
"202300007427";"155 667 398";"B01";"1";"7";"0";"2";"8";"1";"1";""
"202300007428";"155 667 396";"A01";"1";"7";"0";"0";"0";"1";"1";""
"202300007429";"155 667 394";"B01";"1";"2";"0";"0";"4";"1";"3";""
"202300007429";"155 667 395";"A01";"1";"7";"0";"2";"2";"1";"1";""
"202300007430";"155 667 393";"A01";"1";"7";"13";"0";"2";"1";"1";""
"202300007431";"155 667 391";"B01";"2";"1";"0";"2";"1";"0";"5";""
"202300007431";"155 667 392";"A01";"1";"7";"0";"9";"8";"26";"0";""
"202300007432";"155 667 389";"B01";"1";"60";"0";"2";"8";"16";"5";""
"202300007432";"155 667 390";"A01";"1";"10";"0";"2";"2";"1";"1";""
"202300007433";"155 667 388";"A01";"2";"7";"6";"0";"1";"1";"1";""
"202300007434";"155 667 387";"A01";"2";"7";"3";"0";"2";"26";"1";""
"202300007435";"155 667 386";"A01";"1";"7";"13";"0";"1";"1";"1";""
"202300007436";"155 667 385";"A01";"3";"33";"0";"0";"8";"23";"1";""
"202300007437";"155 667 384";"A01";"1";"7";"0";"1";"3";"1";"1";""
"202300007438";"155 667 382";"B01";"2";"7";"0";"0";"4";"11";"1";""
"202300007438";"155 667 383";"A01";"2";"7";"0";"2";"1";"1";"1";""
"202300007439";"155 667 379";"C01";"2";"15";"0";"0";"8";"1";"1";""
"202300007439";"155 667 380";"A01";"2";"7";"0";"2";"1";"2";"0";""
"202300007439";"155 667 381";"B01";"2";"7";"3";"0";"4";"1";"0";""
"202300007440";"155 667 377";"A01";"1";"2";"0";"2";"9";"17";"1";""
"202300007440";"155 667 378";"B01";"2";"10";"0";"2";"0";"1";"1";""
"202300007441";"155 667 375";"A01";"1";"7";"0";"2";"3";"1";"1";""
"202300007441";"155 667 376";"B01";"2";"7";"0";"2";"2";"15";"1";""
"202300007442";"155 667 373";"A01";"1";"7";"0";"2";"1";"13";"1";""
"202300007442";"155 667 374";"B01";"2";"7";"0";"0";"1";"1";"1";""
"202300007443";"155 667 371";"A01";"1";"7";"0";"2";"3";"10";"2";""
"202300007443";"155 667 372";"B01";"1";"33";"0";"2";"1";"26";"1";""
"202300007444";"155 667 369";"B01";"0";"33";"0";"2";"7";"1";"1";""
"202300007444";"155 667 370";"A01";"3";"10";"0";"2";"2";"9";"1";""
"202300007445";"155 667 368";"A01";"2";"99";"0";"1";"7";"16";"1";""
"202300007446";"155 667 366";"B01";"1";"7";"0";"0";"1";"1";"1";""
"202300007446";"155 667 367";"A01";"2";"7";"0";"2";"1";"13";"1";""
"202300007447";"155 667 364";"B01";"3";"1";"0";"2";"1";"17";"5";""
"202300007447";"155 667 365";"A01";"3";"10";"0";"0";"8";"15";"1";""
"202300007448";"155 667 363";"A01";"1";"33";"3";"0";"3";"13";"1";""
"202300007449";"155 667 360";"B01";"1";"1";"0";"2";"7";"9";"5";""
"202300007449";"155 667 361";"A01";"1";"7";"0";"2";"3";"1";"1";""
"202300007450";"155 667 358";"B01";"2";"7";"0";"2";"3";"1";"1";""
"202300007450";"155 667 359";"A01";"1";"7";"0";"2";"3";"13";"1";""
"202300007451";"155 667 357";"A01";"1";"31";"0";"2";"1";"1";"1";""
"202300007452";"155 667 356";"A01";"0";"7";"0";"1";"2";"0";"1";""
"202300007453";"155 667 355";"A01";"2";"7";"2";"0";"8";"1";"1";""
"202300007454";"155 667 354";"A01";"1";"2";"8";"0";"1";"13";"1";""
"202300007455";"155 667 352";"B01";"1";"31";"0";"2";"7";"1";"1";""
"202300007455";"155 667 353";"A01";"1";"15";"0";"2";"8";"1";"1";""
"202300007456";"155 667 350";"A01";"2";"7";"0";"2";"4";"23";"1";""
"202300007456";"155 667 351";"B01";"2";"13";"1";"0";"1";"1";"1";""
"202300007457";"155 667 348";"A01";"1";"7";"0";"2";"7";"2";"1";""
"202300007457";"155 667 349";"B01";"1";"7";"0";"2";"8";"1";"1";""
"202300007458";"155 667 347";"A01";"2";"7";"4";"0";"1";"0";"1";""
"202300007459";"155 667 345";"A01";"2";"10";"0";"2";"1";"11";"1";""
"202300007459";"155 667 346";"B01";"2";"7";"0";"2";"4";"23";"1";""
"202300007460";"155 667 343";"B01";"2";"7";"0";"2";"1";"1";"1";""
"202300007460";"155 667 344";"A01";"2";"33";"0";"2";"4";"23";"1";""
"202300007461";"155 667 340";"B01";"2";"10";"0";"2";"3";"1";"0";""
"202300007461";"155 667 341";"C01";"2";"7";"0";"2";"1";"1";"0";""
"202300007461";"155 667 342";"A01";"1";"7";"0";"2";"2";"6";"0";""
"202300007462";"155 667 339";"A01";"2";"7";"4";"0";"1";"14";"0";""
"202300007463";"155 667 338";"A01";"1";"43";"0";"0";"0";"1";"1";""
"202300007464";"155 667 336";"A01";"2";"7";"0";"2";"3";"11";"1";""
"202300007464";"155 667 337";"B01";"2";"33";"0";"2";"2";"3";"1";""
"202300007465";"155 667 333";"A01";"2";"7";"0";"2";"2";"14";"1";""
"202300007465";"155 667 334";"B01";"2";"7";"0";"2";"6";"12";"1";""
"202300007465";"155 667 335";"C01";"2";"10";"0";"2";"2";"0";"1";""
"202300007466";"155 667 332";"A01";"2";"7";"4";"0";"1";"11";"1";""
"202300007467";"155 667 330";"B01";"2";"7";"0";"2";"3";"11";"1";""
"202300007467";"155 667 331";"A01";"2";"33";"0";"2";"2";"3";"1";""
"202300007468";"155 667 328";"B01";"1";"33";"0";"2";"2";"3";"1";""
"202300007468";"155 667 329";"A01";"1";"7";"0";"2";"6";"12";"1";""
"202300007469";"155 667 327";"A01";"2";"31";"0";"0";"5";"14";"1";""
"202300007470";"155 667 323";"B01";"2";"7";"0";"2";"4";"2";"1";""
"202300007470";"155 667 324";"C01";"2";"7";"0";"2";"4";"2";"1";""
"202300007470";"155 667 325";"D01";"2";"7";"0";"2";"6";"2";"1";""
"202300007470";"155 667 326";"A01";"2";"10";"0";"2";"1";"1";"1";""
"202300007471";"155 667 321";"A01";"1";"7";"3";"0";"3";"1";"1";""
"202300007471";"155 667 322";"B01";"1";"7";"0";"2";"3";"1";"1";""
"202300007472";"155 667 320";"A01";"1";"17";"0";"1";"0";"1";"1";""
"202300007473";"155 667 319";"A01";"1";"32";"3";"0";"0";"0";"1";""
"202300007474";"155 667 317";"B01";"2";"33";"0";"2";"7";"1";"1";""
"202300007474";"155 667 318";"A01";"2";"7";"0";"2";"8";"11";"1";""
"202300007475";"155 667 314";"B01";"2";"7";"0";"2";"4";"2";"1";""
"202300007475";"155 667 315";"C01";"2";"10";"0";"2";"1";"2";"1";""
"202300007475";"155 667 316";"A01";"2";"7";"0";"2";"4";"2";"1";""
"202300007476";"155 667 311";"C01";"1";"10";"0";"2";"4";"2";"1";""
"202300007476";"155 667 312";"A01";"1";"7";"0";"2";"1";"2";"1";""
"202300007476";"155 667 313";"B01";"1";"10";"0";"2";"4";"2";"1";""
"202300007477";"155 667 309";"A01";"1";"7";"0";"2";"1";"1";"1";""
"202300007477";"155 667 310";"B01";"1";"50";"0";"2";"1";"19";"3";""
"202300007478";"155 667 307";"A01";"1";"37";"0";"2";"0";"0";"1";"4"
"202300007478";"155 667 308";"B01";"1";"10";"0";"0";"0";"0";"0";""
"202300007479";"155 667 306";"A01";"2";"2";"0";"0";"2";"2";"1";""
"202300007480";"155 667 305";"A01";"3";"34";"1";"0";"2";"14";"3";""
"202300007481";"155 667 303";"B01";"1";"2";"0";"2";"8";"1";"3";""
"202300007481";"155 667 304";"A01";"1";"7";"0";"2";"7";"13";"0";""
"202300007482";"155 667 301";"A01";"1";"1";"0";"4";"8";"1";"5";""
"202300007482";"155 667 302";"B01";"2";"40";"0";"2";"1";"1";"3";""
"202300007483";"155 667 299";"A01";"1";"33";"2";"2";"1";"1";"1";""
"202300007483";"155 667 300";"B01";"1";"33";"0";"2";"1";"1";"1";""
"202300007484";"155 667 298";"A01";"2";"32";"0";"1";"8";"17";"1";""
"202300007485";"155 667 296";"A01";"2";"30";"0";"2";"1";"3";"1";""
"202300007485";"155 667 297";"B01";"2";"7";"0";"0";"8";"15";"1";""
"202300007486";"155 667 291";"A01";"1";"7";"0";"2";"9";"12";"2";""
"202300007486";"155 667 292";"B01";"1";"7";"0";"2";"7";"1";"2";""
"202300007486";"155 667 293";"C01";"1";"7";"0";"2";"8";"1";"2";""
"202300007486";"155 667 294";"D01";"1";"7";"0";"2";"8";"1";"1";""
"202300007487";"155 667 290";"A01";"0";"7";"0";"1";"2";"11";"1";""
"202300007488";"155 667 288";"A01";"1";"7";"0";"2";"1";"2";"1";""
"202300007488";"155 667 289";"B01";"1";"2";"0";"2";"4";"26";"1";""
"202300007489";"155 667 286";"B01";"1";"33";"0";"2";"1";"1";"1";""
"202300007489";"155 667 287";"A01";"1";"7";"0";"2";"3";"19";"1";""
"202300007490";"155 667 284";"A01";"2";"2";"0";"2";"1";"17";"1";""
"202300007490";"155 667 285";"B01";"1";"7";"0";"2";"6";"15";"1";""
"202300007491";"155 667 282";"B01";"1";"30";"0";"2";"7";"1";"1";""
"202300007491";"155 667 283";"A01";"3";"7";"0";"2";"3";"9";"1";""
"202300007492";"155 667 280";"A01";"2";"7";"0";"2";"3";"20";"1";""
"202300007492";"155 667 281";"B01";"2";"2";"0";"2";"1";"17";"1";""
"202300007493";"155 667 279";"A01";"3";"7";"0";"1";"4";"4";"1";""
"202300007494";"155 667 278";"A01";"2";"7";"0";"1";"8";"1";"1";""
"202300007495";"155 667 276";"A01";"0";"7";"0";"2";"2";"16";"1";""
"202300007495";"155 667 277";"B01";"0";"32";"0";"2";"8";"7";"1";""
"202300007496";"155 667 274";"B01";"2";"7";"0";"2";"4";"1";"1";""
"202300007496";"155 667 275";"A01";"2";"7";"0";"2";"1";"1";"1";""
"202300007497";"155 667 270";"B01";"3";"7";"0";"2";"3";"9";"1";""
"202300007497";"155 667 271";"A01";"2";"50";"0";"2";"1";"25";"3";""
"202300007498";"155 667 268";"A01";"3";"33";"0";"2";"1";"2";"1";""
"202300007498";"155 667 269";"B01";"3";"7";"0";"2";"3";"2";"1";""
"202300007499";"155 667 267";"A01";"0";"7";"0";"1";"0";"1";"1";""
"202300007500";"155 667 265";"A01";"1";"7";"0";"2";"3";"1";"1";""
"202300007500";"155 667 266";"B01";"3";"50";"0";"2";"1";"19";"3";""
"202300007501";"155 667 263";"B01";"1";"7";"0";"2";"6";"1";"1";""
"202300007501";"155 667 264";"A01";"2";"32";"0";"2";"1";"16";"1";""
"202300007502";"155 667 261";"A01";"1";"7";"0";"2";"1";"16";"1";""
"202300007502";"155 667 262";"B01";"1";"33";"0";"2";"7";"17";"1";""
"202300007503";"155 667 259";"A01";"1";"7";"0";"2";"2";"9";"0";""
"202300007503";"155 667 260";"B01";"1";"1";"0";"2";"3";"1";"0";""
"202300007504";"155 667 257";"A01";"3";"10";"0";"2";"1";"16";"1";""
"202300007504";"155 667 258";"B01";"3";"3";"0";"2";"4";"16";"1";""
"202300007505";"155 667 256";"Z01";"1";"50";"0";"1";"7";"0";"3";""
"202300007506";"155 667 254";"A01";"2";"7";"0";"2";"1";"2";"1";""
"202300007506";"155 667 255";"B01";"2";"7";"0";"2";"6";"2";"1";""
"202300007507";"155 667 252";"A01";"2";"14";"0";"2";"7";"2";"1";""
"202300007507";"155 667 253";"B01";"2";"80";"0";"2";"8";"2";"3";""
"202300007508";"155 667 250";"A01";"2";"7";"0";"2";"2";"1";"1";""
"202300007508";"155 667 251";"B01";"3";"80";"0";"2";"7";"19";"3";""
"202300007509";"155 667 249";"A01";"1";"7";"0";"1";"1";"1";"1";""
"202300007510";"155 667 247";"B01";"2";"7";"0";"2";"3";"1";"2";""
"202300007510";"155 667 248";"A01";"2";"7";"0";"2";"1";"1";"1";""
"202300007511";"155 667 246";"A01";"2";"7";"0";"1";"1";"1";"1";""
"202300007512";"155 667 245";"A01";"3";"7";"0";"1";"4";"20";"1";""
"202300007513";"155 667 243";"B01";"0";"2";"0";"2";"7";"1";"1";""
"202300007513";"155 667 244";"A01";"1";"7";"0";"2";"1";"9";"1";""
"202300007514";"155 667 241";"A01";"0";"7";"0";"2";"1";"26";"1";""
"202300007514";"155 667 242";"B01";"1";"33";"0";"2";"7";"17";"1";""
"202300007515";"155 667 240";"A01";"2";"33";"0";"0";"8";"0";"0";""
"202300007516";"155 667 238";"A01";"1";"7";"0";"2";"1";"13";"1";""
"202300007516";"155 667 239";"B01";"1";"7";"0";"2";"1";"1";"1";""
"202300007517";"155 667 236";"A01";"1";"7";"0";"2";"3";"15";"1";""
"202300007517";"155 667 237";"B01";"3";"50";"0";"2";"1";"2";"3";""
"202300007518";"155 667 235";"A01";"2";"7";"1";"0";"7";"4";"1";""
"202300007519";"155 667 232";"B01";"1";"7";"0";"2";"8";"11";"1";""
"202300007519";"155 667 233";"C01";"1";"7";"0";"0";"4";"1";"2";""
"202300007519";"155 667 234";"A01";"1";"43";"0";"2";"1";"3";"1";""
"202300007520";"155 667 230";"B01";"1";"33";"0";"2";"1";"3";"1";""
"202300007520";"155 667 231";"A01";"1";"10";"0";"2";"8";"11";"1";""
"202300007521";"155 667 228";"A01";"1";"7";"0";"2";"1";"2";"1";""
"202300007521";"155 667 229";"B01";"1";"7";"0";"2";"4";"2";"2";""
"202300007522";"155 667 226";"B01";"2";"7";"0";"2";"0";"12";"1";""
"202300007522";"155 667 227";"A01";"2";"33";"0";"2";"1";"3";"1";""
"202300007523";"155 667 224";"A01";"1";"10";"0";"2";"1";"11";"1";""
"202300007523";"155 667 225";"B01";"1";"7";"0";"2";"4";"1";"2";""
"202300007524";"155 667 223";"A01";"1";"17";"0";"1";"3";"1";"1";""
"202300007525";"155 667 222";"A01";"1";"7";"0";"1";"1";"14";"2";""
"202300007526";"155 667 218";"C01";"3";"7";"0";"2";"4";"23";"1";""
"202300007526";"155 667 219";"D01";"3";"7";"0";"2";"4";"23";"1";""
"202300007526";"155 667 220";"A01";"3";"43";"0";"2";"1";"14";"1";""
"202300007526";"155 667 221";"B01";"3";"7";"0";"2";"8";"23";"1";""
"202300007527";"155 667 216";"B01";"3";"7";"0";"2";"1";"15";"1";""
"202300007527";"155 667 217";"A01";"0";"32";"0";"2";"8";"1";"1";""
"202300007528";"155 667 215";"A01";"0";"7";"0";"1";"1";"15";"1";""
"202300007529";"155 667 214";"A01";"1";"7";"0";"1";"3";"1";"1";""
"202300007530";"155 667 212";"A01";"3";"7";"0";"2";"3";"15";"1";""
"202300007530";"155 667 213";"B01";"3";"7";"0";"2";"3";"1";"1";""
"202300007531";"155 667 211";"A01";"3";"7";"8";"0";"3";"13";"0";""
"202300007532";"155 667 209";"B01";"2";"7";"0";"2";"7";"15";"2";""
"202300007532";"155 667 210";"A01";"2";"33";"0";"2";"1";"1";"1";""
"202300007533";"155 667 207";"A01";"2";"30";"0";"2";"2";"17";"1";""
"202300007533";"155 667 208";"B01";"2";"7";"0";"0";"8";"9";"1";""
"202300007534";"155 667 206";"A01";"1";"50";"0";"1";"1";"1";"3";""
"202300007535";"155 667 205";"A01";"1";"7";"0";"1";"3";"15";"1";""
"202300007536";"155 667 204";"A01";"3";"7";"0";"1";"1";"17";"1";""
"202300007537";"155 667 202";"A01";"2";"1";"0";"2";"1";"1";"5";""
"202300007537";"155 667 203";"B01";"2";"34";"0";"2";"3";"1";"1";""
"202300007538";"155 667 201";"A01";"3";"7";"0";"1";"2";"1";"0";""
"202300007539";"155 667 200";"A01";"2";"7";"1";"0";"2";"14";"1";""
"202300007540";"155 667 198";"A01";"1";"7";"0";"2";"3";"1";"2";""
"202300007540";"155 667 199";"B01";"3";"1";"0";"2";"2";"19";"5";""
"202300007541";"155 667 197";"A01";"1";"7";"0";"1";"2";"2";"0";""
"202300007542";"155 667 195";"A01";"3";"1";"0";"2";"1";"19";"5";""
"202300007542";"155 667 196";"B01";"2";"32";"0";"2";"1";"1";"1";""
"202300007543";"155 667 193";"A01";"2";"7";"0";"2";"2";"15";"1";""
"202300007543";"155 667 194";"B01";"2";"2";"0";"2";"1";"1";"1";""
"202300007544";"155 667 191";"A01";"3";"7";"0";"2";"1";"26";"1";""
"202300007544";"155 667 192";"B01";"3";"99";"0";"0";"0";"0";"0";""
"202300007545";"155 667 189";"A01";"1";"7";"0";"2";"8";"11";"1";""
"202300007545";"155 667 190";"B01";"1";"34";"0";"2";"6";"1";"1";""
"202300007546";"155 667 187";"A01";"0";"7";"0";"2";"4";"1";"1";""
"202300007546";"155 667 188";"B01";"0";"7";"0";"2";"1";"1";"0";""
"202300007547";"155 667 185";"A01";"1";"7";"0";"2";"3";"2";"1";""
"202300007547";"155 667 186";"B01";"3";"1";"0";"2";"1";"25";"5";""
"202300007548";"155 667 183";"A01";"0";"7";"0";"2";"2";"1";"1";""
"202300007548";"155 667 184";"B01";"0";"1";"0";"2";"8";"19";"5";""
"202300007549";"155 667 182";"A01";"3";"60";"12";"0";"1";"1";"5";""