"Num_Acc";"id_vehicule";"num_veh";"senc";"catv";"obs";"obsm";"choc";"manv";"motor";"occutc"
"202300007550";"155 667 181";"A01";"2";"17";"0";"0";"0";"1";"1";""
"202300007551";"155 667 179";"A01";"1";"7";"0";"2";"1";"9";"1";""
"202300007551";"155 667 180";"B01";"1";"33";"0";"2";"8";"1";"1";""
"202300007552";"155 667 177";"A01";"1";"7";"0";"0";"6";"23";"1";""
"202300007552";"155 667 178";"B01";"1";"33";"0";"2";"7";"1";"1";""
"202300007553";"155 667 175";"A01";"2";"7";"0";"2";"1";"13";"0";""
"202300007553";"155 667 176";"B01";"1";"7";"0";"2";"1";"0";"0";""
"202300007554";"155 667 174";"A01";"1";"7";"0";"1";"1";"1";"0";""
"202300007555";"155 667 172";"A01";"1";"7";"0";"2";"1";"1";"1";""
"202300007555";"155 667 173";"B01";"2";"3";"0";"2";"1";"1";"1";""
"202300007556";"155 667 170";"B01";"0";"1";"0";"2";"1";"19";"5";""
"202300007556";"155 667 171";"A01";"0";"1";"0";"2";"1";"1";"5";""
"202300007557";"155 667 169";"A01";"1";"33";"0";"9";"0";"1";"0";""
"202300007558";"155 667 167";"A01";"3";"7";"5";"2";"2";"17";"0";""
"202300007558";"155 667 168";"B01";"3";"10";"5";"0";"6";"1";"0";""
"202300007559";"155 667 165";"B01";"1";"33";"0";"2";"7";"17";"0";""
"202300007559";"155 667 166";"A01";"1";"7";"0";"2";"3";"13";"0";""
"202300007560";"155 667 164";"A01";"1";"10";"13";"0";"3";"1";"1";""
"202300007561";"155 667 163";"A01";"0";"7";"15";"0";"1";"1";"0";""
"202300007562";"155 667 162";"A01";"2";"10";"6";"0";"1";"1";"1";""
"202300007563";"155 667 160";"A01";"2";"2";"0";"9";"1";"1";"1";""
"202300007563";"155 667 161";"B01";"1";"1";"0";"2";"1";"1";"5";""
"202300007564";"155 667 158";"A01";"1";"7";"13";"0";"0";"1";"0";""
"202300007565";"155 667 156";"B01";"2";"7";"0";"2";"1";"17";"1";""
"202300007565";"155 667 157";"A01";"1";"7";"0";"2";"3";"1";"1";""
"202300007566";"155 667 154";"B01";"2";"1";"0";"2";"4";"2";"5";""
"202300007566";"155 667 155";"A01";"2";"10";"0";"2";"2";"2";"1";""
"202300007567";"155 667 152";"B01";"2";"7";"0";"2";"3";"15";"1";""
"202300007567";"155 667 153";"A01";"2";"7";"0";"2";"2";"17";"1";""
"202300007568";"155 667 151";"A01";"1";"14";"1";"1";"2";"1";"1";""
"202300007569";"155 667 150";"A01";"1";"7";"8";"0";"1";"1";"1";""
"202300007570";"155 667 149";"A01";"3";"36";"12";"0";"7";"10";"1";""
"202300007571";"155 667 147";"A01";"2";"14";"0";"0";"4";"23";"1";""
"202300007571";"155 667 148";"B01";"2";"7";"0";"2";"1";"1";"1";""
"202300007572";"155 667 145";"A01";"2";"7";"0";"2";"8";"15";"1";""
"202300007572";"155 667 146";"B01";"2";"7";"0";"2";"1";"1";"3";""
"202300007573";"155 667 144";"A01";"1";"7";"13";"0";"0";"1";"1";""
"202300007574";"155 667 142";"B01";"2";"7";"0";"2";"7";"19";"1";""
"202300007574";"155 667 143";"A01";"1";"1";"0";"2";"2";"1";"5";""
"202300007575";"155 667 141";"A01";"2";"2";"3";"0";"7";"1";"1";""
"202300007576";"155 667 139";"A01";"3";"36";"0";"2";"2";"2";"1";""
"202300007576";"155 667 140";"B01";"3";"36";"0";"0";"5";"2";"1";""
"202300007577";"155 667 138";"A01";"2";"7";"16";"0";"9";"1";"1";""
"202300007578";"155 667 137";"A01";"3";"7";"16";"0";"9";"1";"1";""
"202300007579";"155 667 135";"B01";"2";"7";"0";"0";"3";"1";"1";""
"202300007579";"155 667 136";"A01";"1";"7";"0";"2";"3";"13";"1";""
"202300007580";"155 667 134";"A01";"2";"33";"16";"0";"7";"1";"1";""
"202300007581";"155 667 132";"A01";"1";"10";"0";"2";"1";"3";"1";""
"202300007581";"155 667 133";"B01";"1";"10";"0";"0";"6";"2";"1";""
"202300007582";"155 667 131";"A01";"3";"7";"0";"1";"1";"1";"1";""
"202300007583";"155 667 130";"A01";"3";"7";"0";"1";"1";"1";"1";""
"202300007584";"155 667 129";"A01";"2";"7";"6";"0";"1";"1";"1";""
"202300007585";"155 667 127";"A01";"1";"7";"0";"2";"2";"19";"1";""
"202300007585";"155 667 128";"B01";"2";"31";"0";"2";"7";"1";"1";""
"202300007586";"155 667 125";"A01";"2";"7";"0";"2";"3";"15";"2";""
"202300007586";"155 667 126";"B01";"1";"1";"0";"2";"3";"1";"5";""
"202300007587";"155 667 123";"A01";"2";"7";"0";"2";"4";"9";"1";""
"202300007587";"155 667 124";"B01";"2";"10";"0";"2";"1";"1";"1";""
"202300007588";"155 667 121";"A01";"2";"7";"0";"2";"1";"13";"1";""
"202300007588";"155 667 122";"B01";"1";"7";"0";"2";"1";"1";"1";""
"202300007589";"155 667 119";"B01";"3";"7";"0";"2";"7";"19";"1";""
"202300007589";"155 667 120";"A01";"2";"10";"0";"2";"1";"1";"1";""
"202300007590";"155 667 118";"A01";"2";"7";"6";"0";"2";"0";"1";""
"202300007591";"155 667 116";"B01";"2";"32";"0";"2";"1";"1";"1";""
"202300007591";"155 667 117";"A01";"1";"7";"0";"9";"5";"15";"1";""
"202300007592";"155 667 115";"A01";"1";"7";"2";"0";"3";"13";"1";""
"202300007593";"155 667 113";"A01";"1";"7";"0";"9";"2";"2";"1";""
"202300007593";"155 667 114";"B01";"1";"1";"0";"0";"4";"2";"5";""
"202300007594";"155 667 112";"A01";"0";"10";"0";"1";"3";"0";"1";""
"202300007595";"155 667 111";"A01";"1";"2";"13";"0";"1";"14";"1";""
"202300007596";"155 667 108";"B01";"0";"7";"0";"2";"4";"0";"1";""
"202300007596";"155 667 109";"C01";"0";"7";"0";"2";"1";"0";"1";""
"202300007596";"155 667 110";"A01";"0";"7";"0";"0";"4";"15";"1";""
"202300007597";"155 667 106";"B01";"3";"1";"0";"0";"0";"26";"5";""
"202300007597";"155 667 107";"A01";"3";"36";"0";"0";"0";"26";"1";""
"202300007598";"155 667 105";"A01";"2";"7";"0";"1";"2";"1";"1";""
"202300007599";"155 667 101";"A01";"1";"10";"14";"2";"1";"1";"0";""
"202300007599";"155 667 102";"B01";"1";"7";"0";"2";"4";"24";"1";""
"202300007599";"155 667 103";"C01";"1";"7";"0";"2";"1";"23";"1";""
"202300007599";"155 667 104";"D01";"1";"7";"0";"2";"3";"1";"1";""
"202300007600";"155 667 100";"A01";"1";"7";"4";"0";"9";"0";"1";""
"202300007601";"155 667 098";"B01";"2";"7";"3";"2";"1";"2";"1";""
"202300007601";"155 667 099";"A01";"1";"15";"3";"2";"1";"13";"1";""
"202300007602";"155 667 096";"A01";"1";"7";"3";"2";"2";"2";"1";""
"202300007602";"155 667 097";"B01";"1";"7";"1";"2";"3";"2";"1";""
"202300007603";"155 667 095";"A01";"2";"7";"13";"0";"1";"0";"1";""
"202300007604";"155 667 091";"C01";"1";"7";"3";"2";"1";"1";"1";""
"202300007604";"155 667 092";"D01";"1";"7";"3";"2";"1";"1";"1";""
"202300007604";"155 667 093";"A01";"1";"7";"3";"2";"1";"1";"1";""
"202300007604";"155 667 094";"B01";"1";"7";"3";"2";"2";"1";"1";""
"202300007605";"155 667 090";"A01";"1";"7";"4";"0";"2";"0";"1";""
"202300007606";"155 667 087";"A01";"1";"7";"14";"0";"0";"0";"1";""
"202300007606";"155 667 088";"B01";"1";"7";"14";"0";"0";"0";"1";""
"202300007606";"155 667 089";"C01";"1";"7";"14";"0";"0";"0";"1";""
"202300007607";"155 667 084";"A01";"2";"7";"0";"2";"4";"11";"1";""
"202300007607";"155 667 085";"B01";"2";"7";"0";"2";"1";"1";"1";""
"202300007607";"155 667 086";"C01";"2";"99";"0";"2";"1";"1";"1";""
"202300007608";"155 667 083";"A01";"2";"34";"12";"0";"2";"1";"1";""
"202300007609";"155 667 082";"A01";"3";"10";"1";"1";"1";"13";"1";""
"202300007610";"155 667 080";"A01";"1";"7";"0";"2";"9";"0";"1";""
"202300007610";"155 667 081";"B01";"1";"10";"0";"2";"2";"0";"1";""
"202300007611";"155 667 079";"A01";"1";"7";" -1";"1";"1";"1";"1";""
"202300007612";"155 667 077";"A01";"1";"7";"0";"2";"7";"19";"1";""
"202300007612";"155 667 078";"B01";"2";"33";"0";"2";"1";"1";"1";""
"202300007613";"155 667 074";"A01";"1";"7";"1";"0";"1";"1";"1";""
"202300007613";"155 667 075";"B01";"1";"7";"1";"0";"4";"23";"1";""
"202300007613";"155 667 076";"C01";"1";"7";"0";"0";"4";"23";"1";""
"202300007614";"155 667 072";"A01";"1";"33";"0";"2";"1";"1";"1";""
"202300007614";"155 667 073";"B01";"1";"7";"0";"2";"5";"2";"1";""
"202300007615";"155 667 071";"A01";"3";"7";"0";"1";"5";"20";"1";""
"202300007616";"155 667 070";"A01";"2";"10";"13";"0";"2";"1";"1";""
"202300007617";"155 667 069";"A01";"2";"7";"13";"2";"2";"21";"1";""
"202300007618";"155 667 067";"B01";"3";"37";"0";"2";"2";"1";"1";"6"
"202300007618";"155 667 068";"A01";"3";"7";"0";"2";"3";"16";"1";""
"202300007619";"155 667 065";"A01";"3";"7";"0";"2";"3";"24";"1";""
"202300007619";"155 667 066";"B01";"3";"30";"1";"0";"1";"0";"1";""
"202300007620";"155 667 063";"A01";"1";"7";"0";"2";"1";"2";"1";""
"202300007620";"155 667 064";"B01";"1";"7";"0";"2";"4";"17";"1";""
"202300007621";"155 667 061";"A01";"1";"7";"0";"2";"1";"1";"1";""
"202300007621";"155 667 062";"B01";"1";"1";"0";"2";"4";"19";"5";""
"202300007622";"155 667 059";"B01";"2";"60";"0";"2";"8";"1";"5";""
"202300007622";"155 667 060";"A01";"1";"7";"0";"2";"1";"15";"1";""
"202300007623";"155 667 057";"A01";"2";"7";"0";"2";"1";"2";"1";""
"202300007623";"155 667 058";"B01";"2";"7";"0";"2";"7";"2";"1";""
"202300007624";"155 667 056";"A01";"1";"7";"0";"1";"2";"19";"1";""
"202300007625";"155 667 055";"A01";"0";"7";"15";"0";"0";"14";"1";""
"202300007626";"155 667 053";"A01";"1";"7";"0";"2";"1";"19";"1";""
"202300007626";"155 667 054";"B01";"1";"3";"0";"2";"3";"0";"1";""
"202300007627";"155 667 052";"A01";"1";"7";"0";"1";"1";"1";"1";""
"202300007628";"155 667 050";"A01";"1";"10";"0";"2";"3";"15";"0";""
"202300007628";"155 667 051";"B01";"1";"50";"0";"2";"1";"17";"3";""
"202300007629";"155 667 048";"B01";"2";"10";"0";"2";"2";"0";"1";""
"202300007629";"155 667 049";"A01";"1";"7";"0";"2";"2";"1";"1";""
"202300007630";"155 667 046";"A01";"1";"7";"0";"2";"1";"5";"1";""
"202300007630";"155 667 047";"B01";"2";"37";"0";"2";"1";"1";"1";"1"
"202300007631";"155 667 043";"A01";"1";"7";"0";"1";"1";"1";"1";""
"202300007632";"155 667 040";"B01";"1";"2";"0";"2";"7";"1";"1";""
"202300007632";"155 667 041";"Z01";"2";"7";"0";"2";"8";"26";"1";""
"202300007633";"155 667 039";"A01";"3";"7";"1";"0";"1";"21";"1";""
"202300007634";"155 667 038";"A01";"2";"10";"0";"1";"7";"1";"1";""
"202300007635";"155 667 036";"A01";"3";"7";"0";"2";"1";"2";"1";""
"202300007635";"155 667 037";"B01";"1";"7";"16";"0";"4";"0";"1";""
"202300007636";"155 667 034";"B01";"3";"7";"0";"2";"2";"1";"1";""
"202300007636";"155 667 035";"A01";"3";"7";"1";"2";"3";"26";"1";""
"202300007637";"155 667 033";"A01";"1";"7";"0";"1";"2";"1";"1";""
"202300007638";"155 667 031";"A01";"2";"30";"0";"2";"6";"16";"1";""
"202300007638";"155 667 032";"B01";"1";"7";"0";"2";"7";"1";"1";""
"202300007639";"155 667 030";"A01";"2";"7";"0";"1";"3";"16";"1";""
"202300007640";"155 667 028";"B01";"2";"7";"0";"2";"7";"1";"1";""
"202300007640";"155 667 029";"A01";"2";"7";"0";"2";"1";"19";"1";""
"202300007641";"155 667 026";"A01";"2";"7";"0";"2";"4";"23";"1";""
"202300007641";"155 667 027";"B01";"2";"7";"0";"2";"1";"2";"1";""
"202300007642";"155 667 024";"A01";"1";"34";"0";"2";"2";"2";"1";""
"202300007642";"155 667 025";"B01";"1";"7";"0";"2";"6";"16";"1";""
"202300007643";"155 667 023";"A01";"3";"33";"0";"0";"0";"1";"1";""
"202300007644";"155 667 022";"Z01";"3";"0";"0";"1";"1";"1";"0";""
"202300007645";"155 667 020";"A01";"3";"7";"0";"2";"1";"1";"1";""
"202300007645";"155 667 021";"B01";"3";"50";"0";"2";"7";"19";"3";""
"202300007646";"155 667 019";"A01";"3";"7";"8";"0";"0";"26";"1";""
"202300007647";"155 667 017";"Z01";"0";"10";"0";"2";"0";"0";"0";""
"202300007647";"155 667 018";"A01";"0";"1";"0";"2";"4";"2";"5";""
"202300007648";"155 667 015";"A01";"2";"7";"0";"2";"2";"15";"1";""
"202300007648";"155 667 016";"B01";"1";"50";"0";"2";"1";"1";"3";""
"202300007649";"155 667 014";"A01";"0";"31";"6";"0";"1";"1";"1";""
"202300007650";"155 667 013";"A01";"1";"50";"0";"1";"1";"1";"3";""
"202300007651";"155 667 012";"A01";"1";"7";"8";"0";"3";"1";"1";""
"202300007652";"155 667 011";"A01";"3";"7";"13";"0";"2";"9";"1";""
"202300007653";"155 667 009";"B01";"2";"7";"0";"0";"0";"1";"1";""
"202300007653";"155 667 010";"A01";"1";"33";"0";"0";"0";"11";"1";""
"202300007654";"155 667 008";"A01";"1";"7";"0";"1";"4";"20";"1";""
"202300007655";"155 667 006";"B01";"1";"30";"0";"2";"1";"1";"1";""
"202300007655";"155 667 007";"A01";"2";"7";"0";"2";"5";"15";"1";""
"202300007656";"155 667 003";"A01";"1";"7";"0";"2";"1";"2";"1";""
"202300007656";"155 667 004";"B01";"1";"32";"0";"2";"4";"2";"1";""
"202300007656";"155 667 005";"C01";"1";"7";"0";"2";"4";"2";"1";""
"202300007657";"155 667 000";"A01";"2";"7";"0";"2";"1";"26";"1";""
"202300007657";"155 667 001";"C01";"2";"10";"0";"2";"4";"0";"1";""
"202300007657";"155 667 002";"B01";"2";"10";"0";"2";"1";"26";"1";""
"202300007658";"155 666 998";"B01";"2";"7";"0";"2";"4";"1";"2";""
"202300007658";"155 666 999";"A01";"2";"7";"0";"2";"1";"2";"1";""
"202300007659";"155 666 997";"A01";"3";"7";"13";"0";"0";"16";"1";""
"202300007660";"155 666 994";"A01";"2";"7";"0";"2";"5";"17";"1";""
"202300007660";"155 666 995";"B01";"2";"7";"0";"2";"3";"15";"1";""
"202300007661";"155 666 993";"A01";"3";"7";"0";"1";"3";"20";"1";""
"202300007662";"155 666 991";"B01";"1";"7";"0";"2";"1";"13";"0";""
"202300007662";"155 666 992";"A01";"2";"30";"0";"2";"1";"9";"1";""
"202300007663";"155 666 990";"A01";"2";"7";"1";"0";"3";"21";"1";""
"202300007664";"155 666 988";"B01";"1";"7";"8";"2";"2";"2";"1";""
"202300007664";"155 666 989";"A01";"1";"7";"0";"2";"3";"2";"1";""
"202300007665";"155 666 987";"A01";"1";"33";"8";"0";"1";"26";"1";""
"202300007666";"155 666 985";"A01";"2";"43";"0";"0";"8";"26";"0";""
"202300007666";"155 666 986";"B01";"2";"43";"0";"0";"8";"26";"0";""
"202300007667";"155 666 984";"Z01";"3";"33";"0";"1";"1";"1";"0";""
"202300007668";"155 666 982";"A01";"1";"7";"0";"2";"3";"16";"1";""
"202300007668";"155 666 983";"B01";"2";"2";"0";"2";"1";"21";"1";""
"202300007669";"155 666 980";"B01";"0";"7";"0";"1";"1";"1";"1";""
"202300007669";"155 666 981";"A01";"0";"7";"0";"1";"1";"1";"1";""
"202300007670";"155 666 977";"B01";"1";"10";"0";"2";"6";"1";"1";""
"202300007670";"155 666 978";"C01";"1";"7";"0";"2";"7";"1";"1";""
"202300007670";"155 666 979";"A01";"1";"33";"0";"2";"2";"1";"1";""
"202300007671";"155 666 976";"A01";"1";"30";"0";"1";"1";"1";"3";""
"202300007672";"155 666 974";"A01";"1";"7";"0";"2";"7";"22";"1";""
"202300007672";"155 666 975";"B01";"1";"1";"0";"2";"1";"1";"5";""
"202300007673";"155 666 972";"A01";"1";"2";"0";"2";"1";"15";"1";""
"202300007673";"155 666 973";"B01";"1";"50";"0";"2";"1";"1";"3";""
"202300007674";"155 666 970";"A01";"1";"30";"0";"2";"7";"15";"1";""
"202300007674";"155 666 971";"B01";"2";"7";"0";"2";"1";"2";"1";""
"202300007675";"155 666 968";"A01";"1";"7";"0";"2";"8";"10";"3";""
"202300007675";"155 666 969";"B01";"1";"2";"0";"2";"7";"17";"3";""
"202300007676";"155 666 967";"B01";"2";"1";"0";"1";"1";"1";"5";""
"202300007677";"155 666 966";"A01";"2";"30";"0";"1";"1";"1";"1";""
"202300007678";"155 666 965";"A01";"2";"7";"8";"0";"1";"13";"1";""
"202300007679";"155 666 963";"A01";"1";"7";"0";"2";"4";"1";"1";""
"202300007679";"155 666 964";"Z01";"1";"7";"0";"2";"1";"1";"0";""
"202300007680";"155 666 962";"A01";"2";"7";"0";"1";"7";"9";"1";""
"202300007681";"155 666 961";"A01";"1";"2";"0";"0";"0";"1";"3";""
"202300007682";"155 666 959";"A01";"1";"13";"0";"2";"0";"1";"0";""
"202300007682";"155 666 960";"B01";"1";"7";"0";"2";"4";"1";"1";""
"202300007683";"155 666 957";"A01";"1";"33";"0";"2";"1";"1";"1";""
"202300007683";"155 666 958";"B01";"1";"1";"0";"2";"4";"1";"5";""
"202300007684";"155 666 955";"A01";"1";"1";"0";"2";"1";"18";"5";""
"202300007684";"155 666 956";"B01";"1";"7";"0";"2";"7";"16";"1";""
"202300007685";"155 666 954";"A01";"2";"33";"0";"0";"7";"1";"1";""
"202300007686";"155 666 952";"A01";"1";"7";"0";"2";"3";"15";"1";""
"202300007686";"155 666 953";"B01";"2";"30";"0";"2";"8";"1";"1";""
"202300007687";"155 666 950";"A01";"1";"32";"0";"2";"8";"3";"0";""
"202300007687";"155 666 951";"B01";"1";"7";"0";"2";"7";"1";"0";""
"202300007688";"155 666 949";"A01";"3";"7";"1";"0";"1";"5";"1";""
"202300007689";"155 666 948";"A01";"3";"7";"14";"0";"1";"1";"1";""
"202300007690";"155 666 946";"A01";"2";"7";"0";"2";"1";"1";"1";""
"202300007690";"155 666 947";"B01";"2";"7";"0";"2";"4";"1";"1";""
"202300007691";"155 666 944";"A01";"1";"33";"0";"2";"1";"1";"1";""
"202300007691";"155 666 945";"B01";"1";"7";"0";"2";"6";"23";"0";""
"202300007692";"155 666 942";"A01";"1";"10";"0";"2";"8";"9";"1";""
"202300007692";"155 666 943";"B01";"1";"2";"0";"2";"7";"1";"0";""
"202300007693";"155 666 940";"A01";"1";"1";"0";"2";"1";"1";"5";""
"202300007693";"155 666 941";"B01";"2";"30";"0";"9";"1";"1";"0";""
"202300007694";"155 666 939";"A01";"3";"7";"11";"1";"1";"15";"2";""
"202300007695";"155 666 936";"B01";"2";"7";"0";"2";"6";"20";"1";""
"202300007695";"155 666 937";"A01";"0";"34";"0";"0";"0";"0";"1";""
"202300007696";"155 666 934";"A01";"2";"30";"0";"2";"1";"18";"1";""
"202300007696";"155 666 935";"B01";"2";"7";"0";"2";"2";"14";"2";""
"202300007697";"155 666 932";"A01";"1";"7";"0";"0";"4";"23";"1";""
"202300007697";"155 666 933";"B01";"1";"7";"1";"0";"1";"9";"1";""
"202300007698";"155 666 929";"C01";"1";"7";"0";"2";"1";"2";"1";""
"202300007698";"155 666 930";"B01";"1";"7";"0";"2";"1";"1";"1";""
"202300007698";"155 666 931";"A01";"1";"10";"5";"2";"1";"1";"1";""
"202300007699";"155 666 927";"A01";"1";"34";"0";"2";"1";"17";"1";""
"202300007699";"155 666 928";"B01";"1";"7";"0";"2";"3";"15";"1";""
"202300007700";"155 666 926";"A01";"2";"7";"0";"1";"3";"1";"1";""
"202300007701";"155 666 924";"A01";"2";"31";"0";"2";"1";"26";"1";""
"202300007701";"155 666 925";"B01";"1";"7";"0";"2";"1";"1";"1";""
"202300007702";"155 666 923";"A01";"1";"7";"3";"0";"6";"2";"1";""
"202300007703";"155 666 921";"A01";"2";"7";"0";"2";"3";"13";"1";""
"202300007703";"155 666 922";"B01";"1";"7";"0";"2";"6";"1";"1";""
"202300007704";"155 666 920";"A01";"1";"7";"8";"0";"1";"1";"1";""
"202300007705";"155 666 919";"A01";"1";"7";"17";"0";"8";"13";"1";""
"202300007706";"155 666 917";"A01";"1";"7";"0";"0";"5";"15";"3";""
"202300007706";"155 666 918";"B01";"2";"33";"0";"2";"1";"1";"1";""
"202300007707";"155 666 916";"A01";"1";"7";"0";"1";"2";"1";"1";""
"202300007708";"155 666 915";"A01";"0";"7";"0";"1";"5";"26";"1";""
"202300007709";"155 666 913";"B01";"1";"7";"0";"2";"3";"1";"1";""
"202300007709";"155 666 914";"A01";"2";"2";"0";"2";"1";"13";"1";""
"202300007710";"155 666 912";"A01";"2";"7";"17";"0";"1";"1";"1";""
"202300007711";"155 666 910";"B01";"1";"7";"0";"2";"1";"1";"1";""
"202300007711";"155 666 911";"A01";"2";"7";"0";"2";"3";"9";"1";""
"202300007712";"155 666 908";"B01";"2";"21";"0";"2";"1";"19";"0";""
"202300007712";"155 666 909";"A01";"1";"7";"0";"2";"8";"1";"0";""
"202300007713";"155 666 904";"A01";"1";"7";"0";"2";"2";"17";"1";""
"202300007713";"155 666 905";"B01";"1";"21";"0";"0";"8";"15";"1";""
"202300007714";"155 666 902";"A01";"2";"7";"0";"2";"3";"15";"1";""
"202300007714";"155 666 903";"B01";"1";"1";"0";"2";"8";"1";"5";""
"202300007715";"155 666 901";"A01";"1";"33";"0";"0";"7";"1";"1";""
"202300007716";"155 666 900";"A01";"2";"33";"13";"0";"1";"1";"1";""
"202300007717";"155 666 898";"B01";"2";"1";"0";"2";"1";"17";"5";""
"202300007717";"155 666 899";"A01";"2";"7";"0";"9";"3";"15";"0";""
"202300007718";"155 666 896";"A01";"2";"7";"0";"0";"0";"2";"1";""
"202300007718";"155 666 897";"B01";"2";"33";"12";"0";"8";"14";"1";""
"202300007719";"155 666 895";"A01";"2";"7";"6";"0";"1";"13";"1";""
"202300007720";"155 666 891";"D01";"2";"7";"0";"9";"3";"1";"1";""
"202300007720";"155 666 892";"C01";"2";"7";"0";"9";"1";"1";"1";""
"202300007720";"155 666 893";"B01";"1";"7";"13";"2";"3";"1";"1";""
"202300007720";"155 666 894";"A01";"2";"33";"0";"2";"1";"17";"1";""
"202300007721";"155 666 889";"A01";"2";"7";"0";"2";"3";"13";"2";""
"202300007721";"155 666 890";"B01";"1";"7";"0";"2";"3";"1";"1";""
"202300007722";"155 666 888";"A01";"1";"7";"8";"1";"2";"1";"2";""
"202300007723";"155 666 886";"B01";"2";"14";"0";"2";"8";"1";"1";""
"202300007723";"155 666 887";"A01";"1";"33";"0";"2";"4";"1";"1";""
"202300007724";"155 666 885";"A01";"2";"7";"0";"1";"2";"2";"1";""
"202300007725";"155 666 883";"A01";"0";"7";"13";"2";"2";"19";"1";""
"202300007725";"155 666 884";"B01";"2";"3";"13";"2";"3";"1";"1";""
"202300007726";"155 666 881";"A01";"2";"7";"0";"0";"1";"1";"1";""
"202300007726";"155 666 882";"B01";"2";"7";"0";"0";"4";"1";"1";""
"202300007727";"155 666 880";"A01";"2";"33";"0";"0";"7";"0";"1";""
"202300007728";"155 666 878";"A01";"2";"15";"0";"0";"6";"1";"1";""
"202300007728";"155 666 879";"B01";"2";"7";"0";"2";"2";"12";"2";""
"202300007729";"155 666 876";"B01";"1";"10";"0";"2";"2";"1";"1";""
"202300007729";"155 666 877";"A01";"2";"2";"0";"2";"1";"5";"1";""
"202300007730";"155 666 875";"A01";"1";"7";"12";"0";"1";"14";"1";""
"202300007731";"155 666 873";"A01";"1";"7";"0";"2";"3";"1";"1";""
"202300007731";"155 666 874";"B01";"2";"7";"3";"2";"3";"1";"1";""
"202300007732";"155 666 871";"A01";"3";"7";"0";"2";"2";"13";"1";""
"202300007732";"155 666 872";"B01";"3";"7";"0";"2";"2";"1";"1";""
"202300007733";"155 666 869";"B01";"1";"7";"0";"2";"2";"1";"1";""
"202300007733";"155 666 870";"A01";"1";"7";"0";"2";"3";"15";"1";""
"202300007734";"155 666 867";"A01";"3";"7";"0";"2";"1";"1";"1";""
"202300007734";"155 666 868";"B01";"3";"50";"0";"2";"8";"5";"3";""
"202300007735";"155 666 865";"B01";"2";"1";"0";"0";"8";"1";"5";""
"202300007735";"155 666 866";"A01";"2";"10";"0";"9";"2";"1";"1";""
"202300007736";"155 666 864";"A01";"0";"3";"8";"0";"1";"14";"1";""
"202300007737";"155 666 863";"A01";"3";"7";"14";"0";"1";"1";"0";""
"202300007738";"155 666 860";"A01";"2";"10";"0";"2";"5";"1";"1";""
"202300007738";"155 666 861";"B01";"2";"36";"0";"2";"1";"3";"1";""
"202300007739";"155 666 859";"A01";"1";"7";"0";"1";"2";"1";"1";""
"202300007740";"155 666 857";"A01";"2";"7";"0";"2";"1";"2";"1";""
"202300007740";"155 666 858";"B01";"2";"7";"0";"2";"4";"2";"1";""
"202300007741";"155 666 855";"B01";"2";"7";"0";"2";"5";"2";"1";""
"202300007741";"155 666 856";"A01";"2";"33";"0";"2";"1";"1";"1";""
"202300007742";"155 666 852";"C01";"2";"7";"0";"2";"4";"1";"0";""
"202300007742";"155 666 853";"B01";"2";"7";"0";"2";"4";"1";"0";""
"202300007742";"155 666 854";"A01";"2";"10";"0";"2";"1";"1";"0";""
"202300007743";"155 666 850";"A01";"2";"7";"0";"2";"2";"12";"1";""
"202300007743";"155 666 851";"B01";"2";"33";"0";"2";"1";"3";"1";""
"202300007744";"155 666 848";"A01";"2";"7";"0";"2";"5";"1";"1";""
"202300007744";"155 666 849";"B01";"2";"33";"0";"2";"3";"3";"1";""
"202300007745";"155 666 846";"A01";"1";"7";"0";"2";"1";"1";"1";""
"202300007745";"155 666 847";"B01";"1";"7";"0";"2";"4";"1";"3";""
"202300007746";"155 666 844";"A01";"2";"7";"0";"2";"1";"1";"1";""
"202300007746";"155 666 845";"B01";"2";"7";"0";"2";"4";"14";"1";""
"202300007747";"155 666 841";"C01";"2";"7";"0";"0";"4";"0";"1";""
"202300007747";"155 666 842";"B01";"2";"10";"0";"2";"5";"12";"1";""
"202300007747";"155 666 843";"A01";"2";"33";"0";"2";"2";"1";"1";""
"202300007748";"155 666 839";"A01";"2";"7";"0";"2";"8";"21";"1";""
"202300007748";"155 666 840";"B01";"2";"15";"1";"0";"7";"23";"1";""
"202300007749";"155 666 836";"C01";"1";"7";"0";"2";"6";"1";"1";""
"202300007749";"155 666 837";"B01";"1";"33";"0";"2";"5";"0";"1";""
"202300007749";"155 666 838";"A01";"1";"7";"0";"2";"7";"11";"1";""
"202300007750";"155 666 833";"C01";"2";"7";"0";"2";"0";"0";"0";""
"202300007750";"155 666 834";"B01";"2";"7";"0";"2";"0";"0";"1";""
"202300007750";"155 666 835";"A01";"2";"7";"0";"2";"1";"0";"1";""
"202300007751";"155 666 832";"A01";"1";"7";"4";"0";"2";"14";"1";""
"202300007752";"155 666 830";"B01";"2";"33";"0";"2";"0";"0";"1";""
"202300007752";"155 666 831";"A01";"2";"7";"0";"2";"1";"2";"1";""
"202300007753";"155 666 828";"A01";"2";"7";"0";"2";"8";"1";"2";""
"202300007753";"155 666 829";"B01";"2";"14";"0";"2";"7";"12";"1";""
"202300007754";"155 666 825";"B01";"1";"7";"0";"2";"4";"1";"1";""
"202300007754";"155 666 826";"C01";"1";"7";"0";"2";"4";"1";"1";""
"202300007754";"155 666 827";"A01";"1";"7";"0";"2";"1";"1";"1";""