"Num_Acc";"id_vehicule";"num_veh";"senc";"catv";"obs";"obsm";"choc";"manv";"motor";"occutc"
"202300008363";"155 665 741";"A01";"1";"7";"0";"2";"7";"15";"1";""
"202300008363";"155 665 744";"B01";"1";"33";"0";"2";"1";"1";"1";""
"202300008364";"155 665 740";"B01";"1";"33";"0";"2";"8";"1";"5";""
"202300008364";"155 665 743";"A01";"2";"7";"0";"2";"1";"15";"2";""
"202300008365";"155 665 739";"A01";"3";"10";"0";"1";"2";"4";"1";""
"202300008366";"155 665 738";"B01";"2";"7";"0";"2";"1";"2";"1";""
"202300008366";"155 665 742";"A01";"2";"7";"0";"2";"4";"2";"1";""
"202300008367";"155 665 735";"B01";"2";"31";"0";"2";"1";"1";"1";""
"202300008367";"155 665 736";"A01";"1";"7";"0";"2";"2";"15";"1";""
"202300008368";"155 665 737";"A01";"1";"7";"8";"0";"2";"14";"1";""
"202300008369";"155 665 734";"A01";"3";"7";"1";"0";"4";"20";"1";""
"202300008370";"155 665 730";"A01";"1";"7";"0";"2";"1";"15";"1";""
"202300008370";"155 665 733";"B01";"2";"31";"0";"2";"1";"1";"1";""
"202300008371";"155 665 728";"A01";"2";"50";"0";"2";"0";"0";"3";""
"202300008371";"155 665 732";"B01";"2";"7";"0";"2";"3";"1";"1";""
"202300008372";"155 665 727";"B01";"1";"33";"0";"2";"2";"0";"1";""
"202300008372";"155 665 731";"A01";"1";"10";"0";"2";"6";"11";"1";""
"202300008373";"155 665 725";"A01";"3";"80";"0";"0";"0";"1";"3";""
"202300008374";"155 665 726";"A01";"1";"7";"0";"1";"2";"1";"1";""
"202300008375";"155 665 724";"A01";"2";"7";"0";"2";"1";"13";"1";""
"202300008375";"155 665 729";"B01";"1";"14";"0";"2";"1";"1";"1";""
"202300008376";"155 665 719";"A01";"2";"7";"0";"2";"3";"17";"1";""
"202300008376";"155 665 722";"B01";"1";"7";"0";"2";"3";"1";"1";""
"202300008377";"155 665 723";"A01";"2";"33";"3";"0";"0";"1";"1";""
"202300008378";"155 665 716";"B01";"1";"7";"0";"2";"8";"1";"2";""
"202300008378";"155 665 720";"A01";"1";"7";"0";"2";"1";"1";"2";""
"202300008379";"155 665 718";"A01";"0";"7";"0";"2";"2";"15";"0";""
"202300008379";"155 665 721";"B01";"0";"32";"0";"2";"1";"13";"0";""
"202300008380";"155 665 713";"A01";"2";"10";"0";"2";"1";"2";"0";""
"202300008380";"155 665 715";"B01";"2";"10";"0";"2";"4";"2";"0";""
"202300008381";"155 665 711";"B01";"2";"33";"0";"2";"1";"1";"1";""
"202300008381";"155 665 714";"A01";"1";"7";"0";"2";"7";"10";"1";""
"202300008382";"155 665 707";"A01";"0";"7";"0";"1";"1";"19";"1";""
"202300008383";"155 665 710";"A01";"1";"7";"6";"0";"1";"13";"1";""
"202300008384";"155 665 709";"B01";"1";"7";"11";"2";"3";"1";"1";""
"202300008384";"155 665 712";"A01";"1";"7";"0";"2";"2";"16";"1";""
"202300008385";"155 665 704";"B01";"0";"1";"0";"0";"1";"0";"5";""
"202300008385";"155 665 705";"A01";"0";"7";"0";"9";"2";"16";"1";""
"202300008386";"155 665 706";"B01";"1";"7";"0";"2";"1";"0";"3";""
"202300008386";"155 665 708";"A01";"1";"32";"0";"0";"0";"0";"0";""
"202300008387";"155 665 702";"A01";"2";"7";"0";"1";"1";"26";"6";""
"202300008388";"155 665 701";"A01";"1";"3";"2";"0";"0";"0";"1";""
"202300008389";"155 665 700";"A01";"2";"7";"0";"2";"3";"6";"1";""
"202300008389";"155 665 703";"B01";"2";"7";"0";"2";"1";"26";"0";""
"202300008390";"155 665 695";"A01";"1";"10";"1";"2";"2";"14";"1";""
"202300008390";"155 665 699";"B01";"0";"1";"0";"2";"0";"0";"5";""
"202300008391";"155 665 694";"A01";"2";"7";"0";"2";"1";"13";"1";""
"202300008391";"155 665 698";"B01";"1";"7";"0";"2";"1";"1";"1";""
"202300008392";"155 665 689";"B01";"1";"1";"0";"2";"0";"1";"5";""
"202300008392";"155 665 692";"A01";"2";"7";"8";"2";"0";"17";"1";""
"202300008393";"155 665 690";"C01";"1";"15";"0";"2";"7";"14";"1";""
"202300008393";"155 665 693";"B01";"1";"7";"0";"2";"8";"1";"1";""
"202300008394";"155 665 691";"B01";"1";"7";"0";"2";"1";"1";"1";""
"202300008394";"155 665 696";"A01";"3";"7";"0";"2";"3";"9";"1";""
"202300008395";"155 665 684";"A01";"2";"7";"0";"2";"4";"2";"1";""
"202300008395";"155 665 686";"B01";"2";"1";"0";"2";"3";"2";"5";""
"202300008396";"155 665 683";"A01";"2";"7";"0";"2";"3";"1";"1";""
"202300008396";"155 665 687";"B01";"1";"7";"0";"2";"3";"1";"3";""
"202300008397";"155 665 681";"A01";"2";"7";"0";"2";"3";"15";"1";""
"202300008397";"155 665 688";"B01";"2";"33";"0";"2";"2";"17";"1";""
"202300008398";"155 665 678";"A01";"3";"33";"0";"0";"8";"15";"1";""
"202300008399";"155 665 679";"A01";"2";"7";"1";"2";"2";"15";"1";""
"202300008399";"155 665 682";"B01";"1";"7";"1";"2";"1";"1";"3";""
"202300008400";"155 665 676";"A01";"1";"7";"0";"0";"0";"13";"1";""
"202300008401";"155 665 674";"C01";"2";"10";"0";"2";"7";"1";"1";""
"202300008401";"155 665 677";"B01";"2";"7";"0";"2";"6";"1";"1";""
"202300008401";"155 665 680";"A01";"2";"10";"0";"2";"2";"11";"1";""
"202300008401";"155 665 685";"D01";"2";"10";"0";"2";"2";"1";"1";""
"202300008402";"155 665 671";"A01";"3";"50";"0";"2";"1";"26";"3";""
"202300008402";"155 665 673";"B01";"3";"3";"0";"2";"1";"26";"3";""
"202300008403";"155 665 672";"A01";"0";"7";"0";"0";"2";"15";"1";""
"202300008403";"155 665 675";"B01";"0";"50";"0";"2";"2";"0";"3";""
"202300008404";"155 665 668";"A01";"1";"7";"13";"0";"2";"14";"1";""
"202300008405";"155 665 666";"A01";"1";"7";"1";"0";"2";"0";"1";""
"202300008406";"155 665 664";"B01";"1";"2";"0";"2";"1";"1";"1";""
"202300008406";"155 665 669";"A01";"1";"7";"0";"2";"2";"9";"1";""
"202300008407";"155 665 663";"A01";"1";"32";"0";"2";"1";"2";"1";""
"202300008407";"155 665 667";"B01";"1";"7";"0";"2";"4";"2";"1";""
"202300008408";"155 665 665";"A01";"1";"7";"1";"0";"3";"2";"1";""
"202300008408";"155 665 670";"B01";"1";"10";"0";"0";"5";"23";"1";""
"202300008409";"155 665 660";"A01";"1";"7";"0";"1";"1";"1";"1";""
"202300008410";"155 665 657";"A01";"1";"7";"0";"2";"3";"19";"1";""
"202300008410";"155 665 662";"B01";"1";"33";"0";"2";"1";"19";"1";""
"202300008411";"155 665 655";"A01";"1";"10";"0";"2";"1";"1";"1";""
"202300008411";"155 665 658";"B01";"1";"7";"0";"2";"4";"1";"2";""
"202300008412";"155 665 654";"A01";"2";"7";"0";"2";"7";"15";"1";""
"202300008412";"155 665 659";"B01";"1";"2";"0";"2";"1";"1";"1";""
"202300008413";"155 665 652";"A01";"1";"33";"0";"1";"3";"19";"1";""
"202300008414";"155 665 650";"A01";"2";"7";"2";"6";"6";"14";"1";""
"202300008415";"155 665 649";"B01";"1";"7";"0";"2";"1";"1";"2";""
"202300008415";"155 665 653";"A01";"1";"7";"0";"2";"2";"1";"1";""
"202300008416";"155 665 646";"A01";"1";"7";"0";"1";"1";"1";"1";""
"202300008417";"155 665 643";"B01";"1";"37";"0";"2";"0";"1";"1";"1"
"202300008417";"155 665 647";"A01";"2";"50";"0";"2";"1";"9";"3";""
"202300008418";"155 665 641";"A01";"3";"15";"9";"0";"2";"1";"1";""
"202300008418";"155 665 642";"B01";"3";"32";"0";"2";"0";"1";"1";""
"202300008419";"155 665 640";"A01";"2";"7";"0";"2";"1";"13";"1";""
"202300008419";"155 665 644";"B01";"1";"15";"0";"2";"1";"1";"1";""
"202300008420";"155 665 637";"A01";"3";"7";"4";"0";"1";"2";"1";""
"202300008421";"155 665 638";"D01";"2";"10";"0";"2";"6";"1";"1";""
"202300008421";"155 665 645";"C01";"2";"7";"0";"2";"4";"23";"1";""
"202300008421";"155 665 648";"B01";"2";"10";"0";"2";"4";"23";"1";""
"202300008421";"155 665 651";"A01";"2";"10";"0";"2";"1";"1";"1";""
"202300008422";"155 665 635";"B01";"2";"7";"0";"2";"4";"1";"1";""
"202300008422";"155 665 639";"A01";"2";"10";"0";"2";"1";"1";"1";""
"202300008423";"155 665 632";"A01";"0";"7";"1";"2";"4";"2";"1";""
"202300008423";"155 665 636";"B01";"0";"10";"1";"2";"4";"1";"1";""
"202300008424";"155 665 629";"A01";"3";"30";"0";"2";"1";"13";"1";""
"202300008424";"155 665 630";"B01";"3";"7";"0";"2";"1";"1";"1";""
"202300008425";"155 665 628";"A01";"2";"7";"0";"2";"0";"11";"1";""
"202300008425";"155 665 631";"B01";"2";"33";"0";"2";"1";"3";"1";""
"202300008426";"155 665 627";"B01";"3";"7";"0";"2";"1";"1";"1";""
"202300008426";"155 665 634";"A01";"3";"7";"0";"2";"3";"9";"1";""
"202300008427";"155 665 626";"B01";"1";"2";"0";"2";"1";"1";"1";""
"202300008427";"155 665 633";"A01";"1";"10";"0";"2";"3";"15";"1";""
"202300008428";"155 665 625";"A01";"2";"7";"0";"1";"3";"0";"0";""
"202300008429";"155 665 622";"A01";"3";"7";"0";"2";"3";"1";"2";""
"202300008429";"155 665 623";"B01";"3";"99";"0";"2";"3";"1";"1";""
"202300008430";"155 665 621";"A01";"1";"42";"0";"9";"3";"15";"1";""
"202300008430";"155 665 624";"B01";"2";"1";"0";"2";"8";"1";"5";""
"202300008431";"155 665 616";"A01";"2";"7";"0";"9";"1";"1";"1";""
"202300008431";"155 665 619";"B01";"1";"1";"0";"2";"1";"5";"5";""
"202300008432";"155 665 614";"B01";"3";"7";"0";"2";"1";"1";"1";""
"202300008432";"155 665 620";"A01";"2";"99";"0";"2";"9";"1";"1";""
"202300008433";"155 665 612";"B01";"1";"7";"0";"2";"3";"1";"1";""
"202300008433";"155 665 618";"A01";"2";"7";"0";"2";"3";"15";"1";""
"202300008434";"155 665 610";"A01";"1";"7";"13";"0";"9";"1";"1";""
"202300008435";"155 665 611";"C01";"1";"7";"0";"2";"4";"1";"1";""
"202300008435";"155 665 615";"B01";"1";"7";"0";"2";"4";"1";"1";""
"202300008435";"155 665 617";"A01";"1";"7";"0";"2";"1";"1";"1";""
"202300008436";"155 665 609";"Z01";"1";"10";"0";"2";"0";"10";"1";""
"202300008436";"155 665 613";"B01";"1";"31";"0";"2";"1";"1";"1";""
"202300008437";"155 665 608";"A01";"1";"7";"6";"0";"2";"15";"1";""
"202300008438";"155 665 605";"A01";"1";"33";"0";"2";"7";"0";"1";""
"202300008438";"155 665 607";"B01";"1";"7";"0";"2";"0";"0";"2";""
"202300008439";"155 665 604";"B01";"3";"1";"0";"2";"8";"19";"5";""
"202300008439";"155 665 606";"A01";"1";"7";"0";"2";"1";"1";"1";""
"202300008440";"155 665 602";"A01";"2";"3";"6";"0";"1";"2";"1";""
"202300008441";"155 665 600";"A01";"0";"7";"0";"2";"2";"9";"1";""
"202300008441";"155 665 601";"B01";"0";"33";"0";"2";"3";"1";"1";""
"202300008442";"155 665 598";"A01";"2";"7";"0";"2";"4";"1";"3";""
"202300008442";"155 665 603";"B01";"2";"15";"0";"2";"1";"1";"1";""
"202300008443";"155 665 596";"A01";"1";"10";"0";"2";"2";"2";"1";""
"202300008443";"155 665 599";"B01";"1";"1";"0";"2";"6";"1";"5";""
"202300008444";"155 665 594";"B01";"3";"2";"0";"2";"1";"1";"1";""
"202300008444";"155 665 597";"A01";"3";"7";"0";"2";"3";"9";"1";""
"202300008445";"155 665 591";"B01";"2";"10";"0";"2";"6";"1";"1";""
"202300008445";"155 665 592";"A01";"1";"34";"0";"2";"2";"26";"1";""
"202300008446";"155 665 588";"A01";"2";"7";"0";"9";"2";"1";"1";""
"202300008446";"155 665 595";"B01";"3";"2";"0";"2";"8";"19";"1";""
"202300008447";"155 665 589";"B01";"1";"15";"0";"2";"1";"2";"1";""
"202300008447";"155 665 593";"A01";"1";"15";"3";"2";"4";"23";"1";""
"202300008448";"155 665 585";"A01";"2";"7";"2";"0";"1";"1";"1";""
"202300008449";"155 665 584";"A01";"3";"34";"0";"1";"1";"26";"1";""
"202300008450";"155 665 583";"C01";"1";"10";"0";"2";"6";"0";"1";""
"202300008450";"155 665 587";"Z01";"1";"7";"0";"2";"0";"0";"0";""
"202300008450";"155 665 590";"B01";"1";"33";"0";"2";"1";"2";"1";""
"202300008451";"155 665 582";"A01";"3";"10";"0";"2";"2";"12";"0";""
"202300008451";"155 665 586";"B01";"2";"2";"0";"2";"8";"7";"1";""
"202300008452";"155 665 577";"A01";"3";"7";"0";"1";"0";"1";"1";""
"202300008453";"155 665 576";"B01";"2";"32";"0";"2";"1";"15";"1";""
"202300008453";"155 665 579";"A01";"1";"7";"0";"2";"3";"13";"1";""
"202300008454";"155 665 574";"A01";"2";"7";"0";"2";"0";"1";"1";""
"202300008454";"155 665 580";"B01";"2";"7";"13";"0";"6";"1";"0";""
"202300008455";"155 665 572";"A01";"0";"10";"0";"2";"1";"15";"1";""
"202300008455";"155 665 581";"B01";"0";"31";"0";"2";"1";"1";"1";""
"202300008456";"155 665 570";"C01";"2";"10";"0";"2";"1";"2";"1";""
"202300008456";"155 665 573";"B01";"2";"7";"0";"2";"6";"2";"1";""
"202300008456";"155 665 578";"A01";"2";"13";"0";"2";"2";"1";"1";""
"202300008457";"155 665 567";"B01";"3";"2";"0";"2";"7";"26";"1";""
"202300008457";"155 665 571";"A01";"3";"7";"0";"2";"2";"20";"1";""
"202300008458";"155 665 566";"A01";"3";"21";"0";"0";"0";"1";"0";""
"202300008459";"155 665 568";"B01";"1";"33";"0";"2";"1";"1";"1";""
"202300008459";"155 665 575";"A01";"1";"7";"0";"2";"3";"19";"1";""
"202300008460";"155 665 565";"A01";"1";"7";"9";"2";"2";"15";"1";""
"202300008460";"155 665 569";"B01";"1";"2";"9";"2";"1";"2";"1";""
"202300008461";"155 665 564";"A01";"1";"7";"2";"0";"1";"13";"1";""
"202300008462";"155 665 561";"A01";"1";"32";"0";"5";"9";"1";"1";""
"202300008463";"155 665 556";"B01";"3";"7";"0";"2";"6";"2";"1";""
"202300008463";"155 665 562";"A01";"3";"7";"0";"2";"2";"2";"1";""
"202300008464";"155 665 560";"A01";"1";"1";"0";"2";"8";"1";"5";""
"202300008465";"155 665 558";"Z01";"1";"10";"0";"2";" -1";"1";" -1";""
"202300008465";"155 665 563";"A01";"1";"7";"4";"2";"3";"1";"1";""
"202300008466";"155 665 555";"A01";"3";"33";"0";"2";"1";"1";"1";""
"202300008466";"155 665 559";"B01";"3";"1";"0";"2";"4";"23";"5";""
"202300008467";"155 665 551";"A01";"1";"7";"0";"2";"1";"17";"1";""
"202300008467";"155 665 553";"B01";"2";"7";"0";"0";"9";"21";"1";""
"202300008467";"155 665 557";"C01";"2";"7";"0";"2";"1";"1";"1";""
"202300008468";"155 665 549";"B01";"1";"50";"1";"0";"1";"1";"3";""
"202300008468";"155 665 552";"A01";"1";"14";"0";"0";"0";"23";"1";""
"202300008469";"155 665 548";"B01";"2";"7";"0";"2";"2";"1";"1";""
"202300008469";"155 665 554";"A01";"1";"32";"0";"2";"1";"13";"1";""
"202300008470";"155 665 547";"A01";"2";"7";"4";"2";"1";"1";"1";""
"202300008471";"155 665 542";"A01";"1";"7";"0";"1";"4";"20";"1";""
"202300008472";"155 665 545";"A01";"1";"7";"0";"2";"1";"19";"1";""
"202300008472";"155 665 546";"B01";"2";"1";"0";"2";"1";"1";"5";""
"202300008473";"155 665 543";"A01";"0";"7";"13";"0";"3";"1";"0";""
"202300008473";"155 665 550";"B01";"0";"7";"0";"2";"1";"9";"0";""
"202300008474";"155 665 539";"B01";"1";"33";"0";"2";"1";"17";"1";""
"202300008474";"155 665 544";"A01";"1";"7";"0";"2";"6";"15";"1";""
"202300008475";"155 665 531";"A01";"2";"7";"0";"2";"1";"1";"1";""
"202300008475";"155 665 535";"B01";"2";"10";"0";"2";"4";"23";"1";""
"202300008476";"155 665 533";"A01";"1";"17";"13";"2";"1";"1";"1";""
"202300008476";"155 665 537";"B01";"1";"7";"4";"2";"2";"17";"1";""
"202300008477";"155 665 532";"A01";"1";"7";"8";"0";"2";"14";"1";""
"202300008478";"155 665 534";"B01";"2";"7";"0";"2";"4";"1";"1";""
"202300008478";"155 665 538";"A01";"2";"15";"0";"2";"1";"2";"1";""
"202300008478";"155 665 540";"C01";"2";"7";"0";"2";"4";"1";"1";""
"202300008479";"155 665 528";"A01";"1";"7";"0";"1";"1";"1";"2";""
"202300008480";"155 665 530";"A01";"1";"7";"0";"2";"1";"13";"1";""
"202300008480";"155 665 536";"B01";"2";"7";"0";"2";"1";"1";"3";""
"202300008481";"155 665 527";"A01";"0";"30";"8";"0";"1";"1";"1";""
"202300008482";"155 665 525";"A01";"2";"10";"0";"2";"1";"17";"1";""
"202300008482";"155 665 529";"B01";"2";"7";"8";"2";"6";"15";"1";""
"202300008483";"155 665 524";"A01";"1";"7";"15";"0";"1";"1";"1";""
"202300008484";"155 665 523";"A01";"1";"2";"0";"2";"1";"5";"1";""
"202300008484";"155 665 526";"B01";"2";"7";"0";"2";"2";"21";"1";""
"202300008485";"155 665 521";"A01";"2";"1";"0";"2";"1";"19";"5";""
"202300008485";"155 665 522";"B01";"3";"31";"1";"2";"1";"1";"1";""
"202300008486";"155 665 520";"A01";"2";"7";"2";"0";"1";"1";"1";""
"202300008487";"155 665 517";"A01";"1";"34";"0";"0";"0";"0";"1";""
"202300008488";"155 665 514";"A01";"1";"7";"0";"2";"4";"1";"1";""
"202300008488";"155 665 518";"B01";"1";"7";"0";"2";"1";"1";"1";""
"202300008489";"155 665 515";"A01";"3";"2";"0";"2";"2";"1";"3";""
"202300008489";"155 665 519";"B01";"3";"1";"0";"2";"1";"1";"5";""
"202300008490";"155 665 513";"A01";"3";"50";"12";"0";"0";"13";"3";""
"202300008490";"155 665 516";"B01";"3";"80";"12";"0";"8";"0";"3";""
"202300008491";"155 665 509";"A01";"2";"14";"0";"2";"7";"16";"1";""
"202300008491";"155 665 512";"B01";"3";"80";"0";"2";"8";"1";"3";""
"202300008492";"155 665 508";"A01";"1";"80";"0";"0";"0";"0";"3";""
"202300008493";"155 665 506";"A01";"2";"7";"0";"1";"2";"1";"1";""
"202300008494";"155 665 505";"A01";"2";"7";"0";"2";"7";"1";"2";""
"202300008494";"155 665 511";"B01";"1";"7";"0";"2";"1";"1";"1";""
"202300008495";"155 665 504";"B01";"0";"7";"0";"1";"0";"11";"1";""
"202300008496";"155 665 502";"A01";"2";"7";"0";"2";"1";"1";"1";""
"202300008496";"155 665 503";"B01";"3";"99";"0";"2";"7";"19";"3";""
"202300008497";"155 665 500";"A01";"2";"7";"0";"1";"0";"9";"1";""
"202300008498";"155 665 499";"A01";"0";"7";"0";"1";"3";"20";"1";""
"202300008499";"155 665 496";"A01";"3";"7";"0";"1";"2";"2";"2";""
"202300008500";"155 665 497";"A01";"2";"7";"0";"2";"2";"15";"1";""
"202300008500";"155 665 498";"B01";"1";"33";"0";"2";"1";"1";"1";""
"202300008501";"155 665 494";"A01";"2";"7";"1";"0";"2";"14";"1";""
"202300008501";"155 665 495";"B01";"2";"7";"0";"1";"4";"24";"1";""
"202300008502";"155 665 487";"A01";"2";"7";"8";"0";"8";"0";"1";""
"202300008503";"155 665 488";"B01";"3";"2";"0";"2";"1";"9";"1";""
"202300008503";"155 665 492";"A01";"2";"7";"0";"2";"3";"1";"1";""
"202300008504";"155 665 485";"A01";"1";"13";"0";"2";"2";"1";"4";""
"202300008504";"155 665 489";"B01";"1";"7";"0";"2";"4";"23";"1";""
"202300008505";"155 665 484";"A01";"1";"33";"0";"2";"1";"13";"1";""
"202300008505";"155 665 490";"B01";"1";"33";"0";"2";"1";"13";"1";""
"202300008505";"155 665 491";"C01";"2";"7";"0";"2";"2";"1";"1";""
"202300008506";"155 665 483";"B01";"1";"7";"0";"2";"3";"15";"1";""
"202300008506";"155 665 493";"A01";"1";"7";"0";"2";"2";"1";"1";""
"202300008507";"155 665 482";"A01";"3";"7";"0";"2";"2";"16";"1";""
"202300008507";"155 665 486";"B01";"1";"31";"0";"2";"3";"2";"1";""
"202300008508";"155 665 478";"A01";"1";"10";"0";"2";"2";"16";"1";""
"202300008508";"155 665 480";"B01";"1";"33";"0";"2";"1";"1";"1";""
"202300008509";"155 665 477";"A01";"1";"50";"13";"0";"1";"19";"3";""
"202300008510";"155 665 475";"A01";"2";"32";"0";"2";"7";"15";"1";""
"202300008510";"155 665 479";"B01";"1";"1";"0";"2";"1";"1";"5";""
"202300008511";"155 665 473";"A01";"1";"7";"0";"2";"1";"1";"1";""
"202300008511";"155 665 481";"B01";"2";"7";"0";"2";"7";"13";"1";""
"202300008512";"155 665 469";"A01";"1";"7";"13";"0";"3";"13";"1";""
"202300008513";"155 665 472";"B01";"2";"7";"0";"2";"2";"1";"1";""
"202300008513";"155 665 476";"A01";"2";"7";"0";"2";"0";"1";"1";""
"202300008514";"155 665 466";"A01";"1";"10";"0";"2";"3";"22";"1";""
"202300008514";"155 665 471";"B01";"1";"80";"0";"2";"2";"1";"3";""
"202300008515";"155 665 468";"B01";"2";"1";"0";"2";"1";"1";"5";""
"202300008515";"155 665 474";"A01";"1";"7";"0";"2";"3";"1";"1";""
"202300008516";"155 665 464";"B01";"1";"7";"3";"2";"4";"1";"1";""
"202300008516";"155 665 470";"A01";"1";"7";"3";"2";"1";"2";"1";""
"202300008517";"155 665 463";"A01";"1";"7";"8";"0";"1";"21";"1";""
"202300008518";"155 665 461";"A01";"1";"7";"0";"1";"2";"15";"1";""
"202300008519";"155 665 460";"A01";"2";"43";"0";"2";"7";"1";"1";""
"202300008519";"155 665 462";"B01";"2";"1";"0";"2";"7";"11";"5";""
"202300008520";"155 665 457";"A01";"1";"2";"0";"0";"0";"1";"1";""
"202300008521";"155 665 455";"A01";"1";"1";"0";"2";"1";"3";"0";""
"202300008521";"155 665 459";"B01";"2";"7";"0";"2";"5";"23";"1";""
"202300008522";"155 665 454";"A01";"2";"7";"0";"1";"1";"1";"0";""
"202300008523";"155 665 453";"A01";"1";"7";"0";"2";"4";"1";"1";""
"202300008523";"155 665 458";"B01";"1";"7";"0";"2";"1";"1";"0";""
"202300008524";"155 665 451";"B01";"1";"2";"0";"2";"1";"1";"1";""
"202300008524";"155 665 456";"A01";"3";"7";"0";"2";"3";"15";"1";""
"202300008525";"155 665 450";"A01";"1";"7";"13";"0";"1";"1";"1";""
"202300008526";"155 665 447";"A01";"2";"7";"0";"2";"3";"22";"0";""
"202300008526";"155 665 449";"B01";"2";"1";"1";"2";"2";"17";"5";""
"202300008527";"155 665 444";"A01";"1";"33";"0";"0";"7";"16";"1";""
"202300008528";"155 665 443";"A01";"1";"50";"0";"2";"1";"15";"3";""
"202300008528";"155 665 448";"B01";"1";"33";"0";"2";"1";"1";"1";""
"202300008529";"155 665 442";"A01";"2";"15";"0";"2";"6";"26";"1";""
"202300008529";"155 665 446";"B01";"2";"15";"1";"0";"5";"21";"1";""
"202300008530";"155 665 440";"A01";"2";"7";"0";"2";"3";"13";"1";""
"202300008530";"155 665 445";"B01";"1";"7";"0";"2";"3";"1";"1";""
"202300008530";"155 665 452";"C01";"2";"7";"0";"2";"3";"2";"1";""
"202300008531";"155 665 439";"A01";"2";"1";"0";"2";"8";"2";"5";""
"202300008531";"155 665 441";"B01";"2";"15";"0";"2";"7";"17";"1";""
"202300008532";"155 665 438";"A01";"3";"7";"0";"1";"1";"15";"1";""
"202300008533";"155 665 436";"A01";"2";"21";"13";"0";"7";"1";"1";""
"202300008534";"155 665 434";"A01";"1";"7";"14";"0";"1";"1";"1";""
"202300008535";"155 665 430";"A01";"1";"33";"1";"1";"3";"1";"1";""
"202300008535";"155 665 435";"B01";"1";"33";"0";"0";"6";"24";"1";""
"202300008536";"155 665 431";"A01";"3";"2";"0";"2";"5";"0";"1";""
"202300008536";"155 665 433";"Z01";"3";"10";"0";"0";"0";"0";"0";""
"202300008537";"155 665 429";"A01";"3";"7";"0";"1";"7";"1";"1";""
"202300008538";"155 665 432";"A01";"2";"7";"0";"0";"8";"15";"1";""
"202300008538";"155 665 437";"B01";"2";"7";"0";"2";"2";"17";"1";""
"202300008539";"155 665 426";"A01";"1";"7";"13";"0";"0";"14";"1";""
"202300008540";"155 665 421";"A01";"3";"30";"0";"2";"7";"19";"1";""
"202300008540";"155 665 425";"B01";"3";"7";"0";"2";"3";"1";"1";""
"202300008541";"155 665 423";"A01";"2";"7";"0";"2";"1";"2";"1";""
"202300008541";"155 665 428";"B01";"2";"7";"0";"2";"4";"2";"1";""
"202300008542";"155 665 422";"A01";"3";"7";"0";"2";"2";"11";"1";""
"202300008542";"155 665 427";"B01";"3";"7";"1";"0";"3";"20";"1";""
"202300008543";"155 665 420";"A01";"2";"2";"2";"0";"0";"26";"1";""
"202300008544";"155 665 419";"B01";"2";"99";"0";"2";"4";"1";"1";""
"202300008544";"155 665 424";"A01";"2";"32";"0";"2";"1";"17";"1";""
"202300008545";"155 665 418";"A01";"1";"7";"0";"0";"0";"0";"1";""
"202300008546";"155 665 415";"A01";"3";"7";"0";"2";"3";"13";"0";""
"202300008546";"155 665 417";"B01";"3";"7";"0";"2";"3";"2";"0";""
"202300008547";"155 665 413";"A01";"1";"7";"8";"0";"2";"1";"1";""
"202300008548";"155 665 410";"A01";"2";"37";"0";"1";"1";"1";"1";"1"
"202300008549";"155 665 409";"A01";"1";"7";"0";"2";"1";"19";"1";""
"202300008549";"155 665 414";"B01";"2";"2";"0";"2";"2";"9";"1";""
"202300008550";"155 665 407";"B01";"1";"7";"0";"2";"1";"0";"1";""
"202300008550";"155 665 412";"A01";"1";"7";"0";"2";"7";"5";"1";""
"202300008551";"155 665 404";"A01";"1";"7";"0";"2";"1";"2";"0";""
"202300008551";"155 665 408";"B01";"1";"7";"0";"2";"4";"2";"0";""
"202300008551";"155 665 411";"C01";"1";"7";"0";"2";"4";"2";"0";""
"202300008551";"155 665 416";"D01";"1";"7";"0";"2";"4";"2";"0";""
"202300008552";"155 665 403";"B01";"2";"7";"0";"2";"2";"1";"1";""
"202300008552";"155 665 406";"A01";"1";"33";"0";"2";"1";"5";"1";""
"202300008553";"155 665 405";"A01";"2";"50";"0";"1";"1";"1";"3";""
"202300008554";"155 665 400";"A01";"2";"7";"0";"2";"1";"15";"1";""
"202300008554";"155 665 402";"B01";"1";"33";"0";"2";"8";"1";"1";""
"202300008555";"155 665 399";"A01";" -1";"7";"6";"0";"1";"1";"1";""
"202300008556";"155 665 395";"A01";"1";"7";"0";"2";"3";"20";"1";""
"202300008556";"155 665 401";"B01";"1";"33";"1";"0";"2";"1";"1";""
"202300008557";"155 665 394";"A01";"0";"7";"0";"2";"1";"1";"1";""
"202300008557";"155 665 396";"B01";"0";"80";"0";"2";"2";"15";"3";""
"202300008558";"155 665 390";"A01";"1";"7";"0";"2";"3";"13";"1";""
"202300008558";"155 665 393";"B01";"2";"7";"0";"2";"6";"2";"1";""
"202300008558";"155 665 398";"C01";"2";"7";"0";"2";"3";"1";"1";""
"202300008559";"155 665 387";"A01";"1";"7";"0";"2";"7";"1";"1";""
"202300008559";"155 665 391";"B01";"1";"1";"0";"2";"8";"1";"5";""
"202300008560";"155 665 389";"A01";"2";"7";"0";"2";"8";"11";"0";""
"202300008560";"155 665 392";"B01";"2";"31";"0";"2";"2";"3";"1";""
"202300008560";"155 665 397";"C01";"2";"7";"0";"2";"4";"2";"1";""