"Num_Acc";"id_vehicule";"num_veh";"senc";"catv";"obs";"obsm";"choc";"manv";"motor";"occutc"
"202300008973";"155 664 672";"A01";"3";"31";"0";"0";"0";"0";"1";""
"202300008974";"155 664 667";"A01";"2";"7";"1";"0";"3";"1";"1";""
"202300008975";"155 664 660";"A01";"2";"10";"0";"2";"3";"13";"1";""
"202300008975";"155 664 664";"B01";"1";"33";"0";"2";"1";"1";"1";""
"202300008976";"155 664 662";"A01";"1";"30";"0";"1";"2";"9";"1";""
"202300008977";"155 664 658";"A01";"2";"7";"0";"2";"1";"0";"1";""
"202300008977";"155 664 663";"B01";"2";"7";"0";"2";"4";"2";"1";""
"202300008978";"155 664 657";"A01";"1";"7";"0";"2";"1";"2";"1";""
"202300008978";"155 664 661";"B01";"1";"10";"0";"2";"1";"2";"1";""
"202300008978";"155 664 665";"C01";"1";"10";"0";"2";"3";"2";"1";""
"202300008978";"155 664 666";"D01";"1";"7";"0";"2";"4";"2";"1";""
"202300008979";"155 664 656";"A01";"1";"31";"0";"2";"1";"1";"3";""
"202300008980";"155 664 655";"A01";"3";"1";"0";"2";"1";"16";"5";""
"202300008980";"155 664 659";"B01";"3";"1";"0";"2";"8";"1";"5";""
"202300008981";"155 664 654";"A01";"2";"7";"2";"0";"1";"1";"1";""
"202300008982";"155 664 653";"A01";"1";"32";"14";"0";"1";"1";"1";""
"202300008983";"155 664 652";"A01";"2";"7";"6";"0";"1";"1";"1";""
"202300008984";"155 664 650";"A01";"1";"7";"0";"2";"1";"1";"1";""
"202300008984";"155 664 651";"B01";"1";"7";"0";"2";"4";"23";"0";""
"202300008985";"155 664 646";"A01";"1";"7";"0";"2";"3";"9";"1";""
"202300008985";"155 664 649";"B01";"1";"2";"0";"2";"1";"1";"1";""
"202300008986";"155 664 645";"A01";"1";"15";"0";"2";"8";"1";"0";""
"202300008986";"155 664 647";"B01";"2";"33";"0";"2";"3";"1";"0";""
"202300008987";"155 664 643";"A01";"3";"7";"0";"1";"1";"2";"0";""
"202300008988";"155 664 644";"B01";"2";"7";"0";"2";"3";"15";"1";""
"202300008988";"155 664 648";"A01";"2";"30";"0";"2";"1";"1";"1";""
"202300008989";"155 664 641";"A01";"2";"10";"0";"2";"1";"1";"1";""
"202300008989";"155 664 642";"B01";"2";"7";"0";"2";"4";"23";"1";""
"202300008990";"155 664 639";"A01";"2";"33";"2";"0";"0";"2";"1";""
"202300008991";"155 664 638";"A01";"2";"33";"0";"2";"1";"18";"1";""
"202300008991";"155 664 640";"B01";"2";"10";"0";"0";"0";"0";"0";""
"202300008992";"155 664 637";"A01";"3";"43";"4";"0";"8";"1";"1";""
"202300008993";"155 664 636";"A01";"1";"7";"0";"1";"3";"19";"1";""
"202300008994";"155 664 634";"A01";"1";"33";"4";"2";"8";"3";"1";""
"202300008994";"155 664 635";"B01";"1";"7";"4";"2";"7";"14";"1";""
"202300008995";"155 664 631";"A01";"1";"33";"0";"2";"1";"2";"1";""
"202300008995";"155 664 633";"B01";"1";"10";"0";"0";"4";"2";"1";""
"202300008996";"155 664 632";"A01";"2";"7";"0";"1";"1";"1";"1";""
"202300008997";"155 664 628";"A01";"0";"3";"0";"1";"1";"1";"0";""
"202300008998";"155 664 625";"A01";"2";"7";"0";"2";"1";"2";"1";""
"202300008998";"155 664 626";"B01";"2";"7";"0";"2";"4";"2";"1";""
"202300008998";"155 664 630";"C01";"2";"7";"0";"2";"4";"2";"1";""
"202300008999";"155 664 624";"A01";"2";"7";"0";"2";"1";"2";"1";""
"202300008999";"155 664 627";"B01";"2";"7";"0";"2";"4";"2";"1";""
"202300008999";"155 664 629";"C01";"2";"7";"0";"2";"6";"0";"1";""
"202300009000";"155 664 623";"A01";"1";"7";"13";"0";"3";"14";"1";""
"202300009001";"155 664 622";"A01";"1";"7";"0";"1";"1";" -1";" -1";""
"202300009002";"155 664 616";"A01";"1";"7";"0";"2";"7";"12";"1";""
"202300009002";"155 664 620";"B01";"1";"33";"3";"2";"8";"1";"1";""
"202300009003";"155 664 617";"A01";"1";"31";"0";"1";"1";"1";"1";""
"202300009004";"155 664 618";"A01";"2";"31";"0";"0";"7";"1";"1";""
"202300009005";"155 664 619";"A01";"2";"32";"0";"2";"1";"1";"1";""
"202300009005";"155 664 621";"B01";"1";"7";"0";"2";"2";"10";"1";""
"202300009006";"155 664 614";"A01";"2";"15";"14";"0";"3";"1";"1";""
"202300009007";"155 664 613";"A01";"1";"7";"0";"2";"0";"15";"1";""
"202300009007";"155 664 615";"B01";"1";"33";"0";"2";"1";"1";"1";""
"202300009008";"155 664 612";"A01";"1";"7";"0";"1";"1";"1";"1";""
"202300009009";"155 664 608";"A01";"1";"33";"0";"2";"1";"16";"1";""
"202300009009";"155 664 611";"B01";"1";"7";"0";"2";"1";"15";"1";""
"202300009010";"155 664 610";"A01";"2";"7";"0";"0";"9";"1";"1";""
"202300009011";"155 664 609";"A01";"1";"7";"0";"1";"2";"1";"1";""
"202300009012";"155 664 606";"B01";"1";"50";"0";"2";"1";"26";"3";""
"202300009012";"155 664 607";"A01";"1";"7";"0";"2";"2";"1";"1";""
"202300009013";"155 664 603";"A01";"1";"7";"0";"2";"4";"1";"1";""
"202300009013";"155 664 605";"B01";"1";"32";"0";"2";"1";"2";"1";""
"202300009014";"155 664 600";"A01";"1";"33";"0";"2";"3";"21";"1";""
"202300009014";"155 664 602";"B01";"1";"7";"0";"0";"5";"2";"1";""
"202300009015";"155 664 599";"B01";"1";"7";"0";"2";"6";"11";"1";""
"202300009015";"155 664 604";"A01";"1";"32";"0";"2";"1";"3";"1";""
"202300009016";"155 664 598";"A01";"3";"13";"0";"1";"2";"16";"1";""
"202300009017";"155 664 595";"A01";"1";"7";"2";"0";"2";"1";"1";""
"202300009018";"155 664 591";"B01";"2";"1";"0";"2";"0";"1";"5";""
"202300009018";"155 664 596";"A01";"3";"7";"0";"2";"1";"16";"1";""
"202300009019";"155 664 590";"B01";"3";"7";"0";"2";"1";"1";"1";""
"202300009019";"155 664 593";"A01";"3";"7";"0";"2";"1";"13";"1";""
"202300009020";"155 664 587";"D01";"2";"10";"0";"2";"5";"1";"1";""
"202300009020";"155 664 589";"A01";"2";"33";"0";"2";"1";"2";"1";""
"202300009020";"155 664 592";"B01";"2";"32";"0";"2";"1";"2";"1";""
"202300009020";"155 664 594";"C01";"2";"34";"0";"2";"4";"2";"1";""
"202300009021";"155 664 583";"B01";"2";"7";"0";"2";"0";"0";"1";""
"202300009021";"155 664 585";"A01";"1";"7";"0";"2";"2";"17";"0";""
"202300009022";"155 664 582";"B01";"1";"7";"0";"2";"3";"15";"1";""
"202300009022";"155 664 584";"A01";"1";"10";"0";"2";"2";"1";"1";""
"202300009023";"155 664 581";"B01";"2";"7";"0";"2";"2";"1";"0";""
"202300009023";"155 664 586";"A01";"2";"7";"0";"9";"0";"5";"0";""
"202300009023";"155 664 588";"C01";"2";"7";"3";"2";"9";"1";"0";""
"202300009024";"155 664 579";"A01";"1";"7";"1";"0";"8";"1";"1";""
"202300009025";"155 664 577";"B01";"3";"7";"1";"0";"4";"0";"0";""
"202300009025";"155 664 580";"A01";"3";"37";"0";"2";"1";"2";"0";"1"
"202300009026";"155 664 576";"A01";"2";"43";"0";"2";"1";"2";"1";""
"202300009026";"155 664 578";"B01";"0";"7";"0";"2";"4";"2";"1";""
"202300009027";"155 664 573";"A01";"1";"7";"14";"0";"1";"6";"1";""
"202300009028";"155 664 572";"A01";"0";"7";"0";"2";"3";"13";"1";""
"202300009028";"155 664 575";"B01";"0";"7";"0";"2";"3";"1";"1";""
"202300009029";"155 664 571";"A01";"2";"32";"0";"2";"1";"0";"1";""
"202300009029";"155 664 574";"B01";"1";"7";"0";"2";"2";"26";"1";""
"202300009030";"155 664 570";"A01";"1";"33";"6";"0";"1";"1";"1";""
"202300009031";"155 664 566";"B01";"2";"7";"1";"0";"1";"2";"1";""
"202300009031";"155 664 568";"A01";"2";"7";"0";"0";"4";"23";"1";""
"202300009032";"155 664 567";"A01";"2";"7";"0";"2";"1";"15";"1";""
"202300009032";"155 664 569";"B01";"1";"30";"0";"2";"1";"1";"1";""
"202300009033";"155 664 562";"A01";"3";"10";"0";"1";"5";"4";"1";""
"202300009034";"155 664 561";"D01";"2";"7";"0";"2";"2";"1";"1";""
"202300009034";"155 664 563";"A01";"1";"31";"0";"2";"1";"13";"1";""
"202300009034";"155 664 564";"B01";"2";"7";"0";"2";"8";"1";"1";""
"202300009034";"155 664 565";"C01";"2";"7";"0";"2";"8";"1";"1";""
"202300009035";"155 664 558";"A01";"0";"7";"0";"2";"1";"16";"1";""
"202300009035";"155 664 560";"B01";"1";"7";"0";"2";"2";"1";"1";""
"202300009036";"155 664 556";"A01";"2";"7";"0";"2";"1";"13";"0";""
"202300009036";"155 664 559";"B01";"1";"30";"0";"2";"1";"1";"0";""
"202300009037";"155 664 555";"A01";"0";"32";"0";"2";"4";"23";"0";""
"202300009037";"155 664 557";"B01";"0";"7";"0";"2";"1";"1";"0";""
"202300009038";"155 664 552";"B01";"2";"2";"0";"2";"1";"1";"1";""
"202300009038";"155 664 554";"A01";"1";"7";"0";"2";"7";"15";"1";""
"202300009039";"155 664 551";"B01";"1";"1";"0";"2";"1";"1";"5";""
"202300009039";"155 664 553";"A01";"2";"7";"0";"9";"3";"15";"1";""
"202300009040";"155 664 550";"A01";"2";"33";"0";"1";"1";"1";"1";""
"202300009041";"155 664 547";"B01";"1";"7";"0";"2";"4";"15";"0";""
"202300009041";"155 664 549";"A01";"1";"7";"0";"2";"1";"2";"1";""
"202300009042";"155 664 546";"A01";"1";"15";"8";"0";"1";"1";"1";""
"202300009043";"155 664 545";"A01";"0";"36";"0";"0";"2";"1";"1";""
"202300009044";"155 664 544";"A01";"2";"7";"2";"0";"1";"1";"1";""
"202300009045";"155 664 543";"A01";"2";"7";"0";"1";"2";"1";"1";""
"202300009046";"155 664 542";"A01";"2";"31";"0";"0";"8";"1";"6";""
"202300009047";"155 664 540";"A01";"0";"7";"0";"2";"1";"1";"0";""
"202300009047";"155 664 541";"B01";"0";"7";"0";"2";"6";"1";"0";""
"202300009048";"155 664 536";"C01";"2";"7";"0";"0";"3";"1";"1";""
"202300009048";"155 664 537";"A01";"2";"7";"0";"0";"2";"15";"1";""
"202300009048";"155 664 539";"B01";"1";"7";"0";"0";"1";"1";"1";""
"202300009049";"155 664 535";"A01";"1";"33";"3";"2";"7";"17";"1";""
"202300009049";"155 664 538";"B01";"1";"7";"0";"2";"8";"1";"1";""
"202300009050";"155 664 533";"A01";"1";"7";"0";"2";"2";"10";"1";""
"202300009050";"155 664 534";"B01";"2";"2";"0";"2";"9";"1";"1";""
"202300009051";"155 664 530";"A01";"1";"2";"0";"2";"2";"2";"1";""
"202300009051";"155 664 531";"B01";"1";"7";"0";"2";"3";"1";"1";""
"202300009052";"155 664 528";"A01";"2";"7";"0";"2";"4";"4";"1";""
"202300009052";"155 664 532";"B01";"1";"7";"0";"2";"1";"2";"1";""
"202300009053";"155 664 527";"A01";"3";"7";"0";"2";"3";"15";"1";""
"202300009053";"155 664 529";"B01";"3";"2";"0";"2";"1";"17";"1";""
"202300009054";"155 664 526";"A01";"3";"7";"0";"1";"5";"1";"0";""
"202300009055";"155 664 523";"B01";"2";"7";"0";"0";"4";"2";"1";""
"202300009055";"155 664 525";"A01";"2";"7";"0";"2";"2";"1";"1";""
"202300009056";"155 664 520";"A01";"2";"7";"0";"2";"2";"5";"1";""
"202300009056";"155 664 522";"B01";"2";"1";"0";"2";"3";"1";"5";""
"202300009057";"155 664 521";"B01";"1";"7";"0";"2";"0";"15";"1";""
"202300009057";"155 664 524";"A01";"2";"7";"0";"2";"1";"1";"1";""
"202300009058";"155 664 516";"A01";"1";"7";"2";"0";"0";"1";"1";""
"202300009059";"155 664 514";"B01";"3";"7";"0";"2";"7";"1";"1";""
"202300009059";"155 664 517";"A01";"3";"7";"0";"2";"2";"1";"1";""
"202300009060";"155 664 515";"A01";"2";"38";"13";"2";"1";"19";"1";"1"
"202300009060";"155 664 518";"B01";"2";"7";"13";"2";"8";"1";"1";""
"202300009061";"155 664 510";"A01";"2";"7";"0";"0";"8";"9";"0";""
"202300009061";"155 664 512";"B01";"2";"7";"0";"2";"1";"1";"0";""
"202300009062";"155 664 509";"A01";"2";"1";"0";"2";"1";"1";"5";""
"202300009062";"155 664 511";"B01";"1";"10";"0";"2";"7";"15";"1";""
"202300009063";"155 664 506";"A01";"2";"15";"4";"0";"2";"1";"1";""
"202300009063";"155 664 507";"B01";"2";"10";"3";"0";"8";"23";"1";""
"202300009064";"155 664 504";"B01";"2";"7";"0";"2";"1";"1";"1";""
"202300009064";"155 664 508";"A01";"3";"7";"0";"2";"7";"19";"1";""
"202300009064";"155 664 513";"C01";"2";"7";"0";"2";"8";"23";"1";""
"202300009065";"155 664 505";"A01";" -1";"2";"0";"0";"4";"26";"1";""
"202300009066";"155 664 501";"A01";"2";"7";"8";"0";"3";"1";"1";""
"202300009067";"155 664 502";"A01";"1";"1";"0";"0";"1";"2";"5";""
"202300009068";"155 664 500";"A01";"3";"7";"6";"2";"1";"1";"2";""
"202300009068";"155 664 503";"B01";"1";"7";"0";"2";"1";"1";"1";""
"202300009069";"155 664 497";"A01";"3";"1";"0";"2";"3";"13";"5";""
"202300009069";"155 664 499";"B01";"3";"2";"0";"2";"3";"1";"3";""
"202300009070";"155 664 496";"B01";"3";"1";"0";"2";"7";"1";"5";""
"202300009070";"155 664 498";"A01";"3";"7";"0";"2";"3";"9";"1";""
"202300009071";"155 664 494";"A01";"1";"7";"0";"2";"1";"2";"1";""
"202300009071";"155 664 495";"B01";"1";"7";"4";"0";"4";"2";"1";""
"202300009072";"155 664 490";"B01";"2";"7";"0";"2";"0";"0";"1";""
"202300009072";"155 664 492";"A01";"2";"33";"0";"2";"0";"0";"1";""
"202300009073";"155 664 487";"B01";"1";"7";"0";"2";"4";"23";"1";""
"202300009073";"155 664 488";"A01";"1";"1";"0";"2";"1";"1";"5";""
"202300009074";"155 664 491";"A01";"2";"7";"0";"2";"7";"2";"1";""
"202300009074";"155 664 493";"B01";"2";"1";"0";"2";"8";"2";"5";""
"202300009075";"155 664 486";"A01";"1";"7";"3";"0";"2";"12";"1";""
"202300009076";"155 664 485";"A01";"1";"7";"9";"2";"1";"13";"2";""
"202300009077";"155 664 484";"A01";"1";"7";"14";"0";"1";"1";"1";""
"202300009078";"155 664 481";"A01";"2";"7";"1";"0";"1";"1";"1";""
"202300009078";"155 664 482";"B01";"2";"7";"0";"2";"4";"23";"1";""
"202300009078";"155 664 483";"C01";"2";"7";"0";"2";"2";"1";"1";""
"202300009079";"155 664 480";"A01";"1";"7";"0";"1";"1";"19";"4";""
"202300009080";"155 664 478";"B01";"2";"7";"0";"2";"3";"1";"1";""
"202300009080";"155 664 479";"A01";"1";"7";"0";"2";"3";"1";"1";""
"202300009081";"155 664 476";"A01";"2";"7";"13";"0";"1";"0";"1";""
"202300009082";"155 664 475";"B01";"1";"31";"0";"2";"8";"1";"1";""
"202300009082";"155 664 477";"A01";"2";"7";"0";"2";"1";"1";"1";""
"202300009083";"155 664 474";"A01";"2";"7";"6";"0";"1";"15";"1";""
"202300009084";"155 664 473";"A01";"1";"7";"4";"0";"3";"1";"1";""
"202300009085";"155 664 471";"A01";"3";"37";"0";"1";"1";"1";"1";"1"
"202300009086";"155 664 472";"A01";"2";"7";"6";"0";"1";"1";"1";""
"202300009087";"155 664 468";"A01";"3";"7";"16";"0";"9";"6";"1";""
"202300009088";"155 664 467";"A01";"1";"7";"0";"0";"8";"10";"1";""
"202300009088";"155 664 470";"B01";"1";"2";"0";"2";"8";"17";"1";""
"202300009089";"155 664 466";"B01";"3";"7";"0";"2";"6";"1";"1";""
"202300009089";"155 664 469";"A01";"1";"10";"0";"2";"1";"19";"1";""
"202300009090";"155 664 465";"A01";"1";"10";"13";"0";"1";"1";"1";""
"202300009091";"155 664 463";"B01";"2";"10";"0";"0";"4";"2";"1";""
"202300009091";"155 664 464";"A01";"2";"2";"0";"2";"1";"2";"1";""
"202300009092";"155 664 461";"A01";"3";"2";"13";"0";"0";"0";"1";""
"202300009093";"155 664 460";"A01";"2";"7";"0";"2";"1";"5";"1";""
"202300009093";"155 664 462";"B01";"1";"13";"0";"2";"1";"1";"1";""
"202300009094";"155 664 459";"A01";"2";"7";"0";"1";"2";"1";"1";""
"202300009095";"155 664 457";"A01";"2";"7";"16";"0";"1";"14";"0";""
"202300009096";"155 664 456";"B01";"3";"1";"1";"2";"8";"1";"5";""
"202300009096";"155 664 458";"A01";"3";"7";"0";"0";"5";"24";"1";""
"202300009097";"155 664 455";"A01";"1";"0";"7";"0";"0";"2";"1";""
"202300009098";"155 664 454";"A01";"1";"1";"1";"0";"6";"2";"5";""
"202300009099";"155 664 453";"A01";"2";"7";"0";"1";"4";"4";"0";""
"202300009100";"155 664 451";"A01";"2";"33";"13";"0";"1";"1";"1";""
"202300009101";"155 664 452";"A01";"2";"2";"0";"1";"1";"3";"1";""
"202300009102";"155 664 450";"A01";"1";"7";"0";"1";"3";"0";"1";""
"202300009103";"155 664 446";"A01";"2";"7";"0";"2";"1";"1";"1";""
"202300009103";"155 664 448";"B01";"1";"1";"0";"2";"1";"13";"5";""
"202300009104";"155 664 447";"A01";"1";"7";"0";"9";"7";"2";"1";""
"202300009104";"155 664 449";"B01";"1";"1";"0";"2";"8";"1";"5";""
"202300009105";"155 664 444";"B01";"3";"7";"0";"2";"2";"1";"1";""
"202300009105";"155 664 445";"A01";"3";"10";"14";"0";"6";"26";"1";""
"202300009106";"155 664 442";"A01";"2";"7";"0";"1";"2";"1";"1";""
"202300009107";"155 664 441";"A01";"2";"7";"0";"2";"4";"4";"1";""
"202300009107";"155 664 443";"B01";"1";"1";"0";"2";"8";"19";"5";""
"202300009108";"155 664 438";"A01";"2";"2";"0";"2";"2";"5";"1";""
"202300009108";"155 664 440";"B01";"1";"7";"0";"2";"3";"1";"1";""
"202300009109";"155 664 436";"A01";"3";"7";"0";"0";"5";"15";"1";""
"202300009109";"155 664 439";"B01";"3";"33";"0";"0";"7";"1";"1";""
"202300009110";"155 664 435";"A01";"2";"10";"0";"2";"3";"15";"1";""
"202300009110";"155 664 437";"B01";"2";"2";"0";"2";"7";"1";"1";""
"202300009111";"155 664 433";"A01";"2";"7";"4";"0";"3";"1";"1";""
"202300009112";"155 664 434";"A01";"1";"7";"0";"1";"1";"1";"1";""
"202300009113";"155 664 431";"A01";"3";"7";"0";"2";"1";"13";"1";""
"202300009113";"155 664 432";"B01";"3";"7";"0";"2";"1";"1";"1";""
"202300009114";"155 664 430";"A01";"1";"33";"8";"0";"7";"1";"0";""
"202300009115";"155 664 429";"A01";"1";"33";"0";"0";"8";"2";"1";""
"202300009116";"155 664 428";"A01";"2";"7";"13";"0";"1";"17";"1";""
"202300009117";"155 664 426";"A01";"2";"7";"2";"0";"1";"1";"1";""
"202300009118";"155 664 423";"A01";"0";"21";"0";"2";"3";"0";"1";""
"202300009118";"155 664 425";"B01";"0";"33";"0";"2";"1";"0";"1";""
"202300009119";"155 664 424";"A01";"0";"33";"0";"2";"1";"0";"1";""
"202300009119";"155 664 427";"B01";"0";"10";"0";"2";"3";"15";"1";""
"202300009120";"155 664 422";"A01";"2";"7";"0";"0";"0";"1";"1";""
"202300009121";"155 664 419";"A01";"2";"7";"0";"2";"2";"16";"1";""
"202300009121";"155 664 421";"B01";"2";"1";"0";"2";"8";"1";"5";""
"202300009122";"155 664 418";"B01";"1";"10";"0";"0";"5";"0";"0";""
"202300009122";"155 664 420";"A01";"2";"1";"0";"0";"1";"0";"5";""
"202300009123";"155 664 417";"A01";"2";"7";"13";"0";"1";"1";"3";""
"202300009124";"155 664 413";"A01";"1";"7";"5";"0";"1";"13";"1";""
"202300009125";"155 664 412";"A01";"2";"7";"0";"2";"6";"9";"1";""
"202300009125";"155 664 415";"B01";"2";"7";"0";"2";"2";"1";"1";""
"202300009126";"155 664 410";"A01";"1";"33";"6";"0";"1";"17";"1";""
"202300009127";"155 664 411";"B01";"1";"7";"0";"2";"1";"1";"1";""
"202300009127";"155 664 414";"C01";"2";"7";"0";"2";"3";"23";"1";""
"202300009127";"155 664 416";"A01";"1";"7";"0";"2";"2";"19";"2";""
"202300009128";"155 664 409";"A01";"3";"7";"6";"0";"1";"16";"1";""
"202300009129";"155 664 405";"A01";"1";"7";"5";"2";"3";"5";"1";""
"202300009129";"155 664 407";"B01";"1";"7";"0";"2";"3";"1";"1";""
"202300009130";"155 664 402";"B01";"1";"37";"0";"2";"5";"15";"1";"1"
"202300009130";"155 664 404";"A01";"2";"10";"0";"2";"1";"0";"1";""
"202300009131";"155 664 401";"A01";"2";"7";"0";"2";"1";"1";"1";""
"202300009131";"155 664 403";"B01";"2";"13";"0";"2";"4";"1";"1";""
"202300009131";"155 664 406";"C01";"1";"7";"0";"2";"4";"21";"1";""
"202300009131";"155 664 408";"D01";"1";"7";"0";"2";"1";"1";"1";""
"202300009132";"155 664 398";"B01";"2";"7";"0";"0";"1";"5";"0";""
"202300009132";"155 664 400";"A01";"1";"7";"0";"0";"1";"2";"0";""
"202300009133";"155 664 396";"A01";"1";"7";"0";"2";"1";"5";"1";""
"202300009133";"155 664 399";"B01";"2";"7";"0";"2";"3";"1";"1";""
"202300009134";"155 664 395";"A01";"1";"7";"0";"2";"3";"15";"1";""
"202300009134";"155 664 397";"B01";"1";"32";"0";"2";"2";"17";"3";""
"202300009135";"155 664 393";"A01";"3";"33";"2";"0";"1";"1";"1";""
"202300009136";"155 664 391";"A01";"2";"7";"15";"0";"1";"0";"0";""
"202300009137";"155 664 390";"B01";"2";"7";"0";"2";"1";"1";"1";""
"202300009137";"155 664 392";"C01";"2";"14";"0";"2";"1";"1";"1";""
"202300009137";"155 664 394";"A01";"2";"7";"0";"2";"4";"1";"1";""
"202300009138";"155 664 389";"A01";"1";"7";"0";"1";"1";"15";"1";""
"202300009139";"155 664 387";"A01";"1";"31";"16";"0";"8";"15";"1";""
"202300009140";"155 664 386";"A01";"1";"7";"13";"0";"2";"1";"2";""
"202300009141";"155 664 385";"B01";"2";"10";"1";"1";"3";"1";"1";""
"202300009141";"155 664 388";"A01";"1";"7";"0";"2";"8";"24";"1";""
"202300009142";"155 664 384";"A01";"1";"33";"4";"0";"2";"2";"1";""
"202300009143";"155 664 383";"A01";"3";"7";"0";"1";"1";"1";"0";""
"202300009144";"155 664 380";"A01";"1";"7";"0";"1";"2";"2";"1";""
"202300009145";"155 664 378";"A01";"2";"7";"0";"0";"0";"1";"0";""
"202300009146";"155 664 377";"C01";"1";"7";"4";"2";"2";"2";"1";""
"202300009146";"155 664 379";"D01";"1";"7";"4";"2";"5";"2";"1";""
"202300009146";"155 664 381";"A01";"1";"7";"4";"2";"3";"13";"1";""
"202300009146";"155 664 382";"B01";"1";"7";"4";"2";"6";"2";"1";""
"202300009147";"155 664 375";"A01";"3";"2";"9";"0";"1";"26";"1";""
"202300009148";"155 664 372";"B01";"2";"7";"0";"2";"2";"12";"1";""
"202300009148";"155 664 374";"A01";"2";"33";"0";"2";"3";"1";"1";""
"202300009149";"155 664 373";"A01";"2";"33";"0";"2";"1";"17";"1";""
"202300009149";"155 664 376";"B01";"1";"10";"0";"2";"1";"1";"1";""
"202300009150";"155 664 371";"A01";"1";"7";"13";"0";"3";"13";"1";""
"202300009151";"155 664 367";"A01";"1";"2";"0";"2";"1";"15";"1";""
"202300009151";"155 664 369";"B01";"2";"7";"0";"2";"1";"1";"1";""
"202300009152";"155 664 364";"A01";"1";"33";"0";"2";"8";"1";"1";""
"202300009152";"155 664 366";"B01";"2";"0";"0";"2";"8";"13";"0";""
"202300009153";"155 664 361";"A01";"2";"7";"0";"2";"7";"1";"1";""
"202300009153";"155 664 363";"B01";"1";"13";"0";"2";"1";"1";"1";""
"202300009154";"155 664 360";"A01";"2";"36";"6";"0";"2";"1";"1";""
"202300009155";"155 664 357";"A01";"3";"7";"15";"0";"9";"2";"1";""
"202300009156";"155 664 355";"A01";"2";"1";"0";"2";"8";"13";"5";""
"202300009156";"155 664 356";"B01";"1";"33";"0";"0";"1";"1";"1";""
"202300009157";"155 664 352";"B01";"1";"7";"0";"2";"1";"1";"1";""
"202300009157";"155 664 353";"A01";"1";"50";"0";"2";"4";"1";"3";""
"202300009158";"155 664 351";"A01";"2";"7";"10";"2";"2";"18";"1";""
"202300009158";"155 664 354";"B01";"2";"7";"0";"2";"1";"2";"1";""
"202300009158";"155 664 358";"C01";"2";"7";"9";"2";"6";"2";"1";""
"202300009158";"155 664 359";"D01";"1";"7";"0";"2";"8";"1";"1";""
"202300009158";"155 664 362";"E01";"1";"7";"0";"2";"0";"1";"1";""
"202300009159";"155 664 349";"A01";"3";"31";"0";"2";"1";"1";"1";""
"202300009159";"155 664 350";"B01";"3";"33";"0";"0";"8";"10";"3";""
"202300009160";"155 664 345";"A01";"1";"7";"0";"1";"2";"14";"1";""
"202300009161";"155 664 344";"Z01";"1";"1";"0";"2";"1";"1";"5";""
"202300009161";"155 664 347";"A01";"1";"7";"0";"2";"3";"15";"1";""
"202300009161";"155 664 348";"Y01";"1";"1";"0";"2";"1";"1";"5";""
"202300009162";"155 664 343";"A01";"1";"33";"3";"2";"7";"2";"1";""
"202300009162";"155 664 346";"B01";"1";"7";"3";"0";"1";"1";"1";""
"202300009163";"155 664 340";"A01";"1";"7";"8";"0";"1";"0";"1";""
"202300009164";"155 664 339";"A01";"1";"7";"0";"2";"1";"15";"1";""
"202300009164";"155 664 341";"B01";"2";"33";"0";"2";"8";"1";"1";""
"202300009165";"155 664 334";"B01";"1";"33";"0";"2";"1";"1";"1";""
"202300009165";"155 664 337";"A01";"1";"7";"0";"2";"3";"15";"1";""
"202300009166";"155 664 335";"A01";"2";"33";"0";"0";"0";"1";"1";""
"202300009167";"155 664 328";"A01";"2";"10";"0";"2";"1";"1";"1";""
"202300009167";"155 664 331";"B01";"2";"50";"0";"2";"4";"2";"3";""
"202300009168";"155 664 326";"A01";"1";"10";"0";"2";"5";"23";"1";""
"202300009168";"155 664 332";"B01";"1";"0";"1";"0";"2";"9";"0";""
"202300009169";"155 664 329";"B01";"1";"31";"0";"2";"1";"1";"1";""
"202300009169";"155 664 330";"A01";"2";"10";"0";"2";"7";"15";"1";""
"202300009169";"155 664 333";"C01";"2";"10";"0";"2";"1";"1";"1";""
"202300009170";"155 664 325";"A01";"3";"7";"0";"2";"3";"15";"1";""
"202300009170";"155 664 327";"B01";"1";"1";"0";"2";"1";"26";"5";""
"202300009171";"155 664 321";"A01";"1";"7";"0";"2";"3";"9";"1";""
"202300009171";"155 664 324";"B01";"1";"33";"0";"0";"5";"1";"1";""
"202300009172";"155 664 320";"A01";"2";"7";"0";"2";"1";"2";"1";""
"202300009172";"155 664 323";"B01";"2";"7";"0";"2";"4";"1";"1";""
"202300009173";"155 664 318";"A01";"1";"2";"0";"2";"0";"1";"0";""
"202300009173";"155 664 322";"B01";"1";"7";"0";"2";"0";"0";"1";""
"202300009174";"155 664 317";"A01";"2";"7";"0";"2";"3";"1";"1";""
"202300009174";"155 664 319";"B01";"1";"50";"0";"2";"6";"1";"3";""
"202300009175";"155 664 315";"A01";"2";"7";"3";"0";"1";"12";"1";""
"202300009176";"155 664 313";"B01";"3";"7";"0";"2";"6";"1";"1";""
"202300009176";"155 664 316";"A01";"3";"1";"0";"2";"1";"1";"5";""
"202300009177";"155 664 312";"A01";"1";"7";"0";"2";"4";"1";"1";""
"202300009177";"155 664 314";"B01";"1";"2";"0";"2";"1";"1";"1";""
"202300009178";"155 664 310";"A01";"1";"7";"3";"0";"1";"13";"1";""
"202300009179";"155 664 308";"B01";"3";"7";"0";"2";"4";"1";"1";""