"Num_Acc";"id_vehicule";"num_veh";"senc";"catv";"obs";"obsm";"choc";"manv";"motor";"occutc"
"202300010785";"155 661 445";"C01";"1";"7";"0";"2";"3";"1";"1";""
"202300010786";"155 661 434";"B01";"2";"33";"0";"2";"1";"1";"1";""
"202300010786";"155 661 435";"A01";"1";"7";"0";"2";"2";"15";"0";""
"202300010787";"155 661 428";"B01";"0";"7";"0";"2";"3";"1";"1";""
"202300010787";"155 661 432";"A01";"0";"7";"0";"2";"2";"1";"1";""
"202300010788";"155 661 425";"B01";"1";"7";"0";"2";"2";"9";"1";""
"202300010788";"155 661 431";"A01";"1";"7";"0";"2";"8";"1";"1";""
"202300010789";"155 661 426";"A01";"2";"7";"0";"2";"1";"1";"1";""
"202300010789";"155 661 433";"B01";"1";"7";"0";"2";"3";"19";"1";""
"202300010790";"155 661 424";"C01";"2";"7";"0";"2";"4";"2";"1";""
"202300010790";"155 661 427";"B01";"2";"7";"0";"2";"4";"2";"1";""
"202300010790";"155 661 429";"A01";"2";"7";"0";"2";"1";"2";"1";""
"202300010791";"155 661 422";"A01";"3";"7";"0";"2";"5";"15";"1";""
"202300010791";"155 661 430";"Z01";"3";"7";"0";"2";"1";"1";"0";""
"202300010792";"155 661 420";"A01";"2";"7";"9";"0";"1";"1";"1";""
"202300010793";"155 661 419";"B01";"0";"7";"0";"2";"1";"1";"1";""
"202300010793";"155 661 423";"A01";"0";"7";"0";"2";"1";"1";"1";""
"202300010794";"155 661 417";"A01";"3";"7";"1";"0";"3";"13";"1";""
"202300010795";"155 661 416";"A01";"1";"33";"0";"2";"1";"13";"1";""
"202300010795";"155 661 418";"B01";"2";"7";"0";"2";"3";"1";"1";""
"202300010796";"155 661 414";"B01";"1";"7";"0";"2";"2";"1";"1";""
"202300010796";"155 661 421";"A01";"2";"33";"0";"2";"1";"1";"1";""
"202300010797";"155 661 412";"B01";"3";"10";"0";"2";"0";"16";"1";""
"202300010797";"155 661 415";"A01";"3";"50";"0";"2";"7";"16";"3";""
"202300010798";"155 661 411";"A01";"1";"15";"0";"2";"3";"13";"1";""
"202300010798";"155 661 413";"B01";"2";"7";"0";"2";"3";"1";"1";""
"202300010799";"155 661 409";"A01";"0";"7";"1";"1";"1";"1";"1";""
"202300010800";"155 661 407";"A01";"0";"7";"0";"2";"2";"19";"1";""
"202300010800";"155 661 410";"B01";"3";"7";"0";"2";"8";"19";"1";""
"202300010801";"155 661 406";"A01";"1";"33";"0";"2";"2";"17";"1";""
"202300010801";"155 661 408";"B01";"2";"33";"0";"2";"1";"1";"1";""
"202300010802";"155 661 405";"A01";"2";"10";"6";"0";"3";"1";"1";""
"202300010803";"155 661 403";"A01";"2";"2";"2";"0";"1";"1";"1";""
"202300010804";"155 661 402";"B01";"1";"7";"0";"2";"4";"23";"1";""
"202300010804";"155 661 404";"A01";"1";"7";"0";"2";"1";"2";"1";""
"202300010805";"155 661 400";"A01";"1";"7";"0";"1";"9";"1";"1";""
"202300010806";"155 661 398";"A01";"1";"7";"0";"9";"2";"2";"0";""
"202300010806";"155 661 401";"B01";"1";"1";"0";"0";"4";"2";"5";""
"202300010807";"155 661 396";"A01";"1";"7";"0";"2";"8";"13";"1";""
"202300010807";"155 661 399";"B01";"2";"7";"0";"2";"8";"1";"1";""
"202300010808";"155 661 395";"A01";"3";"33";"0";"0";"7";"2";"1";""
"202300010809";"155 661 393";"A01";"1";"7";"0";"2";"1";"13";"1";""
"202300010809";"155 661 397";"B01";"2";"7";"0";"2";"1";"1";"1";""
"202300010810";"155 661 390";"A01";"3";"60";"0";"2";"1";"1";"5";""
"202300010810";"155 661 394";"B01";"3";"7";"0";"9";"1";"1";"1";""
"202300010811";"155 661 389";"B01";"0";"7";"0";"2";"1";"1";"1";""
"202300010811";"155 661 392";"A01";"3";"7";"0";"2";"3";"16";"1";""
"202300010812";"155 661 387";"A01";"3";"7";"6";"0";"1";"1";"1";""
"202300010813";"155 661 386";"A01";"2";"7";"6";"0";"2";"1";"1";""
"202300010814";"155 661 385";"A01";"1";"33";"6";"2";"1";"18";"1";""
"202300010814";"155 661 388";"B01";"2";"7";"0";"2";"6";"15";"1";""
"202300010814";"155 661 391";"C01";"2";"7";"0";"2";"3";"1";"1";""
"202300010815";"155 661 383";"A01";"3";"7";"0";"1";"3";"1";"0";""
"202300010816";"155 661 384";"A01";"3";"50";"0";"1";"1";"2";"3";""
"202300010817";"155 661 381";"A01";"1";"7";"2";"0";"3";"0";"2";""
"202300010818";"155 661 380";"A01";"1";"7";"2";"0";"1";"14";"1";""
"202300010819";"155 661 378";"A01";"2";"7";"0";"2";"1";"13";"1";""
"202300010819";"155 661 382";"B01";"1";"7";"0";"2";"1";"1";"3";""
"202300010820";"155 661 375";"A01";"2";"33";"0";"2";"1";"1";"1";""
"202300010820";"155 661 379";"B01";"2";"7";"0";"2";"3";"15";"1";""
"202300010821";"155 661 374";"A01";"0";"7";"2";"0";"2";"0";"1";""
"202300010822";"155 661 373";"A01";"2";"33";"0";"2";"1";"1";"1";""
"202300010822";"155 661 377";"B01";"2";"7";"0";"2";"7";"10";"0";""
"202300010823";"155 661 372";"A01";"1";"7";"8";"0";"1";"17";"1";""
"202300010824";"155 661 370";"A01";"2";"32";"8";"0";"1";"15";"1";""
"202300010825";"155 661 367";"A01";"2";"32";"0";"0";"9";"1";"1";""
"202300010826";"155 661 368";"A01";"0";"7";"15";"0";"1";"0";"1";""
"202300010827";"155 661 364";"A01";"2";"7";"0";"1";"1";"1";"1";""
"202300010828";"155 661 365";"A01";"1";"7";"0";"2";"1";"5";"1";""
"202300010828";"155 661 369";"B01";"2";"7";"0";"2";"1";"1";"1";""
"202300010829";"155 661 362";"A01";"1";"7";"0";"2";"3";"9";"0";""
"202300010829";"155 661 366";"B01";"2";"7";"0";"2";"1";"1";"0";""
"202300010830";"155 661 361";"A01";"2";"7";"0";"2";"2";"17";"1";""
"202300010830";"155 661 363";"B01";"2";"15";"0";"0";"6";"13";"1";""
"202300010831";"155 661 360";"A01";"2";"7";"3";"0";"1";"0";"1";""
"202300010832";"155 661 357";"A01";"1";"7";"0";"1";"3";"2";"1";""
"202300010833";"155 661 355";"A01";"2";"7";"0";"9";"1";"9";"1";""
"202300010833";"155 661 358";"B01";"3";"1";"0";"2";"8";"2";"5";""
"202300010834";"155 661 356";"A01";"0";"7";"0";"2";"1";"17";"1";""
"202300010834";"155 661 359";"B01";"0";"10";"0";"2";"1";"1";"1";""
"202300010835";"155 661 348";"A01";"2";"15";"8";"0";"2";"14";"1";""
"202300010836";"155 661 347";"Z01";"1";"10";"0";"2";"1";"5";"1";""
"202300010836";"155 661 350";"B01";"2";"33";"0";"2";"1";"1";"1";""
"202300010837";"155 661 351";"B01";"3";"7";"0";"2";"5";"1";"2";""
"202300010837";"155 661 354";"A01";"0";"1";"0";"2";"4";"1";"5";""
"202300010838";"155 661 343";"A01";"2";"7";"0";"0";"3";"15";"1";""
"202300010838";"155 661 346";"B01";"2";"33";"7";"0";"2";"17";"1";""
"202300010839";"155 661 342";"A01";"2";"7";"3";"0";"1";"1";"1";""
"202300010840";"155 661 340";"A01";"2";"10";"0";"0";"6";"0";"1";""
"202300010840";"155 661 344";"B01";"2";"7";"0";"2";"2";"0";"1";""
"202300010840";"155 661 352";"C01";"2";"7";"0";"2";"1";"1";"1";""
"202300010841";"155 661 339";"D01";"2";"7";"0";"2";"6";"1";"1";""
"202300010841";"155 661 345";"C01";"2";"7";"0";"2";"8";"1";"1";""
"202300010841";"155 661 349";"B01";"2";"7";"0";"2";"1";"1";"1";""
"202300010841";"155 661 353";"A01";"1";"17";"6";"2";"1";"1";"1";""
"202300010842";"155 661 338";"Z01";"2";"7";"0";"2";"1";"15";"1";""
"202300010842";"155 661 341";"B01";"2";"2";"0";"2";"1";"1";"1";""
"202300010843";"155 661 337";"A01";"1";"7";"8";"0";"1";"1";"1";""
"202300010844";"155 661 333";"A01";"3";"7";"0";"9";"2";"16";"1";""
"202300010844";"155 661 336";"B01";"3";"1";"0";"0";"7";"17";"5";""
"202300010845";"155 661 326";"A01";"1";"7";"4";"2";"3";"17";"1";""
"202300010845";"155 661 331";"B01";"1";"7";"0";"2";"6";"1";"1";""
"202300010846";"155 661 327";"B01";"1";"7";"0";"0";"6";"1";"1";""
"202300010846";"155 661 334";"A01";"1";"15";"0";"2";"2";"2";"1";""
"202300010847";"155 661 323";"A01";"2";"7";"0";"2";"1";"13";"1";""
"202300010847";"155 661 325";"B01";"1";"7";"0";"2";"1";"1";"1";""
"202300010848";"155 661 324";"B01";"1";"1";"0";"2";"1";"1";"5";""
"202300010848";"155 661 329";"A01";"2";"1";"0";"2";"1";"1";"5";""
"202300010849";"155 661 319";"A01";"1";"7";"0";"2";"8";"22";"3";""
"202300010849";"155 661 321";"B01";"2";"7";"0";"2";"3";"1";"1";""
"202300010850";"155 661 320";"A01";"2";"7";"0";"2";"2";"1";"1";""
"202300010850";"155 661 322";"B01";"1";"2";"0";"2";"0";"10";"1";""
"202300010851";"155 661 318";"A01";"3";"7";"17";"0";"3";"1";"1";""
"202300010852";"155 661 315";"A01";"1";"7";"0";"2";"8";"1";"1";""
"202300010852";"155 661 317";"B01";"2";"7";"0";"2";"3";"5";"1";""
"202300010853";"155 661 312";"A01";"1";"33";"0";"0";"7";"1";"1";""
"202300010854";"155 661 311";"A01";"1";"33";"0";"2";"1";"17";"1";""
"202300010854";"155 661 316";"B01";"1";"10";"0";"2";"6";"15";"1";""
"202300010855";"155 661 310";"B01";"0";"33";"0";"2";"3";"1";"1";""
"202300010855";"155 661 314";"A01";"3";"7";"0";"2";"2";"2";"1";""
"202300010856";"155 661 307";"A01";"1";"7";"13";"0";"7";"1";"1";""
"202300010857";"155 661 306";"A01";"1";"10";"0";"2";"3";"1";"1";""
"202300010857";"155 661 308";"B01";"1";"33";"0";"2";"8";"1";"1";""
"202300010858";"155 661 304";"A01";"1";"2";"0";"0";"0";"0";"1";""
"202300010859";"155 661 303";"A01";"2";"7";"0";"9";"2";"15";"1";""
"202300010859";"155 661 305";"B01";"1";"1";"0";"2";"1";"1";"5";""
"202300010860";"155 661 302";"A01";"2";"7";"0";"1";"1";"1";"1";""
"202300010861";"155 661 297";"A01";"1";"10";"0";"2";"7";"1";"1";""
"202300010861";"155 661 300";"B01";"1";"34";"0";"2";"1";"1";"1";""
"202300010862";"155 661 295";"C01";"2";"15";"3";"2";"3";"1";"1";""
"202300010862";"155 661 296";"A01";"1";"7";"0";"2";"3";"13";"1";""
"202300010862";"155 661 298";"B01";"1";"7";"0";"2";"1";"1";"1";""
"202300010863";"155 661 299";"A01";"2";"7";"0";"2";"1";"15";"1";""
"202300010863";"155 661 301";"B01";"1";"7";"0";"2";"2";"13";"1";""
"202300010864";"155 661 293";"A01";"1";"7";"0";"1";"1";"1";"1";""
"202300010865";"155 661 290";"A01";"1";"30";"0";"2";"2";"1";"1";""
"202300010865";"155 661 292";"B01";"1";"7";"0";"2";"3";"15";"1";""
"202300010866";"155 661 289";"C01";"1";"7";"1";"0";"1";"1";"1";""
"202300010866";"155 661 291";"A01";"1";"7";"4";"0";"3";"1";"1";""
"202300010866";"155 661 294";"B01";"1";"7";"0";"0";"6";"23";"2";""
"202300010867";"155 661 285";"B01";"3";"7";"0";"2";"4";"1";"1";""
"202300010867";"155 661 287";"A01";"3";"7";"0";"2";"1";"1";"1";""
"202300010868";"155 661 281";"A01";"3";"7";"0";"0";"2";"9";"1";""
"202300010868";"155 661 288";"B01";"1";"1";"0";"0";"1";"1";"5";""
"202300010869";"155 661 279";"A01";"1";"1";"0";"2";"1";"5";"5";""
"202300010869";"155 661 283";"B01";"1";"7";"0";"2";"3";"15";"1";""
"202300010870";"155 661 278";"A01";"2";"7";"0";"0";"4";"1";"1";""
"202300010870";"155 661 282";"B01";"2";"7";"0";"2";"4";"2";"1";""
"202300010870";"155 661 286";"C01";"2";"7";"0";"2";"1";"2";"1";""
"202300010871";"155 661 277";"A01";"3";"1";"0";"0";"0";"1";"5";""
"202300010872";"155 661 272";"A01";"1";"7";"0";"2";"6";"11";"1";""
"202300010872";"155 661 274";"B01";"1";"33";"0";"2";"1";"1";"1";""
"202300010873";"155 661 273";"A01";"1";"7";"0";"2";"4";"1";"1";""
"202300010873";"155 661 276";"B01";"1";"7";"0";"2";"1";"2";"1";""
"202300010874";"155 661 271";"A01";"2";"7";"0";"2";"2";"9";"3";""
"202300010874";"155 661 275";"B01";"2";"33";"0";"2";"1";"2";"1";""
"202300010875";"155 661 270";"A01";"2";"50";"0";"0";"7";"2";"3";""
"202300010876";"155 661 269";"A01";"1";"7";"0";"1";"3";"1";"2";""
"202300010877";"155 661 266";"A01";"2";"33";"0";"2";"1";"1";"1";""
"202300010877";"155 661 268";"B01";"2";"7";"0";"2";"4";"1";"1";""
"202300010878";"155 661 264";"A01";"1";"30";"0";"1";"2";"1";"1";""
"202300010879";"155 661 263";"B01";"1";"14";"0";"2";"6";"2";"1";""
"202300010879";"155 661 267";"A01";"1";"7";"0";"2";"1";"2";"1";""
"202300010880";"155 661 265";"A01";"3";"7";"0";"0";"1";"15";"0";""
"202300010881";"155 661 260";"A01";"1";"30";"14";"0";"8";"11";"3";""
"202300010882";"155 661 257";"A01";"1";"7";"6";"0";"1";"0";"3";""
"202300010883";"155 661 256";"A01";"2";"33";"0";"2";"8";"1";"1";""
"202300010883";"155 661 262";"Z01";"2";"7";"0";"2";"5";"12";"1";""
"202300010884";"155 661 258";"A01";"3";"7";"0";"2";"6";"1";"1";""
"202300010884";"155 661 261";"B01";"3";"31";"0";"2";"1";"2";"1";""
"202300010885";"155 661 250";"A01";"2";"7";"0";"2";"1";"2";"1";""
"202300010885";"155 661 254";"B01";"2";"7";"0";"2";"1";"2";"1";""
"202300010885";"155 661 255";"C01";"2";"7";"0";"2";"1";"2";"1";""
"202300010885";"155 661 259";"D01";"2";"7";"0";"2";"4";"2";"1";""
"202300010886";"155 661 249";"A01";"3";"7";"0";"2";"2";"13";"1";""
"202300010886";"155 661 253";"B01";"3";"7";"0";"2";"1";"1";"1";""
"202300010887";"155 661 248";"A01";"2";"7";"4";"0";"2";"1";"1";""
"202300010888";"155 661 251";"Z01";"2";"7";"0";"1";"0";"1";"0";""
"202300010889";"155 661 245";"A01";"2";"10";"4";"0";"3";"13";"1";""
"202300010890";"155 661 247";"A01";"3";"2";"0";"2";"1";"1";"1";""
"202300010890";"155 661 252";"B01";"3";"7";"0";"2";"5";"15";"1";""
"202300010891";"155 661 244";"A01";"2";"7";"4";"0";"3";"1";"1";""
"202300010892";"155 661 242";"A01";"1";"10";"4";"0";"1";"14";"1";""
"202300010893";"155 661 241";"A01";"0";"7";"0";"0";"9";"0";"0";""
"202300010894";"155 661 240";"A01";"3";"7";"0";"2";"3";"26";"1";""
"202300010894";"155 661 243";"B01";"3";"43";"0";"2";"5";"1";"1";""
"202300010895";"155 661 238";"A01";"2";"7";"13";"0";"0";"13";"1";""
"202300010896";"155 661 232";"C01";"2";"10";"0";"2";"1";"2";"1";""
"202300010896";"155 661 235";"A01";"2";"7";"0";"2";"4";"2";"2";""
"202300010896";"155 661 237";"B01";"2";"7";"0";"2";"4";"2";"1";""
"202300010897";"155 661 231";"A01";"1";"7";"0";"2";"1";"2";"1";""
"202300010897";"155 661 234";"B01";"1";"7";"0";"2";"4";"2";"1";""
"202300010898";"155 661 228";"A01";"2";"7";"0";"9";"1";"15";"1";""
"202300010898";"155 661 233";"B01";"1";"1";"0";"2";"1";"2";"5";""
"202300010899";"155 661 227";"A01";"1";"7";"0";"2";"6";"1";"1";""
"202300010899";"155 661 230";"B01";"1";"7";"0";"2";"1";"12";"1";""
"202300010900";"155 661 223";"A01";"1";"7";"0";"2";"1";"1";"1";""
"202300010900";"155 661 226";"B01";"1";"7";"0";"2";"4";"1";"1";""
"202300010901";"155 661 224";"D01";"1";"2";"0";"0";"0";"2";"0";""
"202300010901";"155 661 229";"C01";"1";"7";"0";"2";"3";"2";"0";""
"202300010901";"155 661 236";"B01";"1";"2";"0";"0";"4";"2";"1";""
"202300010901";"155 661 239";"A01";"1";"7";"0";"2";"3";"2";"1";""
"202300010902";"155 661 219";"A01";"3";"7";"8";"1";"2";"1";"1";""
"202300010903";"155 661 220";"A01";"2";"7";"0";"1";"2";"2";"1";""
"202300010904";"155 661 217";"A01";"2";"7";"0";"2";"1";"2";"1";""
"202300010904";"155 661 221";"B01";"2";"7";"0";"2";"4";"2";"1";""
"202300010904";"155 661 222";"C01";"2";"7";"0";"0";"4";"2";"1";""
"202300010904";"155 661 225";"D01";"0";"7";"0";"2";"4";"2";"2";""
"202300010905";"155 661 213";"A01";"1";"31";"1";"0";"0";"1";"1";""
"202300010906";"155 661 210";"A01";"2";"33";"0";"2";"1";"3";"1";""
"202300010906";"155 661 214";"B01";"2";"7";"0";"2";"2";"2";"3";""
"202300010906";"155 661 215";"C01";"2";"7";"0";"2";"6";"2";"3";""
"202300010906";"155 661 218";"D01";"2";"7";"0";"2";"2";"0";"1";""
"202300010907";"155 661 211";"A01";"3";"2";"0";"2";"7";"13";"0";""
"202300010907";"155 661 216";"B01";"3";"7";"0";"0";"7";"1";"1";""
"202300010908";"155 661 208";"A01";"2";"10";"0";"2";"1";"2";"1";""
"202300010908";"155 661 212";"B01";"2";"7";"0";"2";"4";"1";"1";""
"202300010909";"155 661 209";"A01";"1";"34";"0";"1";"2";"1";"1";""
"202300010910";"155 661 204";"A01";"1";"7";"3";"0";"3";"1";"1";""
"202300010911";"155 661 205";"A01";"1";"30";"8";"0";"0";"0";"1";""
"202300010912";"155 661 207";"A01";"3";"10";"0";"1";"2";"15";"1";""
"202300010913";"155 661 202";"A01";"1";"7";"0";"2";"7";"12";"1";""
"202300010913";"155 661 206";"B01";"1";"43";"0";"2";"8";"3";"1";""
"202300010914";"155 661 203";"A01";"1";"30";"0";"0";"0";"1";"1";""
"202300010915";"155 661 199";"A01";"2";"10";"6";"0";"1";"15";"1";""
"202300010916";"155 661 196";"B01";"2";"7";"0";"2";"4";"23";"1";""
"202300010916";"155 661 201";"A01";"2";"7";"0";"2";"1";"1";"1";""
"202300010917";"155 661 194";"A01";"1";"7";"0";"2";"1";"1";"1";""
"202300010917";"155 661 198";"B01";"1";"7";"0";"2";"4";"1";"1";""
"202300010918";"155 661 193";"B01";"2";"7";"0";"2";"3";"21";"1";""
"202300010918";"155 661 197";"A01";"2";"7";"0";"2";"5";"14";"1";""
"202300010919";"155 661 189";"B01";"1";"7";"0";"2";"4";"2";"1";""
"202300010919";"155 661 192";"A01";"1";"10";"0";"2";"1";"2";"1";""
"202300010919";"155 661 195";"D01";"1";"17";"0";"2";"4";"2";"1";""
"202300010919";"155 661 200";"C01";"1";"10";"0";"2";"4";"2";"1";""
"202300010920";"155 661 190";"A01";"1";"7";"0";"1";"3";"1";"1";""
"202300010921";"155 661 185";"A01";"2";"7";"1";"2";"2";"1";"1";""
"202300010921";"155 661 188";"B01";"2";"7";"0";"2";"6";"23";"1";""
"202300010921";"155 661 191";"C01";"2";"7";"0";"2";"6";"2";"2";""
"202300010922";"155 661 183";"B01";"2";"7";"0";"2";"4";"2";"0";""
"202300010922";"155 661 186";"A01";"2";"15";"0";"2";"1";"2";"0";""
"202300010923";"155 661 182";"C01";"1";"7";"0";"2";"3";"1";"1";""
"202300010923";"155 661 184";"A01";"1";"33";"0";"2";"8";"3";"1";""
"202300010923";"155 661 187";"B01";"1";"7";"0";"2";"7";"1";"1";""
"202300010924";"155 661 179";"A01";"2";"10";"0";"2";"2";"16";"1";""
"202300010924";"155 661 181";"B01";"2";"60";"0";"2";"1";"1";"5";""
"202300010925";"155 661 174";"A01";"2";"33";"0";"2";"1";"3";"1";""
"202300010925";"155 661 177";"B01";"2";"7";"0";"2";"7";"12";"1";""
"202300010926";"155 661 171";"B01";"3";"1";"0";"2";"0";"1";"5";""
"202300010926";"155 661 175";"A01";"3";"50";"0";"2";"0";"15";"3";""
"202300010927";"155 661 170";"B01";"1";"32";"0";"2";"7";"1";"1";""
"202300010927";"155 661 173";"A01";"1";"7";"0";"2";"8";"17";"0";""
"202300010928";"155 661 172";"B01";"2";"7";"0";"2";"9";"1";"1";""
"202300010928";"155 661 178";"A01";"2";"10";"0";"2";"6";"12";"1";""
"202300010928";"155 661 180";"C01";"2";"7";"0";"2";"2";"0";"1";""
"202300010929";"155 661 169";"A01";"2";"31";"0";"2";"1";"1";"1";""
"202300010929";"155 661 176";"B01";"2";"7";"0";"2";"2";"1";"1";""
"202300010930";"155 661 167";"A01";"0";"7";"0";"1";"5";"20";"1";""
"202300010931";"155 661 165";"B01";"2";"7";"0";"2";"4";"2";"1";""
"202300010931";"155 661 168";"A01";"2";"34";"0";"2";"1";"2";"1";""
"202300010932";"155 661 164";"A01";"2";"30";"0";"1";"1";"1";"1";""
"202300010933";"155 661 161";"A01";"1";"7";"12";"0";"4";"26";"1";""
"202300010933";"155 661 162";"B01";"2";"7";"0";"9";"4";"26";"1";""
"202300010934";"155 661 160";"B01";"2";"10";"0";"2";"4";"1";"1";""
"202300010934";"155 661 163";"A01";"2";"10";"0";"2";"1";"1";"1";""
"202300010934";"155 661 166";"C01";"2";"10";"0";"2";"4";"1";"1";""
"202300010935";"155 661 156";"A01";"2";"7";"0";"2";"1";"1";"1";""
"202300010935";"155 661 159";"B01";"1";"7";"0";"2";"1";"1";"1";""
"202300010936";"155 661 155";"A01";"2";"7";"0";"2";"2";"20";"1";""
"202300010936";"155 661 158";"B01";"1";"33";"0";"2";"8";"1";"1";""
"202300010937";"155 661 153";"B01";"1";"7";"0";"2";"1";"1";"1";""
"202300010937";"155 661 157";"A01";"3";"50";"0";"2";"7";"0";"3";""
"202300010938";"155 661 151";"B01";"1";"2";"11";"2";"7";"12";"1";""
"202300010938";"155 661 154";"A01";"1";"10";"0";"9";"3";"1";"1";""
"202300010939";"155 661 145";"C01";"2";"7";"0";"2";"4";"2";"2";""
"202300010939";"155 661 149";"B01";"2";"7";"0";"2";"4";"2";"1";""
"202300010939";"155 661 152";"A01";"2";"10";"0";"2";"1";"2";"1";""
"202300010940";"155 661 146";"B01";"1";"2";"0";"2";"1";"1";"3";""
"202300010940";"155 661 148";"A01";"2";"10";"0";"2";"3";"15";"1";""
"202300010941";"155 661 147";"A01";"3";"1";"0";"2";"3";"19";"5";""
"202300010941";"155 661 150";"B01";"2";"7";"0";"2";"1";"1";"2";""
"202300010942";"155 661 143";"Z01";"1";"30";"0";"0";"0";"2";"1";""
"202300010943";"155 661 140";"B01";"1";"7";"0";"2";"3";"1";"1";""
"202300010943";"155 661 142";"C01";"1";"10";"0";"2";"4";"2";"1";""
"202300010943";"155 661 144";"A01";"1";"32";"0";"2";"8";"10";"1";""
"202300010944";"155 661 138";"A01";"1";"33";"0";"2";"0";"17";"1";""
"202300010945";"155 661 139";"B01";" -1";"7";"0";"1";"1";"1";" -1";""
"202300010946";"155 661 136";"A01";"2";"31";"0";"2";"8";"3";"1";""
"202300010946";"155 661 141";"B01";"2";"7";"0";"2";"7";"1";"2";""
"202300010947";"155 661 135";"A01";"1";"30";"0";"2";"1";"0";"1";""
"202300010947";"155 661 137";"B01";"1";"7";"0";"2";"5";"2";"1";""
"202300010948";"155 661 134";"A01";"1";"60";"8";"0";"1";"25";"5";""
"202300010949";"155 661 128";"A01";"2";"1";"0";"2";"1";"1";"5";""
"202300010949";"155 661 132";"B01";"1";"7";"0";"2";"3";"1";"3";""
"202300010950";"155 661 127";"A01";"2";"7";"0";"2";"8";"9";"1";""
"202300010950";"155 661 133";"B01";"1";"7";"0";"2";"3";"13";"1";""
"202300010951";"155 661 125";"B01";"2";"33";"0";"2";"1";"1";"1";""
"202300010951";"155 661 130";"A01";"2";"7";"0";"2";"6";"11";"1";""
"202300010952";"155 661 122";"A01";"2";"37";"0";"9";"5";"1";"1";"1"
"202300010952";"155 661 126";"B01";"2";"60";"0";"2";"3";"1";"5";""
"202300010953";"155 661 123";"A01";"2";"7";"0";"2";"3";"9";"1";""
"202300010953";"155 661 129";"B01";"2";"34";"0";"2";"1";"1";"1";""
"202300010954";"155 661 121";"A01";"1";"7";"0";"2";"1";"1";"1";""
"202300010954";"155 661 124";"B01";"1";"7";"0";"2";"9";"1";"1";""
"202300010954";"155 661 131";"C01";"1";"7";"0";"2";"4";"9";"1";""
"202300010955";"155 661 119";"A01";"1";"7";"0";"1";"0";"0";"0";""
"202300010956";"155 661 117";"B01";"1";"7";"0";"2";"8";"1";"3";""
"202300010956";"155 661 120";"A01";"1";"32";"0";"2";"7";"17";"0";""
"202300010957";"155 661 116";"A01";"2";"7";"1";"0";"2";"1";"1";""
"202300010958";"155 661 110";"D01";"1";"7";"0";"2";"2";"13";"1";""
"202300010958";"155 661 112";"C01";"1";"7";"14";"2";"1";"23";"1";""
"202300010958";"155 661 115";"A01";"1";"33";"0";"0";"7";"16";"1";""
"202300010958";"155 661 118";"B01";"1";"7";"14";"2";"4";"23";"1";""
"202300010959";"155 661 109";"B01";"2";"33";"0";"2";"0";"1";"0";""
"202300010959";"155 661 114";"A01";"3";"7";"0";"2";"6";"19";"1";""
"202300010960";"155 661 108";"A01";"3";"33";"0";"2";"0";"1";"1";""
"202300010961";"155 661 105";"A01";"1";"2";"0";"2";"1";"17";"3";""
"202300010961";"155 661 111";"B01";"1";"7";"0";"2";"3";"1";"1";""
"202300010962";"155 661 107";"A01";"1";"7";"0";"2";"3";"15";"0";""
"202300010962";"155 661 113";"B01";"1";"34";"0";"2";"1";"1";"1";""
"202300010963";"155 661 102";"B01";"1";"7";"0";"2";"1";"1";"1";""
"202300010963";"155 661 103";"A01";"3";"50";"0";"2";"7";"19";"3";""
"202300010964";"155 661 101";"A01";"1";"13";"0";"1";"2";"16";"0";""
"202300010965";"155 661 100";"B01";"3";"7";"0";"2";"2";"1";"1";""
"202300010965";"155 661 106";"A01";"3";"34";"0";"2";"1";"19";"1";""
"202300010966";"155 661 098";"A01";"1";"7";"0";"2";"2";"26";"1";""
"202300010966";"155 661 104";"B01";"2";"1";"0";"2";"1";"1";"5";""
"202300010967";"155 661 096";"A01";"1";"7";"0";"2";"3";"15";"1";""
"202300010967";"155 661 099";"B01";"2";"7";"0";"2";"2";"1";"1";""
"202300010968";"155 661 097";"A01";"2";"1";"0";"1";"7";"1";"5";""
"202300010969";"155 661 093";"A01";"1";"7";"0";"1";"1";"1";"1";""
"202300010970";"155 661 092";"B01";"2";"33";"0";"2";"1";"1";"1";""
"202300010970";"155 661 095";"A01";"2";"7";"0";"2";"6";"19";"1";""
"202300010971";"155 661 091";"B01";"1";"50";"0";"2";"7";"19";"3";""
"202300010971";"155 661 094";"A01";"1";"7";"0";"9";"1";"16";"1";""
"202300010972";"155 661 088";"B01";"1";"34";"0";"2";"1";"26";"1";""
"202300010972";"155 661 090";"A01";"2";"10";"0";"2";"3";"15";"1";""
"202300010973";"155 661 085";"A01";"2";"7";"13";"0";"1";"13";"1";""
"202300010974";"155 661 087";"A01";"1";"1";"0";"1";"1";"21";"5";""
"202300010975";"155 661 084";"B01";"2";"33";"0";"2";"7";"1";"1";""
"202300010975";"155 661 089";"A01";"2";"7";"0";"2";"2";"9";"1";""
"202300010976";"155 661 082";"B01";"1";"2";"0";"2";"1";"1";"1";""
"202300010976";"155 661 086";"A01";"1";"7";"0";"2";"1";"16";"1";""
"202300010977";"155 661 080";"B01";"2";"31";"0";"2";"0";"0";"0";""
"202300010977";"155 661 083";"A01";"1";"7";"0";"2";"0";"0";"0";""
"202300010978";"155 661 079";"A01";"1";"10";"0";"1";"1";"1";"1";""
"202300010979";"155 661 076";"Z01";"1";"50";"9";"2";"0";"25";"3";""
"202300010979";"155 661 081";"B01";"2";"1";"9";"2";"0";"25";"5";""