"Num_Acc";"id_vehicule";"num_veh";"senc";"catv";"obs";"obsm";"choc";"manv";"motor";"occutc"
"202300011398";"155 660 357";"A01";"1";"7";"0";"0";"1";"1";"0";""
"202300011398";"155 660 358";"B01";"1";"7";"0";"0";"7";"0";"0";""
"202300011399";"155 660 352";"A01";"1";"7";"4";"2";"7";"1";"1";""
"202300011399";"155 660 353";"B01";"1";"7";"4";"2";"8";"11";"1";""
"202300011400";"155 660 351";"A01";"1";"10";"2";"0";"2";"14";"1";""
"202300011401";"155 660 349";"A01";"1";"13";"0";"0";"4";"15";"0";""
"202300011401";"155 660 350";"B01";"1";"31";"0";"0";"3";"17";"0";""
"202300011402";"155 660 348";"A01";"1";"7";"8";"0";"1";"1";"1";""
"202300011403";"155 660 346";"A01";"1";"10";"1";"1";"1";"2";"1";""
"202300011403";"155 660 347";"B01";"1";"13";"0";"2";"4";"24";"1";""
"202300011404";"155 660 345";"A01";"1";"7";"16";"0";"8";"13";"1";""
"202300011405";"155 660 344";"A01";"0";"36";"6";"1";"3";"26";"1";""
"202300011406";"155 660 342";"A01";"3";"37";"0";"2";"3";"1";"1";"1"
"202300011406";"155 660 343";"B01";"3";"7";"0";"2";"3";"1";"1";""
"202300011407";"155 660 340";"A01";"2";"7";"8";"2";"1";"5";"1";""
"202300011407";"155 660 341";"B01";"1";"7";"0";"0";"1";"1";"1";""
"202300011408";"155 660 339";"A01";"3";"2";"0";"0";"7";"0";"1";""
"202300011409";"155 660 338";"A01";"2";"7";"13";"0";"0";"0";"1";""
"202300011410";"155 660 337";"A01";"1";"7";"0";"1";"2";"16";"1";""
"202300011411";"155 660 335";"A01";"2";"7";"0";"2";"3";"1";"1";""
"202300011411";"155 660 336";"B01";"1";"1";"0";"2";"7";"9";"5";""
"202300011412";"155 660 334";"A01";"1";"7";"0";"1";"2";"1";"1";""
"202300011413";"155 660 332";"A01";"0";"7";"0";"2";"4";"1";"1";""
"202300011413";"155 660 333";"B01";"0";"7";"0";"0";"3";"1";"1";""
"202300011414";"155 660 331";"A01";"0";"7";"8";"0";"1";"2";"1";""
"202300011415";"155 660 330";"A01";"1";"7";"3";"0";"2";"1";"1";""
"202300011416";"155 660 328";"A01";"1";"99";"0";"2";"2";"1";"1";""
"202300011416";"155 660 329";"B01";"2";"7";"0";"2";"3";"1";"1";""
"202300011417";"155 660 327";"A01";"2";"7";"4";"0";"1";"1";"1";""
"202300011418";"155 660 326";"A01";"2";"7";"3";"0";"3";"13";"1";""
"202300011419";"155 660 324";"A01";"2";"7";"0";"2";"3";"11";"1";""
"202300011419";"155 660 325";"B01";"2";"7";"0";"2";"2";"1";"1";""
"202300011420";"155 660 322";"A01";"1";"7";"0";"2";"2";"12";"1";""
"202300011420";"155 660 323";"B01";"1";"7";"0";"2";"3";"1";"1";""
"202300011421";"155 660 320";"A01";"2";"33";"0";"2";"1";"3";"1";""
"202300011421";"155 660 321";"B01";"2";"7";"0";"2";"5";"1";"1";""
"202300011422";"155 660 316";"B01";"1";"7";"13";"2";"3";"13";"1";""
"202300011422";"155 660 318";"A01";"2";"7";"13";"2";"1";"2";"1";""
"202300011422";"155 660 319";"C01";"1";"7";"13";"2";"3";"1";"1";""
"202300011423";"155 660 315";"B01";"1";"31";"0";"2";"4";"3";"1";""
"202300011423";"155 660 317";"A01";"1";"7";"0";"2";"1";"12";"1";""
"202300011424";"155 660 314";"A01";"2";"31";"1";"9";"1";"1";"1";""
"202300011425";"155 660 312";"A01";"3";"7";"0";"1";"3";"16";"1";""
"202300011426";"155 660 311";"A01";"2";"7";"0";"1";"2";"1";"1";""
"202300011427";"155 660 309";"A01";"2";"7";"0";"2";"1";"2";"1";""
"202300011427";"155 660 310";"B01";"2";"7";"0";"2";"4";"2";"1";""
"202300011427";"155 660 313";"C01";"2";"7";"0";"2";"4";"2";"1";""
"202300011428";"155 660 307";"B01";"1";"7";"0";"2";"1";"0";"0";""
"202300011428";"155 660 308";"A01";"2";"17";"0";"2";"6";"26";"0";""
"202300011429";"155 660 304";"B01";"2";"7";"0";"2";"5";"1";"1";""
"202300011429";"155 660 306";"A01";"2";"31";"0";"2";"1";"1";"1";""
"202300011430";"155 660 305";"A01";"1";"7";"8";"0";"3";"13";"0";""
"202300011431";"155 660 302";"A01";"2";"10";"4";"0";"1";"26";"1";""
"202300011432";"155 660 301";"B01";"2";"10";"0";"2";"3";"1";"1";""
"202300011432";"155 660 303";"A01";"1";"7";"0";"2";"3";"1";"1";""
"202300011433";"155 660 299";"A01";"0";"7";"2";"0";"3";"13";"1";""
"202300011434";"155 660 297";"B01";"2";"7";"0";"2";"2";"2";"1";""
"202300011434";"155 660 300";"A01";"2";"7";"0";"2";"6";"11";"1";""
"202300011435";"155 660 296";"B01";"2";"33";"0";"2";"1";"1";"1";""
"202300011435";"155 660 298";"A01";"1";"7";"0";"2";"7";"15";"1";""
"202300011436";"155 660 295";"A01";"1";"7";"14";"0";"3";"12";"1";""
"202300011437";"155 660 293";"A01";"2";"7";"0";"2";"3";"1";"3";""
"202300011437";"155 660 294";"B01";"1";"7";"0";"2";"3";"1";"1";""
"202300011438";"155 660 290";"A01";"1";"1";"1";"0";"1";"1";"5";""
"202300011439";"155 660 289";"B01";"1";"7";"4";"2";"6";"1";"0";""
"202300011439";"155 660 291";"C01";"1";"7";"0";"2";"1";"2";"0";""
"202300011439";"155 660 292";"A01";"1";"17";"0";"2";"2";"12";"0";""
"202300011440";"155 660 285";"A01";"0";"2";"0";"0";"3";"25";"1";""
"202300011441";"155 660 283";"A01";"1";"7";"12";"0";"3";"1";"1";""
"202300011442";"155 660 284";"A01";"2";"10";"0";"2";"4";"1";"1";""
"202300011442";"155 660 286";"B01";"2";"7";"4";"2";"9";"1";"1";""
"202300011442";"155 660 287";"C01";"2";"10";"0";"2";"4";"0";"1";""
"202300011443";"155 660 282";"A01";"1";"7";"0";"1";"1";"1";"0";""
"202300011444";"155 660 280";"A01";"3";"7";"10";"0";"0";"24";"1";""
"202300011445";"155 660 278";"A01";"1";"15";"0";"2";"1";"1";"1";""
"202300011445";"155 660 279";"B01";"1";"15";"0";"2";"4";"1";"1";""
"202300011445";"155 660 281";"C01";"1";"15";"0";"2";"4";"1";"1";""
"202300011446";"155 660 277";"A01";"2";"2";"0";"0";"0";"1";"1";""
"202300011447";"155 660 275";"A01";"1";"33";"0";"0";"6";"1";"1";""
"202300011448";"155 660 274";"A01";"2";"33";"0";"2";"2";"3";"1";""
"202300011448";"155 660 276";"B01";"2";"7";"0";"2";"3";"11";"1";""
"202300011449";"155 660 271";"A01";"2";"7";"0";"0";"4";"23";"1";""
"202300011449";"155 660 272";"B01";"2";"7";"0";"2";"1";"2";"1";""
"202300011449";"155 660 273";"C01";"2";"10";"0";"2";"1";"2";"0";""
"202300011450";"155 660 270";"A01";"2";"38";"10";"0";"1";"1";"1";"16"
"202300011451";"155 660 267";"A01";"1";"7";"0";"1";"4";"4";"1";""
"202300011452";"155 660 268";"A01";"1";"7";"0";"2";"5";"2";"1";""
"202300011452";"155 660 269";"B01";"1";"31";"0";"2";"1";"18";"1";""
"202300011453";"155 660 264";"A01";"1";"7";"0";"2";"1";"13";"1";""
"202300011453";"155 660 266";"B01";"2";"7";"0";"2";"1";"1";"1";""
"202300011454";"155 660 260";"A01";"1";"7";"0";"2";"3";"13";"1";""
"202300011454";"155 660 262";"B01";"2";"2";"0";"2";"1";"1";"1";""
"202300011455";"155 660 259";"A01";"1";"7";"9";"0";"8";"1";"1";""
"202300011456";"155 660 261";"A01";"2";"10";"0";"2";"4";"23";"1";""
"202300011456";"155 660 263";"B01";"2";"7";"0";"2";"4";"1";"1";""
"202300011456";"155 660 265";"C01";"2";"10";"0";"2";"1";"1";"1";""
"202300011457";"155 660 257";"A01";"1";"7";"15";"0";"3";"13";"1";""
"202300011458";"155 660 254";"A01";"1";"7";"0";"2";"1";"1";"1";""
"202300011458";"155 660 255";"B01";"1";"7";"3";"2";"4";"1";"1";""
"202300011458";"155 660 256";"C01";"1";"7";"3";"2";"4";"1";"1";""
"202300011458";"155 660 258";"D01";"1";"7";"3";"2";"7";"1";"1";""
"202300011459";"155 660 252";"A01";"2";"17";"0";"2";"1";"1";"1";""
"202300011459";"155 660 253";"B01";"1";"10";"0";"0";"7";"1";"1";""
"202300011460";"155 660 249";"A01";"1";"10";"3";"2";"2";"2";"1";""
"202300011460";"155 660 250";"B01";"1";"15";"0";"2";"6";"2";"1";""
"202300011461";"155 660 245";"A01";"1";"7";"3";"0";"8";"0";"1";""
"202300011461";"155 660 247";"B01";"1";"7";"14";"0";"1";"1";"1";""
"202300011462";"155 660 246";"A01";"1";"10";"0";"2";"6";"1";"3";""
"202300011462";"155 660 248";"B01";"1";"7";"14";"0";"3";"1";"1";""
"202300011462";"155 660 251";"C01";"1";"33";"0";"2";"1";"0";"1";""
"202300011463";"155 660 242";"A01";"2";"7";"0";"2";"2";"14";"1";""
"202300011463";"155 660 244";"B01";"2";"17";"0";"2";"8";"1";"1";""
"202300011464";"155 660 238";"A01";"1";"7";"0";"2";"4";"23";"1";""
"202300011464";"155 660 241";"B01";"1";"7";"0";"2";"1";"2";"1";""
"202300011464";"155 660 243";"C01";"1";"10";"0";"2";"3";"1";"1";""
"202300011465";"155 660 234";"B01";"3";"10";"0";"2";"3";"1";"1";""
"202300011465";"155 660 236";"A01";"3";"14";"3";"2";"2";"19";"1";""
"202300011466";"155 660 230";"B01";"1";"7";"14";"0";"2";"1";"1";""
"202300011466";"155 660 232";"C01";"1";"7";"14";"0";"1";"1";"1";""
"202300011466";"155 660 233";"A01";"1";"7";"0";"0";"0";"0";"1";""
"202300011467";"155 660 229";"A01";"2";"7";"0";"2";"1";"1";"1";""
"202300011467";"155 660 231";"B01";"1";"7";"0";"2";"1";"9";"1";""
"202300011468";"155 660 227";"A01";"2";"10";"0";"2";"2";"1";"1";""
"202300011468";"155 660 228";"B01";"2";"2";"0";"2";"3";"10";"1";""
"202300011469";"155 660 225";"A01";"2";"7";"13";"0";"2";"14";"1";""
"202300011470";"155 660 224";"A01";"2";"50";"0";"2";"1";"1";"3";""
"202300011470";"155 660 226";"B01";"1";"7";"0";"2";"7";"1";"1";""
"202300011471";"155 660 222";"A01";"1";"7";"0";"2";"1";"13";"3";""
"202300011471";"155 660 223";"B01";"2";"7";"0";"2";"3";"1";"1";""
"202300011472";"155 660 218";"C01";"2";"7";"0";"2";"1";"1";"1";""
"202300011472";"155 660 219";"B01";"2";"7";"0";"2";"1";"1";"1";""
"202300011472";"155 660 220";"A01";"2";"7";"0";"2";"2";"13";"1";""
"202300011473";"155 660 217";"B01";"0";"7";"0";"2";"1";"1";"1";""
"202300011473";"155 660 221";"A01";"0";"3";"0";"2";"1";"16";"1";""
"202300011474";"155 660 216";"A01";"3";"35";"12";"0";"5";"2";"1";""
"202300011475";"155 660 213";"A01";"1";"7";"3";"0";"1";"26";"1";""
"202300011476";"155 660 214";"A01";"1";"7";"0";"2";"3";"1";"0";""
"202300011476";"155 660 215";"B01";"2";"7";"0";"2";"2";"15";"0";""
"202300011477";"155 660 211";"A01";"2";"7";"0";"2";"1";"17";"1";""
"202300011477";"155 660 212";"B01";"1";"10";"0";"2";"1";"1";"1";""
"202300011478";"155 660 207";"B01";"2";"7";"0";"2";"1";"0";"1";""
"202300011478";"155 660 210";"A01";"2";"7";"0";"2";"2";"1";"1";""
"202300011479";"155 660 205";"C01";"2";"7";"0";"2";"1";"1";"1";""
"202300011479";"155 660 206";"B01";"1";"7";"0";"2";"1";"1";"1";""
"202300011479";"155 660 208";"A01";"2";"7";"0";"2";"1";"5";"1";""
"202300011479";"155 660 209";"D01";"1";"7";"0";"2";"1";"1";"1";""
"202300011480";"155 660 204";"A01";"2";"7";"0";"1";"1";"1";"1";""
"202300011481";"155 660 202";"A01";"1";"7";"0";"2";"1";"13";"1";""
"202300011481";"155 660 203";"B01";"2";"7";"0";"2";"1";"1";"1";""
"202300011482";"155 660 199";"B01";"3";"33";"0";"2";"7";"1";"1";""
"202300011482";"155 660 201";"A01";"0";"80";"12";"2";"1";"2";"3";""
"202300011483";"155 660 198";"A01";"1";"7";"7";"2";"1";"2";"1";""
"202300011483";"155 660 200";"B01";"1";"7";"7";"2";"1";"2";"1";""
"202300011484";"155 660 195";"B01";"3";"50";"0";"2";"7";"19";"3";""
"202300011484";"155 660 196";"A01";"3";"7";"0";"2";"1";"9";"1";""
"202300011485";"155 660 194";"A01";"1";"7";"0";"2";"1";"2";"1";""
"202300011485";"155 660 197";"B01";"1";"7";"0";"2";"0";"0";"1";""
"202300011486";"155 660 193";"A01";"3";"7";"0";"1";"8";"1";"0";""
"202300011487";"155 660 191";"A01";"1";"17";"0";"2";"2";"1";"1";""
"202300011487";"155 660 192";"B01";"1";"7";"0";"2";"3";"9";"1";""
"202300011488";"155 660 187";"A01";"1";"15";"0";"2";"5";"12";"1";""
"202300011488";"155 660 189";"B01";"1";"7";"0";"2";"7";"1";"1";""
"202300011489";"155 660 188";"A01";"1";"7";"0";"2";"1";"13";"1";""
"202300011489";"155 660 190";"B01";"2";"7";"0";"2";"1";"1";"1";""
"202300011490";"155 660 185";"B01";"1";"7";"0";"2";"4";"23";"1";""
"202300011490";"155 660 186";"A01";"1";"15";"1";"0";"1";"2";"1";""
"202300011491";"155 660 182";"A01";"1";"7";"4";"2";"1";"2";"1";""
"202300011491";"155 660 183";"B01";"1";"7";"4";"2";"4";"2";"0";""
"202300011492";"155 660 184";"A01";"2";"32";"12";"0";"6";"13";"1";""
"202300011493";"155 660 177";"D01";"2";"7";"0";"2";"4";"23";"2";""
"202300011493";"155 660 178";"C01";"2";"7";"0";"2";"1";"23";"1";""
"202300011493";"155 660 179";"B01";"2";"7";"0";"2";"4";"23";"1";""
"202300011493";"155 660 181";"A01";"2";"10";"0";"2";"1";"2";"1";""
"202300011494";"155 660 176";"A01";"2";"3";"0";"2";"2";"0";"1";""
"202300011494";"155 660 180";"B01";"2";"1";"0";"2";"0";"0";"5";""
"202300011495";"155 660 174";"A01";"1";"17";"0";"2";"7";"12";"1";""
"202300011495";"155 660 175";"B01";"1";"7";"4";"2";"8";"1";"1";""
"202300011496";"155 660 171";"A01";"1";"7";"0";"2";"7";"11";"1";""
"202300011496";"155 660 172";"B01";"1";"43";"0";"2";"5";"26";"1";""
"202300011497";"155 660 169";"A01";"1";"31";"0";"0";"0";"1";"1";""
"202300011498";"155 660 168";"A01";"1";"50";"0";"2";"1";"5";"3";""
"202300011498";"155 660 170";"B01";"2";"7";"0";"2";"2";"9";"1";""
"202300011499";"155 660 166";"A01";"1";"31";"14";"0";"1";"1";"1";""
"202300011500";"155 660 164";"C01";"1";"7";"0";"2";"4";"2";"1";""
"202300011500";"155 660 165";"B01";"1";"7";"0";"2";"0";"2";"1";""
"202300011500";"155 660 167";"A01";"1";"7";"0";"2";"1";"2";"1";""
"202300011501";"155 660 162";"B01";"1";"50";"0";"2";"2";"1";"3";""
"202300011501";"155 660 163";"A01";"1";"7";"0";"2";"1";"19";"1";""
"202300011502";"155 660 161";"A01";"1";"7";"0";"1";"2";"1";"2";""
"202300011503";"155 660 159";"A01";"2";"1";"0";"1";"1";"1";"5";""
"202300011504";"155 660 158";"A01";"0";"30";"0";"2";"3";"17";"1";""
"202300011504";"155 660 160";"B01";"0";"7";"0";"9";"3";"15";"1";""
"202300011505";"155 660 156";"A01";"2";"7";"0";"2";"7";"22";"2";""
"202300011505";"155 660 157";"B01";"2";"80";"0";"2";"1";"1";"3";""
"202300011506";"155 660 155";"A01";"1";"7";"0";"1";"1";"1";"1";""
"202300011507";"155 660 152";"B01";"1";"14";"0";"2";"0";"23";"1";""
"202300011507";"155 660 154";"A01";"1";"7";"0";"2";"2";"17";"1";""
"202300011508";"155 660 153";"A01";"1";"10";"4";"0";"1";"26";"1";""
"202300011509";"155 660 150";"A01";"1";"30";"0";"1";"1";"1";"3";""
"202300011510";"155 660 149";"A01";"1";"7";"0";"2";"5";"15";"1";""
"202300011510";"155 660 151";"B01";"2";"2";"0";"2";"1";"1";"1";""
"202300011511";"155 660 147";"A01";"0";"7";"0";"1";"4";"4";"1";""
"202300011512";"155 660 145";"A01";"1";"30";"0";"2";"2";"17";"1";""
"202300011512";"155 660 146";"B01";"1";"7";"0";"2";"0";"16";"1";""
"202300011512";"155 660 148";"C01";"1";"10";"0";"2";"0";"16";"1";""
"202300011513";"155 660 143";"A01";"1";"7";"5";"0";"3";"0";"0";""
"202300011513";"155 660 144";"B01";"1";"50";"3";"0";"0";"0";"3";""
"202300011514";"155 660 141";"A01";"1";"7";"0";"2";"3";"15";"1";""
"202300011514";"155 660 142";"B01";"2";"50";"0";"2";"1";"1";"3";""
"202300011515";"155 660 140";"A01";"3";"7";"0";"1";"3";"0";"3";""
"202300011516";"155 660 138";"Z01";"3";"7";"0";"2";"0";"15";"0";""
"202300011516";"155 660 139";"A01";"3";"34";"0";"2";"1";"1";"1";""
"202300011517";"155 660 135";"A01";"3";"7";"0";"2";"4";"2";"1";""
"202300011517";"155 660 137";"B01";"3";"7";"0";"2";"1";"2";"1";""
"202300011518";"155 660 134";"A01";"2";"7";"0";"2";"7";"16";"2";""
"202300011518";"155 660 136";"B01";"2";"50";"0";"2";"2";"1";"3";""
"202300011519";"155 660 131";"B01";"1";"7";"0";"2";"6";"15";"1";""
"202300011519";"155 660 133";"A01";"3";"32";"0";"2";"1";"2";"1";""
"202300011520";"155 660 132";"A01";"1";"7";"0";"1";"1";"1";"1";""
"202300011521";"155 660 128";"C01";"2";"7";"0";"2";"3";"1";"1";""
"202300011521";"155 660 129";"B01";"1";"34";"0";"2";"7";"13";"1";""
"202300011521";"155 660 130";"A01";"1";"10";"0";"2";"3";"1";"1";""
"202300011522";"155 660 126";"B01";"3";"60";"0";"2";"8";"5";"5";""
"202300011522";"155 660 127";"A01";"3";"7";"0";"9";"3";"16";"1";""
"202300011523";"155 660 124";"A01";"2";"7";"0";"2";"8";"22";"1";""
"202300011523";"155 660 125";"B01";"2";"1";"0";"2";"0";"1";"5";""
"202300011524";"155 660 121";"B01";"2";"1";"0";"2";"1";"1";"5";""
"202300011524";"155 660 122";"A01";"1";"7";"0";"2";"1";"15";"1";""
"202300011525";"155 660 120";"A01";"2";"7";"0";"2";"7";"17";"1";""
"202300011525";"155 660 123";"B01";"1";"7";"0";"2";"2";"15";"1";""
"202300011526";"155 660 119";"A01";"2";"50";"0";"0";"7";"1";"3";""
"202300011527";"155 660 117";"B01";"2";"7";"0";"2";"4";"2";"1";""
"202300011527";"155 660 118";"A01";"2";"7";"0";"2";"1";"2";"1";""
"202300011528";"155 660 116";"A01";"1";"50";"12";"0";"1";"13";"3";""
"202300011529";"155 660 115";"A01";"1";"2";"13";"0";"1";"1";"1";""
"202300011530";"155 660 113";"B01";"1";"7";"0";"2";"3";"9";"1";""
"202300011530";"155 660 114";"A01";"1";"37";"0";"2";"2";"1";"1";"2"
"202300011531";"155 660 111";"A01";"3";"7";"0";"2";"2";"15";"0";""
"202300011531";"155 660 112";"B01";"3";"1";"0";"2";"0";"0";"5";""
"202300011532";"155 660 110";"A01";"2";"7";"0";"1";"2";"1";"2";""
"202300011533";"155 660 107";"A01";"2";"7";"0";"2";"1";"15";"0";""
"202300011533";"155 660 109";"B01";"2";"33";"0";"2";"8";"16";"0";""
"202300011534";"155 660 108";"A01";"2";"30";"0";"0";"0";"1";"1";""
"202300011535";"155 660 105";"A01";"2";"7";"0";"2";"4";"23";"1";""
"202300011535";"155 660 106";"B01";"2";"7";"0";"2";"1";"1";"1";""
"202300011536";"155 660 104";"A01";"1";"1";"13";"0";"1";"15";"5";""
"202300011537";"155 660 102";"A01";"1";"7";"0";"2";"2";"16";"1";""
"202300011537";"155 660 103";"B01";"1";"33";"0";"2";"1";"1";"1";""
"202300011538";"155 660 101";"A01";"1";"7";"0";"1";"1";"10";"1";""
"202300011539";"155 660 098";"A01";"0";"7";"0";"2";"3";"2";"1";""
"202300011539";"155 660 099";"B01";"0";"32";"0";"2";"2";"2";"1";""
"202300011540";"155 660 095";"B01";"3";"1";"0";"9";"0";"0";"5";""
"202300011540";"155 660 097";"A01";"3";"7";"0";"9";"1";"15";"1";""
"202300011541";"155 660 093";"A01";"3";"32";"0";"2";"4";"1";"1";""
"202300011542";"155 660 094";"A01";"2";"7";"0";"2";"0";"0";"3";""
"202300011542";"155 660 096";"B01";"2";"30";"0";"2";"1";"0";"3";""
"202300011543";"155 660 091";"B01";"2";"1";"8";"2";"8";"2";"5";""
"202300011543";"155 660 092";"Z01";"2";"14";"0";"9";"7";"11";"0";""
"202300011544";"155 660 088";"B01";"3";"1";"0";"2";"8";"1";"5";""
"202300011544";"155 660 089";"A01";"3";"7";"0";"9";"3";"13";"3";""
"202300011545";"155 660 087";"B01";"3";"34";"12";"2";"5";"1";"1";""
"202300011545";"155 660 090";"A01";"3";"7";"0";"2";"6";"1";"1";""
"202300011546";"155 660 085";"A01";"2";"10";"0";"2";"3";"15";"0";""
"202300011546";"155 660 086";"B01";"1";"34";"0";"2";"1";"1";"0";""
"202300011547";"155 660 082";"A01";"1";"30";"0";"2";"1";"3";"1";""
"202300011547";"155 660 083";"B01";"1";"7";"0";"2";"8";"15";"1";""
"202300011548";"155 660 081";"D01";"1";"7";"0";"2";"1";"2";"1";""
"202300011548";"155 660 084";"A01";"2";"30";"0";"2";"3";"0";"1";""
"202300011549";"155 660 078";"B01";"2";"1";"0";"2";"1";"1";"5";""
"202300011549";"155 660 080";"A01";"0";"7";"0";"9";"2";"15";"1";""
"202300011550";"155 660 077";"B01";"2";"33";"0";"2";"1";"1";"1";""
"202300011550";"155 660 079";"A01";"1";"10";"0";"2";"6";"11";"1";""
"202300011551";"155 660 076";"A01";"2";"80";"8";"0";"1";"1";"3";""
"202300011552";"155 660 074";"B01";"3";"7";"0";"2";"2";"1";"1";""
"202300011552";"155 660 075";"A01";"3";"7";"0";"2";"3";"15";"1";""
"202300011553";"155 660 073";"A01";"3";"2";"0";"1";"1";"21";"1";""
"202300011554";"155 660 071";"A01";"1";"10";"0";"1";"2";"1";"1";""
"202300011555";"155 660 068";"A01";"1";"7";"0";"2";"1";"0";"1";""
"202300011555";"155 660 069";"B01";"1";"17";"0";"0";"6";"1";"1";""
"202300011556";"155 660 066";"A01";"1";"7";"15";"9";"3";"1";"1";""
"202300011557";"155 660 064";"A01";"1";"7";"0";"1";"2";"15";"1";""
"202300011558";"155 660 063";"A01";"1";"36";"1";"0";"3";"1";"0";""
"202300011559";"155 660 060";"A01";"1";"99";"0";"2";"1";"1";"1";""
"202300011559";"155 660 061";"B01";"1";"7";"15";"0";"4";"15";"1";""
"202300011559";"155 660 062";"C01";"2";"7";"0";"9";"3";"1";"1";""
"202300011560";"155 660 059";"A01";"0";"7";"0";"1";"1";"1";"1";""
"202300011561";"155 660 057";"A01";"2";"7";"4";"0";"6";"0";"1";""
"202300011561";"155 660 058";"B01";"2";"7";"0";"2";"2";"17";"1";""
"202300011562";"155 660 055";"A01";"3";"2";"0";"0";"1";"0";"1";""
"202300011563";"155 660 054";"A01";"1";"2";"0";"2";"1";"19";"0";""
"202300011563";"155 660 056";"B01";"2";"7";"0";"2";"8";"2";"1";""
"202300011564";"155 660 051";"A01";"1";"7";"0";"2";"1";"2";"1";""
"202300011564";"155 660 052";"B01";"1";"7";"0";"2";"4";"2";"1";""
"202300011564";"155 660 053";"C01";"1";"7";"0";"2";"4";"2";"1";""
"202300011565";"155 660 049";"A01";"1";"7";"0";"2";"1";"1";"1";""
"202300011565";"155 660 050";"B01";"1";"2";"0";"2";"4";"1";"1";""
"202300011566";"155 660 048";"A01";"0";"7";"12";"0";"1";"1";"1";""
"202300011567";"155 660 046";"A01";"3";"7";"0";"1";"3";"15";"1";""
"202300011568";"155 660 045";"A01";"3";"7";"0";"2";"1";"1";"1";""
"202300011568";"155 660 047";"B01";"3";"1";"0";"2";"0";"26";"5";""
"202300011569";"155 660 043";"B01";"3";"7";"0";"2";"8";"1";"1";""
"202300011569";"155 660 044";"A01";"3";"33";"0";"2";"8";"1";"1";""
"202300011570";"155 660 040";"A01";"1";"7";"0";"2";"3";"15";"1";""
"202300011570";"155 660 041";"B01";"2";"7";"0";"2";"3";"1";"1";""
"202300011571";"155 660 039";"A01";"2";"32";"7";"0";"1";"1";"1";""
"202300011572";"155 660 038";"A01";"1";"7";"14";"0";"1";"26";"1";""
"202300011573";"155 660 037";"A01";"1";"7";"13";"0";"2";"1";"1";""
"202300011574";"155 660 034";"A01";"1";"7";"0";"2";"2";"1";"1";""
"202300011574";"155 660 036";"B01";"1";"10";"0";"2";"5";"15";"1";""
"202300011575";"155 660 033";"A01";"0";"2";"0";"2";"4";"26";"0";""
"202300011575";"155 660 035";"B01";"0";"3";"0";"2";"0";"0";"0";""
"202300011576";"155 660 030";"B01";"1";"50";"0";"2";"1";"1";"3";""
"202300011576";"155 660 032";"A01";"1";"7";"0";"2";"3";"9";"1";""
"202300011577";"155 660 029";"B01";"3";"7";"0";"2";"4";"1";"1";""
"202300011577";"155 660 031";"A01";"3";"10";"0";"2";"1";"1";"1";""
"202300011578";"155 660 027";"A01";"1";"7";"0";"2";"2";"1";"0";""
"202300011578";"155 660 028";"B01";"1";"7";"0";"2";"3";"9";"0";""
"202300011579";"155 660 024";"B01";"2";"7";"0";"2";"1";"1";"1";""
"202300011579";"155 660 026";"A01";"1";"7";"0";"2";"2";"1";"1";""
"202300011580";"155 660 023";"A01";"2";"7";"4";"0";"0";"0";"1";""
"202300011581";"155 660 021";"A01";"1";"7";"0";"1";"6";"4";"1";""
"202300011582";"155 660 020";"A01";"2";"7";"0";"2";"1";"1";"1";""
"202300011582";"155 660 022";"B01";"1";"7";"0";"2";"1";"1";"1";""
"202300011583";"155 660 018";"A01";"1";"7";"2";"0";"1";"0";"1";""
"202300011584";"155 660 017";"B01";"1";"7";"0";"2";"3";"9";"1";""
"202300011584";"155 660 019";"A01";"1";"1";"0";"2";"0";"1";"5";""
"202300011585";"155 660 016";"A01";"3";"7";"2";"0";"9";"1";"1";""
"202300011586";"155 660 011";"A01";"1";"7";"2";"0";"1";"0";"1";""
"202300011587";"155 660 012";"B01";"3";"1";"0";"2";"1";"23";"5";""
"202300011587";"155 660 015";"A01";"3";"7";"0";"2";"3";"15";"1";""
"202300011588";"155 660 009";"B01";"1";"1";"0";"0";"7";"19";"5";""
"202300011588";"155 660 010";"A01";"1";"7";"0";"9";"1";"1";"0";""
"202300011589";"155 660 007";"A01";"0";"50";"0";"2";"7";"17";"3";""
"202300011589";"155 660 008";"B01";"0";"21";"0";"2";"6";"0";"1";""
"202300011590";"155 660 006";"A01";"2";"7";"2";"0";"2";"1";"1";""
"202300011591";"155 660 005";"A01";"1";"7";"13";"0";"1";"13";"1";""
"202300011592";"155 660 003";"B01";"0";"7";"0";"2";"1";"2";"1";""
"202300011592";"155 660 004";"A01";"0";"2";"0";"2";"4";"2";"0";""
"202300011593";"155 659 998";"A01";"1";"7";"0";"2";"3";"2";"1";""
"202300011593";"155 659 999";"B01";"1";"32";"0";"2";"4";"1";"1";""
"202300011593";"155 660 000";"C01";"1";"14";"0";"2";"3";"2";"1";""
"202300011594";"155 659 997";"A01";"2";"7";"12";"0";"1";"13";"1";""
"202300011595";"155 659 995";"A01";"3";"7";"0";"1";"2";"1";"1";""
"202300011596";"155 659 994";"A01";"3";"10";"15";"0";"4";"4";"1";""
"202300011597";"155 659 990";"B01";"1";"7";"0";"2";"1";"1";"1";""
"202300011597";"155 659 991";"A01";"2";"7";"0";"2";"8";"19";"1";""
"202300011598";"155 659 989";"A01";"1";"30";"0";"0";"7";"1";"1";""
"202300011599";"155 659 986";"A01";"1";"2";"0";"2";"1";"1";"1";""