"Num_Acc";"id_vehicule";"num_veh";"senc";"catv";"obs";"obsm";"choc";"manv";"motor";"occutc"
"202300012600";"155 658 171";"A01";"0";"7";"0";"1";"4";"23";"1";""
"202300012601";"155 658 167";"A01";"2";"7";"0";"2";"3";"13";"1";""
"202300012601";"155 658 170";"B01";"1";"10";"0";"2";"3";"1";"1";""
"202300012602";"155 658 164";"A01";"2";"7";"9";"2";"0";"0";"0";""
"202300012602";"155 658 169";"B01";"2";"7";"9";"2";"0";"0";"0";""
"202300012603";"155 658 162";"A01";"1";"38";"0";"2";"3";"9";"1";"1"
"202300012603";"155 658 168";"B01";"1";"7";"0";"2";"7";"0";"0";""
"202300012604";"155 658 163";"A01";"1";"7";"0";"2";"1";"1";"1";""
"202300012604";"155 658 166";"B01";"1";"7";"0";"2";"1";"0";"1";""
"202300012605";"155 658 161";"A01";"3";"7";"0";"2";"1";"1";"1";""
"202300012605";"155 658 165";"B01";"3";"3";"0";"2";"4";"2";"1";""
"202300012606";"155 658 158";"B01";"1";"7";"0";"2";"2";"0";"1";""
"202300012606";"155 658 160";"A01";"2";"2";"0";"2";"8";"1";"1";""
"202300012607";"155 658 157";"A01";"2";"30";"0";"0";"1";"1";"1";""
"202300012608";"155 658 156";"A01";"1";"3";"0";"1";"2";"1";"1";""
"202300012609";"155 658 154";"B01";"1";"7";"0";"2";"1";"1";"1";""
"202300012609";"155 658 159";"A01";"2";"7";"0";"2";"1";"13";"1";""
"202300012610";"155 658 153";"A01";"1";"7";"0";"2";"2";"15";"1";""
"202300012610";"155 658 155";"B01";"2";"33";"0";"2";"1";"1";"1";""
"202300012611";"155 658 152";"A01";"2";"7";"8";"0";"9";"1";"1";""
"202300012612";"155 658 150";"A01";"1";"50";"1";"0";"1";"14";"3";""
"202300012613";"155 658 149";"A01";"1";"1";"0";"2";"3";"14";"5";""
"202300012613";"155 658 151";"B01";"1";"7";"0";"0";"2";"1";"1";""
"202300012614";"155 658 148";"A01";"2";"7";"2";"0";"3";"13";"1";""
"202300012615";"155 658 147";"A01";"1";"7";"6";"0";"2";"14";"2";""
"202300012616";"155 658 146";"A01";"3";"10";"0";"1";"3";"19";"1";""
"202300012617";"155 658 141";"B01";"2";"2";"0";"2";"1";"1";"1";""
"202300012617";"155 658 145";"A01";"1";"7";"0";"2";"1";"15";"1";""
"202300012618";"155 658 139";"A01";"0";"33";"0";"2";"1";"17";"1";""
"202300012618";"155 658 144";"B01";"0";"7";"0";"0";"6";"19";"0";""
"202300012619";"155 658 138";"A01";"1";"7";"0";"2";"3";"11";"1";""
"202300012619";"155 658 142";"B01";"1";"7";"0";"2";"2";"1";"1";""
"202300012620";"155 658 136";"A01";"2";"7";"0";"2";"3";"15";"1";""
"202300012620";"155 658 140";"B01";"2";"33";"0";"2";"7";"3";"1";""
"202300012621";"155 658 135";"A01";"3";"1";"14";"0";"0";"0";"5";""
"202300012622";"155 658 137";"A01";"2";"37";"9";"2";"7";"16";"1";"3"
"202300012622";"155 658 143";"B01";"2";"10";"0";"2";"4";"23";"1";""
"202300012623";"155 658 133";"A01";"2";"7";"0";"1";"2";"1";"1";""
"202300012624";"155 658 132";"A01";"1";"7";"0";"2";"3";"15";"1";""
"202300012624";"155 658 134";"B01";"2";"33";"0";"2";"0";"1";"1";""
"202300012625";"155 658 129";"A01";"1";"7";"6";"0";"1";"1";"1";""
"202300012626";"155 658 128";"B01";"3";"50";"0";"2";"1";"1";"3";""
"202300012626";"155 658 130";"A01";"3";"7";"0";"2";"5";"16";"1";""
"202300012627";"155 658 127";"A01";"1";"7";"0";"1";"3";"1";"1";""
"202300012628";"155 658 126";"A01";"3";"7";"0";"2";"0";"16";"1";""
"202300012628";"155 658 131";"B01";"2";"37";"0";"2";"3";"1";"1";"3"
"202300012629";"155 658 124";"A01";"1";"7";"0";"2";"3";"1";"1";""
"202300012629";"155 658 125";"B01";"3";"7";"0";"0";"0";"0";"0";""
"202300012630";"155 658 120";"A01";"2";"2";"0";"2";"1";"2";"1";""
"202300012630";"155 658 123";"B01";"2";"2";"0";"0";"4";"1";"1";""
"202300012631";"155 658 118";"B01";"3";"30";"0";"2";"1";"1";"1";""
"202300012631";"155 658 122";"A01";"3";"7";"0";"2";"2";"15";"1";""
"202300012632";"155 658 115";"A01";"1";"7";"0";"2";"1";"6";"1";""
"202300012632";"155 658 116";"B01";"2";"7";"0";"2";"1";"1";"1";""
"202300012633";"155 658 114";"B01";"1";"7";"0";"0";"7";"1";"3";""
"202300012633";"155 658 117";"A01";"1";"50";"0";"2";"1";"1";"3";""
"202300012634";"155 658 112";"A01";"3";"33";"0";"0";"0";"0";"1";""
"202300012635";"155 658 110";"A01";"0";"7";"0";"2";"3";"13";"1";""
"202300012635";"155 658 113";"B01";"0";"7";"0";"2";"2";"1";"1";""
"202300012636";"155 658 109";"A01";"3";"7";"0";"2";"3";"16";"1";""
"202300012636";"155 658 111";"B01";"0";"33";"0";"2";"1";"1";"1";""
"202300012637";"155 658 108";"A01";"3";"7";"0";"1";"1";"1";"1";""
"202300012638";"155 658 106";"A01";"1";"7";"0";"1";"1";"1";"1";""
"202300012639";"155 658 104";"A01";"2";"10";"0";"0";"1";"1";"1";""
"202300012640";"155 658 096";"B01";"3";"33";"0";"2";"1";"26";"1";""
"202300012640";"155 658 100";"A01";"3";"7";"0";"2";"5";"15";"1";""
"202300012641";"155 658 095";"B01";"2";"7";"0";"2";"8";"1";"1";""
"202300012641";"155 658 103";"A01";"1";"30";"0";"2";"1";"1";"1";""
"202300012642";"155 658 098";"A01";"0";"32";"0";"2";"1";"1";"0";""
"202300012642";"155 658 102";"B01";"0";"7";"0";"2";"2";"15";"0";""
"202300012643";"155 658 101";"B01";"2";"7";"0";"2";"4";"1";"2";""
"202300012643";"155 658 105";"A01";"2";"7";"0";"2";"4";"1";"1";""
"202300012643";"155 658 107";"C01";"2";"7";"0";"2";"1";"1";"1";""
"202300012644";"155 658 094";"B01";"1";"7";"3";"2";"4";"1";"0";""
"202300012644";"155 658 097";"Z01";"1";"7";"0";"2";"0";"0";"0";""
"202300012644";"155 658 099";"A01";"1";"7";"0";"2";"1";"26";"1";""
"202300012645";"155 658 092";"A01";"2";"10";"0";"1";"2";"1";"0";""
"202300012646";"155 658 089";"A01";"1";"7";"0";"1";"2";"1";"0";""
"202300012647";"155 658 088";"A01";"1";"2";"0";"2";"8";"18";"1";""
"202300012647";"155 658 091";"B01";"3";"7";"0";"2";"2";"1";"1";""
"202300012648";"155 658 090";"A01";"1";"10";"0";"2";"3";"22";"1";""
"202300012648";"155 658 093";"B01";"1";"50";"0";"2";"1";"1";"3";""
"202300012649";"155 658 086";"B01";"1";"33";"0";"2";"1";"1";"1";""
"202300012649";"155 658 087";"A01";"1";"7";"0";"2";"5";"12";"1";""
"202300012650";"155 658 084";"A01";"1";"33";"8";"0";"1";"1";"1";""
"202300012651";"155 658 083";"A01";"2";"7";"0";"2";"1";"1";"1";""
"202300012651";"155 658 085";"B01";"2";"7";"0";"2";"4";"23";"1";""
"202300012652";"155 658 081";"B01";"1";"7";"0";"2";"0";"15";"1";""
"202300012652";"155 658 082";"A01";"1";"30";"0";"2";"1";"0";"1";""
"202300012653";"155 658 079";"A01";"3";"31";"0";"0";"7";"1";"1";""
"202300012654";"155 658 077";"A01";"2";"7";"15";"0";"1";"1";"1";""
"202300012655";"155 658 076";"A01";"1";"7";"0";"1";"1";"1";"1";""
"202300012656";"155 658 078";"B01";"3";"10";"0";"2";"6";"9";"1";""
"202300012656";"155 658 080";"A01";"3";"7";"0";"2";"2";"16";"1";""
"202300012657";"155 658 075";"A01";"1";"10";"0";"1";"4";"20";"1";""
"202300012658";"155 658 070";"A01";"3";"7";"0";"2";"2";"26";"1";""
"202300012658";"155 658 074";"B01";"3";"7";"0";"2";"1";"1";"1";""
"202300012659";"155 658 072";"A01";"2";"10";"13";"0";"3";"13";"1";""
"202300012660";"155 658 071";"A01";"3";"10";"16";"0";"0";"1";"1";""
"202300012661";"155 658 069";"A01";"2";"31";"0";"2";"1";"17";"1";""
"202300012661";"155 658 073";"B01";"2";"7";"0";"2";"8";"19";"1";""
"202300012662";"155 658 067";"A01";"2";"10";"0";"2";"2";"15";"1";""
"202300012662";"155 658 068";"B01";"2";"2";"0";"2";"1";"1";"1";""
"202300012663";"155 658 061";"A01";"3";"7";"0";"2";"3";"1";"1";""
"202300012663";"155 658 065";"B01";"3";"32";"0";"2";"7";"1";"1";""
"202300012664";"155 658 059";"A01";"2";"7";"0";"2";"2";"16";"0";""
"202300012664";"155 658 062";"B01";"2";"50";"0";"2";"1";"1";"3";""
"202300012665";"155 658 060";"C01";"2";"7";"0";"2";"3";"1";"1";""
"202300012665";"155 658 063";"B01";"2";"7";"0";"2";"1";"1";"1";""
"202300012665";"155 658 066";"A01";"2";"38";"0";"2";"7";"15";"1";"1"
"202300012666";"155 658 058";"A01";"1";"31";"0";"0";"0";"1";"3";""
"202300012667";"155 658 057";"B01";"3";"1";"0";"2";"1";"1";"5";""
"202300012667";"155 658 064";"A01";"3";"7";"0";"9";"3";"1";"1";""
"202300012668";"155 658 054";"Z01";"3";"7";"0";"1";"1";"1";"0";""
"202300012669";"155 658 055";"A01";"1";"3";"0";"9";"8";"21";"1";""
"202300012670";"155 658 052";"A01";"2";"7";"13";"0";"9";"9";"1";""
"202300012671";"155 658 051";"A01";"3";"30";"0";"2";"1";"13";"1";""
"202300012671";"155 658 056";"B01";"3";"7";"0";"2";"3";"9";"1";""
"202300012672";"155 658 050";"A01";"1";"1";"0";"2";"1";"13";"5";""
"202300012672";"155 658 053";"B01";"2";"1";"0";"2";"1";"1";"5";""
"202300012673";"155 658 043";"Z01";"0";"99";"0";"1";"0";"26";"0";""
"202300012674";"155 658 045";"A01";"1";"7";"0";"2";"6";"9";"1";""
"202300012674";"155 658 048";"B01";"1";"32";"0";"2";"1";"1";"1";""
"202300012675";"155 658 042";"A01";"1";"7";"0";"2";"1";"1";"1";""
"202300012675";"155 658 047";"B01";"1";"7";"0";"2";"4";"2";"1";""
"202300012675";"155 658 049";"C01";"1";"7";"0";"2";"4";"2";"1";""
"202300012676";"155 658 041";"A01";"2";"7";"0";"2";"8";"9";"1";""
"202300012676";"155 658 046";"B01";"2";"50";"0";"0";"0";"0";"3";""
"202300012677";"155 658 040";"B01";"2";"7";"0";"2";"8";"15";"3";""
"202300012677";"155 658 044";"A01";"1";"1";"0";"2";"1";"1";"5";""
"202300012678";"155 658 038";"A01";"1";"7";"0";"1";"1";"1";"1";""
"202300012679";"155 658 036";"A01";"2";"7";"0";"1";"1";"1";"0";""
"202300012680";"155 658 035";"A01";"2";"15";"0";"2";"2";"1";"1";""
"202300012680";"155 658 037";"B01";"1";"7";"0";"2";"8";"1";"1";""
"202300012681";"155 658 029";"B01";"3";"50";"0";"2";"7";"1";"3";""
"202300012681";"155 658 034";"A01";"3";"7";"0";"2";"1";"9";"0";""
"202300012682";"155 658 033";"B01";"1";"33";"0";"2";"1";"1";"1";""
"202300012682";"155 658 039";"A01";"1";"7";"0";"2";"3";"15";"1";""
"202300012683";"155 658 030";"A01";"1";"7";"0";"2";"1";"1";"1";""
"202300012683";"155 658 032";"B01";"2";"7";"0";"2";"2";"19";"2";""
"202300012684";"155 658 027";"A01";"1";"7";"0";"2";"3";"1";"1";""
"202300012684";"155 658 031";"B01";"2";"7";"0";"2";"3";"1";"1";""
"202300012685";"155 658 026";"B01";"2";"32";"0";"2";"7";"1";"1";""
"202300012685";"155 658 028";"A01";"1";"7";"0";"2";"2";"15";"1";""
"202300012686";"155 658 024";"A01";"3";"7";"0";"2";"3";"13";"1";""
"202300012686";"155 658 025";"B01";"3";"1";"0";"2";"2";"17";"5";""
"202300012687";"155 658 021";"A01";"0";"1";"0";"2";"1";"1";"5";""
"202300012687";"155 658 023";"B01";"0";"1";"0";"2";"1";"13";"5";""
"202300012688";"155 658 018";"A01";"2";"7";"0";"2";"2";"12";"1";""
"202300012688";"155 658 022";"B01";"2";"32";"0";"2";"8";"3";"1";""
"202300012689";"155 658 017";"A01";"0";"31";"0";"0";"0";"0";"1";""
"202300012690";"155 658 019";"A01";"3";"7";"0";"2";"1";"17";"0";""
"202300012691";"155 658 013";"A01";"3";"7";"0";"2";"1";"5";"1";""
"202300012691";"155 658 016";"B01";"3";"7";"0";"2";"1";"1";"1";""
"202300012692";"155 658 015";"A01";"1";"33";"0";"2";"6";"11";"1";""
"202300012692";"155 658 020";"B01";"1";"7";"0";"2";"1";"11";"1";""
"202300012693";"155 658 011";"A01";"1";"33";"0";"2";"1";"18";"1";""
"202300012693";"155 658 014";"B01";"1";"7";"0";"0";"4";"1";"1";""
"202300012694";"155 658 008";"B01";"2";"2";"0";"2";"4";"2";"1";""
"202300012694";"155 658 012";"A01";"2";"0";"0";"2";"4";"0";"0";""
"202300012695";"155 658 006";"A01";"1";"30";"0";"0";"0";"21";"3";""
"202300012696";"155 658 009";"C01";"3";"14";"0";"2";"0";"0";"0";""
"202300012696";"155 658 010";"B01";"3";"7";"0";"2";"3";"15";"1";""
"202300012697";"155 658 005";"A01";"1";"7";"0";"1";"2";"26";"1";""
"202300012698";"155 658 003";"A01";"2";"7";"0";"2";"2";"19";"1";""
"202300012698";"155 658 007";"B01";"1";"7";"0";"2";"7";"1";"1";""
"202300012699";"155 658 000";"A01";"0";"15";"14";"0";"3";"0";"1";""
"202300012699";"155 658 002";"B01";"2";"7";"0";"2";"2";"11";"1";""
"202300012700";"155 657 999";"A01";"1";"10";"9";"0";"1";"1";"1";""
"202300012701";"155 658 001";"B01";"0";"37";"0";"0";"8";"15";"1";"1"
"202300012701";"155 658 004";"A01";"2";"33";"0";"2";"1";"7";"1";""
"202300012702";"155 657 997";"A01";"1";"7";"1";"0";"9";"26";"1";""
"202300012703";"155 657 996";"A01";"2";"7";"0";"2";"6";"23";"1";""
"202300012703";"155 657 998";"B01";"2";"7";"0";"2";"3";"21";"1";""
"202300012704";"155 657 993";"A01";"1";"31";"0";"1";"8";"1";"1";""
"202300012705";"155 657 991";"B01";"2";"1";"0";"2";"2";"1";"5";""
"202300012705";"155 657 995";"A01";"1";"7";"0";"2";"3";"11";"0";""
"202300012706";"155 657 992";"B01";"2";"7";"0";"2";"4";"23";"1";""
"202300012706";"155 657 994";"A01";"2";"7";"0";"2";"1";"1";"1";""
"202300012707";"155 657 989";"A01";"1";"30";"0";"1";"7";"1";"0";""
"202300012708";"155 657 990";"A01";"1";"1";"0";"0";"3";"26";"5";""
"202300012709";"155 657 987";"A01";"2";"7";"0";"2";"3";"9";"3";""
"202300012709";"155 657 988";"B01";"2";"1";"0";"2";"1";"1";"5";""
"202300012710";"155 657 985";"A01";"3";"32";"0";"0";"8";"13";"1";""
"202300012711";"155 657 986";"A01";"1";"7";"0";"1";"1";"1";"2";""
"202300012712";"155 657 984";"A01";"0";"7";"0";"1";"2";"1";"1";""
"202300012713";"155 657 982";"A01";"1";"2";"1";"0";"2";"1";"1";""
"202300012714";"155 657 981";"A01";"1";"33";"14";"0";"0";"17";"1";""
"202300012715";"155 657 978";"A01";"2";"7";"0";"2";"4";"23";"1";""
"202300012715";"155 657 980";"B01";"2";"7";"0";"2";"1";"1";"1";""
"202300012716";"155 657 979";"A01";"2";"43";"0";"2";"1";"2";"1";""
"202300012716";"155 657 983";"B01";"2";"7";"16";"0";"6";"2";"1";""
"202300012717";"155 657 973";"B01";"1";"7";"0";"2";"5";"1";"1";""
"202300012717";"155 657 977";"A01";"1";"7";"0";"2";"1";"9";"1";""
"202300012718";"155 657 974";"A01";"2";"2";"0";"2";"2";"18";"1";""
"202300012718";"155 657 976";"B01";"2";"10";"0";"2";"2";"1";"1";""
"202300012719";"155 657 971";"B01";"1";"7";"0";"2";"3";"1";"1";""
"202300012719";"155 657 975";"A01";"2";"7";"0";"2";"2";"19";"1";""
"202300012720";"155 657 969";"A01";"1";"7";"0";"2";"3";"1";"0";""
"202300012720";"155 657 970";"B01";"2";"14";"0";"2";"3";"15";"0";""
"202300012721";"155 657 968";"A01";"1";"30";"0";"2";"1";"1";"3";""
"202300012721";"155 657 972";"B01";"1";"7";"0";"2";"4";"1";"1";""
"202300012722";"155 657 964";"B01";"2";"7";"0";"2";"2";"1";"1";""
"202300012722";"155 657 967";"A01";"3";"50";"0";"2";"8";"26";"3";""
"202300012723";"155 657 966";"A01";"1";"10";"9";"0";"1";"2";"1";""
"202300012724";"155 657 962";"A01";"2";"7";"0";"2";"2";"14";"1";""
"202300012724";"155 657 965";"B01";"2";"7";"0";"2";"3";"1";"0";""
"202300012725";"155 657 961";"B01";"3";"7";"0";"2";"4";"23";"1";""
"202300012725";"155 657 963";"A01";"3";"43";"0";"2";"1";"2";"1";""
"202300012726";"155 657 960";"A01";"3";"7";"6";"0";"9";"14";"1";""
"202300012727";"155 657 957";"B01";"0";"7";"0";"2";"3";"1";"1";""
"202300012727";"155 657 959";"A01";"0";"7";"0";"2";"3";"13";"1";""
"202300012728";"155 657 956";"A01";"3";"30";"0";"1";"1";"3";"1";""
"202300012729";"155 657 955";"A01";"1";"7";"0";"1";"0";"0";"1";""
"202300012730";"155 657 953";"B01";"2";"50";"0";"2";"1";"1";"3";""
"202300012730";"155 657 958";"A01";"2";"7";"0";"2";"3";"16";"6";""
"202300012731";"155 657 952";"B01";"2";"33";"0";"2";"7";"1";"1";""
"202300012731";"155 657 954";"A01";"1";"7";"0";"2";"1";"15";"1";""
"202300012732";"155 657 950";"A01";"1";"7";"0";"1";"2";"1";"1";""
"202300012733";"155 657 949";"A01";"1";"7";"0";"1";"1";"1";"3";""
"202300012734";"155 657 946";"A01";"2";"7";"4";"0";"9";"1";"1";""
"202300012735";"155 657 947";"A01";"1";"7";"0";"2";"2";"15";"1";""
"202300012735";"155 657 951";"B01";"2";"2";"0";"2";"1";"1";"1";""
"202300012736";"155 657 948";"A01";"2";"1";"1";"0";"1";"1";"5";""
"202300012737";"155 657 945";"A01";"1";"7";"2";"0";"7";"14";"1";""
"202300012738";"155 657 940";"A01";"1";"7";"0";"2";"1";"5";"0";""
"202300012738";"155 657 944";"B01";"2";"13";"0";"2";"1";"1";"0";""
"202300012739";"155 657 938";"A01";"1";"7";"0";"0";"2";"15";"1";""
"202300012739";"155 657 943";"B01";"3";"30";"0";"0";"8";"1";"1";""
"202300012740";"155 657 936";"B01";"3";"7";"0";"2";"0";"0";"1";""
"202300012740";"155 657 941";"A01";"3";"33";"0";"2";"2";"2";"1";""
"202300012741";"155 657 937";"A01";"3";"50";"12";"0";"1";"26";"3";""
"202300012742";"155 657 934";"Z01";"0";"7";"0";"2";"1";"9";"1";""
"202300012742";"155 657 942";"B01";"0";"32";"0";"2";"4";"1";"1";""
"202300012743";"155 657 930";"A01";"1";"7";"0";"2";"1";"13";"1";""
"202300012743";"155 657 933";"B01";"2";"7";"0";"2";"6";"1";"1";""
"202300012744";"155 657 931";"A01";"1";"7";"0";"1";"1";"15";"1";""
"202300012745";"155 657 932";"A01";"2";"7";"0";"1";"1";"15";"1";""
"202300012746";"155 657 926";"A01";"3";"7";"0";"2";"1";"9";"1";""
"202300012746";"155 657 928";"B01";"3";"2";"0";"2";"7";"1";"1";""
"202300012747";"155 657 925";"A01";"3";"7";"0";"2";"3";"10";"1";""
"202300012747";"155 657 929";"B01";"3";"33";"0";"2";"2";"1";"1";""
"202300012748";"155 657 922";"B01";"3";"7";"0";"2";"2";"1";"1";""
"202300012748";"155 657 927";"A01";"3";"7";"0";"2";"3";"15";"1";""
"202300012749";"155 657 920";"B01";"1";"33";"0";"2";"1";"17";"1";""
"202300012749";"155 657 924";"A01";"1";"7";"0";"2";"3";"15";"1";""
"202300012750";"155 657 919";"A01";"3";"10";"0";"2";"1";"2";"1";""
"202300012750";"155 657 921";"B01";"3";"14";"0";"2";"4";"1";"1";""
"202300012751";"155 657 918";"A01";"2";"7";"3";"2";"1";"2";"1";""
"202300012751";"155 657 923";"B01";"2";"17";"0";"0";"4";"2";"1";""
"202300012752";"155 657 914";"Z01";"1";"14";"0";"2";"7";"17";"0";""
"202300012752";"155 657 916";"A01";"1";"50";"1";"2";"8";"1";"3";""
"202300012753";"155 657 912";"B01";"1";"1";"0";"2";"1";"1";"5";""
"202300012753";"155 657 917";"A01";"1";"7";"0";"2";"3";"15";"1";""
"202300012754";"155 657 910";"A01";"1";"30";"0";"2";"2";"17";"1";""
"202300012754";"155 657 915";"B01";"1";"7";"0";"2";"6";"15";"1";""
"202300012755";"155 657 908";"A01";"0";"33";"8";"2";"1";"13";"1";""
"202300012755";"155 657 909";"B01";"0";"7";"0";"0";"3";"15";"1";""
"202300012756";"155 657 907";"A01";"3";"7";"0";"9";"1";"16";"0";""
"202300012756";"155 657 911";"B01";"3";"1";"0";"2";"8";"1";"5";""
"202300012757";"155 657 905";"A01";"1";"7";"0";"2";"1";"2";"1";""
"202300012757";"155 657 913";"B01";"1";"7";"0";"2";"7";"1";"1";""
"202300012758";"155 657 902";"A01";"2";"30";"14";"2";"3";"1";"6";""
"202300012758";"155 657 904";"B01";"1";"7";"14";"0";"2";"0";"0";""
"202300012759";"155 657 901";"A01";"1";"50";"0";"2";"8";"5";"3";""
"202300012759";"155 657 906";"Z01";"3";"10";"0";"2";"0";"1";"0";""
"202300012760";"155 657 899";"A01";"1";"30";"0";"2";"1";"2";"1";""
"202300012760";"155 657 903";"B01";"1";"7";"0";"2";"4";"2";"1";""
"202300012761";"155 657 896";"A01";"1";"7";"0";"1";"1";"1";"1";""
"202300012762";"155 657 897";"A01";"1";"3";"15";"0";"1";"19";"1";""
"202300012763";"155 657 893";"A01";"1";"7";"6";"0";"1";"9";"1";""
"202300012764";"155 657 892";"A01";"2";"7";"16";"0";"8";"0";"1";""
"202300012765";"155 657 894";"A01";"2";"7";"0";"2";"6";"22";"1";""
"202300012765";"155 657 895";"B01";"2";"1";"1";"0";"1";"22";"5";""
"202300012766";"155 657 888";"B01";"3";"7";"0";"2";"4";"16";"1";""
"202300012766";"155 657 890";"A01";"3";"30";"0";"2";"1";"2";"1";""
"202300012767";"155 657 887";"A01";"3";"7";"0";"2";"3";"13";"1";""
"202300012767";"155 657 891";"B01";"3";"33";"0";"2";"7";"17";"1";""
"202300012768";"155 657 884";"B01";"2";"7";"0";"2";"1";"1";"1";""
"202300012768";"155 657 889";"A01";"3";"7";"0";"2";"1";"1";"1";""
"202300012769";"155 657 882";"B01";"1";"2";"0";"2";"3";"2";"1";""
"202300012769";"155 657 885";"A01";"1";"10";"0";"2";"7";"2";"1";""
"202300012770";"155 657 878";"A01";"1";"33";"0";"2";"3";"18";"1";""
"202300012770";"155 657 881";"B01";"1";"10";"0";"2";"2";"16";"1";""
"202300012771";"155 657 876";"A01";"3";"30";"0";"1";"3";"11";"1";""
"202300012772";"155 657 872";"A01";"1";"7";"0";"0";"4";"1";"2";""
"202300012772";"155 657 879";"B01";"1";"7";"0";"2";"1";"2";"1";""
"202300012772";"155 657 883";"C01";"1";"7";"0";"2";"4";"23";"1";""
"202300012772";"155 657 886";"D01";"1";"7";"0";"2";"1";"2";"1";""
"202300012773";"155 657 870";"B01";"3";"7";"1";"2";"1";"1";"1";""
"202300012773";"155 657 875";"A01";"2";"7";"6";"2";"1";"15";"1";""
"202300012774";"155 657 868";"A01";"2";"7";"16";"2";"7";"16";"6";""
"202300012774";"155 657 871";"B01";"2";"1";"0";"2";"1";"1";"5";""
"202300012775";"155 657 867";"C01";"1";"7";"0";"2";"4";"2";"1";""
"202300012775";"155 657 869";"A01";"1";"7";"0";"2";"1";"2";"1";""
"202300012775";"155 657 874";"B01";"1";"7";"0";"2";"4";"2";"1";""
"202300012776";"155 657 863";"A01";"1";"7";"0";"0";"1";"14";"1";""
"202300012777";"155 657 865";"A01";"2";"7";"6";"0";"1";"1";"1";""
"202300012778";"155 657 864";"A01";"2";"7";"14";"9";"7";"16";"1";""
"202300012778";"155 657 866";"B01";"2";"1";"1";"0";"0";"0";"5";""
"202300012779";"155 657 862";"A01";"3";"7";"0";"1";"2";"12";"1";""
"202300012780";"155 657 860";"A01";"1";"50";"14";"0";"1";"1";"3";""
"202300012781";"155 657 859";"B01";"2";"33";"0";"2";"1";"1";"1";""
"202300012781";"155 657 861";"A01";"1";"7";"0";"2";"2";"15";"1";""
"202300012782";"155 657 855";"B01";"2";"7";"1";"0";"0";"0";"1";""
"202300012782";"155 657 858";"A01";"2";"30";"0";"2";"7";"23";"3";""
"202300012783";"155 657 856";"A01";"2";"7";"1";"1";"3";"20";"1";""
"202300012784";"155 657 853";"B01";"2";"34";"0";"2";"1";"1";"1";""
"202300012784";"155 657 857";"A01";"1";"7";"0";"2";"8";"1";"2";""
"202300012785";"155 657 851";"A01";"0";"7";"0";"2";"3";"13";"1";""
"202300012785";"155 657 854";"B01";"0";"2";"0";"2";"1";"1";"1";""
"202300012786";"155 657 850";"A01";"2";"7";"0";"2";"2";"1";"1";""
"202300012786";"155 657 852";"B01";"1";"10";"0";"2";"2";"15";"1";""
"202300012787";"155 657 848";"A01";"1";"1";"0";"2";"0";"2";"5";""
"202300012787";"155 657 849";"B01";"1";"1";"0";"2";"0";"1";"5";""
"202300012788";"155 657 847";"A01";"1";"32";"0";"0";"8";"1";"1";""
"202300012789";"155 657 844";"B01";"1";"1";"0";"2";"1";"1";"5";""
"202300012789";"155 657 846";"A01";"0";"7";"0";"9";"7";"19";"1";""
"202300012790";"155 657 843";"B01";"1";"10";"0";"2";"4";"23";"1";""
"202300012790";"155 657 845";"A01";"3";"10";"0";"2";"1";"1";"1";""
"202300012791";"155 657 842";"A01";"3";"7";"8";"0";"1";"0";"1";""
"202300012792";"155 657 839";"A01";"2";"7";"0";"2";"3";"15";"1";""
"202300012792";"155 657 841";"B01";"1";"10";"0";"2";"2";"1";"1";""
"202300012793";"155 657 838";"A01";"2";"21";"0";"2";"5";"0";"1";""
"202300012793";"155 657 840";"B01";"2";"1";"0";"2";"1";"0";"5";""
"202300012794";"155 657 837";"A01";"1";"1";"0";"1";"1";"1";"5";""
"202300012795";"155 657 832";"A01";"1";"7";"0";"1";"1";"1";"1";""
"202300012796";"155 657 833";"B01";"2";"7";"7";"2";"6";"1";"1";""
"202300012796";"155 657 836";"A01";"1";"7";"0";"2";"3";"1";"1";""
"202300012797";"155 657 830";"B01";"1";"7";"0";"2";"4";"1";"1";""
"202300012797";"155 657 834";"A01";"1";"7";"0";"2";"1";"1";"1";""
"202300012798";"155 657 829";"A01";"2";"7";"0";"2";"1";"26";"1";""
"202300012798";"155 657 835";"B01";"2";"1";"0";"2";"7";"25";"5";""
"202300012799";"155 657 828";"B01";"3";"37";"0";"2";"3";"1";"6";"2"
"202300012799";"155 657 831";"A01";"1";"7";"0";"2";"7";"16";"1";""
"202300012800";"155 657 823";"A01";"1";"33";"0";"2";"1";"1";"1";""
"202300012800";"155 657 826";"B01";"1";"7";"0";"2";"6";"1";"1";""
"202300012801";"155 657 822";"A01";"1";"7";"0";"2";"1";"1";"0";""
"202300012801";"155 657 827";"B01";"1";"7";"0";"2";"4";"23";"0";""
"202300012802";"155 657 824";"A01";"2";"7";"0";"1";"1";"15";"1";""
"202300012803";"155 657 821";"A01";"1";"7";"0";"2";"3";"15";"1";""
"202300012803";"155 657 825";"B01";"1";"1";"0";"2";"1";"17";"5";""
"202300012804";"155 657 819";"A01";"3";"10";"0";"2";"1";"1";"2";""
"202300012804";"155 657 820";"B01";"3";"10";"0";"2";"4";"1";"1";""
"202300012805";"155 657 816";"A01";"1";"7";"2";"0";"1";"6";"1";""
"202300012806";"155 657 814";"B01";"1";"7";"0";"2";"4";"1";"0";""
"202300012806";"155 657 817";"A01";"1";"10";"0";"2";"1";"9";"0";""
"202300012807";"155 657 811";"A01";"2";"7";"0";"2";"1";"2";"1";""