"Num_Acc";"id_vehicule";"num_veh";"senc";"catv";"obs";"obsm";"choc";"manv";"motor";"occutc"
"202300013216";"155 657 094";"B01";"1";"34";"0";"2";"1";"1";"0";""
"202300013216";"155 657 095";"A01";"2";"10";"0";"2";"5";"15";"0";""
"202300013216";"155 657 096";"C01";"2";"7";"0";"2";"1";"1";"0";""
"202300013217";"155 657 092";"B01";"1";"7";"0";"2";"4";"12";"1";""
"202300013217";"155 657 093";"A01";"1";"31";"0";"2";"1";"3";"1";""
"202300013218";"155 657 090";"B01";"0";"2";"0";"2";"1";"1";"1";""
"202300013218";"155 657 091";"A01";"0";"7";"0";"2";"3";"19";"1";""
"202300013219";"155 657 089";"A01";"2";"37";"1";"0";"5";"9";"3";"2"
"202300013220";"155 657 088";"A01";"3";"7";"1";"0";"1";"14";"1";""
"202300013221";"155 657 086";"A01";"2";"7";"0";"2";"8";"15";"1";""
"202300013221";"155 657 087";"B01";"3";"1";"0";"2";"1";"1";"5";""
"202300013222";"155 657 085";"A01";"2";"7";"12";"0";"1";"0";"1";""
"202300013223";"155 657 084";"A01";"1";"32";"0";"1";"2";"1";"1";""
"202300013224";"155 657 082";"A01";"1";"7";"0";"2";"1";"1";"1";""
"202300013224";"155 657 083";"B01";"1";"7";"0";"2";"4";"1";"1";""
"202300013225";"155 657 080";"Z01";"2";"50";"0";"2";"6";"19";"3";""
"202300013225";"155 657 081";"A01";"1";"30";"0";"2";"1";"1";"1";""
"202300013226";"155 657 078";"B01";"1";"1";"0";"2";"1";"1";"5";""
"202300013226";"155 657 079";"A01";"2";"7";"0";"2";"3";"1";"1";""
"202300013227";"155 657 076";"A01";"2";"1";"0";"2";"1";"1";"5";""
"202300013227";"155 657 077";"B01";"3";"7";"0";"2";"8";"9";"1";""
"202300013228";"155 657 074";"A01";"2";"7";"8";"2";"7";"17";"1";""
"202300013228";"155 657 075";"B01";"2";"7";"0";"2";"8";"1";"1";""
"202300013229";"155 657 072";"A01";"1";"7";"0";"2";"1";"5";"1";""
"202300013229";"155 657 073";"B01";"2";"7";"0";"2";"3";"1";"1";""
"202300013230";"155 657 070";"A01";"2";"7";"0";"2";"2";"15";"1";""
"202300013230";"155 657 071";"B01";"1";"7";"0";"2";"2";"1";"1";""
"202300013231";"155 657 069";"A01";"3";"32";"0";"1";"1";"19";"3";""
"202300013232";"155 657 068";"A01";"1";"3";"0";"1";"1";"1";"1";""
"202300013233";"155 657 067";"A01";"1";"1";"0";"0";"1";"1";"5";""
"202300013234";"155 657 066";"A01";"3";"30";"0";"1";"1";"17";"1";""
"202300013235";"155 657 065";"Z01";"1";"7";"0";"1";"2";"16";"1";""
"202300013236";"155 657 063";"B01";"1";"7";"0";"0";"2";"2";"1";""
"202300013236";"155 657 064";"A01";"1";"1";"8";"2";"2";"18";"5";""
"202300013237";"155 657 060";"Z01";"1";"7";"0";"1";"1";"1";"0";""
"202300013238";"155 657 058";"D01";"1";"7";"0";"2";"1";"0";"4";""
"202300013238";"155 657 059";"A01";"1";"7";"0";"2";"2";"2";"1";""
"202300013238";"155 657 061";"B01";"1";"7";"0";"2";"5";"2";"1";""
"202300013238";"155 657 062";"C01";"1";"7";"0";"2";"1";"0";"1";""
"202300013239";"155 657 056";"A01";"1";"7";"0";"2";"8";"11";"1";""
"202300013239";"155 657 057";"B01";"1";"31";"0";"2";"7";"3";"1";""
"202300013240";"155 657 054";"B01";"1";"33";"0";"2";"3";"1";"0";""
"202300013240";"155 657 055";"A01";"2";"7";"0";"2";"2";"10";"0";""
"202300013241";"155 657 051";"A01";"2";"7";"0";"2";"7";"12";"1";""
"202300013241";"155 657 052";"B01";"2";"33";"0";"2";"3";"2";"1";""
"202300013241";"155 657 053";"C01";"2";"7";"0";"2";"4";"2";"1";""
"202300013242";"155 657 047";"A01";"3";"10";"0";"2";"3";"11";"1";""
"202300013242";"155 657 049";"B01";"3";"7";"0";"2";"5";"2";"2";""
"202300013242";"155 657 050";"C01";"3";"7";"0";"2";"4";"23";"1";""
"202300013243";"155 657 046";"A01";"2";"7";"0";"2";"1";"2";"1";""
"202300013243";"155 657 048";"B01";"2";"7";"0";"2";"4";"2";"1";""
"202300013244";"155 657 045";"A01";"1";"7";"0";"1";"1";"1";"1";""
"202300013245";"155 657 044";"A01";"1";"32";"0";"0";"7";"1";"1";""
"202300013246";"155 657 041";"A01";"2";"33";"0";"2";"1";"1";"1";""
"202300013246";"155 657 043";"B01";"0";"7";"0";"2";"8";"1";"1";""
"202300013247";"155 657 040";"B01";"1";"2";"0";"2";"8";"1";"1";""
"202300013247";"155 657 042";"A01";"2";"7";"0";"2";"3";"15";"1";""
"202300013248";"155 657 038";"A01";"1";"7";"0";"2";"3";"15";"0";""
"202300013248";"155 657 039";"B01";"2";"1";"0";"2";"0";"0";"5";""
"202300013249";"155 657 036";"A01";"1";"30";"0";"2";"8";"18";"1";""
"202300013249";"155 657 037";"B01";"1";"7";"0";"2";"7";"14";"1";""
"202300013250";"155 657 034";"B01";"0";"33";"0";"2";"1";"1";"1";""
"202300013250";"155 657 035";"A01";"0";"7";"0";"2";"7";"15";"1";""
"202300013251";"155 657 032";"A01";"0";"50";"13";"0";"1";"19";"3";""
"202300013252";"155 657 033";"Z01";"2";"1";"0";"1";"1";"1";"5";""
"202300013253";"155 657 031";"A01";"2";"50";"1";"0";"2";"14";"3";""
"202300013254";"155 657 029";"A01";"1";"7";"0";"2";"8";"22";"1";""
"202300013254";"155 657 030";"B01";"1";"1";"0";"0";"0";"0";"5";""
"202300013255";"155 657 027";"B01";"3";"7";"0";"2";"0";"0";"0";""
"202300013255";"155 657 028";"A01";"3";"7";"1";"0";"0";"0";"0";""
"202300013256";"155 657 026";"A01";"1";"7";"0";"1";"3";"17";"0";""
"202300013257";"155 657 025";"A01";"1";"31";"0";"6";"7";"2";"1";""
"202300013258";"155 657 023";"A01";"3";"7";"0";"2";"3";"1";"1";""
"202300013258";"155 657 024";"B01";"3";"2";"0";"2";"1";"1";"1";""
"202300013259";"155 657 022";"A01";"1";"7";"0";"0";"9";"1";"1";""
"202300013260";"155 657 020";"A01";"2";"2";"0";"2";"2";"17";"1";""
"202300013260";"155 657 021";"B01";"1";"7";"0";"2";"2";"15";"1";""
"202300013261";"155 657 019";"A01";"1";"7";"0";"1";"2";"1";"1";""
"202300013262";"155 657 017";"B01";"1";"17";"0";"0";"0";"2";"1";""
"202300013262";"155 657 018";"A01";"1";"7";"0";"2";"1";"2";"1";""
"202300013263";"155 657 015";"A01";"2";"7";"0";"2";"1";"1";"1";""
"202300013263";"155 657 016";"B01";"1";"7";"0";"2";"8";"1";"1";""
"202300013264";"155 657 013";"A01";"2";"2";"0";"2";"1";"2";"1";""
"202300013264";"155 657 014";"B01";"2";"7";"0";"2";"4";"2";"1";""
"202300013265";"155 657 010";"A01";"1";"33";"3";"0";"9";"21";"1";""
"202300013266";"155 657 009";"A01";"1";"7";"13";"0";"2";"1";"0";""
"202300013267";"155 657 008";"A01";"1";"7";"0";"1";"1";"1";"0";""
"202300013268";"155 657 006";"B01";"1";"7";"0";"2";"4";"19";"1";""
"202300013268";"155 657 007";"A01";"1";"15";"0";"2";"2";"1";"1";""
"202300013269";"155 657 005";"A01";"2";"50";"0";"0";"0";"1";"3";""
"202300013270";"155 657 004";"A01";"1";"7";"2";"0";"1";"21";"2";""
"202300013271";"155 657 003";"A01";"3";"7";"2";"0";"1";"1";"1";""
"202300013272";"155 657 002";"A01";"1";"7";"13";"0";"1";"1";"1";""
"202300013273";"155 657 000";"A01";"2";"31";"0";"2";"5";"2";"1";""
"202300013273";"155 657 001";"B01";"2";"31";"0";"2";"3";"2";"1";""
"202300013274";"155 656 999";"A01";"2";"33";"3";"0";"0";"1";"1";""
"202300013275";"155 656 997";"A01";"0";"7";"0";"2";"3";"19";"1";""
"202300013275";"155 656 998";"B01";"0";"7";"0";"2";"3";"1";"1";""
"202300013276";"155 656 996";"A01";"1";"7";"0";"0";"0";"1";"1";""
"202300013277";"155 656 995";"A01";"3";"33";"8";"0";"1";"1";"1";""
"202300013278";"155 656 993";"A01";"1";"7";"0";"2";"3";"9";"1";""
"202300013278";"155 656 994";"B01";"1";"33";"0";"0";"4";"1";"1";""
"202300013279";"155 656 992";"A01";"1";"7";"14";"0";"1";"0";"1";""
"202300013280";"155 656 990";"A01";"0";"10";"0";"2";"3";"1";"1";""
"202300013280";"155 656 991";"B01";"0";"7";"0";"2";"3";"13";"1";""
"202300013281";"155 656 989";"A01";"2";"33";"0";"6";"1";"1";"1";""
"202300013282";"155 656 987";"B01";"2";"7";"0";"2";"1";"1";"1";""
"202300013282";"155 656 988";"A01";"3";"7";"0";"2";"8";"19";"1";""
"202300013283";"155 656 984";"A01";"1";"2";"5";"0";"1";"14";"1";""
"202300013284";"155 656 982";"A01";"1";"7";"0";"2";"3";"13";"1";""
"202300013284";"155 656 983";"B01";"2";"7";"0";"0";"3";"0";"1";""
"202300013285";"155 656 981";"A01";"2";"7";"0";"1";"3";"1";"1";""
"202300013286";"155 656 980";"A01";"2";"7";"14";"0";"1";"0";"0";""
"202300013287";"155 656 978";"A01";"1";"7";"0";"2";"2";"15";"0";""
"202300013287";"155 656 979";"B01";"2";"7";"0";"2";"2";"1";"0";""
"202300013288";"155 656 976";"B01";"1";"7";"13";"2";"2";"19";"1";""
"202300013288";"155 656 977";"A01";"1";"7";"0";"2";"3";"1";"1";""
"202300013289";"155 656 975";"A01";"1";"2";"8";"0";"1";"2";"1";""
"202300013290";"155 656 973";"A01";"2";"7";"0";"0";"4";"23";"1";""
"202300013290";"155 656 974";"B01";"2";"10";"1";"0";"1";"2";"1";""
"202300013291";"155 656 971";"B01";"2";"7";"0";"2";"1";"1";"1";""
"202300013291";"155 656 972";"A01";"1";"7";"0";"2";"1";"9";"1";""
"202300013292";"155 656 969";"A01";"1";"7";"0";"2";"3";"10";"0";""
"202300013292";"155 656 970";"B01";"2";"7";"0";"2";"2";"1";"1";""
"202300013293";"155 656 968";"A01";"3";"7";"13";"0";"1";"1";"1";""
"202300013294";"155 656 967";"A01";"1";"7";"1";"0";"1";"5";"1";""
"202300013295";"155 656 965";"A01";"1";"33";"0";"2";"3";"1";"1";""
"202300013295";"155 656 966";"B01";"2";"7";"0";"2";"2";"15";"1";""
"202300013296";"155 656 963";"B01";"1";"7";"0";"2";"1";"15";"3";""
"202300013296";"155 656 964";"A01";"2";"33";"0";"2";"2";"17";"1";""
"202300013297";"155 656 961";"A01";"2";"7";"0";"2";"1";"13";"3";""
"202300013297";"155 656 962";"B01";"1";"7";"0";"2";"1";"1";"1";""
"202300013298";"155 656 960";"A01";"3";"7";"0";"1";"3";"1";"1";""
"202300013299";"155 656 959";"A01";"1";"33";"9";"1";"2";"14";"1";""
"202300013300";"155 656 957";"B01";"1";"2";"0";"2";"1";"1";"1";""
"202300013300";"155 656 958";"A01";"1";"7";"0";"2";"5";"15";"1";""
"202300013301";"155 656 956";"A01";"2";"7";"0";"1";"1";"26";"1";""
"202300013302";"155 656 955";"A01";"2";"7";"15";"0";"1";"26";"1";""
"202300013303";"155 656 954";"A01";"2";"2";"1";"0";"1";"2";"0";""
"202300013304";"155 656 952";"A01";"1";"7";"0";"2";"1";"14";"1";""
"202300013304";"155 656 953";"Y01";"1";"50";"0";"2";"4";"1";"3";""
"202300013305";"155 656 951";"A01";"1";"7";"0";"1";"2";"1";"1";""
"202300013306";"155 656 949";"B01";"1";"7";"0";"2";"8";"1";"1";""
"202300013306";"155 656 950";"A01";"2";"7";"0";"2";"1";"15";"1";""
"202300013307";"155 656 945";"A01";"1";"42";"0";"2";"1";"3";"1";""
"202300013307";"155 656 946";"B01";"1";"33";"0";"2";"4";"3";"1";""
"202300013307";"155 656 947";"D01";"1";"7";"0";"2";"0";"2";"1";""
"202300013307";"155 656 948";"C01";"1";"10";"0";"2";"7";"2";"1";""
"202300013308";"155 656 943";"B01";"2";"7";"0";"2";"4";"12";"1";""
"202300013308";"155 656 944";"A01";"2";"32";"0";"2";"1";"2";"1";""
"202300013309";"155 656 941";"B01";"1";"31";"0";"2";"7";"3";"3";""
"202300013309";"155 656 942";"A01";"1";"15";"0";"2";"8";"13";"6";""
"202300013310";"155 656 939";"B01";"1";"7";"0";"2";"1";"1";"1";""
"202300013310";"155 656 940";"A01";"1";"7";"0";"2";"8";"1";"1";""
"202300013311";"155 656 937";"A01";"2";"7";"0";"2";"0";"22";"1";""
"202300013311";"155 656 938";"B01";"2";"30";"0";"2";"0";"21";"1";""
"202300013312";"155 656 936";"A01";"1";"1";"0";"1";"1";"1";"5";""
"202300013313";"155 656 934";"A01";"3";"33";"0";"2";"1";"2";"1";""
"202300013313";"155 656 935";"Z01";"3";"7";"0";"2";"6";"2";"0";""
"202300013314";"155 656 933";"A01";"1";"37";"0";"1";"7";"16";"1";"1"
"202300013315";"155 656 931";"A01";"2";"32";"0";"2";"8";"1";"1";""
"202300013315";"155 656 932";"Z01";"2";"7";"0";"2";"7";"14";"1";""
"202300013316";"155 656 928";"B01";"1";"7";"0";"2";"8";"1";"1";""
"202300013316";"155 656 929";"A01";"1";"33";"0";"2";"1";"1";"1";""
"202300013316";"155 656 930";"C01";"2";"7";"0";"2";"6";"15";"1";""
"202300013317";"155 656 926";"A01";"2";"43";"0";"2";"7";"19";"1";""
"202300013317";"155 656 927";"B01";"1";"7";"0";"2";"2";"1";"1";""
"202300013318";"155 656 924";"A01";"2";"34";"0";"2";"5";"1";"1";""
"202300013318";"155 656 925";"B01";"2";"7";"0";"2";"0";"10";"1";""
"202300013319";"155 656 923";"A01";"1";"32";"1";"0";"3";"13";"1";""
"202300013320";"155 656 922";"A01";"1";"7";"6";"0";"1";"13";"1";""
"202300013321";"155 656 921";"A01";"0";"7";"13";"0";"1";"0";"1";""
"202300013322";"155 656 919";"A01";"2";"10";"0";"2";"3";"13";"1";""
"202300013322";"155 656 920";"B01";"1";"7";"0";"2";"3";"1";"1";""
"202300013323";"155 656 918";"A01";"0";"7";"6";"0";"1";"1";"1";""
"202300013324";"155 656 917";"A01";"1";"7";"13";"0";"1";"1";"0";""
"202300013325";"155 656 916";"A01";"1";"7";"4";"0";"3";"21";"1";""
"202300013326";"155 656 915";"A01";"1";"7";"0";"1";"1";"1";"1";""
"202300013327";"155 656 913";"A01";"3";"7";"0";"1";"1";"9";"1";""
"202300013328";"155 656 911";"B01";"1";"7";"16";"2";"1";"1";"1";""
"202300013328";"155 656 912";"A01";"2";"7";"0";"2";"7";"1";"1";""
"202300013329";"155 656 909";"B01";"2";"14";"0";"0";"4";"1";"1";""
"202300013329";"155 656 910";"A01";"2";"7";"0";"2";"1";"2";"1";""
"202300013330";"155 656 907";"B01";"2";"7";"0";"2";"6";"15";"1";""
"202300013330";"155 656 908";"A01";"1";"7";"0";"2";"1";"1";"1";""
"202300013331";"155 656 906";"A01";"1";"33";"13";"6";"3";"1";"1";""
"202300013332";"155 656 905";"A01";"3";"1";"0";"9";"9";"26";"5";""
"202300013333";"155 656 904";"A01";"1";"7";"13";"0";"1";"17";"0";""
"202300013334";"155 656 903";"A01";"1";"7";"13";"0";"1";"1";"1";""
"202300013335";"155 656 901";"A01";"1";"10";"0";"2";"3";"13";"1";""
"202300013335";"155 656 902";"B01";"2";"99";"0";"2";"3";"1";"1";""
"202300013336";"155 656 900";"A01";"1";"7";"0";"0";"0";"1";"1";""
"202300013337";"155 656 898";"B01";"2";"7";"0";"2";"3";"1";"1";""
"202300013337";"155 656 899";"A01";"1";"33";"0";"2";"3";"5";"1";""
"202300013338";"155 656 897";"A01";"1";"7";"0";"0";"0";"13";"1";""
"202300013339";"155 656 894";"A01";"1";"7";"6";"0";"9";"1";"1";""
"202300013340";"155 656 892";"B01";"3";"7";"0";"2";"3";"15";"1";""
"202300013340";"155 656 893";"A01";"3";"34";"0";"2";"1";"17";"1";""
"202300013341";"155 656 890";"A01";"1";"7";"0";"2";"1";"5";"1";""
"202300013341";"155 656 891";"B01";"2";"7";"0";"2";"1";"23";"1";""
"202300013342";"155 656 889";"A01";"2";"7";"7";"0";"1";"1";"1";""
"202300013343";"155 656 887";"B01";"2";"33";"0";"2";"5";"1";"1";""
"202300013343";"155 656 888";"A01";"2";"33";"0";"2";"3";"14";"1";""
"202300013344";"155 656 885";"B01";"3";"1";"0";"2";"1";"1";"5";""
"202300013344";"155 656 886";"A01";"3";"7";"0";"9";"2";"13";"0";""
"202300013345";"155 656 884";"A01";"1";"7";"13";"0";"1";"1";"1";""
"202300013346";"155 656 883";"A01";"1";"10";"6";"1";"3";"20";"1";""
"202300013347";"155 656 881";"B01";"2";"2";"0";"0";"7";"1";"1";""
"202300013347";"155 656 882";"A01";"2";"7";"0";"0";"1";"9";"1";""
"202300013348";"155 656 880";"A01";"1";"7";"2";"0";"9";"1";"1";""
"202300013349";"155 656 876";"B01";"1";"7";"4";"0";"6";"1";"1";""
"202300013349";"155 656 877";"C01";"1";"7";"4";"2";"6";"1";"1";""
"202300013349";"155 656 878";"A01";"1";"0";"0";"2";"2";"0";"0";""
"202300013349";"155 656 879";"D01";"1";"15";"0";"2";"3";"1";"1";""
"202300013350";"155 656 875";"A01";"3";"7";"0";"0";"4";"20";"1";""
"202300013351";"155 656 874";"A01";"2";"33";"0";"6";"7";"1";"1";""
"202300013352";"155 656 872";"A01";"3";"7";"0";"2";"3";"9";"1";""
"202300013352";"155 656 873";"B01";"3";"33";"0";"2";"1";"1";"1";""
"202300013353";"155 656 870";"B01";"3";"7";"0";"2";"7";"15";"1";""
"202300013353";"155 656 871";"A01";"3";"31";"0";"2";"2";"1";"1";""
"202300013354";"155 656 869";"A01";"3";"7";"0";"1";"1";"1";"1";""
"202300013355";"155 656 868";"A01";"2";"7";"0";"0";"0";"0";"1";""
"202300013356";"155 656 867";"A01";"1";"7";"0";"0";"0";"14";"1";""
"202300013357";"155 656 866";"A01";"0";"2";"15";"0";"1";"0";"1";""
"202300013358";"155 656 864";"B01";"2";"7";"0";"2";"8";"15";"1";""
"202300013358";"155 656 865";"A01";"2";"33";"0";"2";"1";"1";"1";""
"202300013359";"155 656 863";"A01";"2";"7";"0";"1";"2";"1";"1";""
"202300013360";"155 656 862";"A01";"2";"7";"0";"1";"1";"1";"1";""
"202300013361";"155 656 860";"B01";"2";"10";"0";"0";"7";"10";"1";""
"202300013361";"155 656 861";"A01";"2";"7";"0";"2";"3";"1";"0";""
"202300013362";"155 656 858";"A01";"1";"7";"0";"2";"8";"1";"1";""
"202300013362";"155 656 859";"B01";"1";"7";"0";"2";"2";"12";"1";""
"202300013363";"155 656 856";"B01";"2";"33";"4";"2";"1";"0";"1";""
"202300013363";"155 656 857";"A01";"2";"32";"4";"2";"7";"12";"1";""
"202300013364";"155 656 855";"A01";"2";"7";"3";"0";"1";"13";"1";""
"202300013365";"155 656 852";"B01";"2";"7";"0";"2";"4";"0";"1";""
"202300013365";"155 656 853";"A01";"2";"7";"3";"2";"2";"1";"1";""
"202300013365";"155 656 854";"C01";"2";"7";"0";"2";"4";"1";"1";""
"202300013366";"155 656 844";"A01";"2";"7";"0";"2";"4";"2";"1";""
"202300013366";"155 656 845";"F01";"2";"7";"0";"2";"1";"2";"1";""
"202300013366";"155 656 847";"E01";"2";"7";"0";"2";"4";"2";"1";""
"202300013366";"155 656 848";"B01";"2";"7";"0";"2";"4";"2";"1";""
"202300013366";"155 656 849";"C01";"2";"7";"0";"2";"4";"2";"1";""
"202300013366";"155 656 850";"D01";"2";"7";"0";"2";"4";"2";"1";""
"202300013366";"155 656 851";"G01";"2";"7";"0";"2";"1";"2";"1";""
"202300013367";"155 656 843";"B01";"2";"1";"0";"2";"1";"1";"5";""
"202300013367";"155 656 846";"A01";"2";"10";"0";"9";"8";"24";"1";""
"202300013368";"155 656 841";"A01";"1";"7";"0";"2";"1";"2";"1";""
"202300013368";"155 656 842";"B01";"1";"7";"0";"2";"6";"2";"1";""
"202300013369";"155 656 840";"A01";"1";"7";"4";"0";"9";"1";"1";""
"202300013370";"155 656 839";"A01";"1";"7";"0";"1";"1";"1";"1";""
"202300013371";"155 656 837";"B01";"1";"7";"0";"2";"5";"1";"1";""
"202300013371";"155 656 838";"A01";"1";"33";"0";"2";"3";"3";"1";""
"202300013372";"155 656 833";"B01";"2";"7";"0";"2";"5";"12";"2";""
"202300013372";"155 656 835";"A01";"1";"32";"0";"2";"1";"3";"1";""
"202300013373";"155 656 834";"B01";"2";"30";"0";"2";"2";"21";"1";""
"202300013373";"155 656 836";"A01";"2";"7";"0";"0";"0";"1";"1";""
"202300013374";"155 656 831";"B01";"2";"7";"0";"9";"2";"2";"1";""
"202300013374";"155 656 832";"A01";"2";"10";"0";"0";"0";"2";"1";""
"202300013375";"155 656 829";"B01";"1";"7";"0";"9";"1";"1";"1";""
"202300013375";"155 656 830";"A01";"1";"50";"0";"2";"8";"19";"3";""
"202300013376";"155 656 827";"A01";"1";"7";"4";"2";"1";"2";"1";""
"202300013376";"155 656 828";"B01";"1";"7";"4";"2";"4";"2";"1";""
"202300013377";"155 656 824";"A01";"1";"33";"0";"2";"1";"1";"1";""
"202300013377";"155 656 825";"B01";"1";"7";"0";"2";"2";"11";"1";""
"202300013378";"155 656 823";"A01";"1";"14";"0";"2";"6";"15";"1";""
"202300013378";"155 656 826";"B01";"1";"33";"14";"2";"7";"1";"1";""
"202300013379";"155 656 821";"B01";"2";"7";"0";"2";"4";"23";"1";""
"202300013379";"155 656 822";"A01";"1";"7";"0";"2";"1";"1";"1";""
"202300013380";"155 656 816";"A01";"2";"7";"0";"2";"3";"0";"0";""
"202300013380";"155 656 819";"B01";"1";"7";"0";"2";"1";"0";"0";""
"202300013380";"155 656 820";"C01";"1";"7";"0";"0";"0";"0";"0";""
"202300013381";"155 656 817";"A01";"1";"1";"0";"2";"7";"1";"5";""
"202300013381";"155 656 818";"Z01";"1";"7";"0";"2";"1";"14";"0";""
"202300013382";"155 656 813";"A01";"2";"7";"0";"2";"3";"4";"1";""
"202300013382";"155 656 815";"B01";"2";"1";"0";"2";"8";"1";"5";""
"202300013383";"155 656 812";"A01";"0";"50";"0";"0";"4";"2";"3";""
"202300013383";"155 656 814";"B01";"0";"7";"0";"2";"1";"2";"6";""
"202300013384";"155 656 811";"A01";"2";"30";"0";"0";"0";"1";"1";""
"202300013385";"155 656 808";"B01";"2";"7";"0";"2";"3";"1";"1";""
"202300013385";"155 656 810";"A01";"1";"7";"0";"2";"2";"1";"1";""
"202300013386";"155 656 807";"B01";"1";"7";"0";"2";"3";"1";"1";""
"202300013386";"155 656 809";"A01";"2";"7";"0";"2";"1";"1";"2";""
"202300013387";"155 656 804";"B01";"2";"7";"0";"0";"1";"9";"1";""
"202300013387";"155 656 805";"A01";"1";"10";"0";"0";"1";"1";"1";""
"202300013388";"155 656 803";"A01";"1";"7";"0";"2";"1";"13";"1";""
"202300013388";"155 656 806";"B01";"2";"7";"0";"2";"1";"1";"1";""
"202300013389";"155 656 801";"A01";"1";"30";"0";"2";"1";"2";"1";""
"202300013389";"155 656 802";"B01";"1";"7";"0";"2";"4";"2";"1";""
"202300013390";"155 656 798";"A01";"1";"7";"0";"2";"1";"2";"2";""
"202300013390";"155 656 800";"B01";"1";"7";"4";"2";"4";"1";"2";""
"202300013391";"155 656 797";"B01";"2";"1";"0";"2";"2";"1";"5";""
"202300013391";"155 656 799";"A01";"2";"7";"0";"2";"2";"15";"1";""
"202300013392";"155 656 793";"B01";"2";"13";"0";"2";"3";"15";"1";""
"202300013392";"155 656 795";"A01";"1";"7";"0";"2";"3";"1";"1";""
"202300013393";"155 656 794";"A01";"3";"10";"0";"2";"2";"15";"1";""
"202300013393";"155 656 796";"B01";"3";"2";"0";"2";"1";"1";"1";""
"202300013394";"155 656 792";"A01";"2";"7";"0";"1";"1";"17";"1";""
"202300013395";"155 656 789";"A01";"3";"7";"0";"1";"4";"4";"0";""
"202300013396";"155 656 790";"A01";"2";"7";"0";"2";"1";"15";"1";""
"202300013396";"155 656 791";"B01";"1";"7";"0";"2";"1";"1";"2";""
"202300013397";"155 656 788";"A01";"0";"10";"0";"1";"1";"1";"3";""
"202300013398";"155 656 787";"A01";"1";"2";"14";"0";"1";"16";"1";""
"202300013399";"155 656 785";"B01";"3";"33";"0";"2";"1";"0";"1";""
"202300013399";"155 656 786";"A01";"0";"7";"0";"2";"1";"15";"1";""
"202300013400";"155 656 784";"A01";"1";"7";"0";"1";"2";"1";"1";""
"202300013401";"155 656 783";"A01";"2";"7";"13";"0";"3";"16";"1";""
"202300013402";"155 656 779";"A01";"2";"7";"0";"2";"3";"13";"1";""
"202300013402";"155 656 781";"B01";"1";"7";"0";"2";"1";"13";"1";""
"202300013402";"155 656 782";"C01";"2";"7";"0";"2";"1";"1";"1";""
"202300013403";"155 656 780";"A01";"2";"10";"0";"1";"2";"1";"1";""
"202300013404";"155 656 777";"A01";"2";"2";"0";"0";"6";"15";"0";""
"202300013404";"155 656 778";"B01";"2";"2";"0";"2";"1";"1";"0";""
"202300013405";"155 656 776";"A01";"2";"36";"0";"0";"1";"0";"0";""
"202300013406";"155 656 773";"B01";"1";"10";"0";"2";"2";"17";"0";""
"202300013406";"155 656 774";"A01";"1";"7";"4";"2";"8";"1";"1";""
"202300013407";"155 656 771";"A01";"2";"7";"13";"0";"2";"1";"0";""
"202300013408";"155 656 772";"A01";"2";"7";"0";"2";"3";"13";"1";""
"202300013408";"155 656 775";"B01";"1";"7";"0";"2";"3";"1";"1";""
"202300013409";"155 656 770";"A01";"3";"2";"8";"0";"1";"1";"1";""
"202300013410";"155 656 768";"A01";"2";"36";"13";"0";"2";"15";"1";""
"202300013411";"155 656 767";"A01";"1";"7";"0";"2";"3";"13";"1";""
"202300013411";"155 656 769";"B01";"2";"7";"0";"2";"3";"1";"1";""
"202300013412";"155 656 766";"A01";"1";"7";"2";"0";"4";"1";"1";""
"202300013413";"155 656 765";"A01";"2";"7";"6";"0";"8";"1";"1";""
"202300013414";"155 656 764";"A01";"2";"7";"2";"0";"8";"1";"1";""
"202300013415";"155 656 762";"B01";"2";"2";"0";"2";"1";"1";"1";""
"202300013415";"155 656 763";"A01";"1";"7";"0";"2";"2";"15";"1";""
"202300013416";"155 656 761";"A01";"1";"7";"0";"1";"3";"15";"0";""
"202300013417";"155 656 760";"A01";"1";"2";"3";"0";"8";"1";"1";""
"202300013418";"155 656 759";"A01";"1";"7";"2";"0";"1";"0";"1";""
"202300013419";"155 656 758";"A01";"2";"7";"2";"0";"3";"1";"2";""
"202300013420";"155 656 754";"A01";"1";"7";"0";"2";"7";"14";"1";""
"202300013420";"155 656 755";"B01";"2";"7";"0";"2";"1";"1";"1";""
"202300013421";"155 656 756";"A01";"0";"7";"0";"9";"7";"17";"1";""
"202300013421";"155 656 757";"B01";"0";"80";"0";"2";"8";"15";"3";""
"202300013422";"155 656 752";"B01";"2";"7";"0";"2";"1";"1";"1";""
"202300013422";"155 656 753";"A01";"1";"7";"0";"2";"3";"13";"1";""
"202300013423";"155 656 751";"A01";"2";"33";"2";"0";"1";"1";"1";""
"202300013424";"155 656 749";"A01";"2";"7";"2";"0";"2";"26";"0";""
"202300013425";"155 656 747";"A01";"2";"33";"0";"2";"1";"13";"1";""
"202300013425";"155 656 748";"B01";"1";"7";"0";"2";"1";"1";"1";""
"202300013426";"155 656 746";"B01";"3";"10";"0";"2";"3";"26";"1";""
"202300013426";"155 656 750";"A01";"2";"7";"0";"2";"2";"1";"1";""
"202300013427";"155 656 745";"A01";"2";"7";"13";"0";"3";"1";"1";""
"202300013428";"155 656 744";"A01";"2";"7";"10";"0";"1";"1";"0";""
"202300013429";"155 656 743";"A01";"2";"7";"13";"0";"1";"1";"1";""
"202300013430";"155 656 742";"A01";"2";"7";"6";"0";"1";"1";"1";""
"202300013431";"155 656 741";"A01";"3";"7";"0";"1";"1";"1";"1";""