"Num_Acc";"id_vehicule";"num_veh";"senc";"catv";"obs";"obsm";"choc";"manv";"motor";"occutc"
"202300013828";"155 656 028";"B01";"1";"7";"0";"2";"3";"9";"1";""
"202300013828";"155 656 029";"A01";"1";"7";"0";"2";"1";"9";"1";""
"202300013829";"155 656 026";"A01";"1";"7";"0";"2";"2";"15";"1";""
"202300013829";"155 656 027";"B01";"2";"33";"0";"2";"8";"1";"1";""
"202300013830";"155 656 024";"B01";"3";"7";"0";"2";"8";"1";"1";""
"202300013830";"155 656 025";"A01";"3";"7";"0";"2";"1";"6";"1";""
"202300013831";"155 656 022";"A01";"3";"7";"0";"2";"1";"9";"1";""
"202300013831";"155 656 023";"B01";"0";"30";"0";"2";"4";"26";"1";""
"202300013832";"155 656 020";"A01";"2";"10";"0";"2";"2";"15";"3";""
"202300013832";"155 656 021";"B01";"2";"34";"0";"2";"1";"1";"1";""
"202300013833";"155 656 017";"A01";"3";"7";"0";"2";"1";"14";"1";""
"202300013833";"155 656 018";"C01";"3";"7";"0";"2";"5";"14";"1";""
"202300013833";"155 656 019";"B01";"3";"10";"0";"9";"4";"14";"1";""
"202300013834";"155 656 016";"A01";"2";"7";"0";"1";"1";"16";"1";""
"202300013835";"155 656 015";"A01";"3";"34";"12";"0";"0";"1";"1";""
"202300013836";"155 656 013";"A01";"1";"7";"0";"2";"1";"15";"1";""
"202300013836";"155 656 014";"B01";"2";"30";"0";"2";"4";"1";"1";""
"202300013837";"155 656 011";"B01";"2";"33";"0";"2";"4";"16";"1";""
"202300013837";"155 656 012";"A01";"2";"32";"0";"2";"1";"1";"1";""
"202300013838";"155 656 009";"B01";"3";"1";"0";"2";"3";"1";"5";""
"202300013838";"155 656 010";"A01";"3";"7";"0";"2";"2";"12";"1";""
"202300013839";"155 656 007";"A01";"1";"7";"0";"2";"6";"11";"1";""
"202300013839";"155 656 008";"B01";"1";"33";"0";"2";"0";"0";"1";""
"202300013840";"155 656 005";"B01";"1";"7";"0";"2";"3";"1";"1";""
"202300013840";"155 656 006";"A01";"1";"30";"0";"2";"2";"17";"1";""
"202300013841";"155 656 004";"A01";"1";"7";"0";"0";"1";"1";"1";""
"202300013842";"155 656 003";"A01";"2";"80";"1";"0";"1";"14";"3";""
"202300013843";"155 656 001";"A01";"3";"7";"0";"2";"1";"2";"1";""
"202300013843";"155 656 002";"B01";"3";"7";"0";"2";"4";"2";"1";""
"202300013844";"155 656 000";"A01";"1";"7";"14";"0";"8";"13";"1";""
"202300013845";"155 655 998";"B01";"2";"1";"0";"2";"8";"1";"5";""
"202300013845";"155 655 999";"A01";"1";"7";"0";"2";"2";"15";"0";""
"202300013846";"155 655 997";"A01";"1";"7";"6";"0";"1";"1";"1";""
"202300013847";"155 655 996";"A01";"3";"7";"0";"1";"1";"2";"1";""
"202300013848";"155 655 991";"A01";"2";"7";"0";"2";"1";"5";"1";""
"202300013848";"155 655 992";"B01";"1";"2";"0";"2";"1";"15";"1";""
"202300013849";"155 655 989";"B01";"1";"7";"0";"2";"1";"1";"1";""
"202300013849";"155 655 990";"A01";"2";"7";"0";"2";"1";"15";"1";""
"202300013850";"155 655 987";"B01";"2";"80";"0";"2";"1";"1";"3";""
"202300013850";"155 655 988";"A01";"1";"7";"0";"2";"7";"1";"1";""
"202300013851";"155 655 985";"A01";"1";"32";"0";"2";"1";"1";"1";""
"202300013851";"155 655 986";"B01";"2";"7";"0";"2";"0";"0";"1";""
"202300013852";"155 655 983";"B01";"1";"31";"0";"2";"1";"1";"1";""
"202300013852";"155 655 984";"A01";"2";"7";"0";"2";"2";"15";"1";""
"202300013853";"155 655 981";"B01";"2";"7";"0";"2";"4";"1";"1";""
"202300013853";"155 655 982";"A01";"2";"7";"0";"2";"1";"1";"1";""
"202300013854";"155 655 979";"A01";"2";"33";"13";"2";"1";"1";"1";""
"202300013854";"155 655 980";"B01";"1";"7";"0";"2";"3";"1";"1";""
"202300013855";"155 655 977";"B01";"1";"33";"0";"2";"1";"1";"1";""
"202300013855";"155 655 978";"A01";"1";"7";"0";"2";"2";"1";"1";""
"202300013856";"155 655 976";"A01";"2";"7";"0";"1";"1";"1";"1";""
"202300013857";"155 655 974";"A01";"1";"7";"0";"2";"2";"1";"1";""
"202300013857";"155 655 975";"B01";"1";"31";"0";"2";"1";"1";"1";""
"202300013858";"155 655 972";"A01";"0";"2";"0";"2";"1";"1";"0";""
"202300013858";"155 655 973";"B01";"0";"7";"0";"0";"0";"0";"1";""
"202300013859";"155 655 971";"A01";"0";"7";"0";"1";"4";"4";"1";""
"202300013860";"155 655 968";"Z01";"2";"10";"0";"2";"4";"9";"0";""
"202300013860";"155 655 969";"A01";"2";"33";"0";"2";"1";"1";"1";""
"202300013861";"155 655 966";"A01";"2";"31";"0";"2";"6";"11";"1";""
"202300013861";"155 655 967";"B01";"2";"7";"0";"2";"2";"1";"1";""
"202300013862";"155 655 963";"A01";"2";"10";"0";"2";"3";"1";"1";""
"202300013862";"155 655 964";"C01";"2";"1";"0";"2";"8";"1";"5";""
"202300013862";"155 655 965";"B01";"1";"7";"0";"2";"2";"15";"1";""
"202300013863";"155 655 962";"A01";"2";"37";"0";"1";"2";"16";"2";"1"
"202300013864";"155 655 961";"A01";"1";"1";"0";"0";"0";"2";"5";""
"202300013865";"155 655 959";"A01";"1";"7";"0";"0";"7";"16";"1";""
"202300013865";"155 655 960";"Y01";"1";"1";"0";"2";"1";"1";"5";""
"202300013866";"155 655 957";"B01";"1";"1";"0";"2";"8";"1";"5";""
"202300013866";"155 655 958";"A01";"1";"80";"0";"2";"7";"17";"3";""
"202300013867";"155 655 955";"A01";"1";"50";"0";"2";"1";"17";"3";""
"202300013867";"155 655 956";"B01";"2";"34";"0";"2";"3";"11";"1";""
"202300013868";"155 655 954";"A01";"2";"7";"0";"1";"4";"4";"1";""
"202300013869";"155 655 953";"A01";"3";"7";"4";"0";"1";"14";"1";""
"202300013870";"155 655 951";"A01";"1";"1";"0";"2";"8";"11";"5";""
"202300013870";"155 655 952";"B01";"1";"37";"0";"2";"7";"7";"1";"1"
"202300013871";"155 655 949";"A01";"1";"7";"0";"2";"2";"16";"3";""
"202300013871";"155 655 950";"B01";"0";"1";"0";"2";"1";"1";"5";""
"202300013872";"155 655 948";"A01";"1";"50";"0";"1";"1";"1";"3";""
"202300013873";"155 655 946";"B01";"0";"7";"0";"2";"1";"2";"1";""
"202300013873";"155 655 947";"A01";"0";"7";"0";"2";"4";"2";"1";""
"202300013874";"155 655 945";"A01";"1";"33";"0";"0";"1";"1";"1";""
"202300013875";"155 655 944";"A01";"3";"7";"0";"1";"2";"1";"1";""
"202300013876";"155 655 941";"A01";"2";"32";"0";"2";"3";"18";"1";""
"202300013876";"155 655 942";"C01";"2";"7";"1";"0";"7";"0";"1";""
"202300013876";"155 655 943";"B01";"2";"7";"1";"0";"2";"16";"1";""
"202300013877";"155 655 939";"B01";"0";"0";"0";"2";"2";"2";"6";""
"202300013877";"155 655 940";"A01";"0";"42";"0";"2";"3";"1";"1";""
"202300013878";"155 655 937";"A01";"3";"7";"0";"2";"3";"9";"1";""
"202300013878";"155 655 938";"B01";"3";"7";"0";"2";"2";"1";"1";""
"202300013879";"155 655 934";"Y01";"2";"1";"0";"2";"7";"3";"5";""
"202300013879";"155 655 935";"A01";"2";"10";"0";"0";"5";"1";"1";""
"202300013879";"155 655 936";"B01";"2";"7";"0";"0";"3";"1";"0";""
"202300013880";"155 655 932";"A01";"2";"32";"0";"2";"1";"2";"1";""
"202300013880";"155 655 933";"B01";"2";"60";"0";"0";"2";"19";"5";""
"202300013881";"155 655 930";"A01";"2";"33";"0";"2";"1";"1";"1";""
"202300013881";"155 655 931";"B01";"2";"2";"0";"1";"5";"0";"1";""
"202300013882";"155 655 928";"TB01";"0";"80";"0";"0";"8";"1";"3";""
"202300013882";"155 655 929";"A01";"2";"7";"0";"2";"2";"26";"3";""
"202300013883";"155 655 926";"A01";"3";"7";"0";"2";"5";"9";"1";""
"202300013883";"155 655 927";"B01";"3";"1";"0";"2";"7";"1";"5";""
"202300013884";"155 655 924";"A01";"3";"7";"0";"2";"5";"1";"1";""
"202300013884";"155 655 925";"B01";"3";"7";"0";"2";"1";"1";"1";""
"202300013885";"155 655 923";"A01";"2";"33";"0";"1";"1";"2";"1";""
"202300013886";"155 655 921";"A01";"3";"33";"8";"0";"9";"17";"1";""
"202300013886";"155 655 922";"B01";"3";"7";"0";"2";"7";"1";"1";""
"202300013887";"155 655 919";"B01";"1";"7";"0";"2";"1";"15";"1";""
"202300013887";"155 655 920";"A01";"1";"32";"0";"2";"0";"17";"1";""
"202300013888";"155 655 917";"A01";"3";"33";"0";"2";"1";"2";"1";""
"202300013888";"155 655 918";"B01";"3";"30";"0";"2";"4";"2";"1";""
"202300013889";"155 655 915";"B01";"2";"33";"0";"2";"3";"1";"1";""
"202300013889";"155 655 916";"A01";"3";"50";"0";"2";"1";"13";"3";""
"202300013890";"155 655 913";"B01";"2";"33";"0";"2";"2";"17";"1";""
"202300013890";"155 655 914";"A01";"2";"10";"0";"2";"3";"13";"1";""
"202300013891";"155 655 912";"A01";"3";"7";"0";"1";"6";"4";"2";""
"202300013892";"155 655 910";"A01";"1";"7";"0";"2";"4";"23";"1";""
"202300013892";"155 655 911";"Z01";"1";"7";"0";"2";"1";"1";"0";""
"202300013893";"155 655 909";"A01";"2";"50";"0";"0";"9";"1";"3";""
"202300013894";"155 655 908";"A01";"1";"37";"0";"1";"2";"1";"1";"1"
"202300013895";"155 655 904";"D01";"1";"2";"0";"2";"8";"23";"1";""
"202300013895";"155 655 905";"A01";"1";"10";"0";"2";"2";"1";"1";""
"202300013895";"155 655 906";"B01";"1";"10";"0";"2";"6";"23";"1";""
"202300013895";"155 655 907";"C01";"1";"10";"0";"2";"5";"23";"1";""
"202300013896";"155 655 902";"A01";"2";"10";"0";"2";"6";"4";"1";""
"202300013896";"155 655 903";"B01";"2";"1";"0";"2";"1";"23";"5";""
"202300013897";"155 655 901";"A01";"2";"7";"7";"0";"2";"14";"1";""
"202300013898";"155 655 899";"B01";"1";"7";"0";"2";"2";"16";"1";""
"202300013898";"155 655 900";"A01";"1";"43";"0";"2";"6";"1";"1";""
"202300013899";"155 655 898";"A01";"3";"33";"0";"2";"7";"1";"1";""
"202300013900";"155 655 896";"A01";"1";"33";"0";"0";"7";"1";"1";""
"202300013901";"155 655 895";"B01";"2";"7";"0";"2";"4";"1";"1";""
"202300013901";"155 655 897";"A01";"2";"7";"0";"2";"1";"1";"1";""
"202300013902";"155 655 894";"A01";"1";"33";"0";"9";"7";"1";"1";""
"202300013903";"155 655 893";"A01";"0";"33";"0";"0";"3";"0";"1";""
"202300013904";"155 655 892";"A01";"2";"80";"0";"1";"1";"1";"3";""
"202300013905";"155 655 889";"A01";"2";"7";"0";"2";"1";"1";"1";""
"202300013905";"155 655 891";"B01";"1";"7";"1";"0";"1";"17";"1";""
"202300013906";"155 655 888";"A01";"0";"7";"0";"2";"1";"2";"1";""
"202300013906";"155 655 890";"B01";"0";"7";"0";"2";"4";"2";"1";""
"202300013907";"155 655 885";"A01";"3";"7";"0";"1";"7";"1";"2";""
"202300013908";"155 655 882";"A01";"1";"34";"14";"0";"8";"1";"0";""
"202300013909";"155 655 881";"B01";"2";"50";"0";"2";"6";"2";"3";""
"202300013909";"155 655 883";"A01";"2";"50";"0";"2";"7";"2";"3";""
"202300013910";"155 655 878";"B01";"3";"1";"0";"2";"4";"11";"5";""
"202300013910";"155 655 880";"A01";"3";"1";"0";"2";"1";"17";"5";""
"202300013911";"155 655 877";"A01";"3";"7";"0";"2";"1";"15";"1";""
"202300013911";"155 655 879";"B01";"3";"7";"0";"2";"3";"1";"1";""
"202300013912";"155 655 874";"B01";"2";"7";"0";"2";"4";"16";"2";""
"202300013912";"155 655 876";"Z01";"2";"7";"0";"2";"4";"1";"0";""
"202300013913";"155 655 873";"B01";"1";"99";"0";"0";"7";"15";"1";""
"202300013913";"155 655 875";"A01";"1";"33";"0";"9";"1";"1";"1";""
"202300013914";"155 655 872";"A01";"2";"10";"2";"0";"3";"13";"1";""
"202300013915";"155 655 870";"A01";"2";"7";"0";"2";"1";"5";"1";""
"202300013915";"155 655 871";"B01";"1";"7";"0";"2";"2";"1";"2";""
"202300013916";"155 655 868";"A01";"1";"7";"4";"0";"4";"23";"1";""
"202300013916";"155 655 869";"B01";"1";"7";"4";"2";"1";"11";"1";""
"202300013917";"155 655 866";"A01";"1";"50";"0";"2";"1";"1";"3";""
"202300013917";"155 655 867";"B01";"2";"1";"0";"2";"2";"15";"5";""
"202300013918";"155 655 865";"A01";"1";"7";"9";"0";"0";"16";"1";""
"202300013919";"155 655 861";"C01";"2";"10";"0";"2";"7";"23";"1";""
"202300013919";"155 655 863";"B01";"2";"33";"0";"2";"4";"23";"1";""
"202300013919";"155 655 864";"A01";"2";"33";"0";"2";"1";"2";"1";""
"202300013920";"155 655 860";"A01";"2";"7";"6";"2";"1";"17";"1";""
"202300013920";"155 655 862";"B01";"2";"7";"0";"2";"0";"15";"1";""
"202300013921";"155 655 858";"A01";"1";"7";"0";"2";"3";"1";"1";""
"202300013921";"155 655 859";"B01";"1";"10";"0";"2";"2";"17";"2";""
"202300013922";"155 655 857";"A01";"2";"1";"6";"0";"2";"1";"5";""
"202300013923";"155 655 855";"A01";"1";"7";"6";"0";"1";"1";"1";""
"202300013924";"155 655 854";"A01";"2";"1";"0";"2";"1";"13";"5";""
"202300013924";"155 655 856";"B01";"1";"1";"0";"2";"1";"1";"5";""
"202300013925";"155 655 850";"A01";"1";"7";"0";"2";"1";"13";"1";""
"202300013925";"155 655 852";"B01";"2";"7";"13";"2";"1";"1";"1";""
"202300013926";"155 655 851";"A01";"1";"10";"0";"2";"0";"14";"1";""
"202300013926";"155 655 853";"B01";"1";"80";"0";"2";"0";"1";"3";""
"202300013927";"155 655 849";"A01";"2";"7";"2";"0";"1";"5";"1";""
"202300013928";"155 655 848";"A01";"1";"50";"0";"1";"1";"1";"3";""
"202300013929";"155 655 845";"A01";"2";"7";"0";"2";"1";"1";"1";""
"202300013929";"155 655 847";"B01";"1";"7";"0";"2";"3";"15";"1";""
"202300013930";"155 655 844";"A01";"1";"7";"0";"9";"1";"1";"0";""
"202300013930";"155 655 846";"B01";"1";"7";"0";"2";"4";"1";"0";""
"202300013931";"155 655 841";"A01";"1";"7";"1";"2";"3";"15";"1";""
"202300013931";"155 655 843";"B01";"1";"43";"0";"2";"1";"1";"1";""
"202300013932";"155 655 840";"A01";"1";"2";"0";"2";"7";"17";"1";""
"202300013932";"155 655 842";"B01";"1";"7";"0";"2";"8";"15";"1";""
"202300013933";"155 655 839";"A01";"2";"7";"2";"0";"1";"13";"1";""
"202300013934";"155 655 837";"B01";"2";"50";"0";"2";"1";"2";"3";""
"202300013934";"155 655 838";"A01";"2";"7";"0";"2";"2";"16";"1";""
"202300013935";"155 655 836";"A01";"2";"7";"0";"1";"1";"1";"1";""
"202300013936";"155 655 832";"A01";"2";"7";"0";"2";"1";"2";"1";""
"202300013936";"155 655 834";"B01";"2";"30";"0";"2";"4";"23";"1";""
"202300013936";"155 655 835";"C01";"2";"7";"0";"2";"4";"23";"1";""
"202300013937";"155 655 829";"A01";"2";"2";"0";"2";"3";"13";"1";""
"202300013937";"155 655 831";"B01";"1";"7";"0";"2";"8";"1";"1";""
"202300013937";"155 655 833";"C01";"1";"7";"0";"2";"8";"1";"1";""
"202300013938";"155 655 828";"A01";"1";"10";"0";"2";"7";"15";"0";""
"202300013938";"155 655 830";"B01";"2";"34";"0";"2";"1";"1";"0";""
"202300013939";"155 655 827";"A01";"2";"7";"2";"0";"1";"6";"1";""
"202300013940";"155 655 824";"A01";"3";"17";"16";"0";"8";"1";"1";""
"202300013941";"155 655 823";"A01";"1";"7";"0";"2";"3";"11";"1";""
"202300013941";"155 655 825";"B01";"1";"33";"0";"2";"7";"3";"1";""
"202300013941";"155 655 826";"C01";"1";"7";"0";"2";"3";"2";"1";""
"202300013942";"155 655 820";"A01";"3";"1";"0";"2";"0";"1";"5";""
"202300013942";"155 655 821";"B01";"3";"1";"0";"2";"0";"0";"5";""
"202300013943";"155 655 818";"B01";"2";"33";"0";"2";"7";"17";"1";""
"202300013943";"155 655 819";"A01";"2";"7";"0";"2";"8";"15";"1";""
"202300013944";"155 655 816";"A01";"3";"37";"0";"2";"2";"26";"0";"2"
"202300013944";"155 655 817";"B01";"3";"7";"0";"2";"7";"0";"1";""
"202300013945";"155 655 814";"A01";"1";"10";"0";"2";"4";"20";"1";""
"202300013945";"155 655 815";"B01";"1";"1";"0";"2";"1";"2";"5";""
"202300013946";"155 655 813";"A01";"1";"7";"0";"1";"2";"2";"1";""
"202300013947";"155 655 812";"A01";"1";"33";"7";"0";"0";"1";"0";""
"202300013948";"155 655 809";"B01";"3";"43";"0";"2";"1";"3";"1";""
"202300013948";"155 655 811";"A01";"3";"10";"0";"2";"2";"15";"1";""
"202300013949";"155 655 808";"A01";"1";"33";"0";"2";"1";"17";"1";""
"202300013949";"155 655 810";"B01";"1";"7";"0";"2";"3";"15";"1";""
"202300013950";"155 655 805";"A01";"2";"7";"0";"0";"7";"21";"1";""
"202300013951";"155 655 806";"A01";"2";"7";"0";"2";"8";"15";"1";""
"202300013951";"155 655 807";"B01";"2";"33";"0";"2";"7";"1";"1";""
"202300013952";"155 655 804";"A01";"3";"21";"0";"0";"0";"15";"1";""
"202300013953";"155 655 803";"A01";"0";"7";"0";"1";"2";"1";"1";""
"202300013954";"155 655 802";"A01";"1";"7";"16";"0";"9";"1";"1";""
"202300013955";"155 655 800";"A01";"1";"7";"8";"2";"3";"15";"1";""
"202300013955";"155 655 801";"Y01";"1";"1";"8";"2";"1";"16";"5";""
"202300013956";"155 655 798";"A01";"2";"33";"0";"2";"2";"17";"1";""
"202300013956";"155 655 799";"B01";"2";"7";"0";"2";"8";"15";"1";""
"202300013957";"155 655 796";"A01";"0";"13";"0";"2";"2";"1";"1";""
"202300013957";"155 655 797";"B01";"3";"1";"0";"2";"8";"10";"5";""
"202300013958";"155 655 794";"A01";"2";"7";"0";"2";"3";"1";"1";""
"202300013958";"155 655 795";"B01";"1";"30";"0";"2";"1";"0";"1";""
"202300013959";"155 655 793";"A01";"2";"7";"0";"1";"3";"1";"1";""
"202300013960";"155 655 791";"A01";"3";"2";"0";"2";"1";"13";"1";""
"202300013960";"155 655 792";"B01";"3";"21";"0";"2";"6";"1";"1";""
"202300013961";"155 655 788";"A01";"3";"7";"0";"2";"2";"13";"1";""
"202300013961";"155 655 789";"B01";"3";"7";"0";"0";"6";"0";"1";""
"202300013962";"155 655 786";"A01";"1";"7";"6";"0";"3";"17";"1";""
"202300013963";"155 655 785";"A01";"1";"1";"0";"0";"0";"15";"5";""
"202300013963";"155 655 787";"B01";"1";"50";"0";"0";"0";"2";"3";""
"202300013964";"155 655 784";"A01";"1";"50";"0";"0";"1";"0";"3";""
"202300013965";"155 655 783";"A01";"1";"7";"3";"0";"7";"1";"1";""
"202300013966";"155 655 782";"A01";"2";"7";"3";"0";"2";"1";"0";""
"202300013967";"155 655 780";"A01";"1";"2";"0";"2";"1";"21";"3";""
"202300013967";"155 655 781";"B01";"1";"7";"0";"2";"8";"15";"1";""
"202300013968";"155 655 778";"A01";"1";"7";"1";"0";"3";"26";"1";""
"202300013968";"155 655 779";"B01";"0";"30";"0";"2";"5";"24";"1";""
"202300013969";"155 655 776";"A01";"2";"10";"0";"2";"3";"1";"1";""
"202300013969";"155 655 777";"B01";"2";"2";"0";"2";"2";"1";"1";""
"202300013970";"155 655 775";"A01";"3";"13";"0";"1";"2";"1";"1";""
"202300013971";"155 655 774";"A01";"3";"40";"0";"1";"7";"26";"3";""
"202300013972";"155 655 773";"A01";"1";"7";"0";"1";"1";"1";"1";""
"202300013973";"155 655 772";"A01";"3";"7";"2";"0";"0";"0";"1";""
"202300013974";"155 655 769";"A01";"1";"7";"0";"2";"3";"15";"1";""
"202300013974";"155 655 771";"B01";"3";"33";"0";"2";"3";"15";"1";""
"202300013975";"155 655 767";"A01";"2";"7";"0";"2";"3";"1";"1";""
"202300013975";"155 655 768";"B01";"1";"7";"0";"2";"1";"1";"1";""
"202300013975";"155 655 770";"C01";"1";"7";"0";"2";"3";"24";"1";""
"202300013976";"155 655 765";"B01";"2";"60";"0";"2";"5";"19";"5";""
"202300013976";"155 655 766";"A01";"2";"7";"0";"2";"2";"1";"1";""
"202300013977";"155 655 763";"B01";"2";"7";"3";"2";"3";"1";"1";""
"202300013977";"155 655 764";"A01";"1";"7";"3";"2";"3";"1";"1";""
"202300013978";"155 655 762";"A01";"1";"50";"0";"1";"1";"1";"3";""
"202300013979";"155 655 760";"A01";"1";"7";"0";"2";"8";"1";"1";""
"202300013979";"155 655 761";"B01";"2";"1";"0";"2";"3";"1";"5";""
"202300013980";"155 655 758";"A01";"3";"7";"0";"2";"5";"11";"1";""
"202300013980";"155 655 759";"B01";"3";"33";"0";"2";"1";"2";"1";""
"202300013981";"155 655 756";"A01";"2";"33";"0";"2";"3";"26";"1";""
"202300013981";"155 655 757";"B01";"2";"7";"0";"2";"3";"2";"1";""
"202300013982";"155 655 755";"A01";"3";"7";"0";"1";"0";"1";"3";""
"202300013983";"155 655 754";"A01";"2";"7";"0";"0";"1";"0";"1";""
"202300013984";"155 655 752";"A01";"1";"7";"0";"2";"2";"2";"2";""
"202300013984";"155 655 753";"B01";"0";"50";"0";"0";"6";"2";"3";""
"202300013985";"155 655 751";"A01";"1";"7";"2";"0";"7";"1";"1";""
"202300013986";"155 655 749";"A01";"3";"2";"0";"0";"0";"1";"1";""
"202300013987";"155 655 748";"B01";"1";"7";"0";"2";"3";"1";"1";""
"202300013987";"155 655 750";"A01";"0";"7";"0";"2";"6";"15";"2";""
"202300013988";"155 655 747";"A01";"1";"1";"5";"0";"2";"1";"5";""
"202300013989";"155 655 744";"B01";"1";"17";"0";"2";"1";"1";"1";""
"202300013989";"155 655 746";"A01";"2";"10";"0";"2";"1";"19";"1";""
"202300013990";"155 655 743";"A01";"1";"7";"0";"2";"5";"15";"1";""
"202300013990";"155 655 745";"B01";"2";"7";"0";"2";"2";"1";"1";""
"202300013991";"155 655 740";"B01";"2";"2";"0";"2";"1";"13";"1";""
"202300013991";"155 655 742";"A01";"1";"7";"0";"2";"3";"1";"1";""
"202300013992";"155 655 739";"B01";"0";"33";"0";"2";"1";"1";"0";""
"202300013992";"155 655 741";"A01";"0";"7";"8";"2";"2";"10";"1";""
"202300013993";"155 655 738";"A01";"0";"31";"0";"0";"7";"0";"1";""
"202300013994";"155 655 736";"A01";"0";"7";"13";"0";"0";"1";"0";""
"202300013995";"155 655 735";"A01";"2";"7";"0";"2";"3";"15";"1";""
"202300013995";"155 655 737";"B01";"1";"33";"0";"2";"8";"1";"1";""
"202300013996";"155 655 734";"A01";"1";"7";"15";"0";"6";"1";"2";""
"202300013997";"155 655 732";"A01";"1";"7";"1";"0";"2";"14";"1";""
"202300013997";"155 655 733";"B01";"2";"7";"0";"0";"2";"24";"1";""
"202300013998";"155 655 731";"A01";"0";"33";"12";"0";"2";"1";"1";""
"202300013999";"155 655 730";"A01";"3";"7";"2";"0";"2";"0";"1";""
"202300014000";"155 655 728";"A01";"2";"33";"0";"2";"2";"26";"1";""
"202300014000";"155 655 729";"B01";"1";"7";"0";"2";"2";"15";"1";""
"202300014001";"155 655 727";"A01";"1";"7";"6";"0";"1";"1";"1";""
"202300014002";"155 655 724";"A01";"2";"2";"0";"0";"7";"2";"1";""
"202300014003";"155 655 722";"A01";"2";"7";"2";"0";"1";"13";"1";""
"202300014004";"155 655 723";"A01";"2";"7";"0";"2";"2";"15";"1";""
"202300014004";"155 655 725";"B01";"1";"50";"0";"2";"1";"1";"3";""
"202300014005";"155 655 720";"A01";"1";"7";"0";"0";"1";"17";"1";""
"202300014006";"155 655 717";"A01";"1";"7";"0";"2";"1";"13";"1";""
"202300014006";"155 655 719";"B01";"2";"7";"0";"2";"1";"1";"1";""
"202300014007";"155 655 718";"A01";"2";"10";"0";"1";"9";"2";"1";""
"202300014007";"155 655 721";"B01";"2";"7";"0";"2";"1";"2";"1";""
"202300014008";"155 655 715";"A01";"2";"7";"0";"2";"3";"5";"1";""
"202300014008";"155 655 716";"B01";"1";"1";"0";"2";"1";"1";"5";""
"202300014009";"155 655 713";"A01";"2";"7";"4";"0";"1";"1";"1";""
"202300014010";"155 655 712";"A01";"1";"33";"0";"2";"1";"5";"1";""
"202300014010";"155 655 714";"B01";"2";"7";"0";"2";"2";"5";"1";""
"202300014011";"155 655 710";"A01";"2";"33";"0";"2";"2";"3";"1";""
"202300014011";"155 655 711";"B01";"2";"7";"0";"2";"6";"11";"1";""
"202300014012";"155 655 706";"A01";"1";"7";"0";"2";"1";"2";"1";""
"202300014012";"155 655 709";"B01";"1";"7";"0";"2";"4";"2";"0";""
"202300014013";"155 655 704";"A01";"2";"7";"0";"2";"3";"1";"1";""
"202300014013";"155 655 708";"B01";"3";"2";"0";"2";"0";"0";"0";""
"202300014014";"155 655 703";"A01";"1";"33";"0";"2";"3";"13";"1";""
"202300014014";"155 655 707";"B01";"2";"7";"13";"2";"3";"1";"0";""
"202300014015";"155 655 702";"A01";"2";"50";"0";"2";"1";"5";"3";""
"202300014015";"155 655 705";"B01";"1";"7";"0";"9";"2";"1";"1";""
"202300014016";"155 655 700";"A01";"1";"2";"8";"0";"1";"14";"1";""
"202300014017";"155 655 699";"A01";"2";"7";"4";"0";"1";"13";"1";""
"202300014018";"155 655 698";"A01";"2";"7";"0";"2";"4";"1";"3";""
"202300014018";"155 655 701";"B01";"2";"7";"0";"2";"2";"1";"1";""
"202300014019";"155 655 695";"A01";"1";"21";"0";"2";"3";"1";"1";""
"202300014019";"155 655 697";"B01";"2";"7";"0";"2";"3";"1";"1";""
"202300014020";"155 655 692";"B01";"1";"7";"0";"2";"4";"1";"1";""
"202300014020";"155 655 694";"A01";"1";"7";"0";"2";"1";"1";"1";""
"202300014021";"155 655 691";"A01";"1";"7";"0";"2";"4";"15";"1";""
"202300014021";"155 655 693";"B01";"1";"30";"0";"2";"1";"1";"1";""
"202300014022";"155 655 689";"A01";"2";"7";"0";"2";"1";"13";"1";""
"202300014022";"155 655 690";"B01";"1";"7";"0";"2";"1";"1";"1";""
"202300014023";"155 655 687";"A01";"2";"7";"3";"0";"9";"1";"1";""
"202300014024";"155 655 684";"A01";"2";"7";"0";"2";"1";"16";"1";""
"202300014024";"155 655 686";"B01";"1";"80";"0";"2";"8";"1";"3";""
"202300014025";"155 655 685";"B01";"1";"7";"0";"2";"1";"19";"1";""
"202300014025";"155 655 688";"A01";"1";"7";"0";"2";"1";"1";"1";""
"202300014026";"155 655 681";"A01";"2";"7";"0";"2";"3";"1";"1";""
"202300014026";"155 655 683";"B01";"1";"7";"0";"2";"3";"1";"1";""
"202300014027";"155 655 682";"A01";"2";"7";"3";"0";"9";"0";"1";""
"202300014028";"155 655 679";"A01";"0";"7";"0";"1";"1";"1";"1";""
"202300014029";"155 655 680";"A01";"3";"7";"6";"0";"2";"1";"1";""
"202300014030";"155 655 677";"A01";"1";"7";"3";"0";"1";"1";"1";""
"202300014031";"155 655 673";"B01";"1";"7";"0";"2";"3";"1";"1";""
"202300014031";"155 655 678";"A01";"2";"7";"0";"2";"3";"13";"1";""
"202300014032";"155 655 671";"A01";"2";"7";"4";"0";"1";"1";"1";""
"202300014033";"155 655 672";"A01";"1";"7";"0";"2";"3";"13";"1";""
"202300014033";"155 655 675";"B01";"2";"21";"0";"2";"8";"1";"1";""
"202300014034";"155 655 667";"A01";"1";"7";"4";"0";"1";"1";"1";""
"202300014035";"155 655 668";"A01";"1";"31";"0";"2";"1";"13";"1";""