"Num_Acc";"id_vehicule";"num_veh";"senc";"catv";"obs";"obsm";"choc";"manv";"motor";"occutc"
"202300014453";"155 654 950";"A01";"2";"7";"2";"0";"4";"1";"1";""
"202300014454";"155 654 954";"A01";"2";"10";"4";"0";"2";"14";"1";""
"202300014455";"155 654 947";"A01";"1";"33";"10";"0";"1";"17";"1";""
"202300014456";"155 654 944";"A01";"3";"15";"0";"0";"0";"1";"1";""
"202300014456";"155 654 948";"B01";"3";"1";"0";"0";"0";"1";"5";""
"202300014457";"155 654 945";"A01";"1";"7";"0";"2";"1";"2";"1";""
"202300014457";"155 654 949";"B01";"1";"7";"0";"2";"4";"1";"1";""
"202300014458";"155 654 941";"A01";"2";"10";"1";"0";"1";"2";"1";""
"202300014459";"155 654 940";"A01";"1";"7";"3";"0";"1";"1";"1";""
"202300014460";"155 654 939";"A01";"2";"7";"0";"2";"1";"3";"1";""
"202300014460";"155 654 943";"B01";"2";"7";"0";"2";"2";"1";"1";""
"202300014460";"155 654 946";"C01";"2";"7";"0";"2";"4";"1";"1";""
"202300014460";"155 654 952";"D01";"2";"7";"0";"2";"4";"1";"1";""
"202300014460";"155 654 955";"E01";"2";"7";"0";"2";"4";"1";"1";""
"202300014461";"155 654 942";"A01";"1";"7";"8";"0";"1";"0";"1";""
"202300014462";"155 654 938";"A01";"2";"33";"13";"0";"1";"0";"1";""
"202300014463";"155 654 934";"A01";"1";"7";"0";"1";"2";"1";"1";""
"202300014464";"155 654 933";"B01";"1";"60";"0";"2";"0";"1";"5";""
"202300014464";"155 654 935";"A01";"2";"7";"0";"2";"0";"20";"1";""
"202300014465";"155 654 931";"B01";"3";"7";"0";"2";"2";"15";"1";""
"202300014465";"155 654 936";"A01";"1";"7";"0";"2";"7";"1";"1";""
"202300014466";"155 654 932";"A01";"1";"3";"0";"2";"6";"24";"1";""
"202300014466";"155 654 937";"B01";"1";"3";"0";"2";"5";"1";"1";""
"202300014467";"155 654 927";"A01";"1";"7";"0";"2";"2";"10";"1";""
"202300014467";"155 654 930";"B01";"2";"33";"0";"2";"1";"1";"1";""
"202300014468";"155 654 929";"A01";"3";"7";"0";"1";"1";"0";"0";""
"202300014469";"155 654 925";"A01";"1";"15";"0";"1";"2";"1";"1";""
"202300014470";"155 654 923";"A01";"2";"7";"0";"2";"2";"5";"1";""
"202300014470";"155 654 926";"B01";"1";"7";"0";"2";"2";"1";"1";""
"202300014471";"155 654 922";"B01";"1";"7";"0";"2";"1";"1";"1";""
"202300014471";"155 654 924";"A01";"2";"7";"0";"2";"1";"13";"1";""
"202300014471";"155 654 928";"C01";"1";"7";"0";"2";"1";"1";"1";""
"202300014472";"155 654 919";"A01";"1";"7";"0";"2";"6";"23";"2";""
"202300014472";"155 654 921";"B01";"1";"2";"0";"2";"1";"12";"1";""
"202300014473";"155 654 916";"A01";"1";"34";"0";"2";"7";"17";"1";""
"202300014473";"155 654 917";"B01";"1";"10";"0";"2";"3";"1";"0";""
"202300014474";"155 654 920";"A01";"2";"7";"6";"0";"1";"13";"1";""
"202300014475";"155 654 915";"A01";"1";"7";"0";"2";"3";"15";"1";""
"202300014475";"155 654 918";"B01";"1";"33";"0";"2";"1";"17";"1";""
"202300014476";"155 654 914";"A01";"3";"7";"0";"1";"2";"1";"0";""
"202300014477";"155 654 911";"A01";"2";"7";"0";"2";"1";"19";"1";""
"202300014477";"155 654 913";"B01";"2";"7";"0";"2";"3";"19";"1";""
"202300014478";"155 654 907";"B01";"3";"30";"0";"2";"7";"1";"1";""
"202300014478";"155 654 909";"A01";"3";"7";"0";"2";"8";"16";"1";""
"202300014479";"155 654 906";"A01";"1";"7";"0";"0";"0";"9";"1";""
"202300014479";"155 654 910";"B01";"1";"7";"13";"0";"3";"1";"1";""
"202300014480";"155 654 904";"A01";"1";"7";"15";"0";"2";"1";"1";""
"202300014481";"155 654 905";"A01";"2";"7";"16";"1";"3";"2";"0";""
"202300014482";"155 654 908";"A01";"1";"33";"8";"0";"2";"9";"1";""
"202300014483";"155 654 901";"B01";"1";"7";"0";"9";"1";"1";"1";""
"202300014483";"155 654 902";"A01";"3";"50";"0";"2";"1";"26";"3";""
"202300014483";"155 654 903";"C01";"1";"32";"0";"2";"1";"1";"1";""
"202300014484";"155 654 900";"A01";"2";"7";"0";"1";"2";"1";"1";""
"202300014485";"155 654 899";"A01";"1";"7";"0";"1";"2";"1";"1";""
"202300014486";"155 654 896";"A01";"1";"7";"13";"0";"1";"1";"1";""
"202300014487";"155 654 893";"B01";"3";"7";"0";"2";"3";"1";"1";""
"202300014487";"155 654 897";"A01";"3";"7";"0";"2";"3";"13";"1";""
"202300014488";"155 654 895";"A01";"1";"7";"0";"2";"3";"1";"1";""
"202300014488";"155 654 898";"B01";"1";"38";"0";"0";"3";"1";"1";"1"
"202300014489";"155 654 892";"A01";"1";"7";"0";"2";"1";"13";"1";""
"202300014489";"155 654 894";"B01";"2";"7";"3";"2";"1";"1";"1";""
"202300014490";"155 654 891";"A01";"0";"7";"0";"1";"2";"1";"2";""
"202300014491";"155 654 890";"A01";"1";"32";"0";"0";"0";"0";"1";""
"202300014492";"155 654 884";"A01";"1";"7";"0";"1";"2";"16";"1";""
"202300014493";"155 654 885";"A01";"3";"7";"9";"0";"3";"19";"1";""
"202300014493";"155 654 889";"B01";"3";"7";"9";"0";"2";"21";"1";""
"202300014494";"155 654 883";"B01";"1";"7";"0";"2";"4";"1";"1";""
"202300014494";"155 654 887";"A01";"1";"7";"0";"2";"1";"1";"1";""
"202300014495";"155 654 886";"B01";"1";"7";"0";"2";"3";"1";"1";""
"202300014495";"155 654 888";"A01";"2";"7";"0";"2";"1";"15";"1";""
"202300014496";"155 654 882";"A01";"3";"33";"0";"0";"0";"1";"1";""
"202300014497";"155 654 880";"A01";"3";"7";"0";"0";"4";"23";"3";""
"202300014497";"155 654 881";"B01";"3";"33";"0";"2";"1";"1";"1";""
"202300014498";"155 654 876";"A01";"2";"33";"0";"1";"1";"1";"1";""
"202300014499";"155 654 875";"A01";"1";"1";"0";"2";"1";"13";"5";""
"202300014499";"155 654 879";"B01";"2";"10";"0";"2";"1";"1";"1";""
"202300014500";"155 654 877";"A01";"3";"10";"0";"1";"2";"15";"1";""
"202300014501";"155 654 874";"A01";"1";"7";"0";"2";"2";"1";"1";""
"202300014501";"155 654 878";"B01";"1";"2";"0";"2";"4";"1";"1";""
"202300014502";"155 654 873";"A01";"1";"7";"4";"0";"2";"1";"1";""
"202300014503";"155 654 870";"A01";"1";"7";"0";"1";"2";"1";"1";""
"202300014504";"155 654 869";"A01";"2";"33";"0";"0";"0";"9";"1";""
"202300014505";"155 654 868";"A01";"2";"7";"0";"0";"5";"15";"1";""
"202300014505";"155 654 872";"B01";"2";"33";"0";"2";"1";"0";"1";""
"202300014506";"155 654 867";"A01";"1";"33";"1";"2";"2";"17";"1";""
"202300014506";"155 654 871";"B01";"1";"7";"0";"2";"3";"15";"1";""
"202300014507";"155 654 862";"A01";"1";"10";"0";"2";"1";"2";"1";""
"202300014507";"155 654 865";"B01";"1";"7";"0";"2";"4";"2";"1";""
"202300014508";"155 654 859";"C01";"2";"33";"0";"2";"1";"1";"1";""
"202300014508";"155 654 864";"A01";"1";"7";"3";"2";"2";"13";"1";""
"202300014509";"155 654 863";"B01";"1";"7";"0";"2";"3";"1";"1";""
"202300014509";"155 654 866";"A01";"1";"7";"0";"2";"2";"15";"1";""
"202300014510";"155 654 858";"B01";"3";"7";"0";"2";"1";"1";"1";""
"202300014510";"155 654 860";"A01";"2";"7";"0";"2";"3";"9";"1";""
"202300014511";"155 654 855";"A01";"3";"10";"0";"1";"4";"4";"1";""
"202300014512";"155 654 854";"A01";"1";"33";"0";"0";"1";"0";"1";""
"202300014513";"155 654 851";"A01";"2";"7";"8";"0";"1";"14";"1";""
"202300014514";"155 654 853";"A01";"0";"2";"8";"0";"0";"21";"1";""
"202300014514";"155 654 856";"B01";"0";"7";"0";"2";"3";"13";"1";""
"202300014515";"155 654 850";"B01";"1";"33";"0";"0";"2";"1";"1";""
"202300014515";"155 654 852";"A01";"1";"7";"0";"0";"1";"9";"1";""
"202300014516";"155 654 847";"A01";"2";"7";"4";"0";"3";"13";"1";""
"202300014517";"155 654 846";"A01";"3";"10";"10";"0";"9";"1";"0";""
"202300014518";"155 654 844";"B01";"1";"7";"12";"2";"8";"1";"1";""
"202300014518";"155 654 845";"Z01";"1";"7";"0";"2";"3";"16";"0";""
"202300014519";"155 654 840";"A01";"0";"10";"0";"0";"1";"0";"1";""
"202300014519";"155 654 842";"B01";"0";"99";"0";"0";"0";"0";"5";""
"202300014520";"155 654 841";"A01";"2";"7";"0";"2";"1";"1";"1";""
"202300014520";"155 654 843";"B01";"1";"7";"0";"0";"3";"1";"1";""
"202300014521";"155 654 838";"A01";"1";"7";"0";"2";"1";"19";"1";""
"202300014521";"155 654 839";"B01";"2";"7";"0";"2";"1";"1";"1";""
"202300014522";"155 654 836";"A01";"1";"7";"2";"0";"1";"13";"1";""
"202300014523";"155 654 835";"A01";"1";"33";"13";"0";"1";"1";"1";""
"202300014524";"155 654 837";"A01";"3";"7";"0";"2";"2";"21";"1";""
"202300014524";"155 654 849";"B01";"3";"50";"0";"2";"1";"0";"3";""
"202300014525";"155 654 834";"A01";"2";"7";"0";"2";"7";"1";"1";""
"202300014525";"155 654 848";"B01";"1";"7";"2";"2";"2";"13";"1";""
"202300014526";"155 654 833";"A01";"1";"31";"7";"0";"0";"1";"1";""
"202300014527";"155 654 829";"A01";"1";"33";"0";"2";"1";"0";"1";""
"202300014527";"155 654 832";"B01";"2";"7";"0";"2";"2";"15";"1";""
"202300014528";"155 654 827";"A01";"1";"7";"0";"2";"5";"1";"1";""
"202300014528";"155 654 830";"B01";"1";"30";"0";"2";"1";"1";"1";""
"202300014529";"155 654 825";"C01";"1";"10";"0";"2";"2";"1";"1";""
"202300014529";"155 654 828";"A01";"1";"7";"0";"2";"1";"5";"1";""
"202300014529";"155 654 831";"B01";"2";"15";"0";"2";"1";"1";"1";""
"202300014530";"155 654 824";"A01";"2";"7";"2";"0";"1";"1";"1";""
"202300014531";"155 654 820";"A01";"3";"50";"0";"1";"1";"5";"3";""
"202300014532";"155 654 823";"A01";"0";"7";"0";"2";"1";"15";"1";""
"202300014532";"155 654 826";"B01";"0";"50";"0";"2";"1";"19";"3";""
"202300014533";"155 654 818";"A01";"1";"10";"0";"2";"3";"9";"1";""
"202300014533";"155 654 819";"B01";"1";"2";"0";"2";"7";"21";"1";""
"202300014534";"155 654 817";"A01";"1";"7";"2";"0";"7";"1";"1";""
"202300014535";"155 654 821";"A01";"2";"7";"0";"2";"8";"9";"1";""
"202300014535";"155 654 822";"B01";"2";"7";"0";"2";"2";"1";"2";""
"202300014536";"155 654 816";"A01";"3";"7";"0";"1";"3";"15";"1";""
"202300014537";"155 654 813";"A01";"0";"2";"1";"0";"1";"14";"1";""
"202300014538";"155 654 809";"A01";"3";"7";"0";"2";"3";"19";"0";""
"202300014538";"155 654 814";"B01";"2";"33";"0";"2";"1";"1";"1";""
"202300014539";"155 654 807";"A01";"3";"7";"0";"2";"1";"15";"1";""
"202300014539";"155 654 812";"B01";"3";"7";"0";"2";"3";"0";"1";""
"202300014540";"155 654 802";"A01";"3";"7";"6";"0";"2";"13";"1";""
"202300014541";"155 654 801";"A01";"2";"34";"0";"2";"1";"9";"1";""
"202300014541";"155 654 804";"B01";"1";"7";"0";"2";"2";"26";"1";""
"202300014542";"155 654 800";"E01";"2";"7";"0";"2";"1";"26";"1";""
"202300014542";"155 654 805";"B01";"2";"7";"0";"2";"4";"26";"1";""
"202300014542";"155 654 806";"D01";"2";"7";"0";"2";"4";"26";"1";""
"202300014542";"155 654 808";"A01";"2";"7";"0";"2";"1";"26";"1";""
"202300014542";"155 654 811";"C01";"2";"10";"0";"2";"4";"26";"1";""
"202300014543";"155 654 798";"A01";"1";"7";"13";"2";"3";"9";"1";""
"202300014543";"155 654 803";"B01";"1";"10";"12";"2";"1";"1";"1";""
"202300014544";"155 654 797";"A01";"2";"7";"0";"2";"5";"16";"1";""
"202300014544";"155 654 799";"B01";"2";"80";"0";"2";"1";"1";"3";""
"202300014545";"155 654 794";"A01";"3";"7";"0";"0";"0";"0";"1";""
"202300014546";"155 654 791";"B01";"0";"7";"0";"2";"8";"1";"1";""
"202300014546";"155 654 796";"A01";"0";"10";"0";"2";"1";"1";"1";""
"202300014547";"155 654 792";"A01";"3";"10";"0";"2";"3";"16";"1";""
"202300014547";"155 654 795";"B01";"3";"1";"0";"2";"6";"19";"5";""
"202300014548";"155 654 789";"A01";"3";"2";"0";"2";"1";"1";"1";""
"202300014548";"155 654 793";"B01";"3";"7";"0";"2";"3";"15";"1";""
"202300014549";"155 654 787";"A01";"1";"40";"0";"2";"2";"1";"3";""
"202300014549";"155 654 790";"B01";"0";"1";"0";"4";"1";"14";"5";""
"202300014550";"155 654 788";"A01";"2";"7";"16";"0";"9";"1";"1";""
"202300014551";"155 654 785";"B01";"2";"7";"0";"2";"1";"1";"1";""
"202300014551";"155 654 786";"A01";"1";"7";"3";"2";"1";"5";"1";""
"202300014552";"155 654 784";"A01";"3";"7";"0";"1";"1";"1";"0";""
"202300014553";"155 654 783";"A01";"1";"7";"0";"1";"1";"1";"1";""
"202300014554";"155 654 780";"A01";"1";"32";"0";"2";"1";"13";"1";""
"202300014554";"155 654 782";"B01";"2";"7";"0";"2";"3";"1";"1";""
"202300014555";"155 654 775";"B01";"3";"7";"0";"2";"2";"0";"1";""
"202300014555";"155 654 778";"A01";"1";"80";"0";"2";"1";"5";"3";""
"202300014556";"155 654 773";"A01";"2";"10";"0";"9";"3";"11";"6";""
"202300014556";"155 654 777";"B01";"2";"50";"0";"2";"2";"13";"3";""
"202300014557";"155 654 770";"A01";"1";"7";"0";"2";"6";"24";"1";""
"202300014557";"155 654 774";"B01";"1";"32";"0";"2";"1";"1";"1";""
"202300014558";"155 654 771";"A01";"2";"7";"0";"2";"4";"2";"1";""
"202300014558";"155 654 776";"B01";"2";"31";"0";"2";"1";"2";"1";""
"202300014559";"155 654 769";"A01";"1";"7";"0";"2";"3";"1";"1";""
"202300014559";"155 654 772";"B01";"1";"33";"0";"2";"1";"1";"1";""
"202300014560";"155 654 762";"A01";"1";"7";"0";"2";"1";"9";"1";""
"202300014561";"155 654 763";"A01";"1";"7";"0";"1";"3";"1";"1";""
"202300014562";"155 654 761";"A01";"1";"7";"0";"2";"7";"19";"1";""
"202300014562";"155 654 767";"B01";"1";"10";"0";"2";"1";"1";"1";""
"202300014563";"155 654 760";"A01";"1";"7";"0";"2";"3";"9";"1";""
"202300014563";"155 654 765";"B01";"1";"80";"0";"2";"7";"1";"3";""
"202300014564";"155 654 758";"A01";"3";"7";"15";"0";"1";"0";"1";""
"202300014565";"155 654 756";"A01";"2";"7";"0";"2";"0";"1";"1";""
"202300014565";"155 654 759";"B01";"2";"7";"0";"2";"1";"2";"1";""
"202300014566";"155 654 755";"A01";"3";"7";"0";"2";"0";"0";"1";""
"202300014566";"155 654 757";"B01";"0";"34";"0";"2";"1";"1";"1";""
"202300014567";"155 654 754";"A01";"0";"43";"12";"0";"2";"1";"1";""
"202300014568";"155 654 753";"A01";"2";"7";"0";"1";"2";"1";"1";""
"202300014569";"155 654 751";"A01";"2";"7";"0";"1";"3";"1";"1";""
"202300014570";"155 654 749";"B01";"1";"7";"0";"0";"6";"23";"1";""
"202300014570";"155 654 752";"A01";"1";"17";"1";"0";"2";"14";"1";""
"202300014571";"155 654 747";"A01";"1";"7";"8";"0";"1";"26";"1";""
"202300014572";"155 654 746";"C01";"1";"7";"0";"2";"1";"0";"0";""
"202300014572";"155 654 748";"A01";"1";"7";"0";"2";"4";"0";"0";""
"202300014572";"155 654 750";"B01";"1";"7";"0";"2";"4";"0";"0";""
"202300014573";"155 654 744";"A01";"2";"7";"0";"2";"2";"1";"1";""
"202300014573";"155 654 745";"B01";"2";"2";"0";"2";"4";"23";"1";""
"202300014574";"155 654 743";"A01";"2";"33";"4";"0";"8";"0";"1";""
"202300014575";"155 654 742";"A01";"1";"7";"9";"0";"1";"26";"1";""
"202300014576";"155 654 739";"A01";"2";"16";"0";"2";"2";"12";"1";""
"202300014576";"155 654 741";"B01";"2";"7";"4";"2";"6";"1";"1";""
"202300014577";"155 654 737";"A01";"1";"32";"0";"2";"1";"2";"1";""
"202300014577";"155 654 740";"B01";"1";"10";"0";"2";"4";"2";"1";""
"202300014578";"155 654 735";"Z01";"1";"7";"0";"2";"8";"15";"0";""
"202300014578";"155 654 738";"A01";"1";"33";"0";"2";"1";"17";"1";""
"202300014579";"155 654 734";"A01";"3";"50";"14";"0";"1";"21";"3";""
"202300014580";"155 654 732";"B01";"1";"10";"0";"2";"2";"15";"1";""
"202300014580";"155 654 736";"A01";"1";"10";"0";"2";"3";"1";"1";""
"202300014581";"155 654 729";"A01";"3";"7";"0";"2";"1";"1";"0";""
"202300014581";"155 654 731";"B01";"3";"7";"0";"2";"1";"1";"0";""
"202300014582";"155 654 725";"A01";"1";"7";"0";"2";"1";"2";"1";""
"202300014582";"155 654 728";"B01";"1";"7";"0";"2";"4";"2";"3";""
"202300014583";"155 654 724";"A01";"0";"30";"0";"2";"1";"1";"1";""
"202300014583";"155 654 726";"B01";"0";"7";"0";"2";"5";"16";"0";""
"202300014584";"155 654 723";"A01";"2";"7";"0";"2";"3";"1";"1";""
"202300014584";"155 654 727";"B01";"0";"7";"0";"2";"1";"19";"1";""
"202300014585";"155 654 730";"A01";"2";"7";"4";"2";"1";"17";"1";""
"202300014585";"155 654 733";"B01";"2";"7";"4";"0";"4";"1";"1";""
"202300014586";"155 654 721";"A01";"2";"7";"2";"0";"2";"1";"1";""
"202300014587";"155 654 720";"A01";" -1";"50";"0";"2";"8";" -1";"3";""
"202300014587";"155 654 722";"B01";"0";"33";"0";"2";"7";"1";"0";""
"202300014588";"155 654 718";"A01";"1";"7";"12";"0";"1";"14";"2";""
"202300014589";"155 654 717";"A01";"1";"7";"4";"0";"1";"1";"1";""
"202300014590";"155 654 715";"A01";"1";"7";"1";"0";"3";"1";"1";""
"202300014591";"155 654 716";"B01";"2";"7";"0";"2";"1";"1";"1";""
"202300014591";"155 654 719";"A01";"1";"7";"0";"2";"1";"5";"1";""
"202300014592";"155 654 714";"A01";"1";"7";"3";"0";"3";"17";"1";""
"202300014593";"155 654 713";"A01";"1";"33";"16";"0";"7";"16";"1";""
"202300014594";"155 654 709";"A01";"1";"7";"0";"1";"1";"1";"1";""
"202300014595";"155 654 710";"B01";"1";"32";"0";"2";"1";"3";"1";""
"202300014595";"155 654 712";"A01";"1";"7";"0";"2";"4";"12";"1";""
"202300014596";"155 654 708";"A01";"2";"7";"0";"1";"1";"1";"0";""
"202300014597";"155 654 707";"A01";"2";"31";"0";"2";"1";"3";"1";""
"202300014597";"155 654 711";"B01";"2";"7";"0";"2";"1";"15";"1";""
"202300014598";"155 654 705";"A01";"1";"30";"0";"0";"7";"1";"1";""
"202300014599";"155 654 702";"C01";"2";"7";"0";"2";"4";"1";"1";""
"202300014599";"155 654 704";"B01";"2";"10";"0";"2";"4";"1";"1";""
"202300014599";"155 654 706";"A01";"2";"7";"0";"2";"1";"1";"1";""
"202300014600";"155 654 700";"A01";"1";"80";"0";"0";"7";"2";"3";""
"202300014601";"155 654 699";"B01";"2";"10";"0";"2";"1";"15";"1";""
"202300014601";"155 654 701";"A01";"1";"33";"0";"2";"1";"1";"1";""
"202300014602";"155 654 698";"A01";"1";"2";"0";"2";"1";"1";"1";""
"202300014602";"155 654 703";"B01";"2";"10";"0";"2";"4";"15";"0";""
"202300014603";"155 654 694";"A01";"2";"7";"0";"2";"1";"17";"1";""
"202300014603";"155 654 696";"B01";"2";"7";"0";"2";"3";"2";"1";""
"202300014604";"155 654 691";"A01";"2";"14";"0";"2";"2";"1";"1";""
"202300014604";"155 654 695";"B01";"3";"7";"0";"2";"3";"15";"1";""
"202300014605";"155 654 689";"A01";"2";"42";"0";"2";"8";"1";"1";""
"202300014605";"155 654 692";"B01";"2";"7";"0";"2";"7";"1";"1";""
"202300014606";"155 654 688";"A01";"3";"7";"0";"1";"1";"15";"1";""
"202300014607";"155 654 683";"A01";"1";"7";"0";"2";"2";"25";"1";""
"202300014607";"155 654 685";"B01";"2";"50";"0";"2";"1";"25";"3";""
"202300014608";"155 654 682";"B01";"1";"14";"0";"2";"7";"1";"1";""
"202300014608";"155 654 686";"A01";"3";"33";"0";"2";"1";"9";"1";""
"202300014609";"155 654 678";"A01";"1";"10";"0";"2";"2";"12";"1";""
"202300014609";"155 654 681";"B01";"1";"33";"0";"2";"3";"3";"1";""
"202300014610";"155 654 675";"D01";"1";"7";"0";"2";"8";"1";"1";""
"202300014610";"155 654 679";"C01";"1";"7";"0";"2";"5";"1";"1";""
"202300014610";"155 654 680";"B01";"1";"7";"0";"2";"4";"14";"0";""
"202300014610";"155 654 684";"A01";"1";"10";"0";"2";"1";"1";"1";""
"202300014611";"155 654 673";"B01";"1";"31";"0";"2";"7";"3";"1";""
"202300014611";"155 654 677";"A01";"1";"7";"0";"2";"3";"11";"1";""
"202300014612";"155 654 676";"A01";"2";"32";"0";"1";"1";"1";"1";""
"202300014613";"155 654 667";"B01";"2";"7";"0";"2";"4";"2";"1";""
"202300014613";"155 654 671";"A01";"2";"17";"0";"2";"1";"2";"1";""
"202300014614";"155 654 668";"A01";"2";"7";"0";"2";"8";"11";"1";""
"202300014614";"155 654 672";"B01";"2";"34";"0";"2";"7";"3";"1";""
"202300014615";"155 654 669";"A01";"1";"7";"0";"2";"1";"1";"1";""
"202300014615";"155 654 674";"B01";"1";"7";"0";"2";"7";"1";"1";""
"202300014616";"155 654 666";"B01";"2";"7";"0";"2";"3";"1";"1";""
"202300014616";"155 654 670";"A01";"2";"33";"0";"2";"8";"12";"1";""
"202300014617";"155 654 664";"A01";"1";"1";"0";"2";"8";"18";"5";""
"202300014617";"155 654 665";"B01";"1";"14";"0";"2";"7";"1";"1";""
"202300014618";"155 654 660";"A01";"1";"7";"4";"2";"1";"2";"1";""
"202300014618";"155 654 663";"B01";"1";"7";"4";"2";"4";"2";"1";""
"202300014619";"155 654 658";"B01";"2";"7";"0";"2";"4";"1";"1";""
"202300014619";"155 654 661";"A01";"2";"31";"0";"2";"1";"3";"1";""
"202300014620";"155 654 656";"A01";"1";"7";"0";"2";"5";"12";"2";""
"202300014620";"155 654 659";"B01";"1";"33";"0";"2";"1";"3";"1";""
"202300014620";"155 654 662";"C01";"1";"14";"0";"2";"8";"1";"1";""
"202300014621";"155 654 657";"A01";"1";"7";"14";"0";"1";"1";"1";""
"202300014622";"155 654 653";"B01";"1";"33";"4";"2";"8";"1";"1";""
"202300014622";"155 654 655";"A01";"1";"7";"3";"2";"7";"12";"1";""
"202300014623";"155 654 650";"A01";"1";"7";"0";"2";"1";"2";"1";""
"202300014623";"155 654 654";"B01";"1";"7";"0";"2";"4";"2";"1";""
"202300014624";"155 654 651";"A01";"1";"7";"7";"0";"1";"13";"1";""
"202300014625";"155 654 646";"A01";"1";"13";"0";"2";"2";"12";"1";""
"202300014625";"155 654 647";"B01";"2";"7";"0";"2";"6";"1";"3";""
"202300014626";"155 654 644";"A01";"0";"7";"0";"2";"1";"9";"1";""
"202300014626";"155 654 649";"B01";"0";"33";"0";"0";"5";"1";"1";""
"202300014627";"155 654 640";"C01";"3";"7";"0";"2";"8";"23";"1";""
"202300014627";"155 654 643";"B01";"3";"33";"1";"2";"1";"1";"1";""
"202300014627";"155 654 645";"A01";"3";"7";"0";"2";"1";"12";"1";""
"202300014628";"155 654 637";"A01";"1";"7";"0";"2";"2";"12";"1";""
"202300014628";"155 654 641";"B01";"1";"33";"0";"2";"3";"3";"1";""
"202300014629";"155 654 633";"A01";"3";"7";"0";"2";"1";"2";"1";""
"202300014629";"155 654 636";"B01";"3";"7";"0";"0";"4";"2";"1";""
"202300014630";"155 654 631";"A01";"1";"33";"0";"2";"1";"3";"1";""
"202300014630";"155 654 635";"B01";"1";"7";"0";"2";"3";"11";"1";""
"202300014630";"155 654 638";"C01";"1";"7";"0";"2";"4";"1";"3";""
"202300014631";"155 654 634";"A01";"1";"2";"0";"2";"1";"1";"1";""
"202300014631";"155 654 639";"B01";"1";"7";"0";"2";"3";"1";"1";""
"202300014631";"155 654 642";"C01";"1";"7";"0";"2";"6";"24";"1";""
"202300014632";"155 654 629";"B01";"2";"2";"0";"2";"4";"1";"1";""
"202300014632";"155 654 632";"A01";"2";"7";"0";"2";"3";"2";"1";""
"202300014633";"155 654 625";"C01";"2";"7";"0";"2";"1";"2";"1";""
"202300014633";"155 654 628";"B01";"2";"7";"0";"2";"6";"18";"1";""
"202300014633";"155 654 630";"A01";"2";"15";"0";"2";"2";"12";"1";""
"202300014634";"155 654 627";"A01";"1";"33";"13";"0";"1";"2";"1";""
"202300014635";"155 654 624";"A01";"2";"7";"0";"2";"8";"11";"1";""
"202300014635";"155 654 626";"B01";"2";"33";"0";"2";"7";"3";"1";""
"202300014636";"155 654 623";"A01";"2";"1";"0";"1";"1";"1";"5";""
"202300014637";"155 654 620";"A01";"0";"7";"0";"1";"3";"1";"1";""
"202300014638";"155 654 622";"A01";"2";"10";"0";"1";"3";"1";"1";""
"202300014639";"155 654 619";"B01";"2";"33";"0";"2";"1";"18";"1";""
"202300014639";"155 654 621";"A01";"2";"7";"0";"2";"2";"12";"1";""
"202300014640";"155 654 616";"B01";"1";"7";"0";"2";"4";"2";"1";""
"202300014640";"155 654 618";"A01";"1";"7";"0";"2";"1";"2";"2";""
"202300014641";"155 654 617";"A01";"1";"33";"0";"1";"2";"0";"0";""
"202300014642";"155 654 613";"B01";"1";"7";"0";"2";"2";"12";"1";""
"202300014642";"155 654 615";"A01";"1";"33";"0";"2";"1";"3";"1";""
"202300014643";"155 654 611";"A01";"1";"7";"0";"2";"5";"16";"1";""
"202300014643";"155 654 614";"B01";"1";"50";"0";"2";"1";"1";"3";""
"202300014644";"155 654 609";"B01";"1";"7";"0";"2";"5";"1";"1";""
"202300014644";"155 654 612";"A01";"1";"33";"0";"2";"3";"3";"1";""
"202300014645";"155 654 606";"B01";"1";"10";"0";"2";"4";"2";"1";""
"202300014645";"155 654 608";"A01";"1";"7";"0";"2";"1";"1";"1";""
"202300014646";"155 654 607";"A01";"3";"7";"0";"2";"7";"2";"1";""
"202300014646";"155 654 610";"B01";"3";"7";"0";"2";"1";"1";"1";""
"202300014647";"155 654 604";"A01";"1";"2";"0";"4";"1";"15";"1";""
"202300014647";"155 654 605";"B01";"1";"40";"0";"2";"2";"1";"3";""
"202300014648";"155 654 601";"B01";"2";"32";"0";"2";"3";"1";"1";""
"202300014648";"155 654 602";"A01";"2";"7";"0";"2";"7";"12";"1";""
"202300014649";"155 654 600";"A01";"1";"7";"0";"2";"3";"2";"1";""
"202300014649";"155 654 603";"B01";"1";"7";"0";"2";"5";"2";"1";""
"202300014650";"155 654 599";"A01";"0";"30";"0";"1";"0";"0";"1";""
"202300014651";"155 654 598";"A01";"1";"7";"9";"0";"3";"1";"1";""
"202300014652";"155 654 597";"A01";"2";"7";"4";"0";"3";"1";"1";""
"202300014653";"155 654 594";"A01";"2";"7";"0";"2";"1";"2";"1";""
"202300014653";"155 654 596";"B01";"2";"14";"0";"2";"4";"2";"1";""
"202300014654";"155 654 593";"Z01";"1";"50";"0";"1";"1";"2";"3";""
"202300014655";"155 654 592";"A01";"1";"7";"0";"2";"1";"19";"2";""
"202300014655";"155 654 595";"B01";"2";"50";"0";"2";"7";"5";"3";""
"202300014656";"155 654 589";"A01";"2";"7";"0";"2";"3";"11";"1";""
"202300014656";"155 654 590";"B01";"2";"33";"0";"2";"2";"3";"1";""