"Num_Acc";"id_vehicule";"num_veh";"senc";"catv";"obs";"obsm";"choc";"manv";"motor";"occutc"
"202300014657";"155 654 588";"B01";"2";"7";"0";"2";"8";"1";"1";""
"202300014657";"155 654 591";"A01";"2";"14";"0";"2";"3";"21";"1";""
"202300014658";"155 654 585";"A01";"3";"33";"0";"2";"3";"19";"1";""
"202300014658";"155 654 587";"B01";"3";"1";"0";"2";"0";"19";"5";""
"202300014659";"155 654 581";"B01";"1";"7";"4";"2";"8";"11";"1";""
"202300014659";"155 654 584";"A01";"1";"33";"4";"2";"1";"3";"1";""
"202300014660";"155 654 583";"A01";"3";"7";"0";"2";"4";"1";"0";""
"202300014660";"155 654 586";"B01";"0";"7";"0";"2";"1";"1";"0";""
"202300014661";"155 654 579";"A01";"2";"33";"14";"0";"0";"1";"1";""
"202300014662";"155 654 578";"B01";"1";"7";"0";"2";"4";"1";"1";""
"202300014662";"155 654 580";"A01";"1";"15";"0";"2";"1";"1";"1";""
"202300014662";"155 654 582";"C01";"1";"10";"0";"2";"4";"1";"1";""
"202300014663";"155 654 577";"A01";"2";"7";"4";"0";"3";"21";"1";""
"202300014664";"155 654 576";"A01";"0";"7";"14";"0";"0";"0";"0";""
"202300014665";"155 654 574";"A01";"1";"50";"0";"0";"1";"1";"3";""
"202300014666";"155 654 573";"A01";"2";"7";"0";"2";"2";"12";"1";""
"202300014666";"155 654 575";"B01";"2";"33";"0";"2";"1";"1";"1";""
"202300014667";"155 654 571";"B01";"2";"33";"0";"2";"1";"3";"1";""
"202300014667";"155 654 572";"A01";"2";"7";"0";"2";"3";"11";"1";""
"202300014668";"155 654 569";"Z01";"2";"7";"0";"1";"1";"16";"1";""
"202300014669";"155 654 570";"A01";"1";"2";"0";"1";"1";"1";"1";""
"202300014670";"155 654 566";"A01";"3";"1";"0";"1";"1";"1";"5";""
"202300014671";"155 654 567";"A01";"1";"7";"0";"2";"1";"5";"1";""
"202300014671";"155 654 568";"B01";"2";"37";"0";"2";"3";"5";"1";"6"
"202300014672";"155 654 564";"A01";"1";"7";"0";"2";"3";"1";"1";""
"202300014672";"155 654 565";"B01";"1";"7";"0";"2";"5";"1";"1";""
"202300014673";"155 654 562";"A01";"1";"7";"1";"0";"1";"1";"1";""
"202300014674";"155 654 561";"B01";"3";"50";"0";"2";"1";"1";"3";""
"202300014674";"155 654 563";"A01";"3";"7";"0";"2";"2";"16";"1";""
"202300014675";"155 654 558";"A01";"3";"10";"0";"1";"4";"4";"1";""
"202300014676";"155 654 555";"A01";"2";"3";"1";"0";"3";"20";"1";""
"202300014676";"155 654 557";"B01";"2";"30";"1";"2";"2";"1";"1";""
"202300014677";"155 654 556";"A01";"3";"2";"0";"2";"1";"1";"1";""
"202300014677";"155 654 560";"B01";"3";"7";"0";"2";"5";"15";"1";""
"202300014678";"155 654 549";"A01";"1";"7";"0";"0";"0";"20";"0";""
"202300014678";"155 654 551";"B01";"0";"1";"0";"2";"1";"26";"5";""
"202300014679";"155 654 548";"A01";"2";"7";"0";"2";"3";"3";"1";""
"202300014679";"155 654 553";"C01";"1";"10";"0";"2";"8";"2";"1";""
"202300014679";"155 654 554";"B01";"1";"7";"0";"2";"5";"2";"1";""
"202300014680";"155 654 547";"B01";"3";"2";"0";"2";"3";"9";"1";""
"202300014680";"155 654 550";"A01";"3";"2";"0";"0";"1";"9";"6";""
"202300014681";"155 654 552";"A01";"2";"10";"0";"2";"1";"1";"1";""
"202300014681";"155 654 559";"B01";"2";"7";"0";"2";"4";"1";"1";""
"202300014682";"155 654 544";"A01";"0";"33";"0";"2";"1";"1";"1";""
"202300014682";"155 654 546";"B01";"0";"7";"0";"2";"3";"13";"1";""
"202300014683";"155 654 545";"A01";"1";"33";"0";"1";"3";"1";"1";""
"202300014684";"155 654 541";"A01";"1";"30";"0";"2";"8";"2";"3";""
"202300014684";"155 654 543";"B01";"1";"13";"0";"2";"7";"2";"1";""
"202300014685";"155 654 542";"A01";"1";"7";"14";"0";"1";"1";"1";""
"202300014686";"155 654 540";"A01";"2";"7";"0";"1";"3";"15";"1";""
"202300014687";"155 654 536";"B01";"1";"7";"0";"9";"6";"15";"1";""
"202300014687";"155 654 538";"A01";"1";"60";"0";"2";"1";"1";"5";""
"202300014688";"155 654 535";"A01";"2";"7";"0";"2";"3";"1";"1";""
"202300014688";"155 654 537";"B01";"1";"37";"0";"2";"3";"15";"1";"1"
"202300014689";"155 654 533";"A01";"2";"33";"0";"2";"1";"3";"1";""
"202300014689";"155 654 539";"B01";"2";"10";"0";"2";"5";"12";"1";""
"202300014690";"155 654 531";"A01";"2";"7";"0";"2";"1";"1";"1";""
"202300014690";"155 654 534";"B01";"2";"7";"0";"0";"4";"15";"1";""
"202300014691";"155 654 530";"A01";"2";"2";"0";"2";"8";"18";"1";""
"202300014691";"155 654 532";"B01";"1";"7";"0";"2";"3";"15";"1";""
"202300014692";"155 654 528";"A01";"2";"32";"6";"0";"1";"1";"6";""
"202300014693";"155 654 527";"A01";"1";"43";"0";"0";"8";"1";"1";""
"202300014694";"155 654 526";"A01";"1";"99";"0";"2";"1";"0";"0";""
"202300014694";"155 654 529";"B01";"1";"99";"0";"2";"0";"0";"0";""
"202300014695";"155 654 525";"A01";"1";"7";"1";"0";"0";"1";"1";""
"202300014696";"155 654 524";"A01";"3";"7";"13";"0";"9";"1";"1";""
"202300014697";"155 654 522";"A01";"1";"7";"0";"2";"6";"9";"1";""
"202300014697";"155 654 523";"B01";"1";"33";"0";"2";"1";"2";"1";""
"202300014698";"155 654 521";"A01";"1";"30";"0";"1";"1";"9";"1";""
"202300014699";"155 654 520";"A01";"1";"7";"2";"0";"9";"12";"1";""
"202300014700";"155 654 517";"A01";"3";"7";"0";"2";"6";"15";"1";""
"202300014700";"155 654 519";"B01";"3";"80";"0";"2";"1";"2";"3";""
"202300014701";"155 654 516";"A01";"1";"33";"0";"2";"0";"26";"1";""
"202300014702";"155 654 515";"B01";"3";"7";"0";"1";"2";"15";"1";""
"202300014703";"155 654 513";"B01";"1";"7";"0";"2";"6";"1";"1";""
"202300014703";"155 654 514";"C01";"1";"7";"0";"2";"1";"1";"2";""
"202300014703";"155 654 518";"A01";"2";"7";"0";"2";"1";"1";"1";""
"202300014704";"155 654 511";"A01";"1";"34";"0";"1";"1";"7";"1";""
"202300014705";"155 654 507";"B01";"3";"33";"1";"2";"1";"16";"1";""
"202300014705";"155 654 510";"A01";"3";"10";"0";"2";"1";"13";"1";""
"202300014706";"155 654 506";"B01";"1";"7";"0";"2";"1";"9";"1";""
"202300014706";"155 654 509";"A01";"2";"7";"0";"2";"3";"9";"1";""
"202300014707";"155 654 503";"A01";"1";"30";"0";"2";"7";"17";"1";""
"202300014707";"155 654 505";"B01";"1";"7";"0";"2";"8";"1";"1";""
"202300014708";"155 654 500";"B01";"1";"1";"0";"2";"1";"13";"5";""
"202300014708";"155 654 504";"A01";"1";"10";"0";"2";"2";"2";"1";""
"202300014709";"155 654 501";"B01";"1";"7";"0";"0";"1";"1";"1";""
"202300014709";"155 654 508";"C01";"2";"7";"0";"0";"1";"1";"1";""
"202300014709";"155 654 512";"A01";"2";"7";"0";"0";"1";"13";"1";""
"202300014710";"155 654 499";"A01";"3";"30";"0";"0";"0";"0";"1";""
"202300014711";"155 654 498";"A01";"2";"7";"0";"2";"1";"2";"1";""
"202300014711";"155 654 502";"B01";"2";"10";"0";"2";"4";"2";"1";""
"202300014712";"155 654 497";"A01";"2";"7";"0";"0";"1";"14";"1";""
"202300014713";"155 654 491";"A01";"1";"3";"0";"2";"1";"2";"1";""
"202300014713";"155 654 494";"B01";"1";"7";"0";"2";"4";"2";"1";""
"202300014714";"155 654 490";"B01";"2";"31";"0";"2";"1";"15";"1";""
"202300014714";"155 654 495";"A01";"2";"7";"0";"2";"3";"15";"1";""
"202300014715";"155 654 492";"A01";"2";"7";"0";"1";"3";"1";"1";""
"202300014716";"155 654 489";"C01";"2";"7";"0";"0";"1";"1";"1";""
"202300014716";"155 654 493";"A01";"1";"7";"0";"0";"1";"5";"1";""
"202300014716";"155 654 496";"B01";"2";"7";"0";"0";"3";"1";"1";""
"202300014717";"155 654 488";"A01";"1";"32";"14";"0";"1";"26";"1";""
"202300014718";"155 654 483";"A01";"1";"7";"0";"1";"2";"17";"1";""
"202300014719";"155 654 485";"A01";"1";"7";"0";"2";"2";"17";"1";""
"202300014719";"155 654 487";"B01";"1";"80";"0";"2";"8";"13";"3";""
"202300014720";"155 654 481";"B01";"3";"7";"0";"2";"5";"19";"1";""
"202300014720";"155 654 486";"A01";"3";"10";"0";"2";"2";"1";"1";""
"202300014721";"155 654 482";"B01";"1";"7";"0";"1";"3";"1";"1";""
"202300014722";"155 654 480";"A01";"1";"7";"0";"2";"2";"2";"0";""
"202300014722";"155 654 484";"B01";"1";"1";"0";"0";"1";"2";"5";""
"202300014723";"155 654 475";"A01";"2";"1";"0";"2";"2";"1";"5";""
"202300014723";"155 654 477";"B01";"1";"7";"0";"2";"2";"15";"1";""
"202300014724";"155 654 476";"A01";"3";"34";"0";"1";"2";"3";"1";""
"202300014725";"155 654 474";"A01";"1";"7";"17";"0";"1";"1";"1";""
"202300014726";"155 654 467";"A01";"3";"2";"15";"0";"1";"5";"1";""
"202300014727";"155 654 471";"A01";"2";"7";"0";"0";"6";"15";"0";""
"202300014727";"155 654 473";"B01";"2";"7";"0";"0";"1";"17";"0";""
"202300014728";"155 654 464";"A01";"3";"7";"0";"1";"1";"1";"1";""
"202300014729";"155 654 465";"A01";"2";"7";"4";"2";"1";"11";"1";""
"202300014729";"155 654 469";"B01";"2";"7";"4";"2";"2";"0";"2";""
"202300014730";"155 654 463";"A01";"1";"33";"13";"0";"0";"16";"1";""
"202300014731";"155 654 462";"A01";"2";"1";"0";"0";"0";"1";"5";""
"202300014732";"155 654 457";"A01";"1";"7";"0";"2";"1";"13";"1";""
"202300014732";"155 654 460";"B01";"1";"7";"0";"2";"6";"1";"1";""
"202300014733";"155 654 458";"Z01";"2";"7";"0";"2";"1";"15";"0";""
"202300014733";"155 654 461";"A01";"1";"32";"0";"2";"1";"1";"3";""
"202300014734";"155 654 455";"A01";"1";"7";"0";"2";"3";"13";"1";""
"202300014734";"155 654 459";"B01";"2";"2";"0";"2";"1";"1";"1";""
"202300014735";"155 654 454";"A01";"3";"2";"14";"0";"1";"1";"1";""
"202300014736";"155 654 452";"A01";"2";"7";"0";"2";"2";"2";"1";""
"202300014736";"155 654 453";"B01";"2";"7";"0";"2";"9";"2";"1";""
"202300014736";"155 654 456";"C01";"2";"7";"0";"2";"5";"2";"1";""
"202300014737";"155 654 448";"A01";"3";"7";"0";"9";"3";"15";"1";""
"202300014737";"155 654 450";"B01";"3";"80";"0";"2";"1";"1";"3";""
"202300014738";"155 654 442";"B01";"2";"33";"0";"0";"0";"0";"1";""
"202300014738";"155 654 447";"A01";"2";"7";"0";"2";"3";"10";"1";""
"202300014739";"155 654 443";"A01";"1";"7";"0";"2";"3";"21";"1";""
"202300014739";"155 654 445";"B01";"2";"99";"0";"0";"8";"1";"1";""
"202300014740";"155 654 441";"A01";"2";"7";"0";"2";"1";"5";"0";""
"202300014740";"155 654 444";"B01";"2";"7";"0";"2";"1";"2";"0";""
"202300014741";"155 654 438";"A01";"1";"7";"0";"0";"1";"2";"1";""
"202300014741";"155 654 440";"B01";"1";"7";"0";"0";"4";"2";"1";""
"202300014742";"155 654 439";"A01";"0";"7";"0";"0";"1";"0";"1";""
"202300014743";"155 654 435";"A01";"0";"1";"0";"2";"1";"1";"5";""
"202300014743";"155 654 437";"B01";"0";"7";"0";"2";"8";"1";"1";""
"202300014744";"155 654 436";"A01";"2";"7";"6";"0";"1";"17";"1";""
"202300014745";"155 654 429";"B01";"1";"10";"0";"2";"1";"1";"1";""
"202300014745";"155 654 433";"A01";"1";"7";"0";"2";"4";"15";"1";""
"202300014746";"155 654 428";"B01";"2";"7";"0";"2";"1";"5";"1";""
"202300014746";"155 654 432";"A01";"1";"7";"0";"2";"3";"1";"1";""
"202300014747";"155 654 430";"A01";"3";"7";"0";"2";"1";"21";"1";""
"202300014747";"155 654 434";"B01";"3";"7";"0";"2";"1";"1";"1";""
"202300014748";"155 654 426";"B01";"1";"50";"0";"2";"7";"15";"3";""
"202300014748";"155 654 431";"A01";"1";"37";"0";"2";"1";"1";"1";"1"
"202300014749";"155 654 424";"A01";"2";"31";"0";"2";"1";"1";"1";""
"202300014749";"155 654 427";"B01";"3";"80";"0";"2";"6";"15";"3";""
"202300014750";"155 654 423";"A01";"1";"7";"0";"2";"1";"1";"1";""
"202300014750";"155 654 425";"B01";"1";"17";"0";"2";"4";"1";"1";""
"202300014751";"155 654 420";"A01";"1";"34";"12";"0";"1";"14";"1";""
"202300014752";"155 654 419";"A01";"1";"7";"0";"2";"2";"15";"2";""
"202300014752";"155 654 421";"B01";"1";"2";"0";"2";"1";"3";"1";""
"202300014753";"155 654 418";"B01";"2";"7";"0";"9";"1";"16";"0";""
"202300014753";"155 654 422";"A01";"2";"50";"0";"2";"7";"19";"3";""
"202300014754";"155 654 411";"A01";"2";"2";"0";"2";"1";"13";"1";""
"202300014754";"155 654 414";"B01";"1";"37";"0";"2";"1";"1";"1";"1"
"202300014755";"155 654 412";"A01";"2";"7";"0";"2";"2";"17";"1";""
"202300014755";"155 654 415";"B01";"2";"7";"0";"2";"6";"2";"1";""
"202300014756";"155 654 410";"A01";"3";"7";"0";"2";"1";"1";"1";""
"202300014756";"155 654 416";"B01";"3";"80";"0";"2";"0";"19";"3";""
"202300014757";"155 654 409";"A01";"3";"7";"0";"2";"8";"1";"0";""
"202300014757";"155 654 417";"B01";"1";"10";"0";"2";"2";"1";"0";""
"202300014758";"155 654 408";"A01";"3";"7";"0";"2";"7";"10";"1";""
"202300014758";"155 654 413";"B01";"3";"7";"0";"2";"1";"1";"1";""
"202300014759";"155 654 406";"A01";"2";"7";"3";"0";"1";"16";"1";""
"202300014760";"155 654 404";"A01";"1";"15";"3";"2";"1";"6";"1";""
"202300014760";"155 654 407";"B01";"2";"15";"0";"2";"1";"1";"1";""
"202300014761";"155 654 405";"A01";"1";"7";"13";"0";"2";"14";"1";""
"202300014762";"155 654 403";"A01";"2";"7";"2";"0";"1";"14";"1";""
"202300014763";"155 654 401";"B01";"2";"50";"0";"2";"1";"1";"0";""
"202300014763";"155 654 402";"A01";"2";"7";"0";"9";"5";"16";"0";""
"202300014764";"155 654 399";"A01";"2";"10";"4";"0";"3";"13";"1";""
"202300014765";"155 654 398";"A01";"2";"33";"12";"0";"0";"1";"1";""
"202300014766";"155 654 397";"A01";"2";"34";"0";"2";"7";"3";"1";""
"202300014766";"155 654 400";"B01";"2";"7";"0";"2";"3";"15";"1";""
"202300014767";"155 654 396";"A01";"3";"7";"13";"0";"0";"0";"0";""
"202300014768";"155 654 394";"A01";"0";"7";"15";"0";"1";"14";"1";""
"202300014769";"155 654 388";"B01";"2";"7";"0";"2";"1";"2";"1";""
"202300014769";"155 654 393";"A01";"2";"7";"0";"0";"4";"26";"1";""
"202300014770";"155 654 390";"A01";"1";"7";"1";"0";"2";"14";"1";""
"202300014770";"155 654 395";"B01";"1";"7";"0";"2";"6";"0";"1";""
"202300014771";"155 654 389";"A01";"1";"7";"0";"0";"0";"0";"1";""
"202300014772";"155 654 391";"A01";"1";"7";"0";"2";"3";"9";"1";""
"202300014772";"155 654 392";"B01";"2";"33";"0";"2";"1";"1";"1";""
"202300014773";"155 654 386";"B01";"3";"1";"0";"2";"4";"1";"5";""
"202300014773";"155 654 387";"A01";"3";"7";"0";"2";"4";"15";"1";""
"202300014774";"155 654 385";"A01";"2";"50";"1";"0";"0";"1";"3";""
"202300014775";"155 654 381";"A01";"1";"32";"0";"1";"3";"17";"1";""
"202300014776";"155 654 382";"A01";"3";"7";"0";"1";"3";"1";"1";""
"202300014777";"155 654 380";"B01";"1";"7";"0";"2";"1";"1";"1";""
"202300014777";"155 654 383";"A01";"2";"7";"0";"2";"1";"1";"1";""
"202300014778";"155 654 378";"A01";"1";"31";"0";"1";"1";"16";"1";""
"202300014779";"155 654 376";"A01";"1";"15";"3";"0";"1";"0";"1";""
"202300014780";"155 654 375";"A01";"1";"32";"0";"2";"1";"1";"1";""
"202300014780";"155 654 377";"B01";"1";"7";"0";"2";"6";"23";"1";""
"202300014781";"155 654 368";"A01";"1";"7";"0";"1";"1";"1";"1";""
"202300014782";"155 654 370";"B01";"3";"1";"0";"0";"1";"2";"5";""
"202300014782";"155 654 374";"A01";"3";"7";"0";"2";"4";"4";"1";""
"202300014783";"155 654 366";"D01";"2";"7";"0";"2";"4";"2";"1";""
"202300014783";"155 654 369";"E01";"2";"7";"0";"2";"4";"2";"2";""
"202300014783";"155 654 373";"A01";"2";"7";"0";"2";"1";"2";"0";""
"202300014783";"155 654 379";"B01";"2";"7";"0";"2";"9";"2";"1";""
"202300014783";"155 654 384";"C01";"2";"7";"0";"2";"4";"2";"0";""
"202300014784";"155 654 365";"A01";"1";"2";"0";"2";"3";"1";"1";""
"202300014784";"155 654 371";"B01";"0";"10";"0";"2";"2";"9";"1";""
"202300014785";"155 654 367";"B01";"1";"10";"0";"1";"1";"23";"1";""
"202300014785";"155 654 372";"A01";"1";"7";"0";"2";"1";"2";"1";""
"202300014786";"155 654 363";"A01";"2";"7";"0";"2";"5";"15";"1";""
"202300014786";"155 654 364";"B01";"1";"33";"0";"2";"1";"1";"1";""
"202300014787";"155 654 362";"A01";"2";"33";"4";"0";"8";"1";"1";""
"202300014788";"155 654 360";"A01";"1";"7";"13";"0";"1";"1";"0";""
"202300014789";"155 654 359";"A01";"3";"7";"0";"2";"1";"15";"1";""
"202300014789";"155 654 361";"B01";"3";"33";"0";"2";"1";"17";"1";""
"202300014790";"155 654 358";"A01";"0";"7";"0";"1";"3";"1";"1";""
"202300014791";"155 654 357";"A01";"1";"7";"6";"0";"1";"0";"1";""
"202300014792";"155 654 347";"B01";"1";"1";"0";"2";"1";"1";"5";""
"202300014792";"155 654 351";"A01";"1";"10";"0";"2";"2";"1";"1";""
"202300014793";"155 654 346";"B01";"0";"1";"0";"2";"1";"16";"5";""
"202300014793";"155 654 353";"A01";"0";"7";"0";"2";"2";"15";"1";""
"202300014794";"155 654 344";"A01";"1";"7";"0";"2";"4";"1";"1";""
"202300014794";"155 654 349";"B01";"1";"7";"0";"2";"4";"0";"1";""
"202300014794";"155 654 355";"D01";"1";"7";"0";"2";"1";"0";"0";""
"202300014794";"155 654 356";"C01";"1";"7";"0";"2";"1";"1";"1";""
"202300014795";"155 654 343";"A01";"1";"7";"0";"2";"9";"13";"1";""
"202300014795";"155 654 350";"B01";"1";"7";"0";"2";"1";"18";"1";""
"202300014795";"155 654 354";"C01";"2";"7";"0";"2";"1";"1";"1";""
"202300014796";"155 654 342";"C01";"2";"7";"0";"2";"4";"2";"1";""
"202300014796";"155 654 345";"B01";"2";"7";"0";"2";"4";"2";"1";""
"202300014796";"155 654 348";"D01";"2";"7";"0";"2";"4";"2";"1";""
"202300014796";"155 654 352";"A01";"1";"7";"0";"2";"1";"2";"1";""
"202300014797";"155 654 341";"A01";"1";"7";"8";"0";"1";"0";"0";""
"202300014798";"155 654 340";"A01";"2";"33";"0";"1";"1";"1";"1";""
"202300014799";"155 654 339";"A01";"1";"10";"3";"0";"0";"26";"1";""
"202300014800";"155 654 337";"A01";"1";"7";"9";"2";"1";"1";"1";""
"202300014800";"155 654 338";"B01";"2";"7";"0";"2";"2";"15";"1";""
"202300014801";"155 654 336";"A01";"1";"14";"0";"1";"1";"1";"1";""
"202300014802";"155 654 335";"A01";"2";"10";"0";"1";"1";"1";"1";""
"202300014803";"155 654 334";"A01";"1";"7";"8";"0";"1";"1";"1";""
"202300014804";"155 654 330";"A01";"1";"7";"0";"2";"2";"15";"1";""
"202300014804";"155 654 332";"B01";"2";"1";"0";"2";"1";"1";"5";""
"202300014805";"155 654 327";"A01";"3";"7";"0";"2";"3";"15";"1";""
"202300014805";"155 654 333";"B01";"3";"7";"0";"2";"2";"1";"1";""
"202300014806";"155 654 328";"A01";"2";"7";"0";"2";"1";"2";"1";""
"202300014806";"155 654 331";"B01";"2";"7";"0";"2";"4";"2";"1";""
"202300014807";"155 654 322";"A01";"1";"33";"0";"0";"8";"1";"1";""
"202300014808";"155 654 320";"A01";"0";"7";"14";"2";"4";"23";"1";""
"202300014808";"155 654 324";"B01";"3";"7";"14";"2";"1";"2";"1";""
"202300014809";"155 654 323";"B01";"2";"7";"13";"2";"3";"1";"1";""
"202300014809";"155 654 325";"A01";"1";"7";"13";"2";"3";"13";"1";""
"202300014810";"155 654 321";"A01";"3";"7";"0";"0";"7";"1";"1";""
"202300014811";"155 654 314";"B01";"1";"7";"0";"2";"2";"1";"1";""
"202300014811";"155 654 318";"A01";"1";"7";"0";"2";"3";"9";"1";""
"202300014812";"155 654 313";"A01";"1";"15";"0";"2";"1";"1";"1";""
"202300014812";"155 654 319";"B01";"1";"10";"0";"2";"4";"1";"1";""
"202300014813";"155 654 315";"A01";"2";"2";"11";"0";"1";"17";"1";""
"202300014814";"155 654 312";"Z01";"1";"7";"0";"2";"0";"1";"0";""
"202300014814";"155 654 317";"A01";"1";"33";"0";"2";"8";"1";"1";""
"202300014815";"155 654 311";"A01";"3";"7";"0";"2";"8";"1";"1";""
"202300014815";"155 654 316";"B01";"3";"7";"0";"2";"1";"1";"1";""
"202300014816";"155 654 307";"A01";"1";"7";"13";"0";"9";"1";"1";""
"202300014817";"155 654 306";"B01";"1";"7";"0";"2";"2";"1";"1";""
"202300014817";"155 654 310";"A01";"1";"32";"0";"2";"6";"1";"1";""
"202300014818";"155 654 305";"B01";"2";"2";"0";"2";"2";"1";"1";""
"202300014818";"155 654 308";"A01";"2";"7";"0";"2";"3";"10";"1";""
"202300014819";"155 654 304";"B01";"3";"7";"0";"2";"4";"1";"1";""
"202300014819";"155 654 309";"A01";"3";"7";"0";"2";"1";"1";"1";""
"202300014820";"155 654 301";"A01";"0";"34";"0";"0";"7";"1";"1";""
"202300014821";"155 654 296";"A01";"1";"7";"0";"1";"1";"15";"1";""
"202300014822";"155 654 298";"A01";"3";"7";"8";"0";"2";"0";"1";""
"202300014823";"155 654 295";"C01";"1";"7";"0";"2";"1";"1";"1";""
"202300014823";"155 654 297";"A01";"1";"7";"0";"2";"4";"1";"1";""
"202300014823";"155 654 300";"B01";"1";"7";"0";"2";"9";"1";"1";""
"202300014824";"155 654 294";"A01";"3";"7";"0";"1";"3";"1";"1";""
"202300014825";"155 654 293";"A01";"1";"7";"0";"2";"1";"1";"1";""
"202300014826";"155 654 291";"A01";"0";"2";"0";"1";"1";"1";"1";""
"202300014827";"155 654 287";"A01";"1";"7";"0";"2";"1";"2";"1";""
"202300014827";"155 654 292";"B01";"1";"7";"0";"2";"4";"2";"1";""
"202300014827";"155 654 299";"C01";"1";"7";"0";"2";"4";"2";"1";""
"202300014827";"155 654 302";"D01";"1";"7";"0";"2";"4";"2";"1";""
"202300014827";"155 654 303";"E01";"1";"7";"0";"0";"4";"2";"1";""
"202300014828";"155 654 284";"A01";"1";"7";"0";"1";"2";"15";"1";""
"202300014829";"155 654 283";"B01";"3";"31";"0";"2";"7";"1";"1";""
"202300014829";"155 654 289";"A01";"0";"7";"0";"2";"1";"1";"0";""
"202300014830";"155 654 282";"A01";"3";"50";"0";"2";"1";"5";"3";""
"202300014830";"155 654 286";"B01";"0";"7";"0";"2";"1";"1";"1";""
"202300014831";"155 654 281";"A01";"1";"50";"0";"0";"0";"1";"3";""
"202300014832";"155 654 280";"A01";"2";"7";"13";"0";"2";"0";"1";""
"202300014833";"155 654 277";"A01";"1";"10";"0";"1";"1";"1";"1";""
"202300014834";"155 654 276";"A01";"2";"7";"0";"2";"7";"17";"1";""
"202300014834";"155 654 279";"B01";"2";"30";"0";"2";"8";"1";"1";""
"202300014835";"155 654 275";"A01";"3";"1";"0";"2";"1";"26";"5";""
"202300014835";"155 654 278";"B01";"2";"33";"0";"2";"0";"1";"1";""
"202300014836";"155 654 273";"A01";"2";"7";"3";"0";"9";"1";"1";""
"202300014837";"155 654 268";"A01";"1";"7";"0";"2";"1";"2";"1";""
"202300014837";"155 654 270";"B01";"1";"7";"0";"2";"6";"1";"1";""
"202300014838";"155 654 266";"A01";"3";"7";"8";"2";"1";"6";"1";""
"202300014838";"155 654 271";"C01";"3";"10";"15";"2";"0";"0";"1";""
"202300014838";"155 654 274";"B01";"3";"7";"0";"2";"8";"1";"1";""
"202300014839";"155 654 264";"A01";"2";"7";"0";"2";"3";"13";"1";""
"202300014839";"155 654 267";"B01";"1";"17";"0";"2";"1";"1";"1";""
"202300014840";"155 654 263";"A01";"1";"7";"3";"0";"1";"1";"1";""
"202300014841";"155 654 260";"A01";"2";"10";"0";"2";"3";"13";"1";""
"202300014841";"155 654 265";"B01";"1";"10";"0";"2";"3";"1";"1";""
"202300014842";"155 654 259";"A01";"2";"7";"0";"2";"3";"15";"3";""
"202300014842";"155 654 262";"B01";"1";"50";"0";"2";"1";"1";"3";""
"202300014843";"155 654 257";"B01";"2";"50";"0";"0";"1";"1";"3";""
"202300014843";"155 654 261";"A01";"1";"7";"0";"9";"2";"15";"1";""
"202300014844";"155 654 258";"A01";"1";"30";"0";"0";"7";"16";"1";""
"202300014845";"155 654 256";"A01";"2";"7";"0";"1";"1";"1";"1";""
"202300014846";"155 654 253";"A01";"2";"7";"0";"0";"2";"1";"0";""
"202300014847";"155 654 254";"A01";"2";"7";"0";"1";"1";"1";"1";""
"202300014848";"155 654 251";"A01";"1";"7";"10";"0";"3";"13";"1";""
"202300014849";"155 654 250";"B01";"1";"10";"0";"2";"1";"1";"1";""
"202300014849";"155 654 255";"A01";"1";"7";"0";"2";"3";"15";"1";""
"202300014850";"155 654 249";"A01";"1";"7";"0";"2";"3";"1";"1";""
"202300014850";"155 654 252";"B01";"2";"7";"0";"2";"3";"13";"0";""
"202300014851";"155 654 247";"A01";"1";"7";"0";"1";"3";"1";"1";""
"202300014852";"155 654 246";"A01";"3";"1";"0";"2";"4";"15";"5";""
"202300014852";"155 654 248";"B01";"3";"33";"0";"2";"7";"1";"1";""
"202300014853";"155 654 244";"A01";"1";"7";"8";"0";"1";"14";"1";""
"202300014854";"155 654 245";"A01";"2";"10";"0";"1";"1";"19";"1";""
"202300014855";"155 654 242";"A01";"2";"7";"0";"0";"5";"1";"1";""
"202300014855";"155 654 243";"B01";"2";"7";"0";"0";"6";"2";"1";""
"202300014856";"155 654 238";"A01";"3";"7";"0";"2";"1";"9";"0";""
"202300014856";"155 654 241";"B01";"3";"2";"0";"2";"1";"1";"0";""
"202300014857";"155 654 239";"A01";" -1";"1";"0";"0";"0";" -1";"5";""
"202300014858";"155 654 237";"A01";"2";"7";"0";"2";"2";"1";"1";""
"202300014858";"155 654 240";"B01";"1";"7";"0";"2";"2";"1";"1";""
"202300014859";"155 654 234";"A01";"2";"7";"0";"2";"8";"13";"1";""
"202300014859";"155 654 236";"B01";"2";"33";"0";"2";"1";"1";"1";""
"202300014860";"155 654 231";"A01";"1";"7";"4";"2";"1";"2";"1";""
"202300014860";"155 654 235";"B01";"1";"10";"0";"2";"4";"1";"1";""
"202300014861";"155 654 233";"A01";"3";"2";"0";"1";"1";"1";"0";""
"202300014862";"155 654 229";"B01";"2";"10";"0";"2";"4";"2";"0";""
"202300014862";"155 654 232";"A01";"2";"17";"0";"2";"1";"2";"1";""
"202300014863";"155 654 228";"B01";"2";"7";"0";"2";"6";"1";"1";""
"202300014863";"155 654 230";"A01";"1";"7";"2";"2";"3";"1";"1";""
"202300014864";"155 654 224";"A01";"1";"7";"0";"2";"1";"16";"1";""
"202300014864";"155 654 227";"B01";"1";"33";"0";"2";"1";"2";"1";""