"Num_Acc";"id_vehicule";"num_veh";"senc";"catv";"obs";"obsm";"choc";"manv";"motor";"occutc"
"202300015695";"155 652 768";"A01";"1";"7";"0";"2";"1";"2";"1";""
"202300015695";"155 652 769";"B01";"1";"7";"0";"2";"6";"15";"1";""
"202300015696";"155 652 766";"A01";"2";"7";"0";"2";"1";"14";"1";""
"202300015696";"155 652 767";"B01";"1";"7";"0";"2";"1";"1";"1";""
"202300015697";"155 652 763";"A01";"3";"7";"8";"0";"2";"14";"1";""
"202300015698";"155 652 761";"B01";"1";"7";"0";"2";"7";"1";"1";""
"202300015698";"155 652 762";"A01";"1";"7";"0";"2";"1";"1";"1";""
"202300015699";"155 652 760";"A01";"2";"7";"6";"0";"1";"14";"1";""
"202300015700";"155 652 759";"A01";"1";"33";"0";"0";"8";"15";"0";""
"202300015701";"155 652 757";"A01";"1";"7";"3";"2";"1";"13";"3";""
"202300015701";"155 652 758";"B01";"2";"7";"3";"2";"1";"0";"1";""
"202300015702";"155 652 755";"A01";"1";"7";"0";"0";"3";"5";"1";""
"202300015702";"155 652 756";"B01";"2";"7";"0";"0";"3";"1";"3";""
"202300015703";"155 652 753";"B01";"2";"7";"0";"0";"5";"1";"1";""
"202300015703";"155 652 754";"A01";"1";"7";"2";"2";"2";"5";"1";""
"202300015704";"155 652 751";"A01";"2";"10";"0";"2";"2";"13";"0";""
"202300015704";"155 652 752";"B01";"1";"7";"0";"2";"7";"13";"0";""
"202300015705";"155 652 750";"A01";"2";"33";"6";"0";"1";"1";"1";""
"202300015706";"155 652 748";"B01";"2";"7";"0";"2";"3";"1";"1";""
"202300015706";"155 652 749";"A01";"1";"33";"0";"2";"7";"13";"1";""
"202300015707";"155 652 746";"A01";"2";"7";"0";"2";"3";"11";"1";""
"202300015707";"155 652 747";"B01";"2";"33";"1";"2";"2";"2";"1";""
"202300015708";"155 652 744";"A01";"1";"10";"0";"2";"2";"13";"1";""
"202300015708";"155 652 745";"B01";"2";"7";"13";"2";"2";"1";"1";""
"202300015709";"155 652 742";"B01";"1";"10";"0";"2";"8";"1";"1";""
"202300015709";"155 652 743";"A01";"2";"7";"0";"2";"1";"1";"1";""
"202300015710";"155 652 739";"A01";"2";"7";"0";"2";"3";"11";"1";""
"202300015710";"155 652 740";"B01";"1";"2";"0";"2";"1";"1";"1";""
"202300015710";"155 652 741";"C01";"0";"7";"0";"0";"3";"23";"1";""
"202300015711";"155 652 738";"A01";"3";"10";"0";"1";"4";"4";"1";""
"202300015712";"155 652 736";"B01";"2";"33";"0";"2";"1";"1";"1";""
"202300015712";"155 652 737";"A01";"1";"7";"0";"2";"7";"15";"1";""
"202300015713";"155 652 734";"A01";"1";"7";"0";"2";"2";"12";"1";""
"202300015713";"155 652 735";"B01";"1";"31";"0";"2";"3";"1";"1";""
"202300015714";"155 652 732";"B01";"2";"7";"0";"2";"4";"2";"1";""
"202300015714";"155 652 733";"A01";"2";"31";"0";"2";"1";"2";"1";""
"202300015715";"155 652 730";"B01";"2";"10";"3";"2";"6";"2";"1";""
"202300015715";"155 652 731";"A01";"2";"43";"3";"2";"7";"2";"1";""
"202300015716";"155 652 728";"A01";"2";"33";"0";"2";"1";"3";"1";""
"202300015716";"155 652 729";"B01";"2";"7";"0";"2";"4";"11";"1";""
"202300015717";"155 652 726";"B01";"1";"7";"0";"2";"6";"13";"1";""
"202300015717";"155 652 727";"A01";"1";"33";"0";"2";"2";"12";"1";""
"202300015718";"155 652 725";"A01";"1";"7";"1";"0";"3";"1";"1";""
"202300015719";"155 652 724";"A01";"2";"7";"4";"0";"1";"1";"1";""
"202300015720";"155 652 721";"A01";"2";"10";"0";"2";"3";"15";"1";""
"202300015720";"155 652 722";"B01";"1";"2";"0";"2";"4";"1";"1";""
"202300015720";"155 652 723";"C01";"1";"7";"0";"2";"4";"1";"1";""
"202300015721";"155 652 719";"A01";"1";"7";"0";"2";"1";"1";"1";""
"202300015721";"155 652 720";"B01";"2";"2";"0";"2";"3";"1";"1";""
"202300015722";"155 652 718";"A01";"2";"33";"0";"1";"1";"2";"1";""
"202300015723";"155 652 716";"B01";"1";"99";"0";"2";"1";"1";"1";""
"202300015723";"155 652 717";"A01";"2";"7";"0";"2";"7";"19";"1";""
"202300015724";"155 652 714";"A01";"1";"7";"0";"2";"1";"1";"1";""
"202300015724";"155 652 715";"B01";"3";"7";"0";"2";"7";"19";"1";""
"202300015725";"155 652 713";"A01";"1";"7";"0";"1";"3";"15";"1";""
"202300015726";"155 652 711";"B01";"1";"7";"0";"2";"1";"2";"1";""
"202300015726";"155 652 712";"A01";"1";"7";"0";"2";"2";"15";"1";""
"202300015727";"155 652 709";"A01";"1";"31";"0";"2";"6";"0";"6";""
"202300015727";"155 652 710";"B01";"1";"7";"0";"2";"3";"0";"6";""
"202300015728";"155 652 708";"A01";"2";"30";"0";"1";"1";"1";"1";""
"202300015729";"155 652 706";"B01";"3";"7";"1";"2";"7";"0";"0";""
"202300015729";"155 652 707";"A01";"1";"7";"0";"2";"8";"0";"1";""
"202300015730";"155 652 704";"B01";"2";"7";"0";"2";"0";"2";"0";""
"202300015730";"155 652 705";"A01";"2";"7";"0";"2";"0";"2";"0";""
"202300015731";"155 652 702";"B01";"1";"7";"0";"2";"1";"1";"1";""
"202300015731";"155 652 703";"A01";"1";"7";"0";"2";"2";"19";"1";""
"202300015732";"155 652 700";"B01";"2";"30";"0";"2";"0";"0";"0";""
"202300015732";"155 652 701";"A01";"2";"3";"0";"2";"7";"17";"3";""
"202300015733";"155 652 698";"A01";"3";"2";"0";"2";"8";"9";"1";""
"202300015733";"155 652 699";"B01";"3";"7";"0";"2";"2";"1";"1";""
"202300015734";"155 652 697";"A01";"2";"2";"0";"0";"0";"1";"1";""
"202300015735";"155 652 695";"A01";"1";"33";"0";"2";"8";"1";"0";""
"202300015735";"155 652 696";"B01";"2";"7";"0";"2";"0";"10";"1";""
"202300015736";"155 652 689";"B01";"1";"7";"0";"2";"7";"23";"1";""
"202300015736";"155 652 690";"A01";"1";"33";"14";"0";"0";"3";"1";""
"202300015736";"155 652 691";"D01";"1";"7";"0";"2";"5";"23";"3";""
"202300015736";"155 652 692";"C01";"1";"10";"0";"2";"5";"23";"1";""
"202300015737";"155 652 687";"A01";"3";"50";"0";"2";"1";"1";"3";""
"202300015737";"155 652 688";"B01";"0";"7";"0";"2";"6";"1";"1";""
"202300015738";"155 652 685";"B01";"3";"10";"0";"2";"4";"1";"1";""
"202300015738";"155 652 686";"A01";"3";"10";"0";"2";"1";"1";"1";""
"202300015739";"155 652 683";"A01";"2";"7";"0";"2";"1";"1";"1";""
"202300015739";"155 652 684";"B01";"2";"7";"0";"2";"4";"0";"1";""
"202300015740";"155 652 681";"B01";"3";"10";"0";"2";"4";"23";"1";""
"202300015740";"155 652 682";"A01";"3";"7";"0";"2";"1";"2";"1";""
"202300015741";"155 652 679";"A01";"1";"7";"0";"2";"1";"15";"1";""
"202300015741";"155 652 680";"B01";"0";"2";"0";"2";"3";"1";"1";""
"202300015742";"155 652 677";"A01";"2";"30";"0";"2";"1";"15";"1";""
"202300015742";"155 652 678";"B01";"1";"7";"0";"2";"3";"1";"1";""
"202300015743";"155 652 676";"A01";"1";"7";"0";"1";"1";"1";"1";""
"202300015744";"155 652 674";"A01";"1";"10";"13";"2";"3";"2";"1";""
"202300015744";"155 652 675";"B01";"1";"7";"0";"2";"5";"2";"1";""
"202300015745";"155 652 672";"B01";"1";"7";"0";"2";"1";"1";"1";""
"202300015745";"155 652 673";"Z01";"1";"10";"6";"2";"7";"1";"1";""
"202300015746";"155 652 671";"A01";"1";"7";"6";"0";"1";"1";"1";""
"202300015747";"155 652 669";"A01";"1";"7";"0";"2";"2";"15";"1";""
"202300015747";"155 652 670";"B01";"2";"33";"0";"2";"1";"1";"1";""
"202300015748";"155 652 668";"A01";"3";"7";"0";"2";"0";"0";"1";""
"202300015749";"155 652 667";"A01";"2";"7";"6";"0";"1";"14";"1";""
"202300015750";"155 652 665";"B01";"2";"7";"0";"2";"1";"1";"1";""
"202300015750";"155 652 666";"A01";"0";"7";"0";"2";"6";"1";"1";""
"202300015751";"155 652 663";"A01";"1";"7";"0";"2";"5";"9";"1";""
"202300015751";"155 652 664";"B01";"1";"7";"0";"2";"3";"1";"1";""
"202300015752";"155 652 661";"B01";"2";"7";"0";"2";"2";"1";"1";""
"202300015752";"155 652 662";"A01";"2";"7";"0";"2";"3";"9";"1";""
"202300015753";"155 652 659";"A01";"1";"7";"0";"2";"2";"1";"1";""
"202300015753";"155 652 660";"B01";"3";"10";"0";"2";"8";"1";"1";""
"202300015754";"155 652 657";"A01";"2";"31";"11";"2";"9";"17";"1";""
"202300015754";"155 652 658";"B01";"2";"7";"0";"2";"1";"1";"1";""
"202300015755";"155 652 655";"A01";"2";"7";"13";"0";"2";"1";"1";""
"202300015755";"155 652 656";"B01";"2";"7";"0";"0";"0";"16";"1";""
"202300015756";"155 652 653";"A01";"1";"7";"0";"2";"1";"21";"1";""
"202300015756";"155 652 654";"B01";"1";"7";"0";"2";"4";"1";"1";""
"202300015757";"155 652 651";"A01";"2";"33";"0";"2";"1";"12";"1";""
"202300015757";"155 652 652";"B01";"2";"7";"0";"2";"3";"1";"1";""
"202300015758";"155 652 649";"B01";"2";"7";"0";"2";"2";"1";"1";""
"202300015758";"155 652 650";"A01";"2";"7";"0";"2";"3";"1";"1";""
"202300015759";"155 652 645";"A01";"2";"7";"0";"2";"4";"2";"1";""
"202300015759";"155 652 646";"B01";"1";"7";"0";"2";"1";"2";"1";""
"202300015760";"155 652 644";"A01";"3";"7";"0";"1";"1";"20";"1";""
"202300015761";"155 652 642";"A01";"1";"7";"0";"2";"1";"1";"1";""
"202300015761";"155 652 643";"B01";"1";"7";"0";"2";"4";"23";"1";""
"202300015762";"155 652 640";"B01";"1";"10";"0";"2";"6";"11";"1";""
"202300015762";"155 652 641";"A01";"1";"43";"0";"2";"1";"1";"1";""
"202300015763";"155 652 638";"B01";"2";"7";"0";"2";"5";"1";"6";""
"202300015763";"155 652 639";"A01";"2";"32";"0";"2";"3";"1";"1";""
"202300015764";"155 652 635";"B01";"1";"31";"0";"0";"1";"1";"1";""
"202300015764";"155 652 636";"A01";"1";"7";"0";"2";"2";"1";"1";""
"202300015764";"155 652 637";"C01";"1";"7";"0";"9";"3";"1";"1";""
"202300015765";"155 652 633";"A01";"2";"7";"0";"2";"3";"5";"1";""
"202300015765";"155 652 634";"B01";"1";"7";"0";"2";"3";"26";"1";""
"202300015766";"155 652 632";"A01";"3";"7";"0";"1";"4";"4";"1";""
"202300015767";"155 652 630";"A01";"1";"7";"0";"2";"2";"20";"1";""
"202300015767";"155 652 631";"B01";"2";"1";"0";"2";"2";"1";"5";""
"202300015768";"155 652 629";"A01";"0";"7";"0";"1";"3";"15";"1";""
"202300015769";"155 652 627";"B01";"1";"7";"0";"2";"1";"2";"1";""
"202300015769";"155 652 628";"A01";"1";"7";"0";"1";"4";"26";"1";""
"202300015770";"155 652 625";"B01";"0";"39";"0";"0";"0";"0";"0";""
"202300015770";"155 652 626";"A01";"1";"7";"0";"4";"2";"19";"1";""
"202300015771";"155 652 623";"A01";"2";"7";"0";"2";"1";"13";"0";""
"202300015771";"155 652 624";"B01";"1";"7";"0";"2";"1";"1";"0";""
"202300015772";"155 652 622";"A01";"1";"30";"0";"1";"1";"1";"1";""
"202300015773";"155 652 620";"B01";"1";"7";"0";"2";"0";"16";"1";""
"202300015773";"155 652 621";"A01";"2";"7";"0";"2";"6";"13";"1";""
"202300015774";"155 652 618";"A01";"2";"0";"0";"2";"3";"15";"1";""
"202300015774";"155 652 619";"B01";"1";"7";"0";"2";"3";"1";"1";""
"202300015775";"155 652 616";"B01";"3";"1";"0";"2";"5";"0";"5";""
"202300015775";"155 652 617";"A01";"3";"7";"0";"9";"3";"1";"1";""
"202300015776";"155 652 615";"A01";"1";"3";"9";"0";"1";"2";"0";""
"202300015777";"155 652 614";"A01";"1";"7";"0";"1";"1";"2";"1";""
"202300015778";"155 652 612";"B01";"2";"31";"0";"2";"7";"2";"1";""
"202300015778";"155 652 613";"A01";"2";"7";"0";"2";"3";"11";"1";""
"202300015779";"155 652 610";"A01";"2";"7";"0";"2";"8";"11";"1";""
"202300015779";"155 652 611";"B01";"2";"43";"0";"2";"2";"1";"1";""
"202300015780";"155 652 608";"A01";"2";"7";"0";"2";"1";"1";"1";""
"202300015780";"155 652 609";"B01";"1";"30";"0";"2";"9";"18";"1";""
"202300015781";"155 652 606";"B01";"1";"7";"0";"2";"4";"2";"1";""
"202300015781";"155 652 607";"A01";"1";"7";"0";"2";"1";"2";"1";""
"202300015782";"155 652 604";"A01";"3";"10";"0";"2";"1";"15";"1";""
"202300015782";"155 652 605";"B01";"3";"32";"0";"2";"1";"1";"1";""
"202300015783";"155 652 602";"A01";"1";"32";"0";"2";"7";"1";"1";""
"202300015783";"155 652 603";"Z01";"1";"10";"0";"2";"3";"9";"1";""
"202300015784";"155 652 601";"A01";"2";"43";"0";"1";"3";"9";"1";""
"202300015785";"155 652 600";"A01";"1";"10";"0";"1";"4";"4";"3";""
"202300015786";"155 652 598";"B01";"1";"50";"1";"0";"1";"1";"3";""
"202300015786";"155 652 599";"A01";"1";"7";"0";"2";"8";"24";"1";""
"202300015787";"155 652 596";"A01";"2";"7";"0";"2";"8";"22";"1";""
"202300015787";"155 652 597";"B01";"2";"1";"1";"0";"1";"1";"5";""
"202300015788";"155 652 594";"B01";"2";"1";"0";"2";"1";"1";"5";""
"202300015788";"155 652 595";"A01";"2";"99";"0";"2";"6";"15";"1";""
"202300015789";"155 652 593";"A01";"1";"1";"0";"1";"1";"1";"5";""
"202300015790";"155 652 592";"A01";"2";"30";"14";"0";"2";"14";"1";""
"202300015791";"155 652 591";"A01";"2";"50";"0";"0";"0";"1";"3";""
"202300015792";"155 652 589";"Z01";"2";"7";"0";"2";"5";"9";"1";""
"202300015792";"155 652 590";"B01";"2";"33";"0";"2";"1";"1";"1";""
"202300015793";"155 652 587";"B01";"2";"80";"8";"2";"1";"1";"3";""
"202300015793";"155 652 588";"A01";"3";"7";"0";"2";"1";"9";"1";""
"202300015794";"155 652 584";"C01";"2";"7";"0";"2";"4";"2";"1";""
"202300015794";"155 652 585";"A01";"2";"7";"0";"2";"1";"2";"1";""
"202300015794";"155 652 586";"B01";"2";"10";"0";"2";"9";"1";"1";""
"202300015795";"155 652 582";"A01";"2";"7";"0";"2";"3";"15";"1";""
"202300015795";"155 652 583";"B01";"1";"33";"0";"2";"1";"21";"1";""
"202300015796";"155 652 580";"B01";"1";"30";"0";"2";"1";"2";"1";""
"202300015796";"155 652 581";"A01";"1";"10";"0";"2";"8";"9";"1";""
"202300015797";"155 652 578";"B01";"1";"7";"0";"2";"6";"1";"1";""
"202300015797";"155 652 579";"A01";"3";"33";"0";"2";"1";"9";"1";""
"202300015798";"155 652 576";"A01";"0";"7";"8";"2";"1";"1";"2";""
"202300015798";"155 652 577";"B01";"0";"7";"0";"2";"0";"0";"1";""
"202300015799";"155 652 574";"A01";"1";"43";"0";"2";"6";"2";"1";""
"202300015799";"155 652 575";"B01";"1";"7";"1";"2";"0";"0";"0";""
"202300015800";"155 652 572";"B01";"0";"31";"0";"0";"4";"0";"1";""
"202300015800";"155 652 573";"A01";"0";"7";"0";"2";"1";"16";"1";""
"202300015801";"155 652 570";"A01";"1";"10";"0";"1";"1";"1";"1";""
"202300015802";"155 652 569";"A01";"3";"7";"0";"9";"4";"23";"1";""
"202300015802";"155 652 571";"B01";"3";"1";"0";"2";"1";"2";"5";""
"202300015803";"155 652 566";"A01";"3";"7";"0";"2";"0";"0";"0";""
"202300015803";"155 652 567";"B01";"0";"7";"0";"2";"0";"0";" -1";""
"202300015804";"155 652 565";"A01";"2";"10";"0";"2";"7";"15";"1";""
"202300015804";"155 652 568";"B01";"1";"33";"0";"2";"3";"1";"1";""
"202300015805";"155 652 564";"A01";"3";"37";"0";"1";"2";"16";"2";"1"
"202300015806";"155 652 560";"A01";"1";"7";"0";"2";"3";"10";"1";""
"202300015806";"155 652 562";"B01";"1";"33";"0";"2";"1";"17";"1";""
"202300015807";"155 652 561";"B01";"1";"33";"0";"2";"1";"9";"1";""
"202300015807";"155 652 563";"A01";"1";"7";"0";"2";"2";"9";"1";""
"202300015808";"155 652 557";"A01";"2";"0";"0";"2";"2";"0";"1";""
"202300015808";"155 652 559";"Y01";"2";"50";"0";"2";"3";"0";"3";""
"202300015809";"155 652 552";"A01";"1";"7";"0";"2";"1";"18";"1";""
"202300015809";"155 652 554";"B01";"1";"7";"0";"2";"5";"1";"1";""
"202300015809";"155 652 556";"C01";"1";"7";"0";"2";"8";"1";"1";""
"202300015809";"155 652 558";"D01";"1";"10";"0";"2";"5";"1";"1";""
"202300015810";"155 652 551";"A01";"1";"7";"0";"1";"2";"2";"1";""
"202300015811";"155 652 548";"B01";"2";"7";"0";"2";"4";"1";"1";""
"202300015811";"155 652 550";"A01";"2";"7";"0";"2";"1";"1";"1";""
"202300015812";"155 652 549";"A01";"1";"7";"0";"1";"3";"26";"1";""
"202300015813";"155 652 545";"C01";"1";"7";"0";"2";"1";"2";"1";""
"202300015813";"155 652 546";"B01";"1";"7";"0";"2";"4";"2";"1";""
"202300015813";"155 652 547";"A01";"1";"10";"0";"2";"1";"2";"1";""
"202300015814";"155 652 543";"A01";"2";"33";"0";"2";"1";"1";"1";""
"202300015814";"155 652 544";"B01";"1";"7";"0";"0";"2";"15";"1";""
"202300015815";"155 652 540";"C01";"2";"10";"0";"2";"0";"0";"0";""
"202300015815";"155 652 541";"A01";"2";"7";"0";"2";"1";"1";"1";""
"202300015815";"155 652 542";"B01";"2";"7";"0";"2";"4";"0";"1";""
"202300015816";"155 652 538";"A01";"2";"7";"0";"2";"1";"1";"0";""
"202300015816";"155 652 539";"B01";"2";"7";"0";"2";"4";"2";"0";""
"202300015817";"155 652 537";"A01";"1";"34";"0";"1";"1";"1";"1";""
"202300015818";"155 652 536";"A01";"2";"7";"0";"1";"2";"1";"1";""
"202300015819";"155 652 534";"A01";"1";"7";"0";"2";"3";"1";"1";""
"202300015819";"155 652 535";"B01";"2";"7";"0";"2";"8";"15";"1";""
"202300015820";"155 652 533";"A01";"2";"7";"6";"0";"1";"16";"1";""
"202300015821";"155 652 531";"A01";"2";"34";"0";"2";"7";"17";"1";""
"202300015821";"155 652 532";"B01";"2";"7";"0";"2";"3";"15";"1";""
"202300015822";"155 652 529";"B01";"1";"2";"0";"2";"2";"26";"1";""
"202300015822";"155 652 530";"A01";"0";"7";"0";"2";"2";"19";"1";""
"202300015823";"155 652 528";"A01";"1";"31";"14";"0";"7";"3";"1";""
"202300015824";"155 652 524";"B01";"3";"33";"0";"2";"7";"23";"1";""
"202300015824";"155 652 527";"A01";"3";"17";"0";"2";"6";"16";"1";""
"202300015825";"155 652 525";"A01";"1";"7";"0";"2";"1";"15";"1";""
"202300015825";"155 652 526";"B01";"2";"7";"0";"2";"1";"1";"1";""
"202300015826";"155 652 521";"A01";"2";"80";"0";"2";"1";"1";"3";""
"202300015826";"155 652 523";"B01";"1";"1";"0";"2";"1";"1";"5";""
"202300015827";"155 652 520";"A01";"1";"7";"0";"2";"1";"1";"1";""
"202300015827";"155 652 522";"B01";"2";"7";"0";"2";"4";"1";"1";""
"202300015828";"155 652 516";"A01";"3";"31";"0";"2";"1";"2";"1";""
"202300015828";"155 652 517";"Z01";"3";"10";"0";"2";"4";"1";"1";""
"202300015829";"155 652 515";"A01";"2";"7";"0";"1";"4";"9";"2";""
"202300015830";"155 652 514";"A01";"1";"7";"0";"1";"1";"1";"3";""
"202300015831";"155 652 511";"A01";"1";"7";"0";"2";"3";"16";"1";""
"202300015831";"155 652 512";"B01";"2";"50";"0";"2";"1";"1";"3";""
"202300015832";"155 652 513";"A01";"2";"7";"0";"1";"2";"1";"0";""
"202300015833";"155 652 510";"A01";"3";"33";"8";"0";"3";"7";"1";""
"202300015834";"155 652 508";"B01";"2";"7";"0";"2";"4";"1";"1";""
"202300015834";"155 652 509";"A01";"2";"10";"0";"2";"4";"2";"1";""
"202300015835";"155 652 506";"A01";"2";"7";"0";"2";"7";"15";"1";""
"202300015835";"155 652 507";"B01";"1";"30";"0";"2";"1";"1";"1";""
"202300015836";"155 652 504";"B01";"1";"1";"1";"0";"1";"1";"5";""
"202300015836";"155 652 505";"A01";"1";"7";"0";"2";"2";"22";"1";""
"202300015837";"155 652 502";"Z01";"2";"7";"0";"2";"1";"9";"1";""
"202300015837";"155 652 503";"B01";"1";"2";"0";"2";"8";"9";"1";""
"202300015838";"155 652 500";"A01";"1";"7";"0";"1";"2";"1";"1";""
"202300015839";"155 652 501";"A01";"2";"7";"0";"1";"8";"1";"1";""
"202300015840";"155 652 498";"A01";"2";"10";"0";"2";"8";"13";"1";""
"202300015840";"155 652 499";"B01";"2";"33";"0";"2";"7";"17";"1";""
"202300015841";"155 652 495";"A01";"1";"3";"0";"1";"4";"4";"1";""
"202300015842";"155 652 496";"Y01";"1";"1";"1";"0";"1";"1";"5";""
"202300015842";"155 652 497";"A01";"1";"10";"0";"2";"3";"24";"1";""
"202300015843";"155 652 491";"A01";"3";"33";"0";"2";"3";"18";"1";""
"202300015843";"155 652 494";"B01";"3";"10";"0";"0";"2";"14";"1";""
"202300015844";"155 652 492";"B01";"3";"7";"0";"2";"2";"1";"2";""
"202300015844";"155 652 493";"A01";"0";"1";"0";"2";"0";"1";"5";""
"202300015845";"155 652 488";"A01";"3";"50";"0";"2";"1";"1";"3";""
"202300015845";"155 652 490";"B01";"2";"7";"0";"2";"2";"1";"2";""
"202300015846";"155 652 487";"A01";"3";"33";"8";"2";"9";"18";"1";""
"202300015846";"155 652 489";"B01";"3";"7";"0";"2";"7";"2";"1";""
"202300015847";"155 652 484";"A01";"2";"34";"0";"2";"3";"18";"1";""
"202300015847";"155 652 486";"B01";"2";"7";"0";"2";"2";"1";"1";""
"202300015848";"155 652 483";"B01";"3";"33";"0";"2";"4";"23";"1";""
"202300015848";"155 652 485";"A01";"3";"7";"0";"2";"1";"1";"1";""
"202300015849";"155 652 481";"B01";"1";"2";"0";"0";"4";"23";"3";""
"202300015849";"155 652 482";"A01";"1";"7";"0";"2";"2";"2";"3";""
"202300015850";"155 652 479";"A01";"1";"2";"0";"2";"7";"5";"3";""
"202300015850";"155 652 480";"B01";"2";"7";"0";"2";"1";"1";"1";""
"202300015851";"155 652 476";"B01";"1";"1";"0";"2";"5";"1";"5";""
"202300015851";"155 652 478";"A01";"1";"7";"0";"2";"0";"1";"0";""
"202300015852";"155 652 475";"A01";"1";"32";"0";"2";"1";"1";"1";""
"202300015852";"155 652 477";"B01";"1";"7";"0";"2";"3";"26";"3";""
"202300015853";"155 652 472";"A01";"1";"33";"0";"2";"1";"17";"1";""
"202300015853";"155 652 474";"B01";"3";"7";"12";"2";"3";"15";"1";""
"202300015854";"155 652 471";"A01";"1";"14";"0";"2";"2";"16";"1";""
"202300015854";"155 652 473";"B01";"1";"1";"0";"2";"4";"1";"5";""
"202300015855";"155 652 466";"A01";"1";"7";"0";"2";"2";"1";"1";""
"202300015855";"155 652 470";"B01";"1";"7";"0";"2";"3";"15";"1";""
"202300015856";"155 652 467";"A01";"3";"14";"0";"2";"1";"1";"1";""
"202300015856";"155 652 469";"B01";"3";"10";"0";"2";"6";"24";"1";""
"202300015857";"155 652 465";"A01";"3";"30";"0";"2";"0";"1";"1";""
"202300015857";"155 652 468";"B01";"3";"10";"0";"2";"6";"1";"1";""
"202300015858";"155 652 462";"A01";"2";"7";"13";"0";"1";"13";"1";""
"202300015859";"155 652 461";"A01";"3";"33";"0";"2";"1";"3";"1";""
"202300015859";"155 652 463";"B01";"3";"7";"0";"2";"5";"1";"2";""
"202300015860";"155 652 459";"A01";"2";"7";"0";"1";"4";"4";"1";""
"202300015861";"155 652 460";"B01";"2";"7";"0";"2";"3";"1";"3";""
"202300015861";"155 652 464";"A01";"2";"7";"0";"2";"2";"19";"0";""
"202300015862";"155 652 457";"A01";"3";"33";"0";"2";"1";"9";"1";""
"202300015862";"155 652 458";"Z01";"3";"7";"0";"2";"4";"9";"1";""
"202300015863";"155 652 456";"A01";"1";"7";"0";"1";"2";"26";"0";""
"202300015864";"155 652 453";"A01";"1";"7";"0";"2";"3";"11";"2";""
"202300015864";"155 652 454";"B01";"1";"31";"0";"2";"2";"2";"3";""
"202300015865";"155 652 448";"A01";"0";"7";"0";"2";"2";"15";"1";""
"202300015865";"155 652 451";"B01";"0";"1";"0";"2";"8";"2";"5";""
"202300015866";"155 652 450";"A01";"2";"7";"0";"2";"1";"19";"6";""
"202300015866";"155 652 452";"B01";"1";"7";"0";"2";"7";"19";"6";""
"202300015867";"155 652 449";"A01";"3";"7";"0";"2";"2";"9";"1";""
"202300015867";"155 652 455";"B01";"3";"7";"0";"2";"3";"0";"1";""
"202300015868";"155 652 446";"B01";"1";"80";"0";"2";"8";"19";"3";""
"202300015868";"155 652 447";"A01";"1";"7";"0";"2";"2";"1";"1";""
"202300015869";"155 652 445";"A01";"1";"3";"0";"0";"1";"1";"1";""
"202300015870";"155 652 443";"A01";"2";"1";"0";"0";"0";"1";"5";""
"202300015871";"155 652 439";"A01";"0";"7";"0";"1";"0";"20";"0";""
"202300015872";"155 652 440";"A01";"2";"7";"0";"2";"1";"15";"1";""
"202300015872";"155 652 442";"B01";"2";"7";"0";"2";"1";"1";"1";""
"202300015873";"155 652 437";"A01";"1";"7";"4";"0";"9";"1";"1";""
"202300015874";"155 652 441";"A01";"1";"1";"0";"2";"1";"1";"5";""
"202300015874";"155 652 444";"B01";"2";"10";"0";"2";"3";"1";"1";""
"202300015875";"155 652 436";"A01";"3";"7";"0";"2";"3";"1";"1";""
"202300015875";"155 652 438";"B01";"3";"33";"6";"2";"1";"26";"1";""
"202300015876";"155 652 432";"A01";"1";"7";"0";"0";"3";"15";"1";""
"202300015876";"155 652 433";"B01";"2";"2";"0";"2";"2";"1";"1";""
"202300015877";"155 652 430";"B01";"1";"10";"0";"2";"1";"26";"1";""
"202300015877";"155 652 434";"A01";"2";"13";"0";"2";"2";"1";"1";""
"202300015878";"155 652 428";"A01";"3";"10";"4";"0";"0";"26";"1";""
"202300015879";"155 652 425";"A01";"0";"33";"0";"2";"1";"1";"0";""
"202300015879";"155 652 426";"B01";"0";"7";"0";"2";"7";"0";"1";""
"202300015880";"155 652 424";"A01";"1";"50";"0";"1";"1";"1";"3";""
"202300015881";"155 652 427";"A01";"2";"7";"0";"2";"1";"1";"1";""
"202300015881";"155 652 429";"B01";"2";"7";"0";"2";"4";"1";"1";""
"202300015882";"155 652 422";"B01";"2";"10";"0";"2";"4";"1";"1";""
"202300015882";"155 652 423";"A01";"2";"7";"0";"2";"1";"1";"1";""
"202300015883";"155 652 420";"B01";"1";"1";"0";"2";"4";"2";"5";""
"202300015883";"155 652 421";"A01";"1";"32";"0";"2";"1";"2";"1";""
"202300015884";"155 652 417";"B01";"2";"1";"1";"2";"1";"1";"5";""
"202300015884";"155 652 419";"A01";"1";"1";"1";"2";"1";"21";"5";""
"202300015885";"155 652 415";"A01";"1";"31";"0";"2";"7";"1";"1";""
"202300015885";"155 652 416";"B01";"2";"21";"0";"2";"8";"15";"1";""
"202300015886";"155 652 412";"A01";"1";"33";"0";"0";"9";"0";"1";""
"202300015887";"155 652 411";"A01";"3";"7";"4";"2";"1";"11";"1";""
"202300015887";"155 652 413";"B01";"3";"7";"0";"2";"6";"13";"1";""
"202300015887";"155 652 414";"C01";"3";"7";"4";"2";"1";"1";"1";""
"202300015888";"155 652 409";"A01";"1";"10";"0";"2";"7";"14";"1";""
"202300015888";"155 652 410";"B01";"1";"31";"0";"2";"8";"1";"1";""