"Num_Acc";"id_vehicule";"num_veh";"senc";"catv";"obs";"obsm";"choc";"manv";"motor";"occutc"
"202300015889";"155 652 407";"A01";"3";"7";"0";"1";"5";"4";"1";""
"202300015890";"155 652 406";"A01";"2";"2";"0";"2";"1";"1";"1";""
"202300015890";"155 652 408";"B01";"2";"7";"0";"2";"4";"23";"1";""
"202300015891";"155 652 405";"A01";"1";"33";"0";"0";"7";"2";"1";""
"202300015892";"155 652 402";"A01";"1";"15";"0";"2";"2";"14";"1";""
"202300015892";"155 652 404";"B01";"1";"7";"0";"2";"6";"1";"2";""
"202300015893";"155 652 401";"A01";"0";"1";"0";"2";"1";"0";"5";""
"202300015893";"155 652 403";"B01";"0";"7";"0";"9";"1";"19";"1";""
"202300015894";"155 652 400";"A01";"1";"7";"0";"1";"2";"1";"1";""
"202300015895";"155 652 397";"A01";"2";"60";"0";"2";"3";"1";"5";""
"202300015895";"155 652 398";"B01";"2";"7";"0";"2";"2";"15";"1";""
"202300015896";"155 652 396";"A01";"2";"7";"4";"2";"2";"17";"1";""
"202300015896";"155 652 399";"B01";"2";"7";"3";"2";"8";"1";"1";""
"202300015897";"155 652 395";"A01";"1";"7";"0";"0";"9";"2";"1";""
"202300015898";"155 652 393";"A01";"1";"7";"1";"0";"2";"0";"1";""
"202300015899";"155 652 392";"A01";"1";"7";"13";"0";"9";"1";"1";""
"202300015900";"155 652 394";"A01";"2";"7";"4";"2";"2";"1";"1";""
"202300015901";"155 652 390";"A01";"3";"7";"0";"1";"1";"1";"0";""
"202300015902";"155 652 387";"A01";"1";"7";"0";"2";"7";"12";"1";""
"202300015902";"155 652 389";"B01";"1";"32";"0";"2";"8";"3";"1";""
"202300015903";"155 652 386";"A01";"1";"2";"3";"0";"2";"1";"1";""
"202300015904";"155 652 383";"A01";"1";"7";"0";"2";"1";"2";"1";""
"202300015904";"155 652 385";"B01";"1";"7";"0";"2";"4";"2";"2";""
"202300015905";"155 652 382";"A01";"1";"33";"2";"0";"1";"1";"1";""
"202300015906";"155 652 384";"A01";"2";"32";"0";"0";"0";"3";"1";""
"202300015907";"155 652 381";"A01";"1";"33";"0";"0";"1";"1";"1";""
"202300015908";"155 652 380";"A01";"0";"80";"0";"9";"1";"17";"3";""
"202300015909";"155 652 378";"A01";"2";"33";"0";"0";"0";"15";"1";""
"202300015910";"155 652 375";"A01";"3";"14";"0";"2";"3";"16";"1";""
"202300015910";"155 652 377";"B01";"3";"7";"0";"0";"3";"16";"1";""
"202300015911";"155 652 374";"C01";"2";"7";"0";"2";"4";"1";"1";""
"202300015911";"155 652 376";"B01";"2";"10";"0";"2";"4";"1";"1";""
"202300015911";"155 652 379";"A01";"2";"43";"0";"2";"1";"21";"1";""
"202300015912";"155 652 371";"B01";"0";"7";"0";"2";"3";"2";"1";""
"202300015912";"155 652 373";"A01";"0";"33";"0";"2";"2";"13";"1";""
"202300015913";"155 652 370";"A01";"3";"30";"0";"2";"1";"0";"1";""
"202300015913";"155 652 372";"B01";"3";"7";"0";"2";"3";"15";"1";""
"202300015914";"155 652 362";"A01";"1";"7";"0";"2";"1";"9";"0";""
"202300015914";"155 652 365";"B01";"2";"7";"0";"2";"2";"1";"0";""
"202300015915";"155 652 361";"Y01";"2";"7";"0";"2";"1";"2";"0";""
"202300015915";"155 652 364";"A01";"2";"33";"0";"2";"4";"1";"1";""
"202300015915";"155 652 366";"B01";"2";"7";"0";"2";"1";"21";"1";""
"202300015915";"155 652 368";"Z01";"2";"7";"0";"2";"1";"2";"0";""
"202300015916";"155 652 360";"A01";"1";"7";"0";"2";"8";"5";"1";""
"202300015916";"155 652 363";"B01";"2";"7";"0";"2";"8";"1";"1";""
"202300015917";"155 652 354";"B01";"1";"50";"0";"2";"1";"1";"3";""
"202300015917";"155 652 359";"A01";"2";"10";"0";"2";"5";"15";"1";""
"202300015918";"155 652 355";"A01";"1";"33";"0";"2";"3";"1";"1";""
"202300015918";"155 652 357";"B01";"2";"7";"0";"2";"3";"1";"1";""
"202300015919";"155 652 352";"A01";"3";"7";"6";"0";"1";"26";"1";""
"202300015920";"155 652 351";"B01";"1";"1";"0";"2";"0";"1";"5";""
"202300015920";"155 652 353";"A01";"1";"10";"0";"2";"5";"14";"1";""
"202300015921";"155 652 350";"A01";"2";"7";"1";"0";"4";"13";"1";""
"202300015922";"155 652 349";"A01";"1";"7";"15";"0";"1";"1";"1";""
"202300015923";"155 652 347";"A01";"1";"33";"0";"2";"6";"23";"1";""
"202300015923";"155 652 348";"B01";"1";"7";"0";"2";"3";"23";"1";""
"202300015924";"155 652 344";"A01";"1";"7";"0";"0";"4";"19";"0";""
"202300015924";"155 652 345";"B01";"1";"15";"0";"0";"1";"17";"1";""
"202300015925";"155 652 340";"A01";"1";"33";"16";"0";"1";"1";"1";""
"202300015926";"155 652 341";"A01";"3";"7";"0";"2";"3";"13";"1";""
"202300015926";"155 652 342";"B01";"3";"7";"0";"2";"3";"1";"1";""
"202300015927";"155 652 343";"A01";"3";"7";"0";"2";"2";"1";"1";""
"202300015927";"155 652 346";"B01";"3";"50";"0";"2";"1";"9";"3";""
"202300015928";"155 652 337";"A01";"2";"7";"0";"2";"6";"15";"1";""
"202300015928";"155 652 339";"B01";"1";"33";"0";"2";"1";"14";"1";""
"202300015929";"155 652 336";"B01";"2";"15";"0";"2";"1";"21";"1";""
"202300015929";"155 652 338";"A01";"1";"7";"0";"2";"6";"19";"1";""
"202300015930";"155 652 331";"A01";"1";"10";"0";"2";"1";"1";"1";""
"202300015930";"155 652 334";"B01";"1";"15";"0";"0";"4";"15";"1";""
"202300015931";"155 652 332";"B01";"1";"7";"0";"9";"7";"1";"0";""
"202300015931";"155 652 335";"A01";"1";"50";"0";"2";"1";"1";"3";""
"202300015932";"155 652 329";"A01";"0";"7";"0";"1";"3";"1";"1";""
"202300015933";"155 652 325";"A01";"2";"7";"0";"2";"1";"15";"1";""
"202300015933";"155 652 327";"B01";"1";"1";"1";"2";"1";"1";"5";""
"202300015933";"155 652 328";"C01";"1";"7";"0";"0";"3";"23";"1";""
"202300015934";"155 652 324";"A01";"1";"7";"0";"1";"3";"1";"1";""
"202300015935";"155 652 323";"A01";"2";"7";"16";"0";"9";"14";"1";""
"202300015936";"155 652 322";"A01";"1";"7";"0";"2";"3";"9";"1";""
"202300015936";"155 652 326";"B01";"2";"7";"0";"2";"3";"1";"1";""
"202300015937";"155 652 320";"A01";"2";"1";"0";"2";"1";"1";"5";""
"202300015937";"155 652 321";"B01";"3";"7";"0";"0";"8";"9";"1";""
"202300015938";"155 652 319";"A01";"1";"43";"0";"0";"0";"1";"1";""
"202300015939";"155 652 316";"A01";"1";"33";"13";"0";"1";"1";"1";""
"202300015940";"155 652 314";"A01";"2";"7";"0";"1";"2";"17";"1";""
"202300015941";"155 652 313";"A01";"1";"7";"0";"2";"6";"0";"1";""
"202300015941";"155 652 317";"B01";"1";"32";"0";"2";"1";"1";"1";""
"202300015942";"155 652 312";"A01";"1";"7";"0";"2";"3";"9";"1";""
"202300015942";"155 652 315";"B01";"1";"2";"0";"0";"7";"1";"1";""
"202300015943";"155 652 310";"A01";"1";"33";"0";"2";"1";"1";"1";""
"202300015943";"155 652 311";"B01";"1";"7";"0";"2";"3";"15";"1";""
"202300015944";"155 652 308";"A01";"2";"7";"0";"2";"3";"13";"1";""
"202300015944";"155 652 309";"B01";"1";"7";"0";"2";"3";"1";"2";""
"202300015945";"155 652 305";"A01";"0";"7";"0";"2";"3";"15";"1";""
"202300015945";"155 652 306";"B01";"0";"31";"0";"2";"1";"17";"1";""
"202300015946";"155 652 307";"A01";"1";"7";"0";"1";"1";"16";"2";""
"202300015947";"155 652 304";"A01";"1";"14";"14";"0";"7";"16";"1";""
"202300015948";"155 652 301";"A01";"1";"7";"0";"0";"6";"1";"1";""
"202300015948";"155 652 303";"B01";"1";"32";"0";"2";"1";"0";"3";""
"202300015949";"155 652 299";"A01";"1";"2";"0";"2";"1";"2";"1";""
"202300015949";"155 652 302";"B01";"1";"10";"0";"2";"4";"2";"1";""
"202300015950";"155 652 297";"A01";"1";"32";"0";"0";"0";"21";"0";""
"202300015951";"155 652 298";"B01";"2";"2";"0";"2";"4";"2";"1";""
"202300015951";"155 652 300";"A01";"2";"7";"0";"2";"3";"2";"1";""
"202300015952";"155 652 295";"A01";"1";"1";"13";"0";"1";"1";"5";""
"202300015953";"155 652 294";"A01";"1";"50";"0";"0";"0";"26";"3";""
"202300015954";"155 652 293";"A01";"2";"7";"0";"2";"2";"1";"1";""
"202300015954";"155 652 296";"B01";"1";"7";"0";"2";"2";"1";"0";""
"202300015955";"155 652 292";"A01";"1";"7";"7";"0";"9";"1";"1";""
"202300015956";"155 652 289";"A01";"1";"80";"0";"2";"8";"13";"3";""
"202300015956";"155 652 291";"B01";"1";"14";"0";"2";"5";"17";"1";""
"202300015957";"155 652 288";"B01";"2";"21";"0";"2";"8";"23";"1";""
"202300015957";"155 652 290";"A01";"1";"7";"0";"2";"1";"1";"1";""
"202300015958";"155 652 281";"A01";"2";"80";"12";"0";"2";"5";"3";""
"202300015959";"155 652 282";"A01";"2";"7";"0";"2";"3";"1";"1";""
"202300015959";"155 652 283";"B01";"1";"7";"0";"2";"3";"13";"1";""
"202300015959";"155 652 285";"C01";"2";"33";"0";"2";"1";"1";"1";""
"202300015960";"155 652 275";"A01";"2";"7";"0";"2";"1";"0";"1";""
"202300015960";"155 652 280";"B01";"2";"7";"0";"2";"4";"1";"1";""
"202300015960";"155 652 286";"C01";"2";"7";"0";"2";"4";"1";"3";""
"202300015961";"155 652 276";"B01";"2";"7";"0";"2";"1";"1";"1";""
"202300015961";"155 652 278";"A01";"1";"7";"0";"2";"1";"13";"1";""
"202300015962";"155 652 277";"A01";"1";"7";"0";"2";"1";"1";"1";""
"202300015962";"155 652 279";"B01";"1";"1";"0";"2";"7";"1";"5";""
"202300015963";"155 652 272";"A01";"1";"7";"0";"2";"7";"17";"1";""
"202300015963";"155 652 274";"B01";"1";"7";"0";"2";"8";"1";"1";""
"202300015964";"155 652 270";"A01";"1";"50";"0";"2";"7";"17";"3";""
"202300015964";"155 652 271";"B01";"1";"80";"0";"2";"8";"15";"3";""
"202300015965";"155 652 269";"B01";"1";"33";"0";"2";"1";"1";"1";""
"202300015965";"155 652 273";"A01";"2";"7";"0";"2";"7";"1";"1";""
"202300015966";"155 652 268";"A01";"1";"7";"2";"0";"1";"13";"1";""
"202300015967";"155 652 264";"A01";"2";"34";"0";"2";"1";"1";"1";""
"202300015967";"155 652 267";"B01";"1";"7";"0";"2";"7";"19";"1";""
"202300015968";"155 652 263";"A01";"3";"7";"17";"2";"1";"1";"1";""
"202300015968";"155 652 266";"B01";"3";"7";"0";"2";"1";"19";"1";""
"202300015969";"155 652 262";"A01";"1";"7";"0";"2";"3";"1";"1";""
"202300015969";"155 652 265";"B01";"2";"2";"0";"0";"6";"1";"1";""
"202300015970";"155 652 261";"A01";"1";"33";"0";"0";"0";"1";"1";""
"202300015971";"155 652 258";"B01";"1";"7";"0";"2";"3";"1";"1";""
"202300015971";"155 652 259";"A01";"2";"7";"0";"2";"1";"13";"1";""
"202300015972";"155 652 257";"A01";"2";"7";"0";"9";"2";"1";"1";""
"202300015972";"155 652 260";"B01";"2";"50";"0";"2";"0";"0";"3";""
"202300015973";"155 652 254";"A01";"1";"1";"0";"2";"1";"11";"5";""
"202300015973";"155 652 256";"B01";"2";"7";"0";"9";"3";"1";"1";""
"202300015974";"155 652 252";"A01";"2";"7";"2";"0";"1";"2";"1";""
"202300015975";"155 652 253";"A01";"2";"7";"0";"2";"1";"9";"1";""
"202300015975";"155 652 255";"B01";"2";"7";"0";"2";"5";"1";"1";""
"202300015976";"155 652 251";"A01";"1";"7";"0";"1";"2";"1";"1";""
"202300015977";"155 652 249";"A01";"2";"50";"16";"0";"0";"1";"3";""
"202300015978";"155 652 246";"A01";"2";"7";"0";"2";"3";"13";"1";""
"202300015978";"155 652 247";"B01";"1";"17";"2";"2";"1";"1";"1";""
"202300015978";"155 652 250";"C01";"1";"7";"0";"2";"1";"1";"1";""
"202300015979";"155 652 243";"A01";"2";"7";"0";"2";"1";"13";"1";""
"202300015979";"155 652 248";"B01";"1";"7";"0";"2";"1";"1";"1";""
"202300015980";"155 652 241";"A01";"1";"36";"13";"0";"0";"2";"1";""
"202300015981";"155 652 238";"A01";"2";"7";"0";"0";"9";"1";"1";""
"202300015982";"155 652 237";"A01";"3";"10";"0";"2";"1";"2";"1";""
"202300015982";"155 652 239";"B01";"3";"7";"0";"2";"4";"23";"1";""
"202300015982";"155 652 242";"C01";"3";"7";"0";"2";"4";"23";"1";""
"202300015983";"155 652 235";"A01";"1";"7";"13";"0";"3";"13";"1";""
"202300015984";"155 652 236";"B01";"2";"7";"1";"0";"1";"1";"1";""
"202300015984";"155 652 240";"C01";"1";"7";"0";"2";"0";"23";" -1";""
"202300015985";"155 652 229";"A01";"1";"7";"2";"0";"2";"1";"1";""
"202300015986";"155 652 227";"A01";"3";"7";"0";"2";"3";"15";"1";""
"202300015986";"155 652 230";"B01";"3";"33";"0";"2";"8";"1";"1";""
"202300015986";"155 652 234";"C01";"3";"7";"0";"2";"2";"23";"1";""
"202300015987";"155 652 226";"A01";"2";"7";"13";"2";"1";"13";"1";""
"202300015987";"155 652 228";"B01";"2";"7";"0";"2";"3";"1";"1";""
"202300015987";"155 652 231";"C01";"2";"7";"0";"2";"2";"1";"1";""
"202300015987";"155 652 233";"D01";"1";"7";"0";"2";"6";"1";"1";""
"202300015988";"155 652 225";"A01";"0";"10";"0";"2";"1";"1";"1";""
"202300015989";"155 652 224";"A01";"3";"7";"16";"9";"1";"1";"1";""
"202300015990";"155 652 222";"A01";"1";"7";"15";"0";"3";"1";"0";""
"202300015991";"155 652 221";"B01";"3";"80";"1";"2";"8";"1";"3";""
"202300015991";"155 652 223";"A01";"1";"7";"0";"2";"2";"17";"1";""
"202300015992";"155 652 220";"A01";"1";"7";"0";"1";"3";"0";"1";""
"202300015993";"155 652 219";"A01";"2";"7";"0";"1";"3";"1";"1";""
"202300015994";"155 652 217";"A01";"1";"7";"1";"0";"1";"1";"1";""
"202300015995";"155 652 214";"A01";"1";"7";"0";"2";"3";"13";"1";""
"202300015995";"155 652 218";"B01";"2";"7";"0";"2";"3";"1";"1";""
"202300015996";"155 652 211";"B01";"1";"7";"0";"0";"5";"1";"1";""
"202300015996";"155 652 213";"C01";"1";"7";"0";"0";"4";"1";"1";""
"202300015996";"155 652 216";"A01";"1";"33";"0";"2";"1";"1";"1";""
"202300015997";"155 652 210";"A01";"3";"2";"0";"0";"0";"1";"1";""
"202300015998";"155 652 207";"B01";"1";"33";"0";"2";"1";"1";"1";""
"202300015998";"155 652 209";"A01";"2";"7";"0";"2";"1";"15";"1";""
"202300015999";"155 652 204";"A01";"1";"33";"4";"0";"7";"26";"1";""
"202300016000";"155 652 205";"A01";"1";"7";"0";"2";"1";"2";"1";""
"202300016000";"155 652 208";"B01";"1";"7";"0";"2";"5";"2";"2";""
"202300016000";"155 652 212";"C01";"1";"7";"0";"2";"4";"2";"1";""
"202300016000";"155 652 215";"D01";"2";"7";"0";"2";"8";"1";"1";""
"202300016001";"155 652 203";"A01";"1";"33";"0";"2";"2";"2";"1";""
"202300016001";"155 652 206";"B01";"1";"7";"0";"2";"5";"2";"1";""
"202300016002";"155 652 201";"A01";"1";"10";"0";"2";"8";"13";"1";""
"202300016002";"155 652 202";"B01";"3";"33";"0";"2";"8";"1";"1";""
"202300016003";"155 652 199";"A01";"1";"7";"2";"0";"8";"13";"1";""
"202300016004";"155 652 196";"A01";"3";"7";"0";"2";"3";"1";"1";""
"202300016004";"155 652 198";"B01";"3";"7";"0";"2";"3";"1";"1";""
"202300016005";"155 652 194";"B01";"1";"7";"0";"2";"2";"1";"1";""
"202300016005";"155 652 200";"A01";"2";"30";"0";"2";"1";"1";"1";""
"202300016006";"155 652 192";"A01";"3";"7";"0";"2";"1";"1";"2";""
"202300016006";"155 652 197";"B01";"3";"50";"0";"2";"7";"1";"3";""
"202300016007";"155 652 191";"A01";"1";"7";"13";"0";"2";"14";"1";""
"202300016008";"155 652 193";"A01";"3";"1";"0";"2";"1";"15";"5";""
"202300016008";"155 652 195";"B01";"3";"7";"0";"2";"1";"1";"1";""
"202300016009";"155 652 188";"B01";"2";"32";"0";"2";"4";"23";"1";""
"202300016009";"155 652 190";"A01";"2";"7";"0";"2";"1";"2";"1";""
"202300016010";"155 652 187";"A01";"2";"7";"13";"0";"3";"1";"0";""
"202300016011";"155 652 186";"A01";"1";"33";"0";"0";"1";"1";"1";""
"202300016011";"155 652 189";"B01";"1";"7";"0";"0";"4";"1";"1";""
"202300016012";"155 652 185";"A01";"1";"7";"0";"1";"1";"15";"1";""
"202300016013";"155 652 183";"A01";"2";"7";"0";"1";"3";"1";"2";""
"202300016014";"155 652 181";"A01";"1";"7";"0";"1";"1";"2";"1";""
"202300016015";"155 652 180";"A01";"2";"10";"0";"2";"3";"15";"0";""
"202300016015";"155 652 184";"B01";"2";"10";"0";"0";"5";"2";"0";""
"202300016016";"155 652 179";"B01";"3";"7";"0";"2";"4";"2";"1";""
"202300016016";"155 652 182";"A01";"3";"7";"0";"2";"1";"2";"1";""
"202300016017";"155 652 177";"A01";"2";"33";"0";"2";"1";"0";"4";""
"202300016017";"155 652 178";"B01";"1";"7";"0";"2";"3";"0";"4";""
"202300016018";"155 652 176";"A01";"2";"2";"15";"0";"1";"1";"1";""
"202300016019";"155 652 174";"A01";"1";"3";"0";"1";"4";"4";"1";""
"202300016020";"155 652 172";"B01";"2";"7";"0";"2";"3";"16";"1";""
"202300016020";"155 652 173";"A01";"1";"2";"0";"2";"1";"11";"1";""
"202300016021";"155 652 168";"A01";"2";"15";"3";"0";"1";"14";"1";""
"202300016022";"155 652 167";"A01";"1";"7";"1";"2";"1";"2";"0";""
"202300016022";"155 652 170";"B01";"1";"7";"0";"0";"4";"23";"0";""
"202300016023";"155 652 166";"A01";"2";"10";"0";"2";"1";"15";"1";""
"202300016023";"155 652 169";"B01";"1";"32";"0";"2";"2";"1";"1";""
"202300016024";"155 652 163";"A01";"1";"33";"0";"0";"7";"1";"0";""
"202300016025";"155 652 161";"A01";"2";"7";"0";"9";"2";"1";"1";""
"202300016025";"155 652 164";"B01";"3";"50";"0";"2";"1";"5";"3";""
"202300016026";"155 652 158";"A01";"1";"7";"0";"2";"2";"1";"1";""
"202300016026";"155 652 160";"C01";"1";"7";"0";"2";"3";"1";"1";""
"202300016026";"155 652 165";"B01";"1";"7";"0";"2";"8";"16";"1";""
"202300016027";"155 652 159";"A01";"1";"7";"0";"2";"2";"16";"1";""
"202300016027";"155 652 162";"B01";"1";"1";"0";"2";"8";"1";"5";""
"202300016028";"155 652 155";"B01";"1";"33";"0";"2";"2";"17";"1";""
"202300016028";"155 652 157";"A01";"1";"7";"0";"2";"8";"15";"1";""
"202300016029";"155 652 154";"A01";"1";"7";"0";"0";"7";"15";"1";""
"202300016029";"155 652 156";"B01";"2";"30";"0";"0";"1";"1";"1";""
"202300016030";"155 652 151";"A01";"3";"50";"12";"0";"1";"1";"3";""
"202300016031";"155 652 150";"A01";"3";"7";"0";"2";"2";"9";"1";""
"202300016031";"155 652 153";"B01";"3";"1";"0";"2";"4";"1";"5";""
"202300016032";"155 652 149";"B01";"1";"13";"0";"0";"4";"1";"0";""
"202300016032";"155 652 152";"A01";"2";"7";"0";"2";"1";"12";"1";""
"202300016033";"155 652 146";"B01";"2";"7";"0";"2";"3";"15";"1";""
"202300016033";"155 652 148";"A01";"1";"33";"0";"2";"1";"17";"1";""
"202300016034";"155 652 141";"C01";"2";"2";"0";"0";"5";"2";"1";""
"202300016034";"155 652 144";"A01";"2";"7";"0";"2";"3";"2";"0";""
"202300016034";"155 652 147";"B01";"2";"7";"0";"9";"2";"11";"0";""
"202300016035";"155 652 142";"A01";"1";"7";"0";"2";"3";"15";"1";""
"202300016035";"155 652 145";"B01";"2";"33";"0";"2";"1";"1";"1";""
"202300016036";"155 652 140";"A01";"1";"33";"16";"0";"2";"1";"1";""
"202300016037";"155 652 139";"B01";"1";"33";"0";"2";"7";"1";"1";""
"202300016037";"155 652 143";"A01";"1";"7";"0";"2";"1";"9";"1";""
"202300016038";"155 652 135";"A01";"2";"7";"0";"2";"6";"1";"1";""
"202300016038";"155 652 138";"B01";"2";"7";"8";"2";"8";"1";"1";""
"202300016039";"155 652 134";"B01";"2";"32";"0";"2";"7";"17";"1";""
"202300016039";"155 652 137";"A01";"2";"7";"0";"2";"6";"15";"1";""
"202300016040";"155 652 133";"A01";"1";"7";"0";"2";"3";"21";"1";""
"202300016040";"155 652 136";"B01";"2";"15";"0";"2";"6";"0";"1";""
"202300016041";"155 652 131";"A01";"1";"7";"17";"0";"3";"1";"1";""
"202300016042";"155 652 132";"A01";"1";"7";"0";"1";"3";"15";"1";""
"202300016043";"155 652 127";"B01";"2";"31";"0";"2";"1";"1";"1";""
"202300016043";"155 652 129";"A01";"1";"7";"0";"2";"4";"15";"1";""
"202300016044";"155 652 126";"A01";"0";"33";"8";"0";"1";"1";"1";""
"202300016045";"155 652 128";"B01";"2";"1";"0";"2";"1";"2";"5";""
"202300016045";"155 652 130";"A01";"2";"7";"0";"2";"5";"1";"1";""
"202300016046";"155 652 125";"A01";"3";"7";"0";"1";"2";"1";"1";""
"202300016047";"155 652 121";"B01";"2";"7";"0";"2";"6";"9";"1";""
"202300016047";"155 652 124";"A01";"1";"31";"0";"2";"1";"1";"1";""
"202300016048";"155 652 122";"A01";"2";"1";"0";"2";"8";"19";"5";""
"202300016048";"155 652 123";"B01";"1";"7";"0";"2";"3";"1";"1";""
"202300016049";"155 652 118";"A01";"3";"1";"0";"2";"4";"19";"5";""
"202300016049";"155 652 120";"Z01";"2";"7";"0";"2";"1";"1";"0";""
"202300016050";"155 652 114";"A01";"1";"7";"0";"0";"3";"13";"1";""
"202300016050";"155 652 116";"B01";"1";"33";"0";"0";"7";"17";"1";""
"202300016051";"155 652 115";"A01";"1";"7";"0";"2";"3";"15";"1";""
"202300016051";"155 652 119";"B01";"2";"7";"0";"2";"3";"0";"1";""
"202300016052";"155 652 109";"A01";"2";"7";"0";"0";"3";"15";"0";""
"202300016052";"155 652 113";"B01";"1";"10";"0";"0";"1";"1";"0";""
"202300016053";"155 652 110";"A01";"2";"30";"0";"2";"1";"5";"3";""
"202300016053";"155 652 112";"B01";"1";"7";"0";"2";"6";"15";"1";""
"202300016054";"155 652 108";"Z01";"1";"7";"0";"1";"1";"1";"6";""
"202300016055";"155 652 107";"A01";"2";"7";"0";"2";"3";"5";"1";""
"202300016055";"155 652 111";"B01";"1";"7";"0";"2";"3";"1";"1";""
"202300016056";"155 652 106";"A01";"1";"7";"8";"0";"2";"1";"1";""
"202300016057";"155 652 105";"A01";"1";"10";"0";"1";"2";"1";"1";""
"202300016058";"155 652 101";"A01";"3";"1";"8";"0";"3";"1";"5";""
"202300016059";"155 652 099";"B01";"1";"10";"0";"2";"2";"1";"1";""
"202300016059";"155 652 104";"A01";"0";"10";"0";"2";"1";"1";"1";""
"202300016060";"155 652 098";"B01";"3";"7";"0";"2";"1";"1";"1";""
"202300016060";"155 652 100";"A01";"3";"7";"0";"2";"3";"5";"1";""
"202300016061";"155 652 094";"B01";"1";"7";"0";"2";"3";"1";"1";""
"202300016061";"155 652 097";"C01";"2";"7";"0";"2";"6";"1";"1";""
"202300016061";"155 652 102";"A01";"2";"7";"0";"2";"3";"15";"1";""
"202300016061";"155 652 103";"D01";"2";"7";"0";"2";"2";"1";"1";""
"202300016062";"155 652 095";"A01";"3";"7";"0";"2";"2";"19";"1";""
"202300016062";"155 652 096";"B01";"3";"31";"0";"2";"7";"1";"1";""
"202300016063";"155 652 090";"B01";"3";"7";"0";"2";"1";"1";"1";""
"202300016063";"155 652 093";"A01";"3";"10";"0";"2";"1";"15";"1";""
"202300016064";"155 652 092";"A01";"3";"7";"14";"0";"1";"13";"0";""
"202300016065";"155 652 088";"A01";"1";"7";"0";"2";"2";"2";"1";""
"202300016065";"155 652 089";"B01";"1";"7";"0";"0";"4";"2";"1";""
"202300016066";"155 652 085";"A01";"1";"15";"0";"2";"2";"12";"1";""
"202300016066";"155 652 087";"B01";"1";"7";"0";"2";"8";"1";"1";""
"202300016067";"155 652 084";"A01";"1";"7";"0";"0";"2";"1";"1";""
"202300016068";"155 652 082";"A01";"3";"36";"0";"0";"0";"0";"1";""
"202300016069";"155 652 080";"A01";"2";"7";"0";"2";"4";"1";"3";""
"202300016069";"155 652 081";"B01";"2";"7";"0";"2";"1";"14";"1";""
"202300016070";"155 652 079";"A01";"1";"7";"13";"0";"0";"17";"1";""
"202300016071";"155 652 077";"A01";"3";"7";"0";"1";"2";"20";"1";""
"202300016072";"155 652 075";"A01";"2";"7";"0";"2";"1";"2";"1";""
"202300016072";"155 652 076";"B01";"2";"7";"0";"2";"4";"2";"1";""
"202300016073";"155 652 074";"B01";"1";"31";"0";"2";"1";"21";"1";""
"202300016073";"155 652 078";"A01";"1";"20";"0";"2";"1";"15";"1";""
"202300016074";"155 652 073";"A01";"2";"7";"14";"0";"3";"1";"1";""
"202300016075";"155 652 072";"A01";"2";"33";"3";"0";"2";"0";"1";""
"202300016076";"155 652 069";"B01";"2";"33";"0";"2";"1";"1";"1";""
"202300016076";"155 652 071";"A01";"2";"7";"0";"2";"4";"11";"1";""
"202300016077";"155 652 067";"A01";"2";"7";"0";"2";"2";"19";"1";""
"202300016077";"155 652 070";"B01";"1";"2";"0";"2";"3";"16";"1";""
"202300016078";"155 652 066";"B01";"1";"33";"0";"2";"1";"1";"1";""
"202300016078";"155 652 068";"A01";"1";"7";"0";"2";"3";"10";"1";""
"202300016079";"155 652 063";"A01";"1";"33";"13";"0";"1";"1";"1";""
"202300016080";"155 652 060";"A01";"1";"14";"0";"2";"2";"1";"1";""
"202300016080";"155 652 062";"B01";"1";"7";"0";"2";"8";"1";"1";""
"202300016081";"155 652 059";"A01";"1";"34";"0";"1";"1";"26";"1";""
"202300016082";"155 652 057";"A01";"2";"2";"0";"0";"0";"1";"1";""
"202300016083";"155 652 058";"A01";"1";"7";"0";"2";"5";"1";"1";""
"202300016083";"155 652 061";"D01";"1";"15";"0";"2";"3";"1";"1";""
"202300016083";"155 652 064";"C01";"1";"7";"0";"2";"9";"1";"1";""
"202300016083";"155 652 065";"B01";"1";"7";"0";"2";"9";"1";"1";""
"202300016084";"155 652 051";"A01";"2";"7";"0";"2";"1";"2";"1";""
"202300016084";"155 652 055";"B01";"2";"10";"0";"2";"4";"2";"1";""
"202300016084";"155 652 056";"C01";"2";"7";"0";"2";"4";"2";"1";""
"202300016085";"155 652 054";"Z01";"1";"32";"0";"1";"1";"0";"1";""
"202300016086";"155 652 050";"A01";"2";"7";"0";"2";"3";"17";"0";""
"202300016086";"155 652 052";"B01";"1";"50";"0";"2";"1";"1";"3";""
"202300016087";"155 652 046";"A01";"1";"7";"0";"2";"1";"2";"1";""
"202300016087";"155 652 048";"B01";"1";"7";"0";"2";"9";"2";"1";""
"202300016087";"155 652 049";"C01";"1";"7";"0";"2";"9";"0";"1";""
"202300016087";"155 652 053";"D01";"1";"7";"0";"2";"4";"2";"1";""
"202300016088";"155 652 044";"A01";"2";"7";"0";"2";"3";"2";"1";""
"202300016088";"155 652 047";"B01";"2";"7";"0";"2";"5";"2";"1";""
"202300016089";"155 652 045";"A01";"2";"7";"6";"0";"1";"14";"1";""
"202300016090";"155 652 043";"A01";"3";"1";"0";"0";"0";"1";"5";""
"202300016091";"155 652 038";"A01";"2";"7";"0";"2";"8";"15";"1";""