"Num_Acc";"id_vehicule";"num_veh";"senc";"catv";"obs";"obsm";"choc";"manv";"motor";"occutc"
"202300019335";"155 646 268";"A01";"1";"7";"0";"2";"1";"2";"2";""
"202300019335";"155 646 269";"B01";"1";"7";"0";"2";"4";"2";"2";""
"202300019336";"155 646 266";"B01";"1";"7";"0";"2";"6";"23";"1";""
"202300019336";"155 646 267";"A01";"1";"33";"0";"2";"5";"1";"1";""
"202300019337";"155 646 264";"B01";"2";"7";"0";"2";"3";"19";"1";""
"202300019337";"155 646 265";"A01";"1";"50";"0";"2";"8";"1";"3";""
"202300019338";"155 646 263";"A01";"1";"2";"0";"0";"0";"21";"1";""
"202300019339";"155 646 262";"A01";"3";"32";"0";"1";"3";"1";"3";""
"202300019340";"155 646 260";"A01";"2";"32";"0";"2";"1";"1";"1";""
"202300019340";"155 646 261";"B01";"2";"7";"0";"2";"5";"1";"2";""
"202300019341";"155 646 259";"A01";"1";"7";"0";"1";"1";"1";"1";""
"202300019342";"155 646 257";"Z01";"3";"99";"0";"2";"0";"1";"5";""
"202300019342";"155 646 258";"X01";"3";"7";"0";"2";"0";"1";"1";""
"202300019343";"155 646 255";"A01";"1";"7";"0";"2";"2";"26";"1";""
"202300019343";"155 646 256";"B01";"1";"1";"0";"2";"6";"15";"5";""
"202300019344";"155 646 254";"A01";"1";"32";"0";"1";"1";"17";"1";""
"202300019345";"155 646 252";"A01";"0";"10";"0";"2";"3";"15";"3";""
"202300019345";"155 646 253";"B01";"2";"37";"0";"2";"0";"0";"6";"7"
"202300019346";"155 646 250";"A01";"0";"7";"0";"2";"3";"9";"0";""
"202300019346";"155 646 251";"B01";"0";"34";"0";"2";"2";"0";"1";""
"202300019347";"155 646 248";"A01";"3";"7";"0";"9";"1";"0";"0";""
"202300019347";"155 646 249";"B01";"0";"0";"0";"2";"8";"0";"0";""
"202300019348";"155 646 246";"B01";"3";"32";"0";"2";"1";"1";"1";""
"202300019348";"155 646 247";"A01";"3";"7";"0";"2";"7";"15";"1";""
"202300019349";"155 646 245";"A01";"1";"7";"0";"1";"1";"1";"1";""
"202300019350";"155 646 243";"B01";"2";"7";"0";"2";"3";"1";"1";""
"202300019350";"155 646 244";"A01";"1";"7";"0";"2";"2";"15";"1";""
"202300019351";"155 646 242";"A01";"3";"10";"0";"1";"5";"4";"0";""
"202300019352";"155 646 241";"A01";"1";"30";"0";"0";"0";"1";"0";""
"202300019353";"155 646 240";"A01";"2";"10";"0";"0";"2";"1";"1";""
"202300019354";"155 646 239";"A01";"3";"1";"14";"0";"2";"14";"5";""
"202300019355";"155 646 237";"A01";"3";"7";"0";"9";"3";"9";"1";""
"202300019355";"155 646 238";"B01";"3";"1";"0";"2";"7";"1";"5";""
"202300019356";"155 646 236";"A01";"1";"7";"0";"1";"2";"16";"1";""
"202300019357";"155 646 235";"A01";"1";"32";"1";"2";"6";"16";"1";""
"202300019358";"155 646 234";"A01";"2";"7";"13";"0";"1";"0";"1";""
"202300019359";"155 646 232";"A01";"1";"7";"13";"9";"2";"13";"1";""
"202300019359";"155 646 233";"B01";"1";"1";"0";"2";"1";"1";"5";""
"202300019360";"155 646 230";"B01";"1";"7";"0";"2";"1";"1";"1";""
"202300019360";"155 646 231";"A01";"1";"7";"0";"2";"3";"19";"1";""
"202300019361";"155 646 228";"A01";"2";"7";"0";"2";"1";"15";"6";""
"202300019361";"155 646 229";"B01";"1";"31";"0";"2";"1";"1";"6";""
"202300019362";"155 646 226";"A01";"2";"10";"0";"2";"2";"12";"1";""
"202300019362";"155 646 227";"B01";"2";"10";"0";"2";"6";"1";"1";""
"202300019363";"155 646 224";"A01";"1";"10";"0";"2";"1";"12";"1";""
"202300019363";"155 646 225";"B01";"1";"32";"0";"0";"4";"2";"1";""
"202300019364";"155 646 222";"B01";"2";"31";"0";"2";"8";"1";"1";""
"202300019364";"155 646 223";"A01";"1";"10";"0";"2";"5";"15";"1";""
"202300019365";"155 646 220";"B01";"1";"38";"0";"2";"3";"0";"0";"1"
"202300019365";"155 646 221";"A01";"1";"33";"0";"2";"1";"0";"0";""
"202300019366";"155 646 218";"A01";"2";"7";"0";"2";"3";"15";"1";""
"202300019366";"155 646 219";"B01";"1";"2";"0";"2";"1";"1";"1";""
"202300019367";"155 646 216";"A01";"1";"7";"0";"2";"5";"15";"0";""
"202300019367";"155 646 217";"B01";"2";"31";"0";"2";"1";"1";"0";""
"202300019368";"155 646 214";"A01";"3";"7";"0";"2";"5";"19";"1";""
"202300019368";"155 646 215";"B01";"2";"33";"0";"2";"1";"1";"1";""
"202300019369";"155 646 212";"A01";"2";"7";"0";"2";"1";"13";"1";""
"202300019369";"155 646 213";"B01";"1";"7";"3";"2";"3";"1";"1";""
"202300019370";"155 646 210";"A01";"1";"33";"0";"2";"3";"1";"1";""
"202300019370";"155 646 211";"B01";"2";"7";"0";"2";"8";"13";"1";""
"202300019371";"155 646 208";"A01";"1";"7";"0";"2";"2";"1";"1";""
"202300019371";"155 646 209";"B01";"1";"7";"0";"2";"1";"19";"1";""
"202300019372";"155 646 207";"A01";"1";"7";"13";"0";"2";"0";"1";""
"202300019373";"155 646 205";"A01";"1";"7";"0";"2";"2";"0";"1";""
"202300019373";"155 646 206";"B01";"2";"7";"0";"2";"3";"13";"1";""
"202300019374";"155 646 204";"A01";"1";"31";"13";"0";"0";"1";"1";""
"202300019375";"155 646 202";"A01";"2";"7";"0";"2";"1";"2";"1";""
"202300019375";"155 646 203";"B01";"2";"21";"0";"0";"4";"2";"0";""
"202300019376";"155 646 201";"A01";"1";"2";"0";"0";"9";"21";"1";""
"202300019377";"155 646 199";"B01";"1";"2";"0";"2";"8";"9";"1";""
"202300019377";"155 646 200";"A01";"1";"7";"0";"2";"2";"1";"1";""
"202300019378";"155 646 197";"A01";"2";"7";"0";"2";"3";"16";"1";""
"202300019378";"155 646 198";"B01";"1";"7";"0";"2";"3";"15";"1";""
"202300019379";"155 646 196";"A01";"2";"7";"0";"1";"2";"1";"1";""
"202300019380";"155 646 195";"A01";"2";"7";"10";"0";"2";"1";"1";""
"202300019381";"155 646 194";"A01";"2";"7";"0";"0";"9";"1";"1";""
"202300019382";"155 646 193";"A01";"1";"7";"2";"0";"1";"13";"1";""
"202300019383";"155 646 191";"B01";"1";"1";"0";"2";"8";"2";"5";""
"202300019383";"155 646 192";"A01";"1";"7";"0";"2";"7";"2";"1";""
"202300019384";"155 646 190";"A01";"1";"33";"13";"0";"0";"0";"1";""
"202300019385";"155 646 188";"A01";"1";"33";"0";"2";"1";"5";"1";""
"202300019385";"155 646 189";"B01";"2";"7";"8";"2";"1";"1";"1";""
"202300019386";"155 646 187";"A01";"1";"33";"13";"6";"1";"1";"0";""
"202300019387";"155 646 183";"A01";"1";"10";"0";"2";"2";"17";"1";""
"202300019387";"155 646 184";"B01";"1";"10";"0";"2";"6";"1";"1";""
"202300019388";"155 646 182";"A01";"2";"1";"0";"0";"1";"0";"5";""
"202300019389";"155 646 180";"A01";"2";"33";"0";"2";"1";"2";"1";""
"202300019389";"155 646 181";"B01";"2";"7";"0";"2";"4";"11";"1";""
"202300019390";"155 646 178";"A01";"1";"7";"0";"2";"3";"1";"1";""
"202300019390";"155 646 179";"B01";"2";"7";"0";"2";"1";"15";"1";""
"202300019391";"155 646 177";"A01";"2";"7";"17";"0";"1";"1";"1";""
"202300019392";"155 646 176";"A01";"3";"1";"1";"0";"1";"1";"5";""
"202300019393";"155 646 174";"A01";"2";"7";"0";"2";"5";"15";"1";""
"202300019393";"155 646 175";"B01";"1";"1";"0";"2";"1";"1";"5";""
"202300019394";"155 646 173";"A01";"2";"7";"11";"0";"2";"1";"1";""
"202300019395";"155 646 171";"A01";"2";"7";"0";"2";"1";"1";"1";""
"202300019395";"155 646 172";"B01";"1";"7";"0";"2";"3";"1";"1";""
"202300019396";"155 646 168";"B01";"1";"7";"0";"2";"4";"1";"1";""
"202300019396";"155 646 169";"A01";"1";"7";"0";"2";"1";"2";"1";""
"202300019396";"155 646 170";"C01";"1";"7";"0";"0";"4";"24";"1";""
"202300019397";"155 646 166";"B01";"0";"7";"0";"0";"3";"13";"1";""
"202300019397";"155 646 167";"A01";"0";"7";"0";"0";"3";"2";"1";""
"202300019398";"155 646 164";"A01";"2";"7";"0";"2";"1";"13";"1";""
"202300019398";"155 646 165";"B01";"1";"7";"0";"2";"1";"1";"1";""
"202300019399";"155 646 162";"A01";"2";"2";"0";"2";"1";"15";"1";""
"202300019399";"155 646 163";"B01";"1";"7";"0";"2";"8";"1";"1";""
"202300019400";"155 646 161";"A01";"2";"34";"3";"0";"1";"2";"1";""
"202300019401";"155 646 159";"A01";"3";"10";"9";"2";"2";"19";"1";""
"202300019401";"155 646 160";"B01";"1";"7";"0";"2";"3";"1";"1";""
"202300019402";"155 646 158";"A01";"1";"1";"8";"9";"1";"1";"5";""
"202300019403";"155 646 157";"A01";"1";"32";"0";"6";"3";"0";"1";""
"202300019404";"155 646 156";"A01";"1";"7";"0";"0";"0";"0";"1";""
"202300019405";"155 646 154";"A01";"3";"1";"0";"2";"1";"19";"5";""
"202300019405";"155 646 155";"B01";"3";"7";"0";"9";"2";"1";"1";""
"202300019406";"155 646 152";"B01";"1";"10";"0";"0";"3";"19";"1";""
"202300019406";"155 646 153";"A01";"1";"1";"0";"0";"2";"1";"5";""
"202300019407";"155 646 151";"A01";"1";"7";"13";"0";"9";"1";"6";""
"202300019408";"155 646 150";"A01";"1";"7";"0";"1";"1";"1";"1";""
"202300019409";"155 646 149";"A01";"0";"33";"0";"0";"0";"0";"1";""
"202300019410";"155 646 148";"A01";"1";"7";"13";"1";"3";"1";"1";""
"202300019411";"155 646 147";"A01";"1";"7";"2";"0";"1";"13";"1";""
"202300019412";"155 646 146";"A01";"1";"33";"0";"0";"7";"2";"1";""
"202300019413";"155 646 144";"A01";"2";"7";"0";"0";"1";"0";"1";""
"202300019413";"155 646 145";"B01";"1";"7";"0";"0";"1";"0";"1";""
"202300019414";"155 646 142";"B01";"2";"7";"0";"2";"1";"1";"1";""
"202300019414";"155 646 143";"A01";"1";"2";"0";"2";"1";"5";"1";""
"202300019415";"155 646 140";"B01";"1";"10";"0";"0";"3";"0";"1";""
"202300019415";"155 646 141";"A01";"1";"33";"0";"0";"1";"0";"0";""
"202300019416";"155 646 138";"A01";"2";"7";"0";"2";"1";"2";"1";""
"202300019416";"155 646 139";"B01";"2";"7";"4";"2";"4";"1";"1";""
"202300019417";"155 646 134";"D01";"2";"7";"0";"2";"3";"23";"1";""
"202300019417";"155 646 135";"A01";"2";"7";"4";"2";"1";"21";"1";""
"202300019417";"155 646 136";"B01";"2";"7";"14";"2";"4";"23";"1";""
"202300019417";"155 646 137";"C01";"2";"10";"14";"2";"4";"23";"1";""
"202300019418";"155 646 132";"A01";"2";"7";"0";"2";"1";"1";"1";""
"202300019418";"155 646 133";"B01";"2";"7";"0";"0";"4";"1";"1";""
"202300019419";"155 646 131";"A01";"1";"7";"4";"0";"1";"0";"1";""
"202300019420";"155 646 128";"A01";"1";"7";"0";"2";"4";"2";"1";""
"202300019420";"155 646 129";"B01";"1";"7";"0";"2";"1";"2";"1";""
"202300019420";"155 646 130";"C01";"1";"7";"0";"2";"1";"2";"1";""
"202300019421";"155 646 125";"A01";"2";"7";"0";"2";"8";"11";"1";""
"202300019421";"155 646 126";"B01";"2";"33";"0";"2";"3";"3";"1";""
"202300019421";"155 646 127";"C01";"2";"7";"0";"2";"4";"1";"3";""
"202300019422";"155 646 123";"A01";"2";"7";"0";"2";"4";"1";"1";""
"202300019422";"155 646 124";"B01";"2";"7";"0";"2";"1";"2";"1";""
"202300019423";"155 646 121";"B01";"1";"7";"0";"2";"4";"2";"1";""
"202300019423";"155 646 122";"A01";"1";"7";"0";"2";"1";"2";"1";""
"202300019424";"155 646 120";"A01";"1";"33";"3";"0";"1";"1";"1";""
"202300019425";"155 646 119";"A01";"3";"36";"1";"0";"3";"0";"1";""
"202300019426";"155 646 118";"A01";"3";"50";"0";"0";"0";"1";"3";""
"202300019427";"155 646 115";"A01";"1";"7";"0";"2";"8";"17";"1";""
"202300019427";"155 646 116";"B01";"2";"7";"0";"2";"8";"1";"1";""
"202300019427";"155 646 117";"C01";"1";"7";"0";"2";"4";"1";"1";""
"202300019428";"155 646 113";"A01";"2";"33";"0";"2";"8";"15";"1";""
"202300019428";"155 646 114";"B01";"2";"10";"0";"2";"2";"2";"1";""
"202300019429";"155 646 112";"A01";"1";"7";"3";"0";"3";"1";"0";""
"202300019430";"155 646 109";"A01";"1";"7";"0";"2";"8";"15";"1";""
"202300019430";"155 646 111";"B01";"1";"34";"0";"2";"2";"17";"1";""
"202300019431";"155 646 107";"A01";"1";"10";"0";"2";"2";"1";"1";""
"202300019431";"155 646 108";"B01";"1";"33";"0";"2";"8";"1";"1";""
"202300019432";"155 646 106";"A01";"1";"7";"1";"1";"2";"1";"1";""
"202300019433";"155 646 104";"A01";"2";"30";"0";"2";"1";"2";"1";""
"202300019433";"155 646 105";"B01";"2";"7";"0";"2";"6";"1";"1";""
"202300019434";"155 646 100";"B01";"1";"33";"0";"2";"1";"1";"1";""
"202300019434";"155 646 103";"A01";"2";"7";"0";"2";"3";"15";"1";""
"202300019435";"155 646 101";"A01";"2";"99";"0";"2";"0";"0";"0";""
"202300019435";"155 646 102";"B01";"2";"7";"0";"2";"3";"1";"0";""
"202300019436";"155 646 099";"A01";"2";"7";"4";"0";"3";"11";"1";""
"202300019437";"155 646 098";"A01";"1";"7";"0";"1";"2";"1";"1";""
"202300019438";"155 646 097";"A01";"2";"7";"7";"0";"1";"1";"1";""
"202300019439";"155 646 095";"B01";"3";"7";"0";"2";"8";"13";"0";""
"202300019439";"155 646 096";"A01";"3";"32";"0";"2";"7";"17";"1";""
"202300019440";"155 646 093";"Z01";"1";"7";"0";"2";"1";"9";" -1";""
"202300019440";"155 646 094";"A01";"1";"30";"0";"2";"7";"1";"1";""
"202300019441";"155 646 091";"B01";"1";"7";"0";"2";"7";"15";"1";""
"202300019441";"155 646 092";"A01";"1";"33";"0";"2";"1";"9";"1";""
"202300019442";"155 646 090";"A01";"1";"50";"12";"0";"7";"18";"3";""
"202300019443";"155 646 087";"A01";"2";"1";"0";"2";"1";"19";"5";""
"202300019443";"155 646 089";"B01";"2";"7";"0";"2";"5";"23";"3";""
"202300019444";"155 646 086";"A01";"3";"31";"0";"2";"1";"1";"1";""
"202300019444";"155 646 088";"B01";"3";"7";"0";"2";"3";"15";"2";""
"202300019445";"155 646 083";"A01";"2";"7";"0";"2";"1";"1";"2";""
"202300019445";"155 646 085";"B01";"2";"7";"0";"2";"4";"1";"1";""
"202300019446";"155 646 082";"B01";"2";"7";"0";"2";"4";"23";"1";""
"202300019446";"155 646 084";"A01";"2";"7";"0";"2";"3";"2";"1";""
"202300019447";"155 646 079";"B01";"2";"1";"1";"0";"1";"21";"5";""
"202300019447";"155 646 081";"A01";"2";"7";"0";"2";"8";"22";"1";""
"202300019448";"155 646 078";"B01";"2";"10";"0";"2";"3";"1";"1";""
"202300019448";"155 646 080";"A01";"2";"33";"0";"2";"7";"1";"1";""
"202300019449";"155 646 074";"B01";"1";"7";"1";"2";"5";"23";"1";""
"202300019449";"155 646 076";"C01";"1";"7";"1";"2";"5";"23";"2";""
"202300019449";"155 646 077";"A01";"2";"7";"1";"2";"1";"13";"1";""
"202300019450";"155 646 070";"A01";"3";"7";"0";"2";"1";"1";"1";""
"202300019450";"155 646 072";"B01";"3";"7";"0";"2";"4";"23";"1";""
"202300019451";"155 646 069";"Z01";"1";"7";"0";"2";"1";"2";"1";""
"202300019451";"155 646 071";"A01";"1";"43";"0";"2";"4";"23";"1";""
"202300019452";"155 646 068";"A01";"1";"32";"6";"0";"1";"1";"1";""
"202300019453";"155 646 067";"A01";"1";"7";"1";"0";"2";"14";"1";""
"202300019454";"155 646 063";"A01";"3";"7";"1";"0";"1";"1";"1";""
"202300019454";"155 646 064";"B01";"3";"7";"0";"2";"4";"2";"1";""
"202300019454";"155 646 066";"C01";"3";"7";"0";"2";"4";"2";"1";""
"202300019455";"155 646 062";"A01";"1";"7";"0";"2";"1";"15";"1";""
"202300019455";"155 646 065";"B01";"2";"80";"0";"2";"1";"1";"3";""
"202300019456";"155 646 060";"A01";"1";"80";"12";"0";"7";"14";"3";""
"202300019457";"155 646 059";"B01";"0";"2";"0";"2";"8";"1";"1";""
"202300019457";"155 646 061";"A01";"2";"7";"0";"2";"0";"16";"1";""
"202300019458";"155 646 056";"Z01";"2";"1";"0";"1";"3";"1";"5";""
"202300019459";"155 646 052";"A01";"1";"7";"0";"2";"2";"1";"1";""
"202300019459";"155 646 054";"B01";"1";"1";"0";"2";"0";"0";"5";""
"202300019460";"155 646 050";"C01";"1";"7";"0";"2";"3";"1";"1";""
"202300019460";"155 646 051";"A01";"1";"50";"0";"2";"7";"15";"3";""
"202300019460";"155 646 053";"B01";"2";"7";"0";"2";"1";"1";"1";""
"202300019461";"155 646 049";"A01";"3";"7";"0";"1";"2";"1";"0";""
"202300019462";"155 646 047";"A01";"2";"7";"0";"2";"2";"15";"1";""
"202300019462";"155 646 048";"B01";"1";"32";"0";"2";"3";"1";"1";""
"202300019463";"155 646 045";"B01";"1";"37";"0";"2";"2";"15";"1";"1"
"202300019463";"155 646 046";"A01";"2";"34";"0";"2";"1";"7";"1";""
"202300019464";"155 646 043";"A01";"1";"37";"0";"2";"1";"26";"1";"1"
"202300019464";"155 646 044";"B01";"1";"37";"0";"2";"4";"11";"1";"1"
"202300019465";"155 646 041";"A01";"3";"7";"0";"2";"1";"1";"1";""
"202300019465";"155 646 042";"B01";"3";"50";"0";"2";"1";"1";"3";""
"202300019466";"155 646 038";"A01";"3";"7";"0";"1";"1";"15";"1";""
"202300019467";"155 646 037";"A01";"3";"7";"14";"0";"0";"16";"1";""
"202300019468";"155 646 036";"A01";"1";"30";"0";"1";"1";"26";"1";""
"202300019469";"155 646 034";"A01";"0";"50";"1";"0";"2";"1";"3";""
"202300019470";"155 646 032";"A01";"1";"80";"0";"0";"1";"1";"3";""
"202300019471";"155 646 030";"A01";"2";"7";"1";"0";"2";"1";"1";""
"202300019472";"155 646 029";"A01";"1";"7";"4";"2";"1";"1";"1";""
"202300019473";"155 646 025";"A01";"1";"2";"0";"2";"1";"13";"0";""
"202300019473";"155 646 027";"B01";"2";"7";"0";"2";"3";"1";"1";""
"202300019473";"155 646 028";"C01";"1";"7";"0";"2";"3";"2";"0";""
"202300019474";"155 646 024";"A01";"2";"7";"0";"2";"1";"5";"1";""
"202300019474";"155 646 026";"B01";"2";"7";"0";"2";"1";"1";"1";""
"202300019475";"155 646 023";"A01";"2";"31";"4";"0";"3";"1";"0";""
"202300019476";"155 646 022";"A01";"2";"7";"0";"1";"4";"4";"1";""
"202300019477";"155 646 019";"A01";"1";"7";"0";"2";"4";"2";"1";""
"202300019477";"155 646 020";"B01";"1";"30";"0";"2";"4";"2";"1";""
"202300019478";"155 646 016";"A01";"2";"33";"0";"0";"0";"0";"1";""
"202300019478";"155 646 017";"B01";"2";"7";"0";"2";"3";"11";"1";""
"202300019478";"155 646 018";"C01";"1";"10";"0";"0";"8";"1";"1";""
"202300019478";"155 646 021";"D01";"1";"32";"0";"2";"1";"2";"1";""
"202300019479";"155 646 014";"B01";"1";"50";"0";"2";"1";"25";"3";""
"202300019479";"155 646 015";"A01";"1";"7";"0";"2";"3";"9";"1";""
"202300019480";"155 646 010";"A01";"2";"7";"0";"2";"1";"15";"1";""
"202300019480";"155 646 013";"B01";"2";"7";"0";"2";"1";"1";"1";""
"202300019481";"155 646 009";"C01";"2";"7";"0";"2";"3";"1";"0";""
"202300019481";"155 646 011";"B01";"1";"7";"0";"2";"6";"1";"0";""
"202300019481";"155 646 012";"A01";"1";"7";"0";"2";"2";"2";"0";""
"202300019482";"155 646 007";"Z01";"3";"7";"0";"2";"1";"13";"1";""
"202300019482";"155 646 008";"B01";"3";"50";"0";"2";"1";"1";"3";""
"202300019483";"155 646 005";"A01";"1";"32";"0";"2";"3";"21";"1";""
"202300019483";"155 646 006";"B01";"2";"7";"0";"2";"3";"1";"1";""
"202300019484";"155 646 003";"A01";"1";"33";"0";"0";"3";"1";"1";""
"202300019484";"155 646 004";"B01";"2";"7";"0";"2";"2";"9";"1";""
"202300019485";"155 646 001";"A01";"2";"30";"0";"2";"2";"5";"1";""
"202300019485";"155 646 002";"B01";"1";"7";"0";"2";"2";"1";"0";""
"202300019486";"155 645 998";"B01";"3";"7";"0";"0";"2";"19";"1";""
"202300019486";"155 646 000";"A01";"3";"34";"0";"0";"1";"19";"3";""
"202300019487";"155 645 997";"B01";"2";"17";"0";"2";"1";"1";"0";""
"202300019487";"155 645 999";"A01";"1";"7";"0";"2";"1";"5";"0";""
"202300019488";"155 645 995";"A01";"1";"7";"0";"2";"2";"13";"1";""
"202300019488";"155 645 996";"B01";"3";"7";"0";"2";"6";"2";"0";""
"202300019489";"155 645 993";"A01";"2";"32";"0";"2";"1";"13";"1";""
"202300019489";"155 645 994";"B01";"1";"7";"0";"2";"3";"1";"2";""
"202300019490";"155 645 991";"B01";"2";"33";"0";"2";"1";"1";"1";""
"202300019490";"155 645 992";"A01";"2";"7";"0";"2";"0";"0";"1";""
"202300019491";"155 645 990";"A01";"1";"7";"17";"0";"8";"1";"1";""
"202300019492";"155 645 988";"A01";"2";"7";"13";"0";"1";"0";"1";""
"202300019493";"155 645 987";"A01";"3";"7";"0";"2";"1";"1";"0";""
"202300019493";"155 645 989";"B01";"3";"7";"0";"2";"3";"1";"0";""
"202300019494";"155 645 986";"A01";"2";"7";"2";"0";"1";"13";"1";""
"202300019495";"155 645 983";"A01";"1";"33";"0";"0";"8";"1";"1";""
"202300019496";"155 645 982";"A01";"2";"15";"0";"1";"5";"1";"1";""
"202300019497";"155 645 984";"A01";"3";"7";"0";"2";"8";"11";"1";""
"202300019497";"155 645 985";"B01";"3";"7";"9";"2";"7";"1";"2";""
"202300019498";"155 645 981";"A01";"1";"7";"13";"0";"1";"1";"1";""
"202300019499";"155 645 978";"C01";"1";"7";"0";"2";"4";"1";"1";""
"202300019499";"155 645 979";"A01";"1";"7";"0";"2";"1";"10";"1";""
"202300019499";"155 645 980";"B01";"1";"7";"0";"2";"4";"0";"1";""
"202300019500";"155 645 975";"A01";"2";"7";"0";"2";"1";"5";"1";""
"202300019500";"155 645 977";"B01";"1";"7";"0";"2";"1";"1";"1";""
"202300019501";"155 645 974";"A01";"1";"7";"0";"2";"8";"15";"1";""
"202300019501";"155 645 976";"B01";"2";"50";"0";"2";"3";"1";"3";""
"202300019502";"155 645 973";"A01";"2";"7";"0";"1";"1";"1";"1";""
"202300019503";"155 645 972";"A01";"3";"33";"6";"0";"1";"0";"1";""
"202300019504";"155 645 970";"A01";"1";"7";"0";"0";"5";"16";"1";""
"202300019504";"155 645 971";"B01";"1";"1";"0";"2";"1";"2";"5";""
"202300019505";"155 645 969";"A01";"3";"7";"7";"0";"1";"6";"1";""
"202300019506";"155 645 968";"A01";"1";"7";"2";"0";"3";"5";"1";""
"202300019507";"155 645 965";"A01";"2";"7";"0";"2";"1";"13";"1";""
"202300019507";"155 645 966";"B01";"1";"7";"0";"2";"1";"1";"1";""
"202300019508";"155 645 964";"B01";"0";"2";"0";"2";"3";"1";"1";""
"202300019508";"155 645 967";"A01";"0";"7";"0";"2";"3";"15";"1";""
"202300019509";"155 645 961";"B01";"1";"33";"0";"2";"1";"1";"1";""
"202300019509";"155 645 963";"A01";"0";"10";"0";"2";"8";"15";"1";""
"202300019510";"155 645 960";"B01";"2";"7";"0";"2";"2";"1";"1";""
"202300019510";"155 645 962";"A01";"2";"7";"0";"2";"3";"15";"2";""
"202300019511";"155 645 958";"A01";"3";"7";"0";"2";"3";"19";"1";""
"202300019511";"155 645 959";"B01";"1";"7";"0";"2";"1";"1";"1";""
"202300019512";"155 645 956";"A01";"3";"7";"0";"2";"2";"15";"1";""
"202300019512";"155 645 957";"B01";"2";"14";"0";"2";"1";"1";"1";""
"202300019513";"155 645 953";"A01";"1";"14";"0";"2";"3";"2";"1";""
"202300019513";"155 645 954";"B01";"1";"7";"0";"2";"5";"2";"1";""
"202300019513";"155 645 955";"C01";"2";"14";"0";"2";"1";"1";"1";""
"202300019514";"155 645 951";"B01";"2";"7";"0";"2";"1";"1";"1";""
"202300019514";"155 645 952";"A01";"1";"7";"0";"2";"7";"15";"1";""
"202300019515";"155 645 950";"A01";"2";"33";"3";"0";"1";"1";"1";""
"202300019516";"155 645 949";"A01";"2";"7";"6";"0";"7";"1";"1";""
"202300019517";"155 645 948";"A01";"2";"10";"6";"0";"2";"1";"0";""
"202300019518";"155 645 947";"A01";"1";"7";"13";"0";"1";"13";"1";""
"202300019519";"155 645 945";"A01";"2";"7";"0";"2";"3";"13";"1";""
"202300019519";"155 645 946";"B01";"1";"7";"0";"2";"8";"1";"1";""
"202300019520";"155 645 943";"A01";"2";"7";"0";"2";"8";"11";"1";""
"202300019520";"155 645 944";"B01";"2";"33";"0";"2";"2";"3";"1";""
"202300019521";"155 645 939";"B01";"1";"1";"0";"2";"7";"1";"5";""
"202300019521";"155 645 941";"A01";"2";"33";"0";"2";"1";"1";"1";""
"202300019522";"155 645 938";"A01";"1";"7";"5";"0";"1";"1";"1";""
"202300019523";"155 645 936";"A01";"1";"80";"1";"0";"1";"9";"3";""
"202300019524";"155 645 935";"B01";"1";"7";"14";"0";"4";"2";"1";""
"202300019524";"155 645 937";"A01";"1";"10";"14";"0";"1";"2";"1";""
"202300019525";"155 645 930";"B01";"2";"15";"0";"0";"6";"24";"0";""
"202300019525";"155 645 932";"A01";"2";"7";"4";"0";"1";"0";"0";""
"202300019526";"155 645 929";"A01";"1";"7";"0";"2";"6";"24";"1";""
"202300019526";"155 645 931";"B01";"1";"1";"0";"2";"3";"1";"5";""
"202300019526";"155 645 933";"Z01";"1";"7";"1";"2";"1";"2";"0";""
"202300019526";"155 645 934";"C01";"2";"7";"0";"2";"6";"1";"1";""
"202300019527";"155 645 927";"B01";"1";"13";"0";"2";"3";"1";"1";""
"202300019527";"155 645 928";"A01";"2";"7";"0";"2";"3";"13";"1";""
"202300019528";"155 645 926";"Z01";"1";"7";"0";"1";"1";"1";"0";""
"202300019529";"155 645 924";"A01";"2";"7";"0";"2";"3";"9";"1";""
"202300019529";"155 645 925";"B01";"1";"15";"0";"2";"2";"1";"1";""
"202300019530";"155 645 921";"A01";"1";"43";"0";"2";"8";"18";"1";""
"202300019530";"155 645 923";"B01";"2";"7";"0";"2";"3";"15";"4";""
"202300019531";"155 645 920";"A01";"1";"7";"0";"2";"1";"13";"1";""
"202300019531";"155 645 922";"B01";"2";"7";"0";"2";"1";"1";"1";""
"202300019532";"155 645 918";"B01";"3";"33";"0";"2";"4";"2";"1";""
"202300019532";"155 645 919";"A01";"3";"1";"0";"0";"1";"2";"5";""
"202300019533";"155 645 915";"A01";"3";"7";"0";"2";"3";"11";"1";""
"202300019533";"155 645 917";"B01";"3";"1";"0";"2";"1";"17";"5";""
"202300019534";"155 645 914";"A01";"0";"50";"0";"2";"8";"1";"3";""
"202300019534";"155 645 916";"B01";"0";"7";"0";"2";"3";"1";"1";""
"202300019535";"155 645 910";"C01";"2";"33";"0";"2";"3";"1";"1";""
"202300019535";"155 645 912";"B01";"2";"7";"0";"2";"3";"1";"1";""
"202300019535";"155 645 913";"A01";"1";"10";"0";"2";"3";"1";"1";""
"202300019536";"155 645 909";"A01";"3";"1";"0";"2";"3";"13";"5";""
"202300019536";"155 645 911";"B01";"3";"1";"0";"2";"3";"1";"5";""
"202300019537";"155 645 906";"A01";"1";"7";"0";"2";"3";"0";"0";""
"202300019537";"155 645 908";"B01";"2";"7";"0";"2";"3";"1";"0";""