"Num_Acc";"id_vehicule";"num_veh";"senc";"catv";"obs";"obsm";"choc";"manv";"motor";"occutc"
"202300020754";"155 643 749";"B01";"1";"15";"0";"2";"4";"1";"1";""
"202300020755";"155 643 742";"A01";"1";"7";"0";"2";"7";"0";"1";""
"202300020755";"155 643 744";"B01";"1";"7";"0";"2";"8";"0";"2";""
"202300020756";"155 643 743";"B01";"0";"80";"0";"0";"8";"19";"3";""
"202300020756";"155 643 746";"A01";"1";"7";"0";"2";"1";"15";"1";""
"202300020757";"155 643 740";"B01";"1";"30";"0";"2";"8";"1";"1";""
"202300020757";"155 643 745";"A01";"2";"7";"0";"2";"3";"15";"1";""
"202300020758";"155 643 739";"A01";"1";"7";"0";"2";"4";"15";"2";""
"202300020758";"155 643 741";"B01";"1";"33";"0";"2";"1";"17";"1";""
"202300020759";"155 643 735";"A01";"2";"33";"0";"2";"8";"18";"1";""
"202300020759";"155 643 738";"B01";"2";"7";"0";"2";"7";"14";"1";""
"202300020760";"155 643 733";"A01";"2";"10";"0";"2";"4";"2";"1";""
"202300020760";"155 643 736";"B01";"2";"7";"0";"2";"4";"2";"1";""
"202300020760";"155 643 737";"C01";"2";"7";"0";"2";"1";"2";"1";""
"202300020761";"155 643 732";"A01";"1";"7";"0";"2";"2";"17";"0";""
"202300020761";"155 643 734";"B01";"1";"7";"13";"2";"6";"2";"1";""
"202300020762";"155 643 730";"A01";"2";"33";"0";"0";"8";"1";"1";""
"202300020763";"155 643 729";"B01";"1";"10";"0";"2";"2";"1";"1";""
"202300020763";"155 643 731";"A01";"1";"33";"0";"2";"8";"3";"1";""
"202300020764";"155 643 728";"A01";"0";"7";"0";"1";"0";"1";"1";""
"202300020765";"155 643 727";"A01";"0";"10";"0";"1";"1";"0";"0";""
"202300020766";"155 643 724";"A01";"1";"1";"0";"0";"0";"1";"5";""
"202300020767";"155 643 725";"A01";"1";"7";"2";"0";"3";"1";"1";""
"202300020768";"155 643 723";"A01";"2";"33";"0";"2";"1";"2";"1";""
"202300020768";"155 643 726";"B01";"2";"7";"0";"2";"4";"2";"1";""
"202300020769";"155 643 721";"A01";"1";"7";"0";"1";"3";"1";"1";""
"202300020770";"155 643 715";"B01";"1";"7";"0";"2";"4";"2";"1";""
"202300020770";"155 643 719";"A01";"1";"10";"0";"2";"1";"2";"1";""
"202300020770";"155 643 720";"C01";"1";"7";"0";"2";"1";"2";"1";""
"202300020771";"155 643 716";"A01";"1";"2";"0";"2";"1";"1";"1";""
"202300020771";"155 643 717";"B01";"2";"7";"0";"9";"2";"1";"1";""
"202300020772";"155 643 714";"A01";"2";"7";"0";"1";"1";"1";"1";""
"202300020773";"155 643 713";"B01";"2";"7";"0";"2";"4";"23";"1";""
"202300020773";"155 643 718";"A01";"2";"7";"0";"2";"1";"2";"1";""
"202300020774";"155 643 709";"A01";"1";"10";"0";"2";"5";"1";"1";""
"202300020774";"155 643 712";"B01";"1";"33";"0";"2";"1";"1";"1";""
"202300020775";"155 643 707";"A01";"1";"7";"0";"2";"1";"1";"1";""
"202300020775";"155 643 711";"B01";"3";"50";"0";"2";"8";"15";"3";""
"202300020776";"155 643 706";"B01";"3";"37";"0";"2";"8";"1";"1";"1"
"202300020776";"155 643 710";"A01";"3";"30";"0";"2";"1";"1";"1";""
"202300020777";"155 643 705";"B01";"2";"7";"0";"2";"4";"15";"1";""
"202300020777";"155 643 708";"Z01";"2";"7";"0";"2";"1";"2";"0";""
"202300020778";"155 643 704";"A01";"1";"7";"4";"0";"1";"1";"1";""
"202300020779";"155 643 703";"A01";"2";"7";"8";"0";"3";"26";"1";""
"202300020780";"155 643 701";"A01";"1";"7";"0";"2";"1";"2";"1";""
"202300020780";"155 643 702";"B01";"1";"7";"8";"2";"4";"2";"1";""
"202300020781";"155 643 700";"A01";"1";"7";"2";"0";"8";"21";"1";""
"202300020782";"155 643 696";"A01";"1";"7";"16";"0";"4";"12";"1";""
"202300020782";"155 643 699";"B01";"1";"17";"0";"2";"1";"21";"1";""
"202300020783";"155 643 695";"A01";"1";"30";"0";"2";"8";"10";"1";""
"202300020783";"155 643 697";"B01";"1";"32";"0";"2";"1";"1";"1";""
"202300020784";"155 643 694";"A01";"2";"2";"0";"0";"4";"14";"1";""
"202300020785";"155 643 691";"A01";"3";"7";"15";"0";"3";"1";"1";""
"202300020786";"155 643 689";"A01";"1";"33";"13";"0";"1";"1";"1";""
"202300020787";"155 643 687";"A01";"3";"10";"0";"1";"4";"4";"1";""
"202300020788";"155 643 685";"A01";"2";"21";"13";"0";"3";"0";"1";""
"202300020789";"155 643 684";"A01";"1";"7";"0";"2";"4";"23";"1";""
"202300020789";"155 643 686";"B01";"1";"7";"0";"2";"4";"23";"1";""
"202300020789";"155 643 688";"C01";"1";"7";"0";"2";"1";"2";"1";""
"202300020789";"155 643 690";"D01";"1";"7";"0";"2";"1";"2";"1";""
"202300020789";"155 643 692";"E01";"1";"7";"0";"2";"1";"2";"1";""
"202300020790";"155 643 683";"A01";"1";"17";"0";"0";"8";"1";"1";""
"202300020791";"155 643 693";"A01";"2";"7";"0";"2";"7";"15";"1";""
"202300020791";"155 643 698";"B01";"1";"33";"0";"2";"1";"1";"1";""
"202300020792";"155 643 681";"A01";"3";"7";"0";"1";"0";"23";"1";""
"202300020793";"155 643 680";"A01";"0";"7";"0";"1";"1";"15";"1";""
"202300020794";"155 643 677";"C01";"1";"7";"3";"2";"1";"1";"1";""
"202300020794";"155 643 679";"B01";"1";"7";"0";"2";"1";"1";"1";""
"202300020794";"155 643 682";"A01";"2";"7";"3";"2";"1";"5";"1";""
"202300020795";"155 643 675";"A01";"3";"10";"0";"1";"1";"1";"1";""
"202300020796";"155 643 674";"A01";"1";"35";"0";"2";"3";"1";"3";""
"202300020796";"155 643 676";"B01";"2";"1";"0";"2";"0";"1";"5";""
"202300020797";"155 643 678";"A01";"1";"7";"0";"1";"1";"15";"1";""
"202300020798";"155 643 673";"A01";"1";"1";"0";"1";"1";"1";"5";""
"202300020799";"155 643 671";"A01";"2";"33";"0";"0";"0";"26";"1";""
"202300020800";"155 643 672";"A01";"2";"33";"0";"1";"3";"1";"1";""
"202300020801";"155 643 669";"B01";"2";"7";"13";"2";"4";"1";"1";""
"202300020801";"155 643 670";"A01";"2";"10";"0";"2";"2";"2";"1";""
"202300020802";"155 643 667";"A01";"1";"10";"3";"0";"2";"1";"1";""
"202300020803";"155 643 666";"B01";"2";"7";"0";"2";"6";"23";"1";""
"202300020803";"155 643 668";"A01";"2";"31";"0";"2";"7";"11";"1";""
"202300020804";"155 643 664";"A01";"0";"7";"0";"1";"1";"1";"1";""
"202300020805";"155 643 665";"A01";"0";"7";"0";"1";"1";"15";"1";""
"202300020806";"155 643 662";"A01";"1";"2";"0";"2";"1";"5";"1";""
"202300020806";"155 643 663";"B01";"2";"7";"0";"2";"2";"1";"1";""
"202300020807";"155 643 660";"A01";"3";"2";"0";"2";"1";"1";"1";""
"202300020808";"155 643 658";"A01";"1";"33";"0";"2";"1";"1";"1";""
"202300020808";"155 643 661";"B01";"3";"7";"0";"2";"8";"9";"1";""
"202300020809";"155 643 659";"A01";"1";"33";"16";"0";"0";"14";"1";""
"202300020810";"155 643 654";"A01";"1";"33";"0";"0";"9";"0";"1";""
"202300020811";"155 643 656";"A01";"2";"10";"0";"2";"3";"15";"1";""
"202300020811";"155 643 657";"B01";"1";"43";"0";"2";"3";"1";"1";""
"202300020812";"155 643 653";"A01";"2";"60";"13";"0";"7";"1";"5";""
"202300020813";"155 643 652";"B01";"1";"10";"0";"2";"1";"24";"1";""
"202300020813";"155 643 655";"A01";"2";"7";"11";"0";"1";"13";"1";""
"202300020814";"155 643 649";"A01";"1";"7";"3";"2";"1";"2";"1";""
"202300020814";"155 643 651";"B01";"1";"14";"0";"2";"4";"1";"1";""
"202300020815";"155 643 647";"A01";"1";"7";"0";"2";"3";"15";"1";""
"202300020815";"155 643 650";"B01";"1";"33";"0";"2";"4";"15";"1";""
"202300020816";"155 643 646";"A01";"1";"15";"0";"2";"8";"11";"1";""
"202300020816";"155 643 648";"C01";"1";"7";"3";"2";"7";"1";"1";""
"202300020817";"155 643 643";"B01";"1";"2";"0";"2";"1";"1";"1";""
"202300020817";"155 643 645";"A01";"2";"10";"0";"2";"3";"13";"1";""
"202300020818";"155 643 644";"A01";"2";"7";"0";"1";"1";"1";"1";""
"202300020819";"155 643 642";"A01";"1";"7";"0";"1";"2";"1";"1";""
"202300020820";"155 643 640";"A01";"1";"7";"0";"2";"1";"5";"1";""
"202300020820";"155 643 641";"B01";"2";"7";"0";"2";"1";"1";"1";""
"202300020821";"155 643 639";"A01";"2";"7";"15";"0";"2";"21";"1";""
"202300020822";"155 643 638";"A01";"1";"99";"0";"9";"0";"0";"6";""
"202300020823";"155 643 637";"A01";"3";"7";"0";"1";"1";"1";"0";""
"202300020824";"155 643 636";"A01";"1";"7";"8";"0";"1";"15";"1";""
"202300020825";"155 643 634";"A01";"1";"10";"0";"2";"1";"2";"1";""
"202300020825";"155 643 635";"B01";"1";"7";"0";"2";"4";"2";"1";""
"202300020826";"155 643 632";"A01";"2";"7";"6";"0";"3";"1";"1";""
"202300020827";"155 643 631";"A01";"3";"10";"0";"1";"6";"26";"1";""
"202300020828";"155 643 630";"A01";"1";"30";"0";"2";"1";"1";"1";""
"202300020828";"155 643 633";"B01";"2";"32";"0";"2";"2";"15";"1";""
"202300020829";"155 643 628";"B01";"2";"7";"0";"2";"8";"9";"1";""
"202300020829";"155 643 629";"A01";"1";"33";"0";"2";"1";"1";"1";""
"202300020830";"155 643 627";"A01";"0";"7";"15";"1";"1";"26";"1";""
"202300020831";"155 643 623";"A01";"1";"7";"2";"0";"1";"13";"1";""
"202300020832";"155 643 621";"A01";"3";"7";"0";"2";"2";"15";"0";""
"202300020832";"155 643 626";"B01";"0";"50";"0";"0";"0";"0";"3";""
"202300020833";"155 643 620";"A01";"0";"7";"0";"2";"3";"0";"1";""
"202300020833";"155 643 624";"B01";"0";"7";"0";"2";"3";"15";"1";""
"202300020834";"155 643 619";"A01";"1";"1";"6";"0";"1";"1";"5";""
"202300020835";"155 643 618";"A01";"2";"7";"2";"0";"1";"0";"1";""
"202300020836";"155 643 616";"A01";"0";"7";"0";"2";"3";"15";"1";""
"202300020836";"155 643 617";"B01";"0";"31";"0";"2";"1";"1";"1";""
"202300020837";"155 643 615";"A01";"2";"7";"13";"0";"1";"0";"1";""
"202300020838";"155 643 614";"A01";"1";"7";"0";"1";"1";"1";"1";""
"202300020839";"155 643 613";"A01";"1";"7";"3";"0";"9";"16";"0";""
"202300020840";"155 643 610";"B01";"2";"38";"0";"2";"1";"1";"1";"1"
"202300020840";"155 643 612";"A01";"1";"7";"0";"2";"7";"13";"1";""
"202300020841";"155 643 608";"A01";"2";"7";"1";"0";"1";"1";"1";""
"202300020842";"155 643 607";"A01";"3";"7";"0";"2";"1";"1";"1";""
"202300020842";"155 643 611";"B01";"3";"1";"0";"2";"7";"1";"5";""
"202300020843";"155 643 606";"B01";"2";"33";"0";"2";"7";"2";"0";""
"202300020843";"155 643 609";"A01";"2";"7";"0";"2";"3";"2";"0";""
"202300020844";"155 643 603";"A01";"2";"7";"0";"2";"2";"17";"1";""
"202300020844";"155 643 605";"B01";"2";"7";"0";"2";"3";"1";"1";""
"202300020845";"155 643 600";"A01";"1";"10";"0";"0";"0";"1";"1";""
"202300020846";"155 643 598";"A01";"2";"7";"15";"0";"1";"19";"1";""
"202300020847";"155 643 599";"B01";"3";"7";"0";"2";"4";"2";"1";""
"202300020847";"155 643 602";"A01";"3";"7";"0";"2";"1";"2";"1";""
"202300020848";"155 643 591";"A01";"1";"7";"3";"0";"4";"1";"1";""
"202300020848";"155 643 594";"B01";"1";"10";"3";"2";"1";"2";"1";""
"202300020849";"155 643 589";"A01";"1";"7";"0";"2";"1";"1";"1";""
"202300020849";"155 643 593";"B01";"2";"10";"0";"2";"1";"13";"1";""
"202300020849";"155 643 596";"C01";"2";"7";"0";"2";"1";"1";"1";""
"202300020850";"155 643 590";"A01";"0";"7";"0";"1";"1";"1";"1";""
"202300020851";"155 643 588";"A01";"1";"33";"11";"0";"1";"1";"1";""
"202300020852";"155 643 586";"A01";"1";"7";"0";"0";"0";"0";"1";""
"202300020853";"155 643 585";"A01";"1";"7";"0";"0";"4";"1";"1";""
"202300020853";"155 643 587";"B01";"1";"33";"0";"2";"1";"2";"1";""
"202300020854";"155 643 583";"A01";"0";"10";"0";"2";"0";"0";"1";""
"202300020854";"155 643 584";"B01";"0";"7";"0";"2";"3";"0";"1";""
"202300020855";"155 643 577";"B01";"2";"7";"0";"2";"1";"1";"1";""
"202300020855";"155 643 580";"A01";"1";"7";"0";"2";"1";"6";"1";""
"202300020856";"155 643 578";"A01";"2";"31";"0";"2";"7";"1";"1";""
"202300020856";"155 643 581";"B01";"1";"7";"0";"2";"2";"15";"1";""
"202300020857";"155 643 574";"A01";"2";"7";"0";"0";"4";"1";"0";""
"202300020857";"155 643 576";"B01";"2";"7";"0";"2";"4";"1";"0";""
"202300020857";"155 643 579";"C01";"2";"7";"0";"2";"1";"1";"0";""
"202300020857";"155 643 582";"D01";"2";"7";"0";"2";"1";"1";"0";""
"202300020858";"155 643 573";"A01";"3";"7";"8";"0";"9";"1";"1";""
"202300020859";"155 643 572";"A01";"0";"7";"0";"1";"3";"20";"1";""
"202300020860";"155 643 575";"A01";"2";"7";"0";"1";"3";"15";"1";""
"202300020861";"155 643 570";"B01";"1";"7";"0";"2";"2";"1";"0";""
"202300020861";"155 643 571";"A01";"1";"33";"0";"2";"8";"1";"1";""
"202300020862";"155 643 569";"A01";"2";"31";"13";"0";"1";"21";"1";""
"202300020863";"155 643 568";"A01";"3";"7";"0";"1";"1";"2";"1";""
"202300020864";"155 643 565";"B01";"1";"7";"0";"2";"5";"2";"0";""
"202300020864";"155 643 566";"A01";"1";"7";"3";"2";"3";"2";"0";""
"202300020865";"155 643 563";"A01";"2";"7";"0";"9";"1";"16";"1";""
"202300020865";"155 643 567";"B01";"2";"1";"0";"2";"5";"1";"5";""
"202300020866";"155 643 562";"A01";"2";"2";"0";"0";"8";"15";"1";""
"202300020867";"155 643 560";"A01";"1";"2";"0";"2";"1";"5";"1";""
"202300020867";"155 643 561";"B01";"2";"7";"0";"2";"2";"1";"1";""
"202300020868";"155 643 559";"A01";"3";"2";"6";"0";"1";"1";"3";""
"202300020869";"155 643 558";"A01";"0";"7";"2";"0";"7";"1";"1";""
"202300020870";"155 643 556";"A01";"1";"7";"0";"9";"2";"1";"0";""
"202300020870";"155 643 557";"Y01";"1";"1";"0";"2";"8";"19";"5";""
"202300020871";"155 643 554";"A01";"1";"32";"0";"2";"1";"13";"1";""
"202300020871";"155 643 555";"B01";"2";"7";"0";"2";"3";"1";"1";""
"202300020872";"155 643 551";"B01";"3";"1";"0";"2";"8";"19";"5";""
"202300020872";"155 643 552";"A01";"3";"7";"0";"9";"1";"16";"1";""
"202300020873";"155 643 550";"B01";"3";"7";"0";"2";"0";"15";"1";""
"202300020873";"155 643 553";"A01";"3";"30";"0";"2";"6";"1";"1";""
"202300020874";"155 643 547";"A01";"2";"30";"0";"2";"1";"2";"1";""
"202300020874";"155 643 549";"B01";"2";"7";"0";"2";"4";"2";"1";""
"202300020875";"155 643 542";"B01";"2";"7";"0";"2";"1";"1";"1";""
"202300020875";"155 643 544";"A01";"1";"7";"0";"2";"1";"5";"1";""
"202300020875";"155 643 546";"C01";"2";"7";"0";"2";"1";"1";"1";""
"202300020875";"155 643 548";"D01";"2";"7";"0";"9";"1";"1";"1";""
"202300020876";"155 643 541";"A01";"1";"7";"0";"0";"2";"16";"0";""
"202300020876";"155 643 545";"B01";"2";"1";"0";"2";"1";"1";"5";""
"202300020877";"155 643 540";"A01";"3";"10";"0";"2";"1";"1";"1";""
"202300020877";"155 643 543";"B01";"0";"30";"0";"2";"5";"0";"1";""
"202300020878";"155 643 535";"A01";"0";"7";"0";"2";"6";"1";"1";""
"202300020878";"155 643 538";"B01";"0";"7";"0";"2";"1";"1";"1";""
"202300020879";"155 643 537";"B01";"3";"10";"0";"2";"3";"1";"1";""
"202300020879";"155 643 539";"A01";"3";"7";"0";"2";"3";"5";"1";""
"202300020880";"155 643 534";"B01";"1";"7";"0";"2";"1";"21";"1";""
"202300020880";"155 643 536";"A01";"2";"7";"0";"2";"3";"13";"1";""
"202300020881";"155 643 531";"A01";"1";"33";"0";"2";"0";"1";"1";""
"202300020882";"155 643 532";"B01";"1";"7";"0";"0";"4";"26";"0";""
"202300020882";"155 643 533";"A01";"1";"7";"0";"2";"1";"26";"1";""
"202300020883";"155 643 528";"A01";"3";"80";"0";"2";"3";"1";"3";""
"202300020883";"155 643 530";"Z01";"3";"7";"0";"9";"8";"13";"0";""
"202300020884";"155 643 526";"A01";"3";"7";"0";"1";"3";"0";"1";""
"202300020885";"155 643 525";"C01";"2";"33";"0";"2";"1";"17";"1";""
"202300020885";"155 643 527";"B01";"1";"10";"0";"2";"1";"1";"1";""
"202300020885";"155 643 529";"A01";"1";"7";"0";"2";"1";"1";"1";""
"202300020886";"155 643 521";"A01";"1";"7";"0";"2";"3";"1";"1";""
"202300020886";"155 643 523";"B01";"2";"7";"0";"2";"3";"1";"1";""
"202300020887";"155 643 522";"A01";"0";"7";"0";"2";"3";"12";"1";""
"202300020887";"155 643 524";"B01";"0";"3";"0";"2";"5";"0";"1";""
"202300020888";"155 643 520";"A01";"3";"7";"6";"0";"1";"1";"1";""
"202300020889";"155 643 519";"A01";"1";"33";"0";"0";"0";"0";"1";""
"202300020890";"155 643 517";"A01";"3";"33";"13";"0";"9";"1";"1";""
"202300020891";"155 643 516";"B01";"3";"2";"0";"2";"1";"1";"1";""
"202300020891";"155 643 518";"A01";"3";"7";"0";"2";"3";"15";"1";""
"202300020892";"155 643 514";"B01";"1";"7";"0";"2";"2";"2";"1";""
"202300020892";"155 643 515";"A01";"1";"2";"0";"0";"4";"9";"1";""
"202300020893";"155 643 511";"A01";"2";"7";"13";"0";"1";"1";"1";""
"202300020894";"155 643 510";"B01";"1";"7";"0";"2";"1";"17";"1";""
"202300020894";"155 643 513";"A01";"1";"99";"0";"2";"8";"1";"1";""
"202300020895";"155 643 509";"B01";"2";"32";"0";"2";"2";"1";"1";""
"202300020895";"155 643 512";"A01";"2";"7";"0";"2";"3";"15";"1";""
"202300020896";"155 643 504";"A01";"2";"7";"0";"2";"3";"1";"1";""
"202300020896";"155 643 506";"B01";"1";"7";"0";"2";"3";"1";"1";""
"202300020896";"155 643 508";"C01";"2";"7";"0";"2";"1";"1";"1";""
"202300020897";"155 643 505";"A01";"1";"7";"0";"2";"1";"2";"1";""
"202300020897";"155 643 507";"B01";"1";"10";"0";"2";"6";"1";"1";""
"202300020898";"155 643 503";"A01";"2";"3";"0";"1";"1";"1";"3";""
"202300020899";"155 643 502";"A01";"1";"10";"13";"0";"1";"1";"1";""
"202300020900";"155 643 499";"A01";"2";"17";"0";"2";"1";"2";"1";""
"202300020900";"155 643 500";"B01";"2";"10";"0";"2";"4";"2";"1";""
"202300020900";"155 643 501";"C01";"2";"10";"0";"2";"4";"2";"1";""
"202300020901";"155 643 498";"A01";"1";"7";"13";"0";"2";"14";"1";""
"202300020902";"155 643 497";"A01";"3";"7";"0";"1";"1";"1";"1";""
"202300020903";"155 643 493";"B01";"2";"7";"0";"2";"1";"1";"1";""
"202300020903";"155 643 496";"A01";"1";"7";"0";"2";"1";"5";"1";""
"202300020904";"155 643 491";"B01";"2";"7";"0";"2";"9";"1";"2";""
"202300020904";"155 643 492";"C01";"1";"7";"0";"2";"9";"11";"2";""
"202300020904";"155 643 495";"A01";"1";"7";"0";"2";"1";"13";"1";""
"202300020905";"155 643 490";"A01";"1";"1";"0";"2";"1";"5";"5";""
"202300020905";"155 643 494";"B01";"1";"7";"0";"2";"3";"1";"1";""
"202300020906";"155 643 489";"A01";"0";"7";"0";"0";"0";"1";"0";""
"202300020907";"155 643 488";"A01";"2";"32";"16";"0";"7";"1";"1";""
"202300020908";"155 643 485";"A01";"1";"1";"0";"9";"7";"2";"5";""
"202300020908";"155 643 487";"B01";"1";"1";"0";"9";"8";"2";"5";""
"202300020909";"155 643 483";"A01";"1";"7";"8";"2";"8";"13";"1";""
"202300020909";"155 643 486";"B01";"2";"7";"0";"2";"8";"1";"1";""
"202300020910";"155 643 480";"B01";"2";"7";"0";"2";"1";"2";"1";""
"202300020910";"155 643 482";"A01";"2";"7";"0";"2";"4";"1";"1";""
"202300020911";"155 643 481";"A01";"2";"7";"0";"2";"1";"1";"1";""
"202300020911";"155 643 484";"B01";"2";"15";"0";"2";"4";"1";"1";""
"202300020912";"155 643 476";"A01";"3";"7";"0";"2";"3";"13";"1";""
"202300020912";"155 643 479";"B01";"0";"7";"0";"2";"3";"1";"1";""
"202300020913";"155 643 474";"A01";"1";"7";"0";"2";"4";"0";"1";""
"202300020913";"155 643 477";"B01";"1";"7";"0";"2";"1";"0";"1";""
"202300020914";"155 643 473";"C01";"2";"7";"0";"2";"2";"1";"1";""
"202300020914";"155 643 475";"B01";"2";"7";"0";"2";"1";"1";"1";""
"202300020914";"155 643 478";"A01";"2";"7";"0";"2";"4";"1";"1";""
"202300020915";"155 643 468";"B01";"2";"7";"3";"2";"8";"2";"1";""
"202300020915";"155 643 471";"A01";"2";"7";"0";"2";"2";"14";"1";""
"202300020916";"155 643 469";"B01";"2";"14";"0";"2";"3";"1";"0";""
"202300020916";"155 643 472";"A01";"1";"7";"0";"2";"1";"13";"1";""
"202300020917";"155 643 467";"A01";"2";"33";"0";"2";"7";"1";"1";""
"202300020917";"155 643 470";"Z01";"2";"7";"0";"2";"0";"11";"2";""
"202300020918";"155 643 465";"A01";"1";"7";"6";"0";"3";"13";"1";""
"202300020919";"155 643 463";"B01";"2";"7";"0";"2";"0";"2";"1";""
"202300020919";"155 643 466";"Z01";"2";"7";"0";"2";"0";"0";"1";""
"202300020920";"155 643 464";"A01";"2";"7";"4";"0";"1";"1";"1";""
"202300020921";"155 643 460";"A01";"1";"17";"3";"0";"2";"1";"1";""
"202300020922";"155 643 461";"A01";"1";"7";"6";"0";"1";"1";"1";""
"202300020923";"155 643 459";"B01";"1";"30";"0";"2";"5";"1";"1";""
"202300020923";"155 643 462";"A01";"1";"7";"0";"2";"3";"9";"1";""
"202300020924";"155 643 457";"A01";"1";"7";"0";"0";"3";"1";"1";""
"202300020925";"155 643 453";"A01";"2";"30";"0";"2";"2";"1";"1";""
"202300020925";"155 643 455";"B01";"2";"7";"0";"2";"3";"15";"1";""
"202300020926";"155 643 452";"A01";"1";"10";"0";"2";"1";"1";"1";""
"202300020926";"155 643 454";"B01";"1";"7";"0";"2";"4";"2";"1";""
"202300020926";"155 643 456";"C01";"1";"10";"0";"2";"4";"2";"1";""
"202300020926";"155 643 458";"D01";"1";"7";"0";"2";"4";"2";"2";""
"202300020927";"155 643 450";"A01";"2";"10";"0";"2";"4";"11";"1";""
"202300020927";"155 643 451";"B01";"2";"10";"0";"2";"1";"1";"1";""
"202300020928";"155 643 448";"A01";"0";"3";"0";"1";"1";"1";"3";""
"202300020929";"155 643 446";"A01";"2";"7";"0";"2";"1";"2";"1";""
"202300020929";"155 643 447";"B01";"2";"7";"0";"2";"4";"2";"1";""
"202300020929";"155 643 449";"C01";"2";"7";"0";"0";"4";"0";"1";""
"202300020930";"155 643 443";"A01";"1";"7";"0";"2";"4";"12";"1";""
"202300020930";"155 643 445";"B01";"1";"31";"0";"2";"1";"3";"1";""
"202300020931";"155 643 442";"A01";"1";"7";"3";"0";"1";"13";"0";""
"202300020932";"155 643 440";"T01";"1";"7";"0";"2";"1";"1";"1";""
"202300020932";"155 643 441";"A01";"1";"10";"0";"2";"1";"1";"1";""
"202300020932";"155 643 444";"C01";"3";"60";"0";"2";"3";"1";"5";""
"202300020933";"155 643 438";"B01";"2";"33";"0";"2";"1";"3";"1";""
"202300020933";"155 643 439";"A01";"2";"7";"0";"2";"5";"12";"1";""
"202300020934";"155 643 436";"A01";"1";"7";"0";"2";"2";"14";"1";""
"202300020934";"155 643 437";"B01";"1";"7";"0";"2";"6";"1";"3";""
"202300020935";"155 643 434";"A01";"2";"33";"13";"0";"1";"1";"1";""
"202300020936";"155 643 431";"A01";"2";"7";"0";"2";"6";"11";"1";""
"202300020936";"155 643 433";"B01";"2";"43";"4";"2";"2";"1";"1";""
"202300020937";"155 643 432";"B01";"2";"7";"0";"2";"7";"15";"1";""
"202300020937";"155 643 435";"A01";"1";"7";"0";"2";"1";"1";"1";""
"202300020938";"155 643 430";"A01";"1";"7";"4";"0";"9";"14";"1";""
"202300020939";"155 643 425";"A01";"2";"33";"0";"2";"1";"1";"1";""
"202300020939";"155 643 429";"B01";"2";"33";"0";"0";"6";"1";"1";""
"202300020940";"155 643 426";"B01";"1";"1";"0";"0";"0";"0";"5";""
"202300020940";"155 643 428";"A01";"1";"7";"0";"2";"4";"20";"2";""
"202300020941";"155 643 424";"B01";"1";"30";"0";"2";"1";"1";"1";""
"202300020941";"155 643 427";"A01";"2";"32";"0";"2";"2";"1";"1";""
"202300020942";"155 643 422";"A01";"2";"7";"8";"2";"1";"17";"1";""
"202300020942";"155 643 423";"B01";"1";"7";"0";"2";"1";"1";"1";""
"202300020943";"155 643 420";"A01";"3";"10";"0";"1";"1";"1";"1";""
"202300020944";"155 643 419";"B01";"2";"32";"0";"2";"8";"13";"1";""
"202300020944";"155 643 421";"A01";"2";"7";"0";"2";"7";"1";"1";""
"202300020945";"155 643 415";"B01";"1";"7";"0";"2";"6";"1";"1";""
"202300020945";"155 643 418";"A01";"1";"30";"0";"2";"0";"0";"1";""
"202300020946";"155 643 416";"A01";"1";"30";"0";"2";"1";"17";"1";""
"202300020946";"155 643 417";"B01";"1";"7";"0";"2";"8";"15";"1";""
"202300020947";"155 643 413";"B01";"1";"10";"0";"2";"2";"26";"1";""
"202300020947";"155 643 414";"A01";"2";"3";"0";"2";"1";"26";"1";""
"202300020948";"155 643 409";"B01";"2";"50";"6";"2";"1";"1";"3";""
"202300020948";"155 643 411";"A01";"1";"7";"8";"2";"1";"1";"1";""
"202300020949";"155 643 410";"A01";"3";"50";"0";"2";"1";"19";"3";""
"202300020949";"155 643 412";"B01";"3";"7";"0";"2";"3";"16";"1";""
"202300020950";"155 643 408";"A01";"2";"7";"6";"0";"7";"14";"1";""
"202300020951";"155 643 407";"A01";"1";"30";"0";"1";"1";"1";"0";""
"202300020952";"155 643 405";"B01";"3";"7";"0";"2";"6";"2";"2";""
"202300020952";"155 643 406";"A01";"3";"30";"0";"2";"1";"2";"1";""
"202300020953";"155 643 400";"B01";"1";"31";"0";"2";"1";"1";"0";""
"202300020953";"155 643 403";"A01";"2";"7";"0";"2";"3";"2";"0";""
"202300020954";"155 643 398";"A01";"2";"7";"0";"2";"1";"1";"1";""
"202300020954";"155 643 401";"B01";"2";"7";"0";"2";"2";"15";"1";""
"202300020955";"155 643 395";"B01";"1";"1";"0";"2";"3";"1";"5";""
"202300020955";"155 643 397";"A01";"2";"7";"0";"2";"3";"15";"1";""
"202300020956";"155 643 391";"B01";"2";"7";"0";"2";"4";"1";"1";""
"202300020956";"155 643 394";"A01";"2";"10";"0";"2";"1";"1";"1";""
"202300020956";"155 643 396";"D01";"2";"7";"0";"2";"0";"0";"1";""
"202300020956";"155 643 399";"C01";"2";"7";"0";"0";"0";"0";"1";""
"202300020957";"155 643 390";"A01";"3";"32";"0";"2";"2";"17";"3";""
"202300020957";"155 643 392";"B01";"3";"7";"0";"2";"3";"15";"0";""
"202300020958";"155 643 389";"B01";"0";"7";"0";"2";"1";"1";"3";""
"202300020958";"155 643 393";"A01";"0";"7";"0";"2";"3";"1";"1";""