"Num_Acc";"id_vehicule";"num_veh";"senc";"catv";"obs";"obsm";"choc";"manv";"motor";"occutc"
"202300022188";"155 641 228";"B01";"1";"2";"0";"2";"4";"1";"0";""
"202300022189";"155 641 222";"A01";"1";"33";"0";"2";"1";"1";"1";""
"202300022189";"155 641 223";"Z01";"1";"7";"0";"2";"5";"23";"1";""
"202300022190";"155 641 220";"B01";"1";"33";"0";"2";"1";"17";"1";""
"202300022190";"155 641 224";"A01";"1";"7";"0";"2";"3";"10";"1";""
"202300022191";"155 641 217";"B01";"3";"10";"0";"2";"3";"1";"1";""
"202300022191";"155 641 221";"KA01";"3";"50";"0";"2";"1";"16";"3";""
"202300022192";"155 641 218";"B01";"1";"33";"0";"2";"1";"1";"1";""
"202300022192";"155 641 219";"A01";"2";"10";"0";"2";"1";"15";"1";""
"202300022193";"155 641 215";"A01";"2";"43";"0";"1";"1";"1";"1";""
"202300022194";"155 641 214";"B01";"3";"7";"0";"2";"1";"1";"6";""
"202300022194";"155 641 216";"A01";"3";"7";"0";"2";"1";"13";"0";""
"202300022195";"155 641 209";"A01";"2";"2";"0";"0";"0";"17";"1";""
"202300022196";"155 641 207";"A01";"2";"7";"0";"2";"3";"1";"1";""
"202300022196";"155 641 208";"B01";"2";"7";"0";"2";"8";"1";"1";""
"202300022197";"155 641 211";"A01";"0";"7";"0";"4";"1";"1";"1";""
"202300022197";"155 641 212";"B01";"1";"40";"0";"2";"2";"1";"3";""
"202300022198";"155 641 210";"A01";"2";"7";"0";"1";"1";"1";"1";""
"202300022199";"155 641 205";"A01";"2";"7";"0";"0";"0";"26";"1";""
"202300022199";"155 641 206";"B01";"2";"1";"0";"0";"0";"1";"5";""
"202300022200";"155 641 201";"A01";"2";"1";"0";"2";"1";"1";"5";""
"202300022200";"155 641 204";"B01";"1";"30";"0";"2";"2";"15";"3";""
"202300022201";"155 641 200";"B01";"2";"33";"0";"2";"1";"1";"1";""
"202300022201";"155 641 203";"A01";"1";"10";"0";"2";"1";"15";"1";""
"202300022202";"155 641 199";"B01";"1";"30";"0";"2";"1";"7";"1";""
"202300022202";"155 641 202";"A01";"3";"7";"0";"2";"3";"10";"0";""
"202300022203";"155 641 196";"A01";"0";"7";"0";"0";"0";"0";"1";""
"202300022203";"155 641 198";"B01";"0";"43";"0";"0";"0";"0";"1";""
"202300022204";"155 641 194";"A01";"1";"7";"0";"2";"5";"1";"2";""
"202300022204";"155 641 197";"B01";"1";"33";"0";"2";"1";"1";"1";""
"202300022205";"155 641 192";"A01";"2";"7";"0";"2";"3";"15";"1";""
"202300022205";"155 641 195";"B01";"1";"1";"0";"2";"1";"1";"5";""
"202300022206";"155 641 191";"A01";"3";"7";"0";"2";"8";"10";"0";""
"202300022206";"155 641 193";"B01";"3";"2";"0";"2";"1";"1";"0";""
"202300022207";"155 641 190";"A01";"1";"1";"12";"0";"1";"13";"5";""
"202300022208";"155 641 187";"A01";"2";"7";"0";"2";"2";"5";"2";""
"202300022208";"155 641 189";"B01";"1";"37";"0";"2";"2";"1";"1";"2"
"202300022209";"155 641 186";"A01";"1";"30";"14";"0";"1";"1";"1";""
"202300022210";"155 641 184";"B01";"1";"7";"0";"2";"5";"26";"1";""
"202300022210";"155 641 188";"A01";"1";"33";"0";"2";"1";"18";"0";""
"202300022211";"155 641 181";"B01";"3";"7";"0";"2";"7";"1";"1";""
"202300022211";"155 641 185";"A01";"3";"50";"0";"2";"1";"1";"3";""
"202300022212";"155 641 177";"A01";"1";"7";"0";"2";"2";"1";"1";""
"202300022212";"155 641 183";"B01";"3";"7";"0";"2";"1";"0";"1";""
"202300022213";"155 641 179";"B01";"1";"2";"0";"2";"0";"0";"1";""
"202300022213";"155 641 182";"A01";"1";"43";"0";"0";"0";"0";"1";""
"202300022214";"155 641 176";"B01";"2";"7";"0";"2";"4";"1";"1";""
"202300022214";"155 641 178";"A01";"2";"7";"0";"2";"1";"1";"1";""
"202300022214";"155 641 180";"C01";"2";"7";"0";"2";"4";"1";"1";""
"202300022215";"155 641 173";"A01";"3";"7";"0";"1";"2";"13";"1";""
"202300022216";"155 641 169";"A01";"0";"7";"0";"2";"3";"26";"1";""
"202300022216";"155 641 172";"B01";"0";"2";"0";"2";"1";"0";"1";""
"202300022217";"155 641 168";"B01";"2";"1";"0";"2";"1";"1";"5";""
"202300022217";"155 641 170";"A01";"3";"7";"0";"2";"3";"1";"1";""
"202300022218";"155 641 167";"A01";"0";"30";"0";"0";"7";"1";"1";""
"202300022219";"155 641 164";"A01";"2";"7";"0";"2";"6";"15";"1";""
"202300022219";"155 641 166";"B01";"2";"33";"0";"2";"2";"17";"1";""
"202300022220";"155 641 162";"A01";"2";"31";"0";"0";"0";"1";"1";""
"202300022221";"155 641 161";"A01";"1";"31";"0";"2";"8";"17";"1";""
"202300022221";"155 641 165";"B01";"1";"7";"0";"2";"5";"3";"1";""
"202300022222";"155 641 160";"B01";"0";"7";"0";"0";"0";"0";"0";""
"202300022222";"155 641 163";"A01";"3";"2";"0";"2";"1";"0";"1";""
"202300022223";"155 641 158";"A01";"3";"50";"0";"0";"7";"9";"3";""
"202300022224";"155 641 157";"A01";"2";"7";"13";"0";"2";"1";"1";""
"202300022225";"155 641 154";"B01";"1";"50";"0";"2";"2";"9";"3";""
"202300022225";"155 641 156";"A01";"1";"7";"0";"2";"3";"9";"1";""
"202300022226";"155 641 155";"A01";"2";"7";"0";"2";"3";"9";"1";""
"202300022226";"155 641 159";"B01";"2";"2";"0";"2";"5";"1";"1";""
"202300022227";"155 641 153";"A01";"3";"7";"0";"1";"0";"15";"0";""
"202300022228";"155 641 151";"A01";"2";"40";"0";"1";"1";"1";"3";""
"202300022229";"155 641 150";"A01";"2";"7";"0";"2";"1";"1";"1";""
"202300022229";"155 641 152";"B01";"2";"7";"0";"2";"8";"17";"1";""
"202300022230";"155 641 148";"A01";"1";"50";"0";"0";"0";"25";"3";""
"202300022231";"155 641 146";"A01";"1";"7";"0";"2";"2";"16";"1";""
"202300022231";"155 641 149";"B01";"1";"50";"0";"2";"1";"1";"3";""
"202300022232";"155 641 145";"A01";"1";"7";"0";"2";"1";"1";"1";""
"202300022232";"155 641 147";"B01";"1";"10";"0";"2";"4";"23";"1";""
"202300022233";"155 641 144";"A01";"1";"7";"1";"0";"1";"0";"1";""
"202300022234";"155 641 140";"B01";"3";"32";"0";"2";"1";"1";"1";""
"202300022234";"155 641 142";"A01";"3";"3";"0";"2";"6";"13";"0";""
"202300022235";"155 641 139";"A01";"2";"7";"0";"2";"1";"2";"1";""
"202300022235";"155 641 141";"B01";"2";"10";"0";"2";"4";"2";"1";""
"202300022236";"155 641 138";"A01";"2";"7";"0";"2";"8";"1";"1";""
"202300022236";"155 641 143";"B01";"1";"33";"0";"2";"3";"1";"1";""
"202300022237";"155 641 135";"A01";"3";"33";"12";"0";"1";"2";"0";""
"202300022237";"155 641 136";"B01";"3";"33";"0";"0";"0";"0";"0";""
"202300022238";"155 641 130";"A01";"1";"32";"0";"2";"3";"3";"1";""
"202300022238";"155 641 133";"B01";"1";"7";"0";"2";"7";"12";"1";""
"202300022239";"155 641 131";"B01";"1";"33";"0";"0";"6";"1";"1";""
"202300022239";"155 641 134";"A01";"1";"33";"0";"1";"8";"17";"1";""
"202300022239";"155 641 137";"C01";"2";"10";"0";"0";"8";"1";"1";""
"202300022240";"155 641 128";"A01";"1";"7";"1";"2";"1";"2";"1";""
"202300022240";"155 641 132";"B01";"3";"7";"1";"0";"4";"2";"1";""
"202300022241";"155 641 127";"A01";"3";"7";"0";"2";"4";"1";"0";""
"202300022241";"155 641 129";"B01";"2";"30";"0";"2";"4";"18";"1";""
"202300022242";"155 641 125";"A01";"0";"7";"0";"1";"2";"14";"0";""
"202300022243";"155 641 123";"A01";"2";"33";"0";"2";"8";"3";"1";""
"202300022243";"155 641 124";"B01";"2";"7";"0";"2";"7";"12";"1";""
"202300022243";"155 641 126";"C01";"2";"10";"0";"2";"8";"1";"1";""
"202300022244";"155 641 121";"A01";"2";"43";"0";"2";"1";"17";"1";""
"202300022244";"155 641 122";"B01";"2";"7";"0";"2";"8";"15";"1";""
"202300022245";"155 641 120";"A01";"2";"7";"0";"1";"3";"16";"1";""
"202300022246";"155 641 117";"A01";"3";"7";"0";"2";"1";"1";"1";""
"202300022246";"155 641 119";"B01";"3";"7";"0";"2";"1";"1";"1";""
"202300022247";"155 641 116";"A01";"1";"33";"0";"2";"2";"3";"1";""
"202300022247";"155 641 118";"B01";"1";"7";"0";"2";"6";"1";"1";""
"202300022248";"155 641 114";"B01";"2";"30";"0";"2";"1";"1";"1";""
"202300022248";"155 641 115";"A01";"2";"34";"0";"2";"4";"20";"1";""
"202300022249";"155 641 113";"A01";"0";"7";"8";"0";"1";"19";"1";""
"202300022250";"155 641 112";"A01";"1";"7";"4";"0";"3";"13";"1";""
"202300022251";"155 641 110";"A01";"1";"7";"0";"2";"3";"9";"1";""
"202300022251";"155 641 111";"B01";"2";"33";"0";"2";"8";"2";"1";""
"202300022252";"155 641 106";"B01";"3";"1";"0";"0";"8";"25";"5";""
"202300022252";"155 641 108";"A01";"0";"7";"0";"2";"2";"26";"1";""
"202300022253";"155 641 104";"A01";"2";"32";"0";"2";"1";"2";"1";""
"202300022253";"155 641 107";"B01";"2";"10";"0";"2";"4";"2";"1";""
"202300022254";"155 641 105";"A01";"1";"50";"0";"2";"1";"1";"3";""
"202300022254";"155 641 109";"B01";"1";"37";"0";"2";"3";"15";"1";"1"
"202300022255";"155 641 101";"A01";"2";"33";"0";"2";"8";"13";"1";""
"202300022255";"155 641 103";"B01";"1";"10";"4";"2";"3";"14";"1";""
"202300022256";"155 641 100";"A01";"1";"7";"0";"1";"1";"1";"1";""
"202300022257";"155 641 099";"A01";"1";"7";"0";"0";"0";"13";"1";""
"202300022257";"155 641 102";"B01";"3";"32";"0";"0";"0";"1";"1";""
"202300022258";"155 641 094";"B01";"1";"10";"0";"2";"2";"1";"1";""
"202300022258";"155 641 097";"A01";"1";"7";"0";"2";"2";"15";"1";""
"202300022259";"155 641 092";"A01";"1";"7";"0";"2";"2";"17";"1";""
"202300022259";"155 641 096";"B01";"1";"1";"0";"2";"4";"0";"5";""
"202300022260";"155 641 090";"D01";"2";"7";"0";"2";"1";"1";"1";""
"202300022260";"155 641 091";"A01";"1";"7";"0";"2";"1";"17";"1";""
"202300022260";"155 641 093";"B01";"2";"7";"0";"2";"2";"1";"1";""
"202300022260";"155 641 095";"C01";"2";"7";"3";"2";"1";"1";"1";""
"202300022260";"155 641 098";"E01";"1";"7";"8";"2";"3";"1";"1";""
"202300022261";"155 641 089";"A01";"2";"1";"0";"0";"1";"1";"5";""
"202300022262";"155 641 086";"A01";"2";"10";"17";"0";"2";"1";"0";""
"202300022263";"155 641 087";"A01";"1";"37";"2";"0";"7";"26";"1";"31"
"202300022264";"155 641 083";"A01";"2";"7";"2";"0";"7";"1";"1";""
"202300022265";"155 641 084";"B01";"1";"1";"0";"2";"7";"1";"5";""
"202300022265";"155 641 085";"A01";"1";"80";"0";"2";"8";"18";"3";""
"202300022266";"155 641 081";"A01";"1";"7";"4";"2";"3";"17";"1";""
"202300022266";"155 641 082";"B01";"1";"7";"0";"0";"6";"1";"1";""
"202300022267";"155 641 079";"B01";"2";"37";"0";"2";"8";"1";"1";"7"
"202300022267";"155 641 088";"A01";"2";"7";"0";"2";"1";"1";"1";""
"202300022268";"155 641 078";"Z01";"1";"1";"0";"1";"1";"1";"5";""
"202300022269";"155 641 076";"A01";"3";"7";"2";"0";"1";"0";"1";""
"202300022270";"155 641 072";"A01";"3";"7";"2";"0";"7";"1";"1";""
"202300022271";"155 641 071";"B01";"1";"1";"0";"2";"3";"1";"5";""
"202300022271";"155 641 075";"A01";"2";"7";"0";"2";"2";"1";"1";""
"202300022272";"155 641 070";"C01";"1";"7";"1";"0";"1";"1";"1";""
"202300022272";"155 641 074";"A01";"1";"7";"0";"2";"4";"23";"1";""
"202300022272";"155 641 077";"B01";"1";"7";"1";"0";"1";"1";"1";""
"202300022273";"155 641 069";"B01";"2";"7";"0";"2";"2";"1";"2";""
"202300022273";"155 641 073";"A01";"1";"31";"0";"2";"2";"1";"1";""
"202300022274";"155 641 068";"A01";"2";"7";"0";"0";"2";"1";"1";""
"202300022275";"155 641 065";"A01";"2";"10";"14";"0";"1";"0";"1";""
"202300022276";"155 641 061";"A01";"2";"7";"0";"2";"3";"13";"1";""
"202300022276";"155 641 064";"B01";"1";"7";"0";"2";"3";"1";"1";""
"202300022277";"155 641 062";"A01";"1";"33";"0";"2";"1";"1";"1";""
"202300022277";"155 641 067";"B01";"3";"7";"0";"2";"6";"1";"1";""
"202300022278";"155 641 063";"A01";"1";"80";"0";"2";"2";"1";"3";""
"202300022278";"155 641 066";"Z01";"1";"7";"0";"2";"2";"22";"0";""
"202300022279";"155 641 060";"A01";"1";"33";"0";"0";"8";"1";"1";""
"202300022280";"155 641 058";"A01";"1";"1";"0";"0";"1";"21";"5";""
"202300022281";"155 641 059";"A01";"2";"7";"8";"0";"1";"1";"1";""
"202300022282";"155 641 057";"A01";"1";"1";"0";"1";"1";"1";"5";""
"202300022283";"155 641 056";"A01";"2";"7";"0";"0";"0";"1";"1";""
"202300022284";"155 641 054";"A01";"2";"7";"0";"2";"1";"15";"1";""
"202300022284";"155 641 055";"B01";"1";"1";"0";"2";"1";"1";"5";""
"202300022285";"155 641 051";"A01";"2";"7";"0";"2";"0";"15";"1";""
"202300022285";"155 641 053";"B01";"2";"32";"0";"2";"1";"17";"1";""
"202300022286";"155 641 050";"A01";"1";"7";"15";"0";"1";"1";"1";""
"202300022287";"155 641 049";"A01";"1";"7";"7";"0";"3";"1";"1";""
"202300022287";"155 641 052";"B01";"2";"7";"6";"0";"1";"16";"1";""
"202300022288";"155 641 047";"A01";"1";"7";"0";"1";"6";"1";"1";""
"202300022289";"155 641 046";"A01";"3";"7";"0";"2";"1";"1";"1";""
"202300022289";"155 641 048";"B01";"0";"7";"0";"2";"8";"15";"1";""
"202300022290";"155 641 041";"A01";"1";"7";"0";"2";"3";"13";"1";""
"202300022290";"155 641 045";"B01";"2";"7";"0";"2";"3";"1";"1";""
"202300022291";"155 641 040";"A01";"1";"7";"0";"0";"0";"1";"1";""
"202300022292";"155 641 042";"A01";"2";"7";"1";"0";"1";"26";"1";""
"202300022293";"155 641 037";"A01";"2";"10";"0";"0";"1";"1";"1";""
"202300022294";"155 641 035";"B01";"1";"7";"0";"2";"3";"15";"1";""
"202300022294";"155 641 038";"A01";"2";"33";"0";"2";"8";"1";"1";""
"202300022295";"155 641 036";"B01";"1";"50";"0";"0";"1";"1";"3";""
"202300022295";"155 641 039";"A01";"1";"10";"0";"2";"2";"15";"1";""
"202300022296";"155 641 033";"A01";"1";"7";"0";"2";"1";"1";"1";""
"202300022296";"155 641 034";"B01";"2";"7";"0";"2";"2";"9";"1";""
"202300022297";"155 641 031";"A01";"1";"7";"0";"2";"5";"17";"1";""
"202300022297";"155 641 032";"B01";"1";"14";"0";"2";"3";"1";"1";""
"202300022298";"155 641 027";"B01";"1";"7";"0";"2";"1";"2";"0";""
"202300022298";"155 641 029";"A01";"1";"7";"0";"0";"4";"23";"0";""
"202300022299";"155 641 026";"B01";"1";"50";"0";"2";"1";"15";"3";""
"202300022299";"155 641 030";"A01";"1";"7";"0";"2";"2";"2";"1";""
"202300022300";"155 641 025";"B01";"1";"7";"0";"2";"8";"15";"1";""
"202300022300";"155 641 028";"A01";"2";"30";"0";"2";"1";"1";"1";""
"202300022301";"155 641 023";"A01";"1";"31";"8";"0";"1";"1";"1";""
"202300022302";"155 641 022";"A01";"1";"7";"9";"0";"7";"1";"1";""
"202300022303";"155 641 020";"A01";"2";"7";"0";"2";"2";"2";"0";""
"202300022303";"155 641 024";"B01";"2";"80";"0";"0";"4";"1";"3";""
"202300022304";"155 641 018";"A01";"1";"10";"8";"0";"9";"1";"1";""
"202300022305";"155 641 016";"A01";"1";"7";"0";"2";"1";"21";"1";""
"202300022305";"155 641 019";"B01";"1";"7";"14";"0";"4";"2";"1";""
"202300022305";"155 641 021";"C01";"1";"7";"14";"0";"4";"2";"1";""
"202300022306";"155 641 015";"B01";"2";"2";"0";"2";"3";"18";"1";""
"202300022306";"155 641 017";"A01";"2";"7";"0";"2";"5";"23";"1";""
"202300022307";"155 641 013";"A01";"2";"30";"3";"0";"0";"1";"1";""
"202300022308";"155 641 011";"A01";"2";"7";"0";"2";"3";"1";"1";""
"202300022308";"155 641 014";"B01";"1";"7";"0";"2";"3";"1";"1";""
"202300022309";"155 641 010";"A01";"0";"7";"0";"1";"0";"0";"0";""
"202300022310";"155 641 009";"A01";"2";"7";"0";"2";"4";"1";"1";""
"202300022310";"155 641 012";"Z01";"2";"7";"0";"2";"1";"1";"1";""
"202300022311";"155 641 007";"B01";"2";"7";"0";"2";"7";"9";"1";""
"202300022311";"155 641 008";"A01";"2";"7";"0";"2";"2";"5";"1";""
"202300022312";"155 641 006";"A01";"2";"7";"0";"1";"3";"1";"1";""
"202300022313";"155 641 003";"A01";"1";"7";"0";"2";"1";"1";"1";""
"202300022313";"155 641 004";"B01";"1";"7";"0";"2";"4";"1";"1";""
"202300022314";"155 641 001";"A01";"2";"7";"0";"2";"2";"1";"1";""
"202300022314";"155 641 005";"B01";"2";"7";"0";"2";"3";"1";"1";""
"202300022315";"155 640 998";"A01";"3";"50";"0";"2";"1";"1";"3";""
"202300022315";"155 640 999";"B01";"2";"7";"0";"2";"7";"1";"1";""
"202300022316";"155 640 995";"A01";"1";"7";"0";"1";"1";"1";"1";""
"202300022317";"155 640 993";"A01";"2";"7";"2";"0";"1";"0";"2";""
"202300022318";"155 640 992";"A01";"2";"2";"16";"0";"7";"1";"1";""
"202300022319";"155 640 990";"A01";"2";"7";"4";"0";"1";"14";"1";""
"202300022320";"155 640 988";"B01";"0";"10";"0";"2";"1";"0";"1";""
"202300022320";"155 640 991";"A01";"0";"33";"0";"2";"1";"15";"1";""
"202300022321";"155 640 987";"B01";"1";"0";"0";"2";"0";"17";"1";""
"202300022321";"155 640 989";"A01";"1";"2";"0";"0";"8";"2";"1";""
"202300022322";"155 640 986";"A01";"2";"7";"2";"0";"8";"21";"1";""
"202300022323";"155 640 985";"A01";"2";"14";"0";"0";"7";"1";"1";""
"202300022324";"155 640 982";"A01";"1";"7";"8";"0";"0";"1";"1";""
"202300022325";"155 640 980";"A01";"2";"7";"2";"0";"3";"1";"1";""
"202300022326";"155 640 981";"B01";"3";"50";"0";"2";"7";"1";"3";""
"202300022326";"155 640 984";"A01";"3";"7";"0";"9";"1";"26";"1";""
"202300022327";"155 640 977";"A01";"1";"30";"0";"0";"0";"1";"1";""
"202300022328";"155 640 975";"A01";"1";"7";"0";"2";"3";"9";"1";""
"202300022328";"155 640 978";"B01";"2";"32";"0";"2";"1";"1";"1";""
"202300022329";"155 640 976";"A01";"2";"10";"16";"0";"0";"13";"1";""
"202300022330";"155 640 973";"A01";"1";"7";"0";"2";"3";"1";"1";""
"202300022330";"155 640 974";"B01";"1";"7";"0";"2";"4";"15";"1";""
"202300022331";"155 640 969";"A01";"0";"2";"0";"0";"1";"1";"1";""
"202300022331";"155 640 971";"B01";"0";"7";"0";"0";"3";"1";"1";""
"202300022332";"155 640 968";"A01";"3";"3";"0";"0";"2";"0";"1";""
"202300022333";"155 640 967";"B01";"2";"33";"0";"2";"1";"1";"1";""
"202300022333";"155 640 970";"A01";"1";"7";"0";"2";"1";"13";"1";""
"202300022333";"155 640 972";"C01";"2";"10";"0";"2";"3";"1";"1";""
"202300022334";"155 640 966";"A01";"2";"7";"3";"0";"3";"13";"1";""
"202300022335";"155 640 963";"A01";"1";"2";"0";"1";"1";"1";"1";""
"202300022336";"155 640 965";"A01";"1";"7";"0";"0";"8";"1";"1";""
"202300022337";"155 640 964";"A01";"3";"33";"6";"0";"1";"1";"1";""
"202300022338";"155 640 960";"A01";"1";"33";"0";"2";"1";"17";"1";""
"202300022338";"155 640 961";"B01";"1";"7";"0";"2";"3";"2";"1";""
"202300022338";"155 640 962";"C01";"2";"7";"0";"2";"1";"0";"1";""
"202300022339";"155 640 956";"B01";"3";"7";"0";"2";"3";"1";"1";""
"202300022339";"155 640 959";"A01";"3";"7";"0";"2";"3";"13";"1";""
"202300022340";"155 640 952";"A01";"2";"7";"0";"2";"3";"1";"1";""
"202300022340";"155 640 955";"C01";"1";"7";"0";"2";"1";"1";"3";""
"202300022340";"155 640 958";"B01";"1";"7";"0";"2";"3";"1";"1";""
"202300022341";"155 640 951";"C01";"1";"7";"0";"2";"1";"1";"0";""
"202300022341";"155 640 954";"B01";"1";"7";"14";"0";"1";"1";"0";""
"202300022341";"155 640 957";"A01";"1";"2";"0";"0";"0";"1";"0";""
"202300022342";"155 640 949";"A01";"3";"7";"0";"2";"7";"1";"1";""
"202300022342";"155 640 953";"B01";"0";"31";"0";"2";"1";"1";"1";""
"202300022343";"155 640 948";"A01";"2";"7";"0";"0";"2";"15";"1";""
"202300022343";"155 640 950";"B01";"2";"34";"0";"2";"1";"1";"1";""
"202300022344";"155 640 946";"A01";"2";"7";"3";"0";"3";"1";"1";""
"202300022345";"155 640 944";"A01";"3";"7";"0";"1";"3";"1";"2";""
"202300022346";"155 640 945";"A01";"1";"7";"0";"2";"1";"9";"1";""
"202300022346";"155 640 947";"B01";"1";"7";"0";"2";"7";"1";"1";""
"202300022347";"155 640 941";"B01";"1";"10";"0";"0";"2";"17";"0";""
"202300022347";"155 640 943";"A01";"1";"7";"0";"0";"3";"15";"2";""
"202300022348";"155 640 940";"A01";"1";"7";"6";"2";"3";"13";"1";""
"202300022348";"155 640 942";"B01";"2";"7";"0";"2";"3";"1";"1";""
"202300022349";"155 640 938";"A01";"2";"7";"2";"0";"1";"1";"1";""
"202300022350";"155 640 937";"A01";"2";"33";"0";"2";"1";"3";"1";""
"202300022350";"155 640 939";"B01";"2";"33";"0";"2";"4";"3";"1";""
"202300022351";"155 640 936";"A01";"1";"38";"0";"1";"1";"1";"1";"1"
"202300022352";"155 640 935";"A01";"1";"7";"3";"0";"1";"1";"1";""
"202300022353";"155 640 933";"A01";"1";"10";"0";"1";"2";"1";"1";""
"202300022354";"155 640 932";"A01";"1";"43";"0";"2";"7";"13";"1";""
"202300022354";"155 640 934";"B01";"2";"7";"0";"2";"7";"13";" -1";""
"202300022355";"155 640 930";"A01";"1";"7";"13";"0";"0";"5";"1";""
"202300022356";"155 640 928";"A01";"3";"7";"0";"2";"3";"9";"1";""
"202300022356";"155 640 931";"B01";"3";"1";"0";"2";"1";"1";"5";""
"202300022357";"155 640 925";"A01";"2";"33";"0";"2";"7";"3";"1";""
"202300022357";"155 640 927";"B01";"2";"7";"0";"2";"8";"11";"1";""
"202300022358";"155 640 926";"A01";"3";"7";"0";"0";"8";"15";"0";""
"202300022358";"155 640 929";"B01";"1";"30";"0";"2";"1";"1";"1";""
"202300022359";"155 640 924";"A01";"1";"33";"0";"0";"8";"1";"1";""
"202300022360";"155 640 923";"A01";"3";"7";"0";"1";"1";"16";"1";""
"202300022361";"155 640 921";"A01";"3";"7";"1";"0";"1";"5";"1";""
"202300022362";"155 640 918";"A01";"1";"7";"0";"2";"1";"2";"1";""
"202300022362";"155 640 920";"B01";"1";"7";"0";"2";"4";"2";"1";""
"202300022362";"155 640 922";"C01";"1";"7";"0";"2";"4";"2";"2";""
"202300022363";"155 640 917";"A01";"1";"7";"17";"0";"1";"21";"1";""
"202300022364";"155 640 916";"A01";"1";"7";"16";"0";"5";"10";"1";""
"202300022364";"155 640 919";"B01";"1";"33";"0";"2";"1";"1";"1";""
"202300022365";"155 640 915";"A01";"2";"7";"14";"0";"1";"1";"1";""
"202300022366";"155 640 913";"A01";"1";"10";"2";"0";"8";"13";"1";""
"202300022367";"155 640 912";"Z01";"1";"10";"0";"2";"5";"12";"1";""
"202300022367";"155 640 914";"A01";"1";"33";"0";"2";"3";"3";"1";""
"202300022368";"155 640 909";"B01";"2";"7";"4";"2";"3";"5";"1";""
"202300022368";"155 640 911";"A01";"1";"7";"4";"2";"3";"1";"1";""
"202300022369";"155 640 908";"B01";"1";"7";"0";"2";"3";"1";"0";""
"202300022369";"155 640 910";"A01";"2";"2";"0";"2";"0";"5";"1";""
"202300022370";"155 640 905";"A01";"1";"2";"0";"2";"2";"2";"1";""
"202300022370";"155 640 907";"B01";"1";"7";"0";"2";"5";"2";"1";""
"202300022371";"155 640 904";"A01";"2";"7";"13";"0";"9";"1";"1";""
"202300022372";"155 640 903";"A01";"2";"7";"0";"2";"1";"1";"1";""
"202300022372";"155 640 906";"B01";"1";"10";"0";"2";"3";"21";"1";""
"202300022373";"155 640 901";"A01";"1";"31";"12";"0";"1";"1";"1";""
"202300022374";"155 640 896";"A01";"2";"7";"0";"2";"3";"13";"1";""
"202300022374";"155 640 899";"B01";"1";"7";"0";"2";"8";"1";"1";""
"202300022375";"155 640 895";"B01";"2";"7";"0";"2";"9";"15";"1";""
"202300022375";"155 640 898";"C01";"1";"7";"0";"2";"3";"1";"1";""
"202300022375";"155 640 902";"A01";"2";"7";"0";"2";"1";"2";"1";""
"202300022376";"155 640 897";"A01";"3";"7";"0";"2";"3";"26";"1";""
"202300022376";"155 640 900";"B01";"0";"30";"0";"2";"2";"1";"1";""
"202300022377";"155 640 890";"A01";"1";"7";"0";"0";"9";"1";"1";""
"202300022378";"155 640 889";"A01";"2";"7";"0";"0";"1";"1";"1";""
"202300022378";"155 640 891";"B01";"2";"7";"8";"2";"3";"1";"1";""
"202300022379";"155 640 888";"A01";"1";"7";"3";"0";"8";"1";"1";""
"202300022380";"155 640 886";"A01";"1";"33";"14";"0";"1";"6";"1";""
"202300022381";"155 640 884";"A01";"2";"7";"6";"0";"3";"0";"1";""
"202300022382";"155 640 883";"A01";"1";"7";"0";"2";"5";"15";"1";""
"202300022382";"155 640 887";"B01";"2";"7";"0";"2";"2";"1";"1";""
"202300022383";"155 640 882";"B01";"2";"30";"0";"2";"1";"1";"1";""
"202300022383";"155 640 885";"A01";"1";"7";"0";"2";"1";"15";"1";""
"202300022384";"155 640 879";"B01";"2";"7";"0";"2";"1";"1";"1";""
"202300022384";"155 640 881";"A01";"2";"7";"8";"0";"2";"1";"1";""
"202300022385";"155 640 876";"C01";"2";"7";"0";"2";"4";"2";"1";""
"202300022385";"155 640 878";"B01";"2";"7";"0";"2";"4";"2";"1";""
"202300022385";"155 640 880";"A01";"2";"7";"0";"2";"1";"2";"1";""
"202300022386";"155 640 874";"A01";"2";"1";"0";"2";"2";"14";"5";""
"202300022386";"155 640 877";"B01";"1";"7";"0";"2";"1";"1";"1";""
"202300022387";"155 640 871";"B01";"2";"33";"0";"2";"3";"1";"1";""
"202300022387";"155 640 873";"A01";"1";"7";"0";"2";"8";"1";"1";""
"202300022388";"155 640 872";"A01";"2";"7";"0";"2";"8";"15";"1";""
"202300022388";"155 640 875";"B01";"2";"33";"0";"2";"1";"17";"1";""
"202300022389";"155 640 867";"A01";"3";"1";"0";"0";"0";"0";"5";""
"202300022390";"155 640 866";"A01";"2";"7";"0";"2";"2";"15";"0";""
"202300022390";"155 640 870";"B01";"1";"2";"0";"2";"3";"1";"0";""
"202300022391";"155 640 864";"C01";"1";"7";"0";"2";"1";"1";"1";""
"202300022391";"155 640 868";"A01";"1";"13";"0";"2";"1";"1";"1";""
"202300022391";"155 640 869";"B01";"1";"7";"0";"2";"4";"2";"1";""
"202300022392";"155 640 863";"B01";"1";"7";"4";"2";"4";"1";"1";""
"202300022392";"155 640 865";"A01";"1";"7";"0";"2";"1";"1";"1";""
"202300022393";"155 640 860";"A01";"2";"7";"0";"2";"6";"15";"1";""
"202300022393";"155 640 862";"B01";"1";"33";"0";"2";"1";"1";"1";""