"Num_Acc";"id_vehicule";"num_veh";"senc";"catv";"obs";"obsm";"choc";"manv";"motor";"occutc"
"202300023218";"155 639 417";"A01";"1";"31";"0";"2";"1";"25";"0";""
"202300023218";"155 639 418";"B01";"2";"50";"0";"2";"1";"25";"3";""
"202300023219";"155 639 416";"A01";"3";"7";"0";"1";"1";"16";"0";""
"202300023220";"155 639 414";"A01";"3";"1";"0";"2";"1";"15";"5";""
"202300023220";"155 639 415";"B01";"1";"7";"0";"9";"6";"26";"1";""
"202300023221";"155 639 412";"A01";"1";"50";"0";"2";"1";"25";"3";""
"202300023221";"155 639 413";"Z01";"0";"1";"0";"2";"1";"1";"5";""
"202300023222";"155 639 411";"A01";"1";"7";"2";"0";"1";"1";"1";""
"202300023223";"155 639 409";"A01";"1";"50";"14";"0";"1";"1";"3";""
"202300023224";"155 639 407";"B01";"3";"50";"0";"2";"1";"1";"3";""
"202300023224";"155 639 410";"A01";"3";"7";"0";"2";"3";"1";"0";""
"202300023225";"155 639 406";"B01";"1";"7";"0";"2";"2";"1";"3";""
"202300023225";"155 639 408";"A01";"1";"1";"0";"2";"3";"15";"5";""
"202300023226";"155 639 404";"A01";"1";"7";"0";"1";"1";"1";"2";""
"202300023227";"155 639 403";"A01";"2";"7";"0";"2";"1";"0";"1";""
"202300023227";"155 639 405";"B01";"2";"33";"0";"2";"4";"2";"1";""
"202300023228";"155 639 401";"A01";"0";"30";"0";"2";"7";"17";"1";""
"202300023228";"155 639 402";"B01";"0";"7";"0";"2";"3";"15";"1";""
"202300023229";"155 639 400";"A01";"1";"7";"0";"2";"1";"1";"1";""
"202300023230";"155 639 398";"B01";"2";"7";"0";"2";"1";"1";"1";""
"202300023230";"155 639 399";"A01";"2";"7";"0";"2";"5";"1";"1";""
"202300023231";"155 639 397";"A01";"2";"7";"0";"1";"2";"1";"1";""
"202300023232";"155 639 396";"A01";"3";"32";"0";"0";"8";"1";"1";""
"202300023233";"155 639 392";"A01";"3";"7";"0";"2";"6";"15";"1";""
"202300023233";"155 639 394";"B01";"3";"1";"0";"2";"1";"1";"5";""
"202300023234";"155 639 393";"B01";"1";"1";"0";"2";"8";"1";"5";""
"202300023234";"155 639 395";"A01";"1";"7";"0";"2";"8";"17";"1";""
"202300023235";"155 639 390";"A01";"1";"7";"0";"0";"4";"11";"2";""
"202300023235";"155 639 391";"B01";"1";"7";"14";"0";"1";"1";"1";""
"202300023236";"155 639 388";"A01";"0";"3";"0";"2";"3";"10";"1";""
"202300023236";"155 639 389";"B01";"0";"34";"0";"2";"1";"5";"1";""
"202300023237";"155 639 385";"B01";"2";"80";"1";"0";"7";"25";"3";""
"202300023237";"155 639 387";"A01";"1";"7";"0";"9";"7";"24";"1";""
"202300023238";"155 639 384";"A01";"2";"7";"0";"2";"1";"1";"1";""
"202300023238";"155 639 386";"B01";"2";"7";"0";"2";"0";"0";"1";""
"202300023239";"155 639 383";"A01";"1";"33";"0";"0";"2";"21";"1";""
"202300023240";"155 639 381";"A01";"3";"7";"0";"2";"1";"1";"1";""
"202300023240";"155 639 382";"B01";"3";"7";"0";"2";"1";"1";"1";""
"202300023241";"155 639 378";"A01";"3";"7";"0";"2";"7";"1";"2";""
"202300023241";"155 639 380";"B01";"3";"7";"0";"2";"1";"1";"1";""
"202300023242";"155 639 377";"B01";"2";"33";"0";"2";"9";"1";"1";""
"202300023242";"155 639 379";"A01";"1";"7";"0";"2";"1";"9";"1";""
"202300023243";"155 639 375";"A01";"1";"7";"0";"0";"2";"0";"1";""
"202300023244";"155 639 374";"B01";"3";"33";"0";"2";"1";"1";"1";""
"202300023244";"155 639 376";"A01";"2";"10";"0";"2";"1";"15";"1";""
"202300023245";"155 639 373";"A01";"2";"7";"6";"0";"1";"26";"1";""
"202300023246";"155 639 372";"A01";"0";"7";"1";"1";"2";"1";"1";""
"202300023247";"155 639 371";"A01";"1";"7";"13";"0";"1";"1";"1";""
"202300023248";"155 639 369";"A01";"2";"32";"0";"2";"7";"1";"1";""
"202300023248";"155 639 370";"X01";"1";"7";"0";"2";"0";"0";"0";""
"202300023249";"155 639 367";"A01";"1";"34";"0";"2";"2";"1";"1";""
"202300023249";"155 639 368";"B01";"1";"7";"0";"2";"1";"16";"1";""
"202300023250";"155 639 366";"A01";"1";"7";"13";"0";"2";"1";"1";""
"202300023251";"155 639 364";"A01";"2";"1";"0";"2";"1";"5";"5";""
"202300023251";"155 639 365";"B01";"1";"7";"0";"2";"2";"1";"2";""
"202300023252";"155 639 363";"A01";"0";"33";"0";"0";"0";"16";"1";""
"202300023253";"155 639 361";"A01";"3";"1";"0";"2";"4";"1";"5";""
"202300023253";"155 639 362";"C01";"3";"7";"0";"2";"1";"0";"0";""
"202300023254";"155 639 358";"B01";"1";"0";"0";"2";"0";"0";"0";""
"202300023254";"155 639 360";"A01";"2";"7";"0";"2";"3";"1";"1";""
"202300023255";"155 639 357";"A01";"3";"7";"0";"2";"2";"1";"1";""
"202300023255";"155 639 359";"B01";"3";"1";"9";"0";"4";"15";"5";""
"202300023256";"155 639 353";"B01";"1";"33";"0";"2";"3";"1";"1";""
"202300023256";"155 639 355";"A01";"2";"7";"0";"2";"3";"13";"1";""
"202300023257";"155 639 351";"C01";"2";"31";"0";"2";"4";"3";"1";""
"202300023257";"155 639 352";"D01";"2";"7";"0";"2";"4";"1";"1";""
"202300023257";"155 639 354";"A01";"2";"31";"0";"2";"2";"3";"1";""
"202300023257";"155 639 356";"B01";"2";"7";"0";"2";"6";"1";"1";""
"202300023258";"155 639 348";"B01";"2";"7";"0";"2";"2";"2";"1";""
"202300023258";"155 639 349";"A01";"2";"33";"0";"2";"1";"11";"1";""
"202300023259";"155 639 346";"A01";"2";"13";"0";"2";"2";"1";"1";""
"202300023259";"155 639 347";"B01";"2";"7";"0";"2";"6";"9";"1";""
"202300023260";"155 639 345";"A01";"2";"7";"0";"2";"8";"1";"1";""
"202300023260";"155 639 350";"B01";"1";"7";"8";"2";"1";"1";"1";""
"202300023261";"155 639 344";"A01";"1";"7";"1";"0";"7";"14";"1";""
"202300023262";"155 639 341";"A01";"2";"30";"0";"2";"1";"1";"1";""
"202300023262";"155 639 342";"B01";"2";"32";"0";"2";"4";"1";"1";""
"202300023263";"155 639 340";"A01";"3";"10";"0";"2";"3";"15";"1";""
"202300023263";"155 639 343";"B01";"1";"33";"0";"2";"1";"1";"1";""
"202300023264";"155 639 338";"A01";"1";"7";"0";"2";"1";"15";"1";""
"202300023264";"155 639 339";"B01";"1";"32";"0";"2";"8";"1";"3";""
"202300023265";"155 639 335";"A01";"2";"7";"0";"2";"8";"15";"1";""
"202300023265";"155 639 337";"B01";"1";"31";"0";"2";"1";"1";"1";""
"202300023266";"155 639 334";"A01";"1";"7";"0";"2";"2";"15";"1";""
"202300023266";"155 639 336";"B01";"2";"33";"0";"2";"3";"1";"1";""
"202300023267";"155 639 332";"A01";"3";"7";"0";"2";"7";"15";"1";""
"202300023267";"155 639 333";"B01";"3";"31";"0";"2";"0";"1";"1";""
"202300023268";"155 639 331";"A01";"2";"7";"6";"0";"1";"0";"1";""
"202300023269";"155 639 328";"A01";"3";"7";"0";"2";"1";"2";"3";""
"202300023269";"155 639 330";"B01";"3";"7";"0";"2";"4";"2";"1";""
"202300023270";"155 639 327";"A01";"2";"7";"0";"2";"8";"13";"1";""
"202300023270";"155 639 329";"B01";"2";"33";"0";"2";"7";"17";"1";""
"202300023271";"155 639 326";"A01";"1";"50";"12";"0";"3";"13";"3";""
"202300023272";"155 639 324";"A01";"1";"2";"0";"2";"2";"1";"3";""
"202300023272";"155 639 325";"B01";"1";"14";"0";"2";"6";"1";"6";""
"202300023273";"155 639 320";"A01";"1";"7";"0";"2";"3";"11";"1";""
"202300023273";"155 639 321";"B01";"1";"1";"0";"2";"7";"1";"5";""
"202300023274";"155 639 319";"A01";"2";"7";"0";"2";"1";"2";"1";""
"202300023274";"155 639 322";"B01";"2";"7";"0";"2";"4";"23";"1";""
"202300023274";"155 639 323";"C01";"2";"7";"0";"0";"4";"23";"1";""
"202300023275";"155 639 317";"Z01";"1";"10";"0";"2";"1";"2";"1";""
"202300023275";"155 639 318";"B01";"1";"1";"0";"2";"4";"13";"5";""
"202300023276";"155 639 315";"A01";"1";"7";"1";"0";"2";"26";"1";""
"202300023277";"155 639 316";"A01";"2";"7";"2";"0";"1";"1";"1";""
"202300023278";"155 639 312";"A01";"2";"7";"0";"2";"7";"23";"0";""
"202300023278";"155 639 314";"B01";"2";"50";"1";"2";"1";"18";"3";""
"202300023279";"155 639 311";"A01";"2";"33";"0";"2";"1";"2";"1";""
"202300023279";"155 639 313";"B01";"2";"7";"0";"0";"8";"15";"1";""
"202300023280";"155 639 309";"A01";"1";"7";"0";"2";"2";"10";"1";""
"202300023280";"155 639 310";"B01";"2";"2";"0";"2";"8";"0";"1";""
"202300023281";"155 639 308";"A01";"1";"7";"8";"0";"7";"0";"1";""
"202300023282";"155 639 307";"A01";"2";"10";"2";"0";"1";"1";"1";""
"202300023283";"155 639 306";"A01";"2";"7";"0";"1";"1";"1";"1";""
"202300023284";"155 639 303";"A01";"2";"7";"0";"0";"4";"1";"1";""
"202300023284";"155 639 305";"B01";"2";"7";"0";"2";"1";"1";"1";""
"202300023285";"155 639 304";"A01";"1";"33";"0";"6";"2";"1";"1";""
"202300023286";"155 639 302";"A01";"0";"7";"0";"1";"3";"1";"0";""
"202300023287";"155 639 299";"B01";"0";"7";"0";"2";"4";"2";"1";""
"202300023287";"155 639 300";"A01";"0";"7";"0";"2";"1";"2";"1";""
"202300023288";"155 639 301";"A01";"2";"2";"7";"0";"0";"1";"1";""
"202300023289";"155 639 297";"A01";"1";"7";"0";"2";"1";"2";"1";""
"202300023289";"155 639 298";"B01";"1";"7";"0";"0";"4";"2";"1";""
"202300023290";"155 639 296";"A01";"0";"7";"16";"0";"9";"0";"6";""
"202300023291";"155 639 293";"A01";"1";"32";"0";"2";"1";"1";"1";""
"202300023291";"155 639 295";"B01";"2";"7";"0";"2";"2";"15";"1";""
"202300023292";"155 639 294";"A01";"1";"7";"3";"0";"2";"14";"1";""
"202300023293";"155 639 291";"B01";"1";"7";"0";"0";"1";"1";"1";""
"202300023293";"155 639 292";"A01";"2";"7";"0";"2";"1";"13";"2";""
"202300023294";"155 639 288";"A01";"2";"7";"16";"2";"8";"1";"6";""
"202300023294";"155 639 289";"B01";"1";"33";"0";"2";"1";"1";"6";""
"202300023295";"155 639 290";"A01";"3";"7";"0";"1";"1";"15";"1";""
"202300023296";"155 639 285";"B01";"2";"15";"0";"2";"2";"21";"1";""
"202300023296";"155 639 287";"A01";"1";"7";"0";"2";"3";"15";"1";""
"202300023297";"155 639 284";"A01";"1";"7";"0";"2";"5";"26";"1";""
"202300023297";"155 639 286";"B01";"1";"2";"0";"2";"2";"1";"1";""
"202300023298";"155 639 282";"A01";"3";"34";"0";"2";"9";"0";"1";""
"202300023298";"155 639 283";"B01";"3";"33";"0";"2";"0";"0";"1";""
"202300023299";"155 639 281";"A01";"1";"2";"12";"0";"1";"1";"1";""
"202300023300";"155 639 280";"A01";"2";"7";"6";"0";"1";"1";"1";""
"202300023301";"155 639 276";"B01";"1";"7";"3";"2";"1";"2";"1";""
"202300023301";"155 639 278";"A01";"1";"7";"3";"0";"4";"1";"1";""
"202300023301";"155 639 279";"C01";"1";"7";"0";"9";"0";"2";"1";""
"202300023302";"155 639 275";"A01";"3";"1";"0";"2";"7";"17";"5";""
"202300023302";"155 639 277";"B01";"3";"1";"0";"2";"8";"1";"5";""
"202300023303";"155 639 271";"A01";"2";"7";"8";"0";"0";"0";"1";""
"202300023304";"155 639 270";"A01";"1";"31";"0";"2";"7";"17";"0";""
"202300023304";"155 639 272";"B01";"1";"7";"0";"0";"8";"15";"0";""
"202300023305";"155 639 269";"A01";"1";"7";"13";"0";"2";"1";"0";""
"202300023306";"155 639 265";"A01";"1";"33";"0";"2";"1";"1";"1";""
"202300023306";"155 639 267";"B01";"1";"1";"0";"2";"0";"10";"5";""
"202300023307";"155 639 266";"B01";"1";"2";"0";"2";"1";"1";"1";""
"202300023307";"155 639 268";"A01";"2";"7";"0";"2";"7";"19";"1";""
"202300023308";"155 639 264";"A01";"1";"7";"2";"0";"2";"14";"1";""
"202300023309";"155 639 261";"A01";"1";"33";"0";"0";"0";"0";"1";""
"202300023310";"155 639 262";"A01";"1";"7";"0";"2";"5";"2";"1";""
"202300023310";"155 639 263";"B01";"1";"31";"0";"2";"8";"2";"1";""
"202300023311";"155 639 260";"A01";"1";"43";"15";"0";"1";"0";"1";""
"202300023312";"155 639 259";"A01";"0";"7";"0";"0";"0";"1";"1";""
"202300023313";"155 639 258";"A01";"1";"7";"13";"0";"1";"0";"1";""
"202300023314";"155 639 257";"A01";"1";"7";"0";"1";"2";"1";"1";""
"202300023315";"155 639 256";"A01";"2";"33";"13";"0";"1";"1";"1";""
"202300023316";"155 639 254";"A01";"1";"2";"0";"2";"7";"1";"1";""
"202300023316";"155 639 255";"B01";"2";"7";"0";"2";"6";"15";"1";""
"202300023317";"155 639 252";"A01";"1";"7";"2";"0";"7";"1";"1";""
"202300023318";"155 639 251";"B01";"3";"7";"0";"2";"3";"1";"1";""
"202300023318";"155 639 253";"A01";"3";"7";"0";"2";"3";"15";"1";""
"202300023319";"155 639 250";"A01";"2";"7";"13";"0";"1";"1";"1";""
"202300023320";"155 639 248";"A01";"1";"36";"13";"0";"2";"2";"1";""
"202300023321";"155 639 249";"A01";"0";"7";"13";"0";"0";"0";"1";""
"202300023322";"155 639 247";"A01";"1";"7";"13";"0";"1";"1";"1";""
"202300023323";"155 639 244";"A01";"1";"7";"0";"0";"9";"1";"1";""
"202300023324";"155 639 245";"A01";"1";"7";"0";"2";"8";"1";"1";""
"202300023324";"155 639 246";"B01";"1";"2";"0";"2";"1";"1";"1";""
"202300023325";"155 639 242";"A01";"1";"7";"0";"2";"2";"17";"1";""
"202300023325";"155 639 243";"B01";"1";"7";"0";"2";"6";"1";"3";""
"202300023326";"155 639 239";"A01";"1";"7";"0";"2";"3";"13";"1";""
"202300023326";"155 639 240";"B01";"2";"7";"0";"2";"3";"1";"1";""
"202300023327";"155 639 238";"A01";"2";"33";"0";"6";"1";"1";"1";""
"202300023328";"155 639 235";"B01";"1";"33";"0";"2";"4";"23";"1";""
"202300023328";"155 639 236";"A01";"1";"33";"0";"2";"1";"1";"1";""
"202300023329";"155 639 234";"B01";"2";"7";"0";"2";"4";"23";"1";""
"202300023329";"155 639 237";"A01";"2";"7";"0";"2";"1";"2";"1";""
"202300023329";"155 639 241";"C01";"2";"10";"0";"2";"6";"23";"1";""
"202300023330";"155 639 233";"A01";"0";"7";"2";"0";"1";"0";"1";""
"202300023331";"155 639 231";"A01";"2";"7";"7";"0";"2";"2";"0";""
"202300023332";"155 639 232";"A01";"1";"7";"16";"0";"0";"23";"1";""
"202300023333";"155 639 230";"A01";"2";"10";"13";"0";"2";"1";"1";""
"202300023334";"155 639 226";"A01";"2";"7";"0";"2";"1";"13";"1";""
"202300023334";"155 639 227";"B01";"1";"7";"0";"2";"1";"1";"1";""
"202300023334";"155 639 229";"C01";"1";"7";"0";"2";"1";"1";"1";""
"202300023335";"155 639 228";"A01";"1";"31";"12";"0";"1";"13";"1";""
"202300023336";"155 639 225";"A01";"1";"2";"12";"0";"7";"1";"1";""
"202300023337";"155 639 223";"A01";"2";"2";"0";"2";"2";"15";"1";""
"202300023337";"155 639 224";"B01";"1";"2";"0";"2";"3";"1";"1";""
"202300023338";"155 639 222";"A01";"2";"7";"13";"0";"1";"1";"0";""
"202300023339";"155 639 220";"A01";"1";"7";"0";"2";"1";"13";"1";""
"202300023339";"155 639 221";"B01";"2";"38";"0";"0";"1";"1";"1";"1"
"202300023340";"155 639 219";"A01";"2";"7";"2";"6";"1";"0";"1";""
"202300023341";"155 639 213";"D01";"2";"7";"0";"2";"1";"21";"1";""
"202300023341";"155 639 216";"A01";"2";"7";"14";"0";"3";"1";"1";""
"202300023341";"155 639 217";"B01";"2";"7";"0";"2";"1";"21";"1";""
"202300023341";"155 639 218";"C01";"2";"7";"3";"0";"3";"0";"2";""
"202300023342";"155 639 214";"A01";"3";"10";"0";"2";"4";"4";"1";""
"202300023342";"155 639 215";"B01";"3";"30";"0";"2";"1";"23";"1";""
"202300023343";"155 639 211";"A01";"3";"31";"0";"2";"8";"26";"1";""
"202300023343";"155 639 212";"B01";"2";"7";"0";"2";"3";"1";"1";""
"202300023344";"155 639 209";"A01";"0";"7";"0";"0";"0";"0";"1";""
"202300023345";"155 639 210";"A01";"1";"10";"17";"0";"3";"1";"1";""
"202300023346";"155 639 208";"A01";"1";"7";"8";"0";"7";"1";"1";""
"202300023347";"155 639 207";"A01";"2";"7";"17";"0";"9";"1";"1";""
"202300023348";"155 639 206";"A01";"3";"32";"0";"1";"4";"1";"1";""
"202300023349";"155 639 205";"A01";"2";"33";"13";"0";"1";"1";"1";""
"202300023350";"155 639 202";"A01";"2";"10";"0";"2";"1";"2";"1";""
"202300023350";"155 639 204";"B01";"2";"10";"0";"0";"4";"2";"1";""
"202300023351";"155 639 200";"A01";"2";"7";"0";"0";"6";"23";"0";""
"202300023351";"155 639 201";"C01";"2";"7";"1";"0";"9";"1";"0";""
"202300023351";"155 639 203";"B01";"2";"7";"3";"0";"1";"1";"0";""
"202300023352";"155 639 197";"A01";"3";"7";"0";"9";"1";"1";"0";""
"202300023352";"155 639 198";"B01";"3";"1";"0";"2";"1";"5";"5";""
"202300023353";"155 639 196";"B01";"0";"1";"0";"0";"0";"25";"5";""
"202300023353";"155 639 199";"A01";"2";"7";"0";"0";"1";"0";"0";""
"202300023354";"155 639 195";"A01";"3";"1";"0";"0";"1";"1";"5";""
"202300023355";"155 639 192";"A01";"1";"33";"0";"2";"8";"13";"1";""
"202300023355";"155 639 194";"B01";"2";"33";"0";"2";"8";"1";"1";""
"202300023356";"155 639 188";"A01";"1";"7";"0";"2";"3";"13";"1";""
"202300023356";"155 639 190";"B01";"2";"33";"0";"2";"1";"1";"1";""
"202300023357";"155 639 184";"A01";"2";"7";"0";"2";"1";"1";"1";""
"202300023357";"155 639 185";"B01";"1";"7";"0";"0";"3";"1";"1";""
"202300023358";"155 639 181";"A01";"1";"7";"13";"0";"8";"16";"0";""
"202300023359";"155 639 182";"C01";"2";"7";"0";"9";"1";"2";"1";""
"202300023359";"155 639 183";"D01";"2";"7";"14";"0";"0";"2";"1";""
"202300023359";"155 639 186";"G01";"2";"7";"14";"0";"0";"2";"1";""
"202300023359";"155 639 187";"F01";"2";"7";"14";"0";"0";"2";"1";""
"202300023359";"155 639 189";"A01";"2";"7";"0";"2";"1";"2";"1";""
"202300023359";"155 639 191";"B01";"2";"7";"0";"2";"4";"2";"1";""
"202300023359";"155 639 193";"E01";"2";"7";"14";"0";"0";"2";"1";""
"202300023360";"155 639 180";"A01";"3";"7";"6";"0";"8";"1";"1";""
"202300023361";"155 639 179";"A01";"3";"10";"16";"0";"3";"13";"1";""
"202300023362";"155 639 175";"A01";"2";"7";"0";"2";"1";"0";"2";""
"202300023362";"155 639 177";"B01";"1";"7";"0";"0";"1";"0";"1";""
"202300023363";"155 639 174";"A01";"0";"7";"0";"0";"2";"15";"1";""
"202300023363";"155 639 176";"B01";"0";"7";"0";"2";"3";"1";"1";""
"202300023364";"155 639 172";"A01";"1";"7";"0";"2";"1";"1";"1";""
"202300023364";"155 639 173";"B01";"1";"7";"0";"2";"8";"10";"1";""
"202300023365";"155 639 171";"A01";"2";"7";"1";"2";"1";"20";"1";""
"202300023366";"155 639 169";"A01";"1";"7";"0";"0";"5";"9";"1";""
"202300023366";"155 639 170";"B01";"1";"80";"0";"0";"2";"26";"3";""
"202300023367";"155 639 166";"A01";"3";"7";"0";"0";"4";"2";"1";""
"202300023367";"155 639 168";"B01";"3";"33";"0";"2";"1";"2";"1";""
"202300023368";"155 639 165";"A01";"2";"10";"0";"2";"1";"13";"1";""
"202300023368";"155 639 167";"B01";"1";"7";"0";"2";"1";"1";"1";""
"202300023369";"155 639 162";"B01";"2";"2";"0";"2";"2";"1";"1";""
"202300023369";"155 639 164";"A01";"1";"7";"0";"2";"2";"1";"1";""
"202300023370";"155 639 160";"A01";"1";"7";"3";"0";"1";"1";"1";""
"202300023371";"155 639 161";"A01";"2";"7";"0";"2";"2";"19";"1";""
"202300023371";"155 639 163";"B01";"1";"33";"0";"2";"1";"1";"1";""
"202300023372";"155 639 159";"A01";"1";"32";"0";"0";"1";"1";"1";""
"202300023373";"155 639 158";"A01";"2";"7";"5";"0";"1";"0";"1";""
"202300023374";"155 639 157";"A01";"2";"31";"0";"2";"6";"1";"1";""
"202300023375";"155 639 155";"A01";"2";"7";"4";"0";"1";"1";"1";""
"202300023376";"155 639 151";"A01";"1";"7";"0";"2";"1";"1";"1";""
"202300023376";"155 639 153";"B01";"1";"7";"0";"2";"3";"1";"1";""
"202300023376";"155 639 154";"C01";"1";"7";"0";"2";"4";"1";"1";""
"202300023377";"155 639 150";"A01";"2";"10";"0";"2";"3";"5";"1";""
"202300023377";"155 639 152";"B01";"1";"7";"0";"2";"3";"1";"1";""
"202300023378";"155 639 149";"A01";"1";"7";"3";"0";"2";"1";"1";""
"202300023379";"155 639 148";"A01";"1";"7";"0";"1";"3";"0";"1";""
"202300023380";"155 639 145";"C01";"2";"7";"0";"2";"4";"2";"1";""
"202300023380";"155 639 146";"A01";"2";"10";"0";"2";"1";"2";"1";""
"202300023380";"155 639 147";"B01";"2";"7";"0";"2";"4";"2";"1";""
"202300023381";"155 639 142";"A01";"1";"10";"4";"0";"3";"0";"1";""
"202300023382";"155 639 143";"A01";"1";"7";"0";"2";"3";"11";"1";""
"202300023382";"155 639 144";"B01";"2";"33";"0";"2";"1";"1";"1";""
"202300023383";"155 639 141";"A01";"2";"7";"3";"0";"1";"0";"1";""
"202300023384";"155 639 140";"A01";"2";"7";"6";"0";"1";"15";"1";""
"202300023385";"155 639 136";"A01";"2";"7";"0";"2";"8";"1";"1";""
"202300023385";"155 639 138";"B01";"2";"10";"0";"2";"7";"1";"1";""
"202300023385";"155 639 139";"C01";"2";"7";"0";"2";"4";"1";"1";""
"202300023386";"155 639 135";"A01";"1";"7";"0";"2";"2";"16";"1";""
"202300023386";"155 639 137";"B01";"1";"2";"0";"2";"1";"18";"1";""
"202300023387";"155 639 133";"B01";"2";"10";"0";"2";"1";"2";"1";""
"202300023387";"155 639 134";"A01";"2";"10";"0";"2";"4";"2";"1";""
"202300023388";"155 639 129";"A01";"2";"7";"0";"2";"3";"17";"1";""
"202300023388";"155 639 132";"B01";"2";"33";"0";"2";"7";"17";"1";""
"202300023389";"155 639 128";"A01";"2";"33";"4";"2";"1";"3";"1";""
"202300023389";"155 639 130";"B01";"2";"33";"4";"0";"4";"11";"1";""
"202300023389";"155 639 131";"C01";"2";"7";"4";"0";"4";"1";"1";""
"202300023390";"155 639 127";"A01";"3";"99";"14";"1";"3";"19";"6";""
"202300023391";"155 639 123";"B01";"3";"0";"0";"0";"0";"0";"0";""
"202300023391";"155 639 125";"A01";"3";"31";"0";"2";"1";"0";"0";""
"202300023392";"155 639 124";"A01";"1";"7";"0";"2";"2";"17";"1";""
"202300023392";"155 639 126";"B01";"1";"10";"0";"2";"8";"15";"1";""
"202300023393";"155 639 122";"A01";"3";"30";"0";"1";"1";"1";"1";""
"202300023394";"155 639 121";"A01";"2";"7";"13";"0";"1";"1";"1";""
"202300023395";"155 639 120";"A01";"3";"7";"0";"1";"4";"4";"1";""
"202300023396";"155 639 117";"A01";"2";"7";"1";"0";"3";"13";"1";""
"202300023397";"155 639 118";"A01";"1";"33";"0";"2";"1";"17";"1";""
"202300023397";"155 639 119";"B01";"2";"10";"0";"2";"2";"19";"1";""
"202300023398";"155 639 116";"A01";"0";"7";"0";"1";"1";"0";"0";""
"202300023399";"155 639 115";"A01";"3";"2";"0";"0";"0";"2";"6";""
"202300023400";"155 639 114";"A01";"2";"2";"0";"0";"7";"1";"1";""
"202300023401";"155 639 110";"A01";"1";"30";"0";"2";"1";"1";"1";""
"202300023401";"155 639 112";"B01";"1";"7";"0";"2";"1";"1";"0";""
"202300023402";"155 639 111";"A01";"1";"7";"0";"2";"1";"5";"1";""
"202300023402";"155 639 113";"B01";"2";"7";"0";"2";"1";"1";"1";""
"202300023403";"155 639 109";"A01";"1";"7";"0";"1";"2";"1";"1";""
"202300023404";"155 639 107";"A01";"1";"7";"0";"2";"8";"2";"1";""
"202300023404";"155 639 108";"B01";"1";"34";"0";"2";"7";"2";"1";""
"202300023405";"155 639 106";"A01";"3";"7";"1";"0";"2";"0";"1";""
"202300023406";"155 639 100";"B01";"2";"7";"0";"2";"1";"2";" -1";""
"202300023406";"155 639 102";"A01";"2";"7";"0";"0";"4";"2";"0";""
"202300023407";"155 639 095";"A01";"1";"10";"0";"2";"3";"5";"1";""
"202300023407";"155 639 097";"B01";"2";"7";"0";"2";"3";"1";"1";""
"202300023408";"155 639 094";"A01";"1";"7";"0";"2";"1";"2";"1";""
"202300023408";"155 639 096";"B01";"1";"7";"0";"2";"4";"2";"1";""
"202300023408";"155 639 098";"C01";"1";"7";"0";"2";"4";"2";"1";""
"202300023409";"155 639 092";"A01";"1";"7";"0";"2";"8";"9";"1";""
"202300023409";"155 639 093";"B01";"1";"1";"0";"2";"1";"15";"5";""
"202300023410";"155 639 090";"A01";"1";"7";"8";"0";"1";"13";"1";""
"202300023411";"155 639 089";"A01";"3";"10";"14";"2";"3";"0";"1";""
"202300023411";"155 639 091";"B01";"3";"7";"0";"2";"4";"23";"1";""
"202300023412";"155 639 086";"B01";"1";"33";"0";"2";"1";"1";"1";""
"202300023412";"155 639 088";"A01";"2";"7";"0";"2";"2";"19";"1";""
"202300023413";"155 639 084";"A01";"3";"7";"0";"1";"1";"20";"1";""
"202300023414";"155 639 083";"C01";"2";"7";"0";"2";"5";"2";"1";""
"202300023414";"155 639 085";"A01";"2";"7";"0";"2";"1";"2";"1";""
"202300023414";"155 639 087";"B01";"2";"7";"0";"2";"4";"2";"2";""
"202300023415";"155 639 081";"A01";"2";"10";"0";"2";"4";"26";"1";""
"202300023415";"155 639 082";"B01";"2";"33";"0";"2";"1";"23";"1";""
"202300023416";"155 639 079";"A01";"2";"7";"0";"2";"1";"2";"0";""
"202300023416";"155 639 080";"B01";"2";"7";"0";"2";"4";"1";"0";""
"202300023417";"155 639 076";"A01";"1";"33";"0";"0";"7";"0";"1";""
"202300023418";"155 639 073";"B01";"1";"7";"0";"2";"0";"0";"1";""
"202300023418";"155 639 074";"C01";"1";"7";"0";"2";"0";"0";"1";""
"202300023418";"155 639 075";"A01";"1";"7";"0";"2";"1";"2";"1";""
"202300023419";"155 639 071";"A01";"2";"10";"3";"2";"3";"1";"1";""
"202300023419";"155 639 072";"B01";"2";"13";"0";"2";"5";"9";"1";""
"202300023420";"155 639 069";"B01";"3";"33";"0";"2";"8";"18";"1";""
"202300023420";"155 639 070";"A01";"3";"7";"0";"2";"7";"16";"1";""
"202300023421";"155 639 065";"B01";"1";"7";"0";"2";"5";"0";"1";""
"202300023421";"155 639 067";"A01";"1";"7";"14";"2";"1";"1";"1";""
"202300023422";"155 639 066";"A01";"2";"10";"0";"2";"1";"1";"1";""
"202300023422";"155 639 068";"B01";"2";"7";"0";"2";"4";"1";"1";""
"202300023423";"155 639 064";"A01";"1";"7";"0";"1";"2";"1";"1";""
"202300023424";"155 639 062";"A01";"2";"7";"1";"0";"1";"2";"2";""
"202300023424";"155 639 063";"B01";"2";"7";"0";"2";"4";"23";"1";""
"202300023425";"155 639 060";"A01";"3";"1";"0";"2";"1";"19";"5";""
"202300023425";"155 639 061";"B01";"3";"7";"0";"2";"8";"19";"1";""