"Num_Acc";"id_vehicule";"num_veh";"senc";"catv";"obs";"obsm";"choc";"manv";"motor";"occutc"
"202300023620";"155 638 692";"B01";"2";"30";"0";"2";"1";"1";"1";""
"202300023620";"155 638 693";"A01";"1";"7";"0";"2";"1";"15";"1";""
"202300023621";"155 638 690";"B01";"1";"32";"0";"2";"1";"26";"1";""
"202300023621";"155 638 691";"A01";"1";"7";"0";"2";"4";"23";"1";""
"202300023622";"155 638 688";"A01";"1";"7";"0";"2";"1";"2";"1";""
"202300023622";"155 638 689";"B01";"1";"7";"0";"1";"4";"23";"1";""
"202300023623";"155 638 687";"A01";"1";"7";"0";"0";"1";"1";"1";""
"202300023624";"155 638 685";"A01";"3";"33";"0";"2";"1";"1";"1";""
"202300023624";"155 638 686";"B01";"3";"7";"0";"2";"8";"1";"1";""
"202300023625";"155 638 683";"B01";"2";"7";"0";"2";"4";"1";"1";""
"202300023625";"155 638 684";"A01";"2";"7";"0";"2";"1";"1";"1";""
"202300023626";"155 638 682";"A01";"1";"7";"8";"0";"1";"26";"1";""
"202300023627";"155 638 680";"B01";"1";"2";"0";"2";"8";"1";"1";""
"202300023627";"155 638 681";"A01";"1";"7";"0";"2";"2";"16";"1";""
"202300023628";"155 638 677";"A01";"2";"1";"0";"2";"4";"15";"5";""
"202300023628";"155 638 678";"Z01";"2";"7";"0";"2";"1";"13";"0";""
"202300023629";"155 638 676";"A01";"0";"7";"0";"2";"1";"1";"1";""
"202300023629";"155 638 679";"B01";"0";"10";"0";"2";"4";"23";"1";""
"202300023630";"155 638 674";"A01";"1";"7";"0";"0";"0";"0";"1";""
"202300023631";"155 638 673";"A01";"1";"7";"0";"2";"1";"1";"1";""
"202300023631";"155 638 675";"B01";"1";"7";"0";"0";"5";"12";"1";""
"202300023632";"155 638 671";"A01";"2";"7";"0";"2";"7";"17";"1";""
"202300023632";"155 638 672";"B01";"2";"50";"0";"2";"8";"1";"3";""
"202300023633";"155 638 670";"A01";"3";"7";"0";"1";"2";"1";"1";""
"202300023634";"155 638 668";"A01";"3";"7";"0";"2";"4";"4";"1";""
"202300023634";"155 638 669";"B01";"3";"30";"1";"2";"1";"1";"1";""
"202300023635";"155 638 665";"A01";"1";"7";"0";"2";"7";"15";"1";""
"202300023635";"155 638 667";"B01";"1";"33";"0";"2";"1";"1";"1";""
"202300023636";"155 638 663";"A01";"3";"30";"0";"0";"0";"26";"1";""
"202300023637";"155 638 664";"A01";"3";"33";"12";"2";"2";"17";"1";""
"202300023637";"155 638 666";"B01";"3";"7";"0";"2";"3";"15";"1";""
"202300023638";"155 638 660";"A01";"2";"7";"0";"2";"3";"12";"1";""
"202300023638";"155 638 662";"B01";"2";"1";"0";"2";"7";"1";"5";""
"202300023639";"155 638 659";"B01";"2";"7";"0";"2";"8";"0";"1";""
"202300023639";"155 638 661";"A01";"1";"7";"0";"2";"8";"1";"1";""
"202300023640";"155 638 658";"A01";"2";"7";"0";"1";"1";"26";"0";""
"202300023641";"155 638 657";"A01";"2";"7";"8";"0";"1";"14";"1";""
"202300023642";"155 638 656";"A01";"3";"7";"0";"1";"8";"1";"1";""
"202300023643";"155 638 653";"A01";"1";"7";"0";"2";"2";"1";"1";""
"202300023643";"155 638 655";"B01";"1";"7";"0";"2";"8";"1";"1";""
"202300023644";"155 638 649";"A01";"3";"7";"0";"2";"2";"1";"1";""
"202300023644";"155 638 651";"B01";"3";"7";"0";"2";"3";"1";"1";""
"202300023645";"155 638 647";"A01";"0";"7";"0";"1";"2";"1";"0";""
"202300023646";"155 638 648";"A01";"2";"10";"0";"2";"1";"15";"1";""
"202300023646";"155 638 650";"B01";"2";"1";"0";"2";"3";"1";"5";""
"202300023647";"155 638 646";"A01";"2";"7";"1";"0";"4";"1";"2";""
"202300023648";"155 638 644";"A01";"3";"50";"0";"2";"1";"15";"3";""
"202300023648";"155 638 645";"B01";"3";"7";"0";"2";"2";"1";"1";""
"202300023649";"155 638 642";"B01";"1";"7";"0";"2";"5";"23";"1";""
"202300023649";"155 638 643";"A01";"1";"7";"0";"2";"3";"3";"1";""
"202300023650";"155 638 640";"B01";"1";"2";"0";"2";"1";"1";"1";""
"202300023650";"155 638 641";"A01";"2";"7";"0";"2";"3";"15";"1";""
"202300023651";"155 638 638";"A01";"1";"30";"0";"2";"1";"26";"1";""
"202300023651";"155 638 639";"B01";"1";"7";"0";"2";"2";"15";"1";""
"202300023652";"155 638 636";"B01";"2";"30";"0";"2";"1";"1";"1";""
"202300023652";"155 638 637";"A01";"2";"7";"0";"2";"3";"16";"1";""
"202300023653";"155 638 633";"A01";"0";"7";"0";"0";"2";"16";"1";""
"202300023653";"155 638 634";"B01";"1";"99";"0";"0";"1";"13";"3";""
"202300023654";"155 638 631";"A01";"2";"7";"0";"1";"1";"10";"1";""
"202300023655";"155 638 632";"A01";"1";"7";"0";"2";"2";"9";"1";""
"202300023655";"155 638 635";"B01";"1";"33";"0";"2";"3";"2";"1";""
"202300023656";"155 638 629";"B01";"2";"34";"0";"2";"0";"2";"1";""
"202300023656";"155 638 630";"A01";"1";"7";"0";"2";"3";"15";"1";""
"202300023657";"155 638 627";"A01";"1";"33";"0";"2";"3";"1";"1";""
"202300023657";"155 638 628";"B01";"1";"14";"0";"2";"2";"4";"1";""
"202300023658";"155 638 625";"A01";"2";"7";"0";"2";"1";"1";"1";""
"202300023658";"155 638 626";"B01";"1";"50";"0";"2";"7";"1";"3";""
"202300023659";"155 638 623";"A01";"0";"10";"0";"1";"0";"0";"1";""
"202300023660";"155 638 622";"A01";"1";"7";"0";"1";"3";"1";"1";""
"202300023661";"155 638 621";"A01";"3";"10";"0";"0";"8";"1";"1";""
"202300023662";"155 638 619";"A01";"2";"33";"0";"2";"1";"21";"1";""
"202300023662";"155 638 620";"B01";"1";"99";"0";"0";"0";"0";"1";""
"202300023663";"155 638 616";"A01";"1";"7";"0";"2";"2";"2";"1";""
"202300023663";"155 638 618";"B01";"1";"7";"0";"2";"6";"1";"1";""
"202300023664";"155 638 614";"A01";"1";"7";"0";"2";"1";"13";"1";""
"202300023664";"155 638 615";"B01";"2";"7";"0";"2";"1";"1";"6";""
"202300023665";"155 638 611";"A01";"2";"33";"0";"2";"5";"26";"1";""
"202300023665";"155 638 613";"Z01";"2";"10";"0";"2";"5";"2";"0";""
"202300023666";"155 638 612";"B01";"1";"7";"0";"2";"3";"1";"1";""
"202300023666";"155 638 617";"A01";"1";"7";"0";"2";"2";"9";"1";""
"202300023667";"155 638 610";"A01";"2";"30";"0";"0";"3";"26";"1";""
"202300023668";"155 638 607";"A01";"1";"99";"0";"2";"1";"1";"3";""
"202300023668";"155 638 609";"B01";"2";"7";"0";"2";"7";"15";"1";""
"202300023669";"155 638 606";"A01";"3";"30";"0";"2";"4";"15";"1";""
"202300023669";"155 638 608";"B01";"3";"7";"0";"2";"1";"1";"3";""
"202300023670";"155 638 604";"B01";"3";"7";"0";"0";"1";"1";"1";""
"202300023670";"155 638 605";"A01";"3";"7";"0";"0";"2";"15";"1";""
"202300023671";"155 638 602";"A01";"2";"99";"16";"0";"4";"15";"3";""
"202300023672";"155 638 601";"B01";"1";"7";"0";"2";"3";"1";"1";""
"202300023672";"155 638 603";"A01";"2";"30";"0";"2";"1";"13";"1";""
"202300023673";"155 638 599";"A01";"3";"7";"0";"2";"1";"26";"1";""
"202300023673";"155 638 600";"B01";"2";"33";"0";"2";"1";"26";"1";""
"202300023674";"155 638 598";"A01";"1";"7";"0";"1";"1";"1";"1";""
"202300023675";"155 638 595";"A01";"2";"7";"0";"2";"6";"15";"1";""
"202300023675";"155 638 597";"B01";"1";"30";"0";"2";"5";"17";"1";""
"202300023676";"155 638 594";"A01";"1";"34";"0";"2";"8";"1";"1";""
"202300023676";"155 638 596";"B01";"2";"7";"0";"2";"1";"1";"1";""
"202300023677";"155 638 592";"A01";"1";"33";"0";"2";"1";"17";"1";""
"202300023677";"155 638 593";"B01";"2";"7";"0";"2";"1";"15";"1";""
"202300023678";"155 638 591";"A01";"1";"10";"1";"0";"3";"0";"1";""
"202300023679";"155 638 590";"A01";"0";"14";"6";"0";"4";"20";"1";""
"202300023680";"155 638 589";"A01";"2";"7";"0";"1";"1";"1";"1";""
"202300023681";"155 638 587";"A01";"3";"7";"0";"2";"1";"13";"0";""
"202300023681";"155 638 588";"B01";"3";"33";"0";"2";"1";"1";"0";""
"202300023682";"155 638 584";"B01";"1";"7";"0";"2";"3";"1";"1";""
"202300023682";"155 638 586";"A01";"3";"10";"0";"2";"2";"1";"1";""
"202300023683";"155 638 583";"A01";"1";"7";"0";"2";"3";"1";"1";""
"202300023683";"155 638 585";"B01";"2";"7";"0";"2";"3";"1";"1";""
"202300023684";"155 638 581";"A01";"1";"33";"0";"0";"7";"3";"1";""
"202300023685";"155 638 580";"B01";"1";"1";"0";"2";"1";"1";"5";""
"202300023685";"155 638 582";"A01";"1";"7";"0";"2";"2";"16";"1";""
"202300023686";"155 638 577";"B01";"2";"34";"0";"2";"8";"9";"1";""
"202300023686";"155 638 579";"A01";"2";"7";"0";"2";"7";"12";"1";""
"202300023687";"155 638 576";"A01";"1";"7";"0";"2";"8";"15";"1";""
"202300023687";"155 638 578";"B01";"1";"2";"0";"2";"1";"1";"1";""
"202300023688";"155 638 574";"A01";"1";"33";"0";"2";"3";"2";"1";""
"202300023688";"155 638 575";"B01";"1";"7";"0";"2";"5";"1";"1";""
"202300023689";"155 638 572";"A01";"1";"7";"0";"2";"3";"15";"1";""
"202300023689";"155 638 573";"B01";"2";"32";"0";"2";"8";"1";"1";""
"202300023690";"155 638 570";"B01";"1";"31";"0";"2";"8";"3";"1";""
"202300023690";"155 638 571";"A01";"1";"7";"0";"2";"7";"12";"1";""
"202300023691";"155 638 566";"A01";"2";"31";"0";"2";"2";"14";"1";""
"202300023691";"155 638 568";"B01";"2";"33";"0";"2";"8";"3";"1";""
"202300023692";"155 638 567";"A01";"1";"15";"0";"0";"3";"16";"1";""
"202300023692";"155 638 569";"B01";"1";"1";"0";"0";"2";"1";"5";""
"202300023693";"155 638 564";"Z01";"1";"7";"0";"1";"2";"1";"1";""
"202300023694";"155 638 563";"A01";"3";"30";"0";"2";"2";"1";"3";""
"202300023694";"155 638 565";"B01";"3";"10";"0";"2";"2";"1";"3";""
"202300023695";"155 638 561";"A01";"2";"7";"6";"1";"1";"14";"1";""
"202300023696";"155 638 560";"A01";"1";"7";"0";"2";"4";"4";"1";""
"202300023696";"155 638 562";"B01";"1";"30";"0";"2";"7";"9";"3";""
"202300023697";"155 638 556";"A01";"1";"7";"0";"1";"2";"15";"1";""
"202300023698";"155 638 555";"A01";"3";"2";"0";"2";"2";"17";"1";""
"202300023698";"155 638 557";"C01";"3";"43";"0";"2";"1";"1";"1";""
"202300023698";"155 638 558";"B01";"3";"7";"0";"2";"8";"1";"1";""
"202300023699";"155 638 553";"A01";"1";"1";"0";"2";"3";"15";"5";""
"202300023699";"155 638 554";"B01";"1";"10";"0";"2";"2";"1";"1";""
"202300023700";"155 638 551";"B01";"3";"13";"0";"2";"4";"23";"1";""
"202300023700";"155 638 552";"A01";"3";"43";"0";"2";"1";"1";"1";""
"202300023701";"155 638 548";"B01";"1";"7";"0";"2";"8";"2";"2";""
"202300023701";"155 638 550";"A01";"1";"7";"0";"2";"1";"2";"1";""
"202300023702";"155 638 546";"B01";"1";"1";"1";"2";"2";"1";"5";""
"202300023702";"155 638 547";"C01";"1";"7";"0";"0";"5";"2";"1";""
"202300023702";"155 638 549";"A01";"1";"10";"0";"0";"8";"22";"1";""
"202300023703";"155 638 545";"A01";"3";"7";"0";"1";"5";"4";"1";""
"202300023704";"155 638 541";"A01";"2";"7";"0";"2";"1";"1";"1";""
"202300023704";"155 638 543";"Y01";"1";"1";"0";"2";"1";"5";"5";""
"202300023705";"155 638 542";"B01";"2";"1";"0";"2";"1";"1";"5";""
"202300023705";"155 638 544";"A01";"2";"10";"0";"2";"2";"9";"1";""
"202300023706";"155 638 540";"A01";"1";"30";"11";"0";"2";"14";"1";""
"202300023707";"155 638 537";"B01";"1";"7";"0";"2";"3";"15";"1";""
"202300023707";"155 638 539";"A01";"1";"30";"0";"2";"2";"17";"3";""
"202300023708";"155 638 536";"B01";"3";"7";"16";"0";"4";"1";"0";""
"202300023708";"155 638 538";"A01";"3";"7";"16";"0";"1";"1";"0";""
"202300023709";"155 638 532";"B01";"2";"1";"0";"2";"7";"1";"5";""
"202300023709";"155 638 534";"A01";"2";"1";"0";"2";"8";"18";"5";""
"202300023710";"155 638 533";"A01";"2";"7";"0";"0";"3";"10";"2";""
"202300023710";"155 638 535";"B01";"2";"33";"0";"2";"2";"2";"1";""
"202300023711";"155 638 529";"A01";"1";"1";"0";"2";"1";"13";"5";""
"202300023711";"155 638 530";"B01";"1";"7";"0";"2";"1";"1";"1";""
"202300023712";"155 638 528";"A01";"1";"2";"0";"2";"1";"5";"3";""
"202300023712";"155 638 531";"B01";"1";"7";"0";"2";"8";"10";"2";""
"202300023713";"155 638 525";"A01";"2";"7";"0";"1";"3";"15";"1";""
"202300023714";"155 638 526";"A01";"1";"1";"0";"0";"6";"17";"5";""
"202300023714";"155 638 527";"B01";"1";"1";"0";"0";"2";"17";"5";""
"202300023715";"155 638 523";"A01";"3";"7";"0";"2";"7";"15";"1";""
"202300023715";"155 638 524";"B01";"1";"2";"0";"2";"1";"2";"1";""
"202300023716";"155 638 522";"A01";"1";"7";"0";"1";"2";"16";"1";""
"202300023717";"155 638 519";"A01";"3";"7";"0";"1";"2";"26";"1";""
"202300023718";"155 638 514";"A01";"3";"10";"0";"2";"3";"1";"1";""
"202300023718";"155 638 515";"B01";"3";"7";"0";"2";"8";"1";"1";""
"202300023719";"155 638 513";"A01";"2";"13";"0";"2";"2";"26";"1";""
"202300023719";"155 638 516";"B01";"2";"34";"0";"2";"1";"0";"1";""
"202300023720";"155 638 509";"B01";"2";"7";"0";"2";"0";"1";"3";""
"202300023720";"155 638 512";"A01";"1";"1";"0";"2";"5";"1";"5";""
"202300023721";"155 638 510";"B01";"1";"7";"0";"2";"3";"1";"0";""
"202300023721";"155 638 511";"A01";"2";"7";"0";"2";"1";"9";"0";""
"202300023722";"155 638 505";"B01";"2";"33";"0";"2";"1";"1";"1";""
"202300023722";"155 638 508";"A01";"2";"7";"0";"2";"3";"10";"1";""
"202300023723";"155 638 506";"A01";"1";"7";"0";"2";"2";"15";"1";""
"202300023723";"155 638 507";"B01";"2";"2";"0";"2";"1";"1";"1";""
"202300023724";"155 638 502";"B01";"1";"13";"0";"2";"2";"12";"1";""
"202300023724";"155 638 504";"A01";"1";"7";"0";"2";"8";"1";"0";""
"202300023725";"155 638 501";"B01";"1";"7";"0";"2";"6";"1";"2";""
"202300023725";"155 638 503";"A01";"2";"7";"0";"2";"1";"15";"1";""
"202300023726";"155 638 498";"A01";"1";"7";"0";"2";"0";"1";"1";""
"202300023726";"155 638 500";"B01";"2";"10";"0";"2";"3";"9";"1";""
"202300023727";"155 638 497";"A01";"1";"7";"0";"2";"3";"1";"2";""
"202300023727";"155 638 499";"B01";"2";"7";"0";"2";"6";"1";"2";""
"202300023728";"155 638 494";"A01";"1";"7";"0";"2";"2";"17";"0";""
"202300023728";"155 638 495";"B01";"1";"7";"0";"2";"6";"17";"1";""
"202300023728";"155 638 496";"C01";"1";"7";"0";"2";"4";"1";"1";""
"202300023729";"155 638 492";"A01";"1";"32";"0";"2";"8";"1";"1";""
"202300023729";"155 638 493";"Z01";"1";"7";"0";"2";"0";"17";"0";""
"202300023730";"155 638 491";"A01";"2";"7";"0";"1";"1";"1";"1";""
"202300023731";"155 638 488";"A01";"2";"10";"0";"2";"3";"1";"0";""
"202300023731";"155 638 490";"B01";"0";"60";"0";"2";"8";"19";"5";""
"202300023732";"155 638 489";"A01";"2";"7";"0";"1";"2";"1";"1";""
"202300023733";"155 638 486";"A01";"2";"10";"0";"2";"2";"14";"1";""
"202300023733";"155 638 487";"B01";"2";"50";"0";"2";"1";"1";"3";""
"202300023734";"155 638 483";"A01";"0";"30";"0";"0";"0";"0";" -1";""
"202300023735";"155 638 482";"A01";"2";"7";"8";"0";"2";"2";"1";""
"202300023736";"155 638 481";"A01";"1";"1";"0";"1";"1";"3";"5";""
"202300023737";"155 638 484";"A01";"1";"80";"16";"1";"1";"19";"3";""
"202300023738";"155 638 479";"A01";"3";"14";"0";"2";"4";"26";"1";""
"202300023738";"155 638 480";"B01";"3";"33";"0";"2";"1";"2";"1";""
"202300023739";"155 638 477";"B01";"1";"37";"0";"1";"1";"1";"0";"1"
"202300023740";"155 638 478";"A01";"1";"1";"0";"1";"1";"1";"5";""
"202300023741";"155 638 475";"A01";"2";"30";"0";"2";"1";"2";"1";""
"202300023741";"155 638 476";"B01";"1";"7";"0";"2";"2";"2";"2";""
"202300023742";"155 638 474";"A01";"2";"7";"0";"1";"3";"16";"1";""
"202300023743";"155 638 472";"A01";"0";"3";"0";"2";"1";"1";"0";""
"202300023743";"155 638 473";"B01";"3";"3";"0";"2";"1";"11";"1";""
"202300023744";"155 638 470";"A01";"2";"2";"0";"2";"1";"18";"3";""
"202300023744";"155 638 471";"B01";"2";"7";"0";"2";"2";"16";"1";""
"202300023745";"155 638 467";"B01";"2";"7";"0";"2";"3";"1";"1";""
"202300023745";"155 638 469";"A01";"2";"2";"0";"2";"3";"16";"1";""
"202300023746";"155 638 468";"A01";"1";"30";"0";"0";"1";"11";"1";""
"202300023747";"155 638 464";"B01";"0";"31";"0";"0";"8";"1";"1";""
"202300023747";"155 638 466";"A01";"3";"10";"0";"0";"0";"0";"1";""
"202300023748";"155 638 463";"A01";"1";"10";"0";"2";"7";"12";"1";""
"202300023748";"155 638 465";"B01";"1";"34";"0";"2";"6";"16";"1";""
"202300023749";"155 638 462";"A01";"3";"7";"0";"1";"1";"1";"2";""
"202300023750";"155 638 460";"B01";"2";"50";"0";"2";"7";"1";"3";""
"202300023750";"155 638 461";"A01";"2";"7";"0";"2";"8";"10";"1";""
"202300023751";"155 638 458";"A01";"2";"1";"0";"1";"1";"1";"5";""
"202300023752";"155 638 457";"A01";"1";"7";"0";"2";"5";"1";"1";""
"202300023752";"155 638 459";"B01";"1";"7";"0";"2";"1";"15";"1";""
"202300023753";"155 638 456";"A01";"2";"50";"0";"0";"0";"1";"3";""
"202300023754";"155 638 455";"A01";"1";"7";"0";"1";"1";"1";"1";""
"202300023755";"155 638 454";"A01";"2";"7";"2";"0";"3";"13";"1";""
"202300023756";"155 638 453";"A01";"2";"10";"0";"1";"2";"16";"3";""
"202300023757";"155 638 450";"A01";"2";"2";"0";"2";"1";"6";"1";""
"202300023757";"155 638 452";"B01";"1";"50";"0";"2";"1";"1";"3";""
"202300023758";"155 638 449";"A01";"2";"1";"0";"2";"1";"1";"5";""
"202300023758";"155 638 451";"B01";"1";"7";"0";"2";"1";"15";"1";""
"202300023759";"155 638 447";"A01";"2";"7";"0";"2";"8";"15";"2";""
"202300023759";"155 638 448";"B01";"2";"50";"0";"2";"2";"1";"3";""
"202300023760";"155 638 444";"A01";"2";"10";"0";"2";"1";"2";"1";""
"202300023760";"155 638 445";"B01";"2";"7";"0";"2";"4";"1";"1";""
"202300023761";"155 638 443";"A01";"1";"7";"0";"2";"1";"19";"1";""
"202300023761";"155 638 446";"B01";"1";"7";"0";"2";"2";"1";"1";""
"202300023762";"155 638 442";"A01";"3";"7";"0";"1";"3";"9";"2";""
"202300023763";"155 638 440";"B01";"1";"7";"1";"0";"0";"0";"1";""
"202300023764";"155 638 439";"A01";"2";"7";"0";"0";"4";"2";"1";""
"202300023764";"155 638 441";"B01";"2";"7";"0";"2";"1";"2";"1";""
"202300023765";"155 638 436";"A01";"0";"80";"0";"2";"1";"19";"3";""
"202300023765";"155 638 438";"B01";"1";"7";"0";"2";"2";"23";"0";""
"202300023766";"155 638 435";"A01";"1";"7";"4";"2";"1";"2";"1";""
"202300023766";"155 638 437";"B01";"1";"10";"3";"0";"4";"2";"1";""
"202300023767";"155 638 432";"A01";"2";"7";"0";"0";"4";"16";"1";""
"202300023767";"155 638 433";"B01";"2";"7";"0";"2";"1";"2";"1";""
"202300023768";"155 638 431";"A01";"0";"7";"0";"2";"1";"2";"1";""
"202300023768";"155 638 434";"B01";"0";"7";"0";"2";"4";"2";"1";""
"202300023769";"155 638 429";"A01";"1";"7";"0";"9";"5";"23";"1";""
"202300023769";"155 638 430";"B01";"1";"10";"14";"0";"3";"2";"1";""
"202300023770";"155 638 427";"B01";"3";"99";"0";"2";"8";"26";"1";""
"202300023770";"155 638 428";"A01";"3";"7";"0";"2";"1";"1";"1";""
"202300023771";"155 638 426";"A01";"1";"7";"2";"0";"3";"1";"1";""
"202300023772";"155 638 424";"A01";"2";"7";"0";"1";"1";"1";"1";""
"202300023773";"155 638 423";"A01";"3";"10";"0";"2";"2";"1";"1";""
"202300023773";"155 638 425";"B01";"3";"7";"0";"2";"3";"1";"1";""
"202300023774";"155 638 420";"B01";"2";"10";"3";"2";"2";"2";"1";""
"202300023774";"155 638 422";"A01";"2";"15";"0";"2";"6";"1";"1";""
"202300023775";"155 638 421";"A01";"3";"7";"2";"0";"1";"0";"1";""
"202300023776";"155 638 417";"B01";"1";"7";"0";"2";"3";"26";"1";""
"202300023776";"155 638 419";"A01";"1";"7";"0";"2";"2";"1";"1";""
"202300023777";"155 638 416";"B01";"1";"2";"16";"0";"1";"17";"0";""
"202300023777";"155 638 418";"A01";"2";"7";"16";"2";"2";"15";"1";""
"202300023778";"155 638 414";"B01";"2";"1";"0";"2";"1";"1";"5";""
"202300023778";"155 638 415";"A01";"1";"7";"0";"2";"1";"13";"1";""
"202300023779";"155 638 412";"A01";"3";"15";"0";"1";"6";"1";"1";""
"202300023780";"155 638 411";"A01";"2";"2";"4";"2";"1";"11";"1";""
"202300023780";"155 638 413";"B01";"1";"7";"0";"2";"8";"1";"1";""
"202300023781";"155 638 410";"A01";"1";"7";"3";"0";"9";"2";"1";""
"202300023782";"155 638 409";"A01";"2";"7";"17";"0";"1";"17";"1";""
"202300023783";"155 638 408";"A01";"1";"7";"9";"0";"2";"2";"1";""
"202300023784";"155 638 406";"A01";"3";"7";"0";"9";"2";"15";"1";""
"202300023784";"155 638 407";"B01";"3";"80";"0";"2";"3";"1";"3";""
"202300023785";"155 638 405";"A01";"3";"7";"0";"1";"2";"1";"1";""
"202300023786";"155 638 402";"A01";"2";"7";"0";"2";"1";"13";"1";""
"202300023786";"155 638 404";"B01";"1";"7";"0";"2";"1";"1";"1";""
"202300023787";"155 638 399";"A01";"3";"7";"0";"2";"3";"9";"1";""
"202300023787";"155 638 400";"B01";"1";"34";"0";"2";"1";"17";"1";""
"202300023788";"155 638 397";"A01";"3";"10";"0";"2";"1";"1";"1";""
"202300023788";"155 638 398";"B01";"3";"7";"0";"9";"4";"1";"1";""
"202300023789";"155 638 395";"A01";"1";"7";"13";"0";"9";"21";"1";""
"202300023789";"155 638 396";"B01";"1";"7";"0";"0";"0";"1";"1";""
"202300023790";"155 638 394";"A01";"1";"7";"1";"0";"1";"21";"1";""
"202300023791";"155 638 392";"A01";"1";"2";"0";"1";"3";"1";"1";""
"202300023792";"155 638 391";"A01";"2";"10";"0";"2";"7";"2";"1";""
"202300023792";"155 638 393";"B01";"2";"1";"0";"0";"8";"2";"5";""
"202300023793";"155 638 389";"A01";"2";"7";"0";"2";"3";"22";"1";""
"202300023793";"155 638 390";"B01";"2";"50";"1";"0";"1";"17";"3";""
"202300023794";"155 638 388";"A01";"1";"7";"3";"0";"3";"1";"1";""
"202300023795";"155 638 385";"A01";"1";"1";"0";"0";"0";"0";"5";""
"202300023795";"155 638 387";"B01";"1";"7";"0";"0";"0";"0";"1";""
"202300023796";"155 638 383";"A01";"2";"7";"0";"2";"1";"2";"1";""
"202300023796";"155 638 384";"B01";"2";"7";"0";"2";"9";"21";"1";""
"202300023796";"155 638 386";"C01";"2";"7";"0";"2";"3";"23";"1";""
"202300023797";"155 638 381";"A01";"2";"30";"0";"2";"1";"1";"3";""
"202300023797";"155 638 382";"B01";"2";"7";"0";"0";"4";"23";"1";""
"202300023798";"155 638 380";"A01";"1";"7";"13";"0";"1";"0";"1";""
"202300023799";"155 638 378";"A01";"2";"33";"0";"5";"1";"21";"1";""
"202300023800";"155 638 376";"A01";"1";"7";"0";"0";"0";"21";"1";""
"202300023801";"155 638 373";"B01";"1";"31";"0";"2";"7";"3";"1";""
"202300023801";"155 638 374";"A01";"1";"10";"0";"2";"8";"11";"1";""
"202300023801";"155 638 375";"C01";"1";"7";"0";"0";"8";"2";"1";""
"202300023802";"155 638 370";"A01";"1";"2";"0";"2";"8";"1";"0";""
"202300023802";"155 638 371";"B01";"1";"7";"0";"2";"8";"15";"0";""
"202300023803";"155 638 369";"A01";"3";"7";"0";"1";"1";"1";"1";""
"202300023804";"155 638 368";"B01";"3";"7";"0";"2";"7";"1";"1";""
"202300023804";"155 638 372";"A01";"3";"1";"0";"2";"1";"0";"5";""
"202300023805";"155 638 367";"A01";"1";"32";"17";"0";"1";"1";"1";""
"202300023806";"155 638 363";"A01";"1";"10";"0";"2";"6";"1";"1";""
"202300023806";"155 638 364";"B01";"1";"7";"0";"2";"4";"1";"1";""
"202300023806";"155 638 366";"Z01";"1";"7";"0";"2";"1";"1";"2";""
"202300023807";"155 638 362";"A01";"1";"2";"0";"0";"0";"0";"1";""
"202300023808";"155 638 361";"A01";"1";"7";"0";"2";"1";"16";"1";""
"202300023808";"155 638 365";"B01";"1";"7";"8";"2";"1";"26";"1";""
"202300023809";"155 638 359";"A01";"2";"7";"0";"2";"8";"15";"1";""
"202300023809";"155 638 360";"B01";"1";"33";"0";"2";"1";"17";"1";""
"202300023810";"155 638 356";"A01";"2";"7";"0";"2";"1";"1";"1";""
"202300023810";"155 638 357";"B01";"2";"7";"0";"2";"4";"1";"1";""
"202300023811";"155 638 355";"A01";"3";"0";"0";"1";"4";"0";"0";""
"202300023812";"155 638 353";"A01";"1";"30";"0";"2";"1";"14";"1";""
"202300023812";"155 638 354";"B01";"0";"7";"0";"2";"0";"26";"0";""
"202300023813";"155 638 351";"A01";"1";"33";"0";"0";"2";"0";"1";""
"202300023814";"155 638 350";"A01";"1";"50";"0";"1";"1";"1";"3";""
"202300023815";"155 638 352";"A01";"0";"7";"0";"2";"1";"1";"1";""
"202300023815";"155 638 358";"B01";"0";"7";"0";"2";"4";"1";"1";""
"202300023816";"155 638 348";"A01";"1";"7";"0";"1";"1";"1";"1";""
"202300023817";"155 638 347";"A01";"3";"7";"0";"2";"1";"26";"1";""
"202300023817";"155 638 349";"B01";"3";"7";"0";"2";"2";"15";"1";""
"202300023818";"155 638 346";"A01";"1";"7";"0";"1";"2";"1";"1";""
"202300023819";"155 638 344";"A01";"2";"2";"0";"2";"1";"15";"1";""
"202300023819";"155 638 345";"B01";"1";"7";"0";"9";"3";"1";"1";""
"202300023820";"155 638 341";"A01";"1";"7";"0";"2";"1";"2";"1";""
"202300023820";"155 638 343";"B01";"1";"7";"0";"1";"4";"23";"1";""
"202300023821";"155 638 339";"A01";"1";"7";"0";"2";"4";"1";"1";""
"202300023821";"155 638 340";"B01";"1";"7";"0";"2";"5";"1";"1";""
"202300023822";"155 638 335";"A01";"2";"10";"0";"2";"7";"22";"0";""
"202300023822";"155 638 337";"C01";"2";"7";"0";"2";"3";"23";"1";""
"202300023822";"155 638 338";"B01";"2";"30";"0";"2";"7";"3";"1";""
"202300023823";"155 638 333";"A01";"1";"7";"0";"9";"2";"1";"1";""
"202300023823";"155 638 334";"B01";"2";"1";"0";"2";"8";"19";"5";""
"202300023824";"155 638 330";"A01";"2";"7";"0";"2";"8";"15";"2";""
"202300023824";"155 638 332";"B01";"2";"7";"0";"2";"1";"1";"1";""