"Num_Acc";"id_vehicule";"num_veh";"senc";"catv";"obs";"obsm";"choc";"manv";"motor";"occutc"
"202300023825";"155 638 336";"A01";"3";"7";"0";"2";"1";"0";"1";""
"202300023825";"155 638 342";"TC01";"0";"37";"0";"2";"3";"15";"1";"1"
"202300023826";"155 638 329";"A01";"1";"30";"0";"2";"1";"1";"1";""
"202300023826";"155 638 331";"B01";"1";"7";"0";"2";"2";"0";"1";""
"202300023827";"155 638 327";"B01";"3";"7";"0";"0";"0";"0";"1";""
"202300023827";"155 638 328";"A01";"3";"30";"0";"0";"0";"0";"0";""
"202300023828";"155 638 323";"A01";"3";"7";"0";"1";"2";"19";"1";""
"202300023829";"155 638 322";"A01";"2";"7";"0";"2";"1";"26";"1";""
"202300023829";"155 638 325";"B01";"2";"7";"0";"2";"1";"26";"1";""
"202300023829";"155 638 326";"C01";"2";"7";"0";"2";"1";"26";"1";""
"202300023830";"155 638 319";"A01";"3";"7";"0";"2";"5";"4";"0";""
"202300023830";"155 638 321";"B01";"3";"31";"0";"2";"1";"1";"1";""
"202300023831";"155 638 320";"A01";"1";"7";"0";"0";"1";"0";"1";""
"202300023832";"155 638 318";"A01";"1";"2";"0";"2";"1";"2";"1";""
"202300023832";"155 638 324";"B01";"1";"10";"0";"2";"5";"1";"1";""
"202300023833";"155 638 317";"A01";"1";"7";"1";"0";"2";"1";"1";""
"202300023834";"155 638 315";"A01";"2";"7";"0";"2";"1";"1";"1";""
"202300023834";"155 638 316";"B01";"2";"7";"0";"0";"4";"1";"1";""
"202300023835";"155 638 313";"A01";"1";"33";"0";"0";"2";"1";"1";""
"202300023836";"155 638 312";"A01";"2";"7";"1";"2";"6";"1";"2";""
"202300023836";"155 638 314";"Z01";"1";"7";"1";"2";"1";"5";"1";""
"202300023837";"155 638 308";"A01";"3";"7";"0";"2";"3";"16";"1";""
"202300023837";"155 638 311";"B01";"3";"1";"0";"2";"4";"2";"5";""
"202300023838";"155 638 305";"B01";"1";"7";"0";"2";"5";"2";"1";""
"202300023838";"155 638 307";"A01";"1";"10";"0";"2";"3";"2";"1";""
"202300023838";"155 638 309";"C01";"1";"7";"0";"2";"6";"2";"1";""
"202300023839";"155 638 304";"A01";"2";"7";"9";"0";"1";"1";"1";""
"202300023840";"155 638 306";"B01";"1";"1";"0";"2";"1";"1";"5";""
"202300023840";"155 638 310";"A01";"1";"3";"0";"9";"3";"1";"1";""
"202300023841";"155 638 303";"A01";"2";"7";"0";"1";"3";"1";"2";""
"202300023842";"155 638 301";"A01";"2";"7";"0";"1";"2";"1";"2";""
"202300023843";"155 638 298";"A01";"3";"7";"0";"2";"7";"1";"1";""
"202300023843";"155 638 302";"B01";"3";"7";"0";"2";"2";"1";"1";""
"202300023844";"155 638 297";"A01";"2";"37";"0";"2";"3";"1";"1";"1"
"202300023844";"155 638 299";"B01";"2";"7";"0";"2";"5";"12";"1";""
"202300023845";"155 638 296";"A01";"2";"7";"0";"2";"3";"15";"1";""
"202300023845";"155 638 300";"B01";"2";"1";"0";"2";"8";"1";"5";""
"202300023846";"155 638 294";"A01";"2";"7";"12";"0";"1";"26";"1";""
"202300023847";"155 638 293";"A01";"2";"43";"0";"1";"3";"1";"1";""
"202300023848";"155 638 292";"A01";"1";"33";"0";"2";"2";"9";"1";""
"202300023848";"155 638 295";"B01";"1";"7";"0";"2";"3";"1";"1";""
"202300023849";"155 638 291";"A01";"1";"7";"9";"0";"0";"0";"0";""
"202300023850";"155 638 288";"A01";"2";"7";"0";"2";"3";"9";"1";""
"202300023850";"155 638 290";"B01";"2";"2";"0";"2";"4";"2";"1";""
"202300023851";"155 638 287";"A01";"0";"7";"0";"2";"2";"15";"2";""
"202300023851";"155 638 289";"B01";"0";"34";"0";"2";"1";"1";"1";""
"202300023852";"155 638 286";"A01";"1";"7";"0";"1";"4";"20";"1";""
"202300023853";"155 638 284";"A01";"1";"7";"0";"0";"1";"0";"1";""
"202300023854";"155 638 282";"B01";"3";"1";"0";"2";"1";"1";"5";""
"202300023854";"155 638 285";"A01";"3";"7";"0";"2";"2";"15";"1";""
"202300023855";"155 638 283";"A01";"1";"7";"0";"1";"1";"1";"1";""
"202300023856";"155 638 281";"A01";"1";"33";"0";"1";"1";"19";"1";""
"202300023857";"155 638 278";"A01";"0";"10";"0";"2";"6";"9";"1";""
"202300023857";"155 638 280";"B01";"0";"80";"0";"2";"1";"1";"3";""
"202300023858";"155 638 277";"B01";"3";"50";"0";"2";"2";"9";"3";""
"202300023858";"155 638 279";"A01";"3";"7";"0";"2";"2";"9";"0";""
"202300023859";"155 638 275";"A01";"2";"10";"0";"1";"2";"19";"1";""
"202300023860";"155 638 274";"A01";"1";"33";"0";"2";"1";"2";"1";""
"202300023860";"155 638 276";"B01";"1";"7";"0";"2";"4";"2";"1";""
"202300023861";"155 638 272";"A01";"1";"7";"2";"0";"1";"0";"1";""
"202300023862";"155 638 271";"A01";"2";"33";"0";"2";"4";"9";"1";""
"202300023862";"155 638 273";"B01";"1";"7";"0";"2";"1";"1";"1";""
"202300023863";"155 638 268";"A01";"2";"7";"0";"2";"1";"2";"1";""
"202300023863";"155 638 270";"B01";"2";"21";"0";"2";"4";"15";"1";""
"202300023864";"155 638 269";"A01";"1";"7";"0";"2";"3";"1";"1";""
"202300023865";"155 638 264";"A01";"0";"7";"1";"0";"1";"0";"1";""
"202300023865";"155 638 267";"B01";"0";"7";"0";"2";"1";"24";"1";""
"202300023866";"155 638 263";"B01";"1";"7";"0";"2";"1";"1";"1";""
"202300023866";"155 638 266";"A01";"2";"7";"0";"2";"1";"13";"1";""
"202300023867";"155 638 262";"B01";"0";"7";"0";"2";"3";"9";"1";""
"202300023867";"155 638 265";"A01";"1";"30";"0";"2";"2";"17";"1";""
"202300023868";"155 638 259";"A01";"3";"7";"0";"9";"1";"9";"0";""
"202300023868";"155 638 261";"B01";"3";"50";"0";"2";"8";"1";"3";""
"202300023869";"155 638 257";"A01";"2";"7";"0";"2";"1";"1";"1";""
"202300023869";"155 638 260";"B01";"2";"15";"0";"0";"6";"1";"1";""
"202300023870";"155 638 258";"A01";"1";"7";"0";"1";"2";"2";"1";""
"202300023871";"155 638 251";"A01";"2";"7";"0";"0";"1";"1";"0";""
"202300023871";"155 638 254";"B01";"2";"1";"0";"0";"1";"19";"5";""
"202300023872";"155 638 253";"A01";"1";"7";"0";"1";"3";"9";"1";""
"202300023873";"155 638 252";"B01";"3";"1";"0";"2";"7";"19";"5";""
"202300023873";"155 638 256";"A01";"2";"7";"0";"2";"1";"1";"1";""
"202300023874";"155 638 250";"B01";"1";"7";"0";"0";"6";"15";"1";""
"202300023874";"155 638 255";"A01";"2";"31";"0";"2";"1";"1";"1";""
"202300023875";"155 638 249";"A01";"1";"7";"0";"1";"1";"15";"1";""
"202300023876";"155 638 247";"A01";"2";"33";"5";"0";"1";"13";"1";""
"202300023877";"155 638 246";"A01";"2";"7";"0";"1";"2";"1";"1";""
"202300023878";"155 638 245";"A01";"1";"7";"0";"2";"8";"13";"1";""
"202300023878";"155 638 248";"B01";"2";"7";"0";"2";"8";"1";"1";""
"202300023879";"155 638 243";"A01";"2";"7";"6";"0";"1";"0";"1";""
"202300023880";"155 638 241";"A01";"2";"7";"0";"2";"1";"11";"1";""
"202300023880";"155 638 244";"B01";"1";"7";"0";"2";"1";"1";"1";""
"202300023881";"155 638 238";"A01";"1";"7";"0";"2";"4";"23";"1";""
"202300023881";"155 638 240";"B01";"1";"33";"0";"2";"1";"2";"1";""
"202300023881";"155 638 242";"C01";"2";"7";"0";"2";"8";"0";"1";""
"202300023882";"155 638 237";"A01";"1";"7";"13";"0";"7";"1";"1";""
"202300023883";"155 638 236";"A01";"1";"7";"0";"2";"7";"1";"1";""
"202300023883";"155 638 239";"B01";"1";"7";"0";"2";"1";"1";"1";""
"202300023884";"155 638 235";"A01";"1";"7";"6";"0";"7";"14";"1";""
"202300023885";"155 638 232";"A01";"1";"7";"15";"0";"2";"1";"1";""
"202300023886";"155 638 230";"A01";"1";"7";"1";"0";"3";"13";"1";""
"202300023886";"155 638 234";"B01";"1";"17";"0";"0";"4";"24";"1";""
"202300023887";"155 638 231";"A01";"2";"7";"0";"1";"2";"1";"6";""
"202300023888";"155 638 229";"B01";"2";"7";"0";"2";"1";"1";"1";""
"202300023888";"155 638 233";"A01";"1";"1";"0";"2";"7";"19";"5";""
"202300023889";"155 638 228";"A01";"3";"7";"16";"0";"1";"0";"1";""
"202300023890";"155 638 227";"A01";"1";"7";"2";"0";"1";"1";"1";""
"202300023891";"155 638 224";"A01";"1";"2";"1";"0";"1";"1";"1";""
"202300023892";"155 638 222";"B01";"1";"33";"0";"2";"1";"1";"1";""
"202300023892";"155 638 226";"A01";"2";"7";"0";"2";"6";"15";"1";""
"202300023893";"155 638 220";"B01";"2";"7";"8";"0";"6";"1";"1";""
"202300023893";"155 638 223";"A01";"1";"3";"0";"2";"3";"15";"1";""
"202300023894";"155 638 221";"A01";"2";"10";"0";"2";"3";"16";"1";""
"202300023894";"155 638 225";"B01";"2";"1";"0";"2";"7";"0";"5";""
"202300023895";"155 638 218";"B01";"2";"7";"0";"2";"2";"1";"1";""
"202300023895";"155 638 219";"A01";"1";"10";"0";"2";"2";"5";"1";""
"202300023896";"155 638 215";"A01";"1";"7";"0";"2";"6";"11";"1";""
"202300023896";"155 638 217";"B01";"1";"33";"0";"2";"1";"1";"1";""
"202300023897";"155 638 216";"A01";"3";"7";"0";"1";"3";"1";"1";""
"202300023898";"155 638 214";"A01";"1";"7";"10";"0";"9";"0";"1";""
"202300023899";"155 638 213";"A01";"3";"7";"13";"0";"1";"19";"0";""
"202300023900";"155 638 212";"A01";"2";"7";"17";"0";"1";"13";"6";""
"202300023901";"155 638 209";"Z01";"1";"10";"0";"2";"4";"2";"1";""
"202300023901";"155 638 211";"A01";"1";"33";"0";"2";"1";"2";"1";""
"202300023902";"155 638 205";"A01";"0";"10";"3";"0";"1";"11";"0";""
"202300023902";"155 638 208";"B01";"0";"60";"0";"2";"1";"5";"5";""
"202300023903";"155 638 207";"B01";"3";"50";"0";"2";"1";"1";"3";""
"202300023903";"155 638 210";"A01";"1";"7";"6";"9";"2";"1";"1";""
"202300023904";"155 638 203";"A01";"2";"7";"6";"0";"1";"1";"1";""
"202300023905";"155 638 199";"A01";"2";"7";"17";"0";"2";"1";"1";""
"202300023906";"155 638 198";"A01";"3";"7";"8";"2";"1";"1";"1";""
"202300023906";"155 638 202";"B01";"3";"7";"0";"2";"8";"1";"1";""
"202300023907";"155 638 201";"B01";"1";"7";"0";"2";"2";"1";"1";""
"202300023907";"155 638 204";"A01";"1";"7";"0";"2";"3";"9";"1";""
"202300023908";"155 638 197";"B01";"2";"7";"0";"2";"4";"2";"1";""
"202300023908";"155 638 200";"A01";"2";"7";"0";"2";"1";"2";"1";""
"202300023909";"155 638 196";"A01";"3";"7";"2";"0";"1";"0";"0";""
"202300023910";"155 638 194";"A01";"1";"7";"0";"1";"1";"2";"1";""
"202300023911";"155 638 193";"A01";"1";"7";"0";"2";"8";"15";"1";""
"202300023911";"155 638 195";"B01";"1";"2";"0";"2";"1";"17";"1";""
"202300023912";"155 638 191";"A01";"2";"33";"0";"0";"9";"1";"1";""
"202300023913";"155 638 189";"A01";"2";"33";"0";"2";"1";"13";"1";""
"202300023913";"155 638 192";"B01";"1";"7";"0";"2";"3";"1";"2";""
"202300023914";"155 638 185";"B01";"0";"30";"0";"2";"1";"1";"1";""
"202300023914";"155 638 187";"A01";"3";"7";"0";"2";"3";"19";"1";""
"202300023915";"155 638 183";"A01";"2";"2";"13";"0";"1";"2";"1";""
"202300023916";"155 638 184";"A01";"2";"7";"0";"2";"3";"9";"1";""
"202300023916";"155 638 188";"B01";"1";"1";"0";"2";"1";"1";"5";""
"202300023917";"155 638 182";"A01";"1";"7";"3";"0";"1";"0";"1";""
"202300023918";"155 638 180";"A01";"2";"7";"6";"1";"3";"13";"1";""
"202300023919";"155 638 181";"A01";"3";"99";"0";"0";"0";"1";"3";""
"202300023920";"155 638 178";"A01";"2";"30";"0";"2";"1";"1";"6";""
"202300023920";"155 638 179";"B01";"2";"10";"0";"2";"8";"26";"1";""
"202300023921";"155 638 175";"B01";"2";"7";"0";"2";"1";"17";"1";""
"202300023921";"155 638 177";"A01";"2";"50";"0";"2";"3";"19";"3";""
"202300023922";"155 638 174";"A01";"2";"1";"0";"2";"7";"14";"5";""
"202300023922";"155 638 176";"B01";"2";"7";"0";"2";"6";"1";"1";""
"202300023923";"155 638 169";"A01";"2";"33";"0";"0";"9";"13";"1";""
"202300023924";"155 638 168";"A01";"2";"7";"0";"2";"3";"2";"1";""
"202300023924";"155 638 172";"B01";"2";"7";"0";"2";"5";"2";"1";""
"202300023925";"155 638 170";"A01";"3";"7";"0";"2";"1";"5";"1";""
"202300023925";"155 638 173";"B01";"3";"7";"0";"2";"1";"1";"1";""
"202300023926";"155 638 163";"A01";"2";"7";"0";"2";"1";"2";"1";""
"202300023926";"155 638 166";"B01";"2";"7";"0";"0";"4";"1";"1";""
"202300023927";"155 638 167";"A01";"3";"7";"0";"2";"1";"1";"1";""
"202300023927";"155 638 171";"B01";"3";"2";"0";"2";"8";"0";"0";""
"202300023928";"155 638 162";"A01";"3";"50";"0";"2";"1";"1";"3";""
"202300023928";"155 638 164";"B01";"3";"7";"0";"2";"5";"15";"1";""
"202300023929";"155 638 161";"A01";"2";"15";"0";"0";"4";"2";"1";""
"202300023929";"155 638 165";"B01";"2";"7";"3";"2";"1";"1";"1";""
"202300023930";"155 638 159";"A01";"1";"31";"0";"2";"1";"13";"1";""
"202300023930";"155 638 160";"B01";"2";"7";"0";"2";"3";"1";"1";""
"202300023931";"155 638 158";"Z01";"1";"17";"0";"1";"5";"1";"1";""
"202300023932";"155 638 155";"A01";"1";"31";"0";"0";"7";"1";"1";""
"202300023932";"155 638 157";"B01";"2";"7";"0";"0";"1";"16";"0";""
"202300023933";"155 638 153";"A01";"2";"7";"0";"2";"7";"15";"1";""
"202300023933";"155 638 156";"B01";"1";"7";"0";"2";"3";"1";"1";""
"202300023934";"155 638 152";"A01";"3";"7";"12";"0";"9";"11";"1";""
"202300023935";"155 638 151";"A01";"2";"7";"13";"0";"9";"1";"1";""
"202300023936";"155 638 149";"A01";"2";"7";"0";"9";"7";"26";"1";""
"202300023936";"155 638 150";"B01";"2";"33";"0";"2";"8";"23";"1";""
"202300023937";"155 638 148";"A01";"3";"7";"0";"1";"7";"1";"1";""
"202300023938";"155 638 146";"B01";"2";"7";"0";"2";"3";"1";"1";""
"202300023938";"155 638 154";"A01";"3";"7";"0";"2";"8";"15";"1";""
"202300023939";"155 638 147";"A01";"3";"2";"13";"0";"0";"0";"1";""
"202300023940";"155 638 142";"A01";"1";"7";"1";"2";"2";"1";"1";""
"202300023940";"155 638 145";"B01";"3";"7";"0";"2";"3";"20";"1";""
"202300023941";"155 638 144";"A01";"1";"33";"0";"6";"0";"0";"1";""
"202300023942";"155 638 141";"A01";"0";"7";"2";"0";"1";"13";"1";""
"202300023943";"155 638 140";"A01";"2";"10";"0";"2";"8";"15";"1";""
"202300023943";"155 638 143";"B01";"2";"7";"0";"2";"7";"1";"1";""
"202300023944";"155 638 138";"A01";"2";"33";"0";"0";"9";"1";"1";""
"202300023945";"155 638 137";"A01";"2";"7";"0";"2";"1";"5";"1";""
"202300023945";"155 638 139";"B01";"1";"7";"0";"2";"1";"1";"1";""
"202300023946";"155 638 135";"A01";"1";"7";"0";"2";"8";"10";"1";""
"202300023946";"155 638 136";"B01";"1";"2";"0";"2";"7";"9";"1";""
"202300023947";"155 638 131";"A01";"2";"7";"0";"2";"8";"10";"1";""
"202300023947";"155 638 134";"B01";"2";"33";"0";"2";"1";"17";"1";""
"202300023948";"155 638 130";"A01";"3";"7";"0";"2";"3";"13";"1";""
"202300023948";"155 638 133";"B01";"3";"10";"0";"2";"3";"1";"1";""
"202300023949";"155 638 129";"A01";"1";"7";"0";"2";"1";"1";"1";""
"202300023949";"155 638 132";"B01";"2";"7";"0";"2";"1";"1";"1";""
"202300023950";"155 638 124";"B01";"1";"7";"0";"2";"1";"15";"1";""
"202300023950";"155 638 125";"A01";"2";"33";"0";"2";"1";"1";"1";""
"202300023951";"155 638 123";"A01";"3";"7";"0";"2";"2";"21";"1";""
"202300023951";"155 638 126";"B01";"3";"30";"0";"2";"6";"23";"1";""
"202300023952";"155 638 122";"A01";"1";"7";"2";"2";"1";"1";"1";""
"202300023952";"155 638 128";"B01";"1";"7";"0";"2";"3";"26";"1";""
"202300023953";"155 638 121";"A01";"0";"7";"0";"2";"2";"1";"1";""
"202300023953";"155 638 127";"B01";"0";"7";"0";"2";"7";"4";"1";""
"202300023954";"155 638 120";"A01";"1";"30";"0";"0";"0";"1";"1";""
"202300023955";"155 638 118";"A01";"1";"7";"2";"0";"2";"1";"2";""
"202300023956";"155 638 116";"A01";"3";"7";"0";"1";"3";"15";"1";""
"202300023957";"155 638 117";"A01";"3";"7";"0";"2";"2";"1";"1";""
"202300023957";"155 638 119";"B01";"3";"1";"0";"2";"4";"11";"5";""
"202300023958";"155 638 114";"A01";"1";"7";"0";"2";"2";"12";"1";""
"202300023958";"155 638 115";"B01";"1";"7";"0";"2";"6";"1";"2";""
"202300023959";"155 638 110";"A01";"1";"2";"0";"2";"1";"5";"1";""
"202300023959";"155 638 113";"B01";"2";"2";"0";"2";"1";"5";"1";""
"202300023960";"155 638 109";"A01";"2";"14";"0";"2";"2";"16";"1";""
"202300023960";"155 638 112";"B01";"2";"1";"0";"2";"1";"1";"5";""
"202300023961";"155 638 108";"A01";"3";"7";"0";"0";"6";"20";"1";""
"202300023961";"155 638 111";"B01";"3";"7";"1";"0";"2";"2";"1";""
"202300023962";"155 638 106";"A01";"1";"7";"2";"0";"1";"21";"6";""
"202300023963";"155 638 105";"A01";"1";"7";"0";"1";"1";"1";"1";""
"202300023964";"155 638 103";"A01";"1";"7";"0";"0";"0";"10";"0";""
"202300023964";"155 638 107";"B01";"2";"50";"12";"0";"2";"21";"3";""
"202300023965";"155 638 101";"A01";"1";"7";"0";"2";"1";"2";"1";""
"202300023965";"155 638 104";"B01";"1";"7";"0";"2";"4";"2";"1";""
"202300023966";"155 638 099";"A01";"1";"7";"0";"0";"1";"1";"1";""
"202300023967";"155 638 098";"A01";"1";"7";"0";"2";"1";"13";"1";""
"202300023967";"155 638 102";"B01";"2";"7";"0";"2";"2";"1";"1";""
"202300023968";"155 638 097";"A01";"1";"37";"1";"0";"7";"17";"1";"1"
"202300023968";"155 638 100";"B01";"1";"50";"0";"0";"3";"1";"3";""
"202300023969";"155 638 094";"A01";"1";"7";"0";"0";"2";"0";"1";""
"202300023970";"155 638 092";"B01";"1";"1";"13";"0";"4";"2";"5";""
"202300023970";"155 638 095";"A01";"1";"7";"0";"2";"2";"2";"1";""
"202300023971";"155 638 093";"B01";"1";"7";"1";"0";"1";"0";"1";""
"202300023971";"155 638 096";"A01";"1";"7";"0";"2";"1";"17";"1";""
"202300023972";"155 638 091";"A01";"1";"7";"14";"0";"1";"0";"1";""
"202300023973";"155 638 090";"A01";"1";"31";"0";"0";"2";"1";"1";""
"202300023974";"155 638 089";"A01";"1";"7";"2";"0";"1";"6";"1";""
"202300023975";"155 638 085";"A01";"1";"2";"0";"0";"0";"1";"1";""
"202300023976";"155 638 087";"A01";"1";"7";"0";"2";"2";"15";"1";""
"202300023976";"155 638 088";"B01";"2";"33";"0";"2";"1";"1";"1";""
"202300023977";"155 638 086";"A01";"2";"31";"0";"1";"1";"17";"3";""
"202300023978";"155 638 084";"A01";"1";"7";"3";"0";"2";"2";"1";""
"202300023979";"155 638 082";"A01";"2";"7";"0";"1";"2";"1";"1";""
"202300023980";"155 638 079";"A01";"2";"2";"12";"0";"1";"1";"1";""
"202300023981";"155 638 080";"B01";"3";"7";"0";"2";"5";"2";"1";""
"202300023981";"155 638 083";"A01";"3";"33";"0";"2";"1";"2";"1";""
"202300023982";"155 638 078";"A01";"3";"7";"0";"1";"2";"1";"3";""
"202300023983";"155 638 076";"A01";"3";"7";"0";"2";"3";"1";"1";""
"202300023983";"155 638 081";"B01";"3";"7";"0";"2";"2";"1";"1";""
"202300023984";"155 638 073";"A01";"1";"10";"4";"2";"1";"2";"1";""
"202300023984";"155 638 075";"B01";"1";"7";"4";"2";"4";"2";"3";""
"202300023984";"155 638 077";"C01";"1";"7";"4";"2";"4";"2";"1";""
"202300023985";"155 638 074";"A01";"1";"31";"0";"0";"0";"1";"0";""
"202300023986";"155 638 069";"B01";"1";"33";"0";"2";"2";"1";"1";""
"202300023986";"155 638 072";"A01";"0";"7";"0";"2";"3";"19";"1";""
"202300023987";"155 638 067";"A01";"1";"7";"0";"2";"2";"12";"1";""
"202300023987";"155 638 070";"B01";"2";"7";"0";"2";"4";"2";"1";""
"202300023988";"155 638 066";"A01";"1";"1";"0";"2";"0";"9";"5";""
"202300023988";"155 638 071";"B01";"3";"7";"0";"2";"2";"9";"1";""
"202300023989";"155 638 065";"A01";"2";"33";"0";"2";"3";"11";"1";""
"202300023989";"155 638 068";"B01";"2";"7";"0";"2";"5";"1";"1";""
"202300023990";"155 638 061";"A01";"0";"7";"8";"0";"2";"1";"1";""
"202300023991";"155 638 059";"C01";"1";"10";"0";"2";"4";"2";"0";""
"202300023991";"155 638 062";"B01";"1";"7";"0";"2";"4";"2";"0";""
"202300023991";"155 638 064";"A01";"1";"10";"0";"2";"1";"2";"0";""
"202300023992";"155 638 058";"B01";"2";"7";"0";"0";"3";"13";"1";""
"202300023992";"155 638 063";"A01";"2";"32";"0";"2";"1";"1";"6";""
"202300023993";"155 638 055";"B01";"3";"7";"0";"2";"3";"1";"1";""
"202300023993";"155 638 057";"A01";"3";"2";"0";"2";"3";"1";"1";""
"202300023994";"155 638 056";"A01";"1";"7";"0";"2";"5";"19";"1";""
"202300023994";"155 638 060";"B01";"1";"10";"0";"2";"2";"1";"1";""
"202300023995";"155 638 051";"A01";"2";"7";"2";"0";"5";"0";"1";""
"202300023996";"155 638 050";"A01";"1";"7";"0";"2";"7";"21";"1";""
"202300023996";"155 638 053";"B01";"3";"50";"0";"2";"7";"16";"3";""
"202300023997";"155 638 049";"A01";"1";"7";"0";"1";"2";"1";"1";""
"202300023998";"155 638 047";"A01";"1";"7";"0";"2";"1";"1";"1";""
"202300023998";"155 638 048";"D01";"1";"10";"0";"2";"4";"2";"1";""
"202300023998";"155 638 052";"C01";"1";"7";"0";"2";"4";"1";"1";""
"202300023998";"155 638 054";"B01";"1";"10";"0";"2";"4";"2";"1";""
"202300023999";"155 638 045";"A01";"2";"7";"0";"2";"3";"15";"1";""
"202300023999";"155 638 046";"B01";"1";"7";"0";"2";"1";"1";"1";""
"202300024000";"155 638 042";"B01";"2";"7";"0";"2";"4";"2";"1";""
"202300024000";"155 638 044";"A01";"2";"7";"0";"2";"1";"2";"1";""
"202300024001";"155 638 039";"A01";"2";"7";"0";"2";"1";"2";"1";""
"202300024001";"155 638 041";"B01";"2";"7";"0";"2";"4";"2";"1";""
"202300024002";"155 638 038";"A01";"1";"7";"0";"2";"3";"1";"1";""
"202300024002";"155 638 040";"B01";"2";"7";"0";"2";"3";"13";"1";""
"202300024003";"155 638 037";"A01";"2";"7";"0";"1";"2";"1";"1";""
"202300024004";"155 638 035";"A01";"3";"7";"0";"1";"1";"26";"1";""
"202300024005";"155 638 032";"A01";"1";"33";"0";"2";"1";"13";"1";""
"202300024005";"155 638 034";"B01";"2";"7";"0";"2";"1";"1";"1";""
"202300024006";"155 638 033";"B01";"0";"7";"0";"2";"4";"2";"1";""
"202300024006";"155 638 036";"A01";"3";"7";"0";"2";"1";"2";"1";""
"202300024007";"155 638 026";"A01";"1";"33";"0";"2";"1";"2";"1";""
"202300024007";"155 638 030";"B01";"1";"7";"0";"2";"7";"16";"1";""
"202300024008";"155 638 025";"A01";"2";"7";"0";"2";"2";"15";"1";""
"202300024008";"155 638 029";"B01";"1";"33";"0";"2";"1";"1";"1";""
"202300024009";"155 638 024";"B01";"1";"33";"0";"2";"1";"1";"1";""
"202300024009";"155 638 028";"A01";"1";"10";"0";"2";"8";"10";"1";""
"202300024010";"155 638 022";"A01";"2";"0";"0";"1";"0";"1";"0";""
"202300024011";"155 638 021";"A01";"2";"7";"0";"1";"3";"9";"2";""
"202300024012";"155 638 020";"A01";"3";"7";"0";"2";"1";"15";"1";""
"202300024012";"155 638 023";"B01";"3";"34";"0";"2";"3";"1";"1";""
"202300024013";"155 638 018";"A01";"1";"10";"0";"0";"0";"0";"1";""
"202300024014";"155 638 017";"A01";"1";"37";"0";"2";"1";"9";"1";"3"
"202300024015";"155 638 016";"B01";"1";"7";"0";"2";"3";"1";"1";""
"202300024015";"155 638 019";"A01";"2";"1";"0";"2";"1";"15";"5";""
"202300024016";"155 638 012";"B01";"2";"7";"0";"2";"8";"0";"1";""
"202300024016";"155 638 015";"A01";"1";"10";"0";"2";"8";"1";"1";""
"202300024017";"155 638 010";"B01";"1";"7";"0";"2";"2";"1";"1";""
"202300024017";"155 638 014";"A01";"1";"7";"0";"2";"2";"19";"1";""
"202300024018";"155 638 009";"A01";"1";"7";"0";"1";"2";"1";"1";""
"202300024019";"155 638 008";"A01";"1";"7";"1";"2";"2";"20";"1";""
"202300024019";"155 638 011";"B01";"3";"7";"0";"2";"3";"23";"1";""
"202300024019";"155 638 013";"C01";"1";"7";"0";"2";"2";"24";"1";""
"202300024020";"155 638 007";"A01";"2";"7";"15";"0";"2";"14";"1";""
"202300024021";"155 638 003";"Z01";"0";"0";"0";"0";"0";"1";"0";""
"202300024021";"155 638 006";"B01";"0";"34";"0";"0";"8";"15";"1";""
"202300024022";"155 638 002";"A01";"2";"10";"0";"2";"2";"15";"1";""
"202300024022";"155 638 005";"B01";"2";"7";"0";"2";"8";"1";"1";""
"202300024023";"155 638 001";"A01";"3";"7";"0";"2";"2";"1";"0";""
"202300024023";"155 638 004";"B01";"3";"7";"0";"2";"1";"1";"1";""
"202300024024";"155 637 999";"A01";"2";"7";"0";"2";"1";"5";"1";""
"202300024024";"155 638 000";"B01";"1";"7";"0";"2";"1";"1";"1";""
"202300024025";"155 637 996";"A01";"2";"7";"1";"0";"3";"1";"1";""
"202300024025";"155 637 998";"B01";"2";"7";"0";"2";"3";"23";"1";""
"202300024026";"155 637 993";"A01";"2";"7";"0";"2";"0";"0";"1";""
"202300024026";"155 637 997";"B01";"1";"13";"0";"1";"8";"2";"1";""
"202300024027";"155 637 994";"A01";"2";"7";"0";"1";"3";"1";"1";""
"202300024028";"155 637 992";"B01";"2";"33";"0";"2";"1";"1";"1";""
"202300024028";"155 637 995";"A01";"2";"10";"0";"0";"6";"15";"1";""
"202300024029";"155 637 988";"A01";"2";"2";"0";"0";"0";"1";"1";""
"202300024030";"155 637 989";"A01";"1";"14";"0";"2";"7";"16";"1";""
"202300024030";"155 637 991";"B01";"1";"1";"0";"2";"3";"1";"5";""
"202300024031";"155 637 987";"B01";"3";"80";"0";"2";"4";"1";"3";""
"202300024031";"155 637 990";"A01";"3";"7";"0";"2";"1";"9";"1";""
"202300024032";"155 637 985";"A01";"2";"33";"13";"0";"1";"1";"1";""
"202300024033";"155 637 986";"A01";"3";"7";"0";"1";"2";"15";"1";""
"202300024034";"155 637 983";"A01";"1";"10";"0";"2";"3";"13";"1";""
"202300024034";"155 637 984";"B01";"2";"7";"0";"2";"3";"5";"1";""
"202300024035";"155 637 982";"A01";"0";"7";"0";"9";"1";"26";"1";""
"202300024036";"155 637 980";"A01";"3";"7";"0";"1";"1";"26";"0";""
"202300024037";"155 637 976";"B01";"3";"7";"0";"2";"6";"15";"1";""
"202300024037";"155 637 979";"A01";"3";"7";"0";"2";"1";"26";"1";""