"Num_Acc";"id_vehicule";"num_veh";"senc";"catv";"obs";"obsm";"choc";"manv";"motor";"occutc"
"202300024663";"155 636 874";"A01";"1";"7";"0";"2";"2";"15";"1";""
"202300024663";"155 636 875";"B01";"2";"33";"0";"2";"1";"7";"1";""
"202300024664";"155 636 873";"A01";"2";"10";"0";"1";"1";"16";"1";""
"202300024665";"155 636 871";"A01";"1";"7";"0";"2";"7";"15";"1";""
"202300024665";"155 636 872";"B01";"2";"7";"0";"2";"3";"1";"1";""
"202300024666";"155 636 868";"A01";"1";"7";"0";"2";"0";"0";"1";""
"202300024666";"155 636 870";"B01";"2";"13";"0";"2";"1";"1";"0";""
"202300024667";"155 636 867";"A01";"1";"33";"0";"2";"1";"1";"1";""
"202300024667";"155 636 869";"B01";"3";"7";"0";"2";"7";"19";"2";""
"202300024668";"155 636 864";"B01";"2";"7";"0";"2";"4";"1";"1";""
"202300024668";"155 636 865";"C01";"2";"7";"0";"2";"4";"1";"1";""
"202300024668";"155 636 866";"A01";"2";"10";"0";"2";"1";"2";"1";""
"202300024669";"155 636 862";"A01";"1";"7";"0";"1";"1";"16";"1";""
"202300024670";"155 636 861";"A01";"3";"7";"0";"2";"1";"5";"1";""
"202300024670";"155 636 863";"B01";"3";"34";"0";"2";"1";"1";"1";""
"202300024671";"155 636 860";"A01";"1";"7";"1";"1";"1";"1";"1";""
"202300024672";"155 636 857";"A01";"0";"34";"0";"2";"1";"1";"1";""
"202300024672";"155 636 859";"B01";"0";"7";"0";"2";"7";"19";"1";""
"202300024673";"155 636 855";"A01";"1";"7";"0";"2";"7";"16";"1";""
"202300024673";"155 636 858";"B01";"1";"37";"0";"2";"3";"7";"1";"4"
"202300024674";"155 636 854";"B01";"3";"7";"0";"2";"7";"1";"1";""
"202300024674";"155 636 856";"A01";"3";"1";"0";"2";"1";"19";"5";""
"202300024675";"155 636 852";"A01";"2";"7";"0";"2";"1";"1";"1";""
"202300024675";"155 636 853";"B01";"2";"1";"0";"2";"4";"1";"5";""
"202300024676";"155 636 849";"A01";"1";"7";"0";"1";"0";"16";"0";""
"202300024677";"155 636 848";"A01";"3";"7";"0";"2";"1";"2";"1";""
"202300024677";"155 636 851";"B01";"3";"7";"0";"2";"4";"1";"1";""
"202300024678";"155 636 847";"A01";"3";"2";"0";"2";"7";"10";"1";""
"202300024678";"155 636 850";"B01";"2";"31";"0";"2";"1";"1";"1";""
"202300024679";"155 636 844";"A01";"1";"7";"0";"1";"1";"1";"1";""
"202300024680";"155 636 843";"B01";"3";"1";"0";"2";"2";"1";"5";""
"202300024680";"155 636 846";"A01";"3";"7";"0";"2";"1";"19";"1";""
"202300024681";"155 636 842";"B01";"2";"7";"0";"2";"2";"1";"1";""
"202300024681";"155 636 845";"A01";"1";"7";"0";"2";"1";"15";"1";""
"202300024682";"155 636 840";"A01";"3";"7";"15";"2";"1";"1";"1";""
"202300024682";"155 636 841";"B01";"3";"7";"0";"2";"2";"1";"1";""
"202300024683";"155 636 838";"A01";"3";"7";"8";"0";"1";"1";"1";""
"202300024684";"155 636 839";"A01";"1";"7";"4";"0";"9";"9";"1";""
"202300024685";"155 636 836";"Z01";"0";"30";"0";"0";"0";"0";"0";""
"202300024685";"155 636 837";"A01";"1";"50";"0";"2";"1";"1";"3";""
"202300024686";"155 636 834";"A01";"0";"7";"0";"1";"1";"16";"1";""
"202300024687";"155 636 835";"A01";"2";"7";"13";"0";"1";"16";"1";""
"202300024688";"155 636 832";"B01";"1";"7";"0";"2";"1";"1";"1";""
"202300024688";"155 636 833";"A01";"1";"7";"0";"1";"1";"1";"1";""
"202300024689";"155 636 830";"B01";"1";"1";"0";"2";"0";"0";"5";""
"202300024689";"155 636 831";"A01";"1";"7";"0";"2";"0";"1";"1";""
"202300024690";"155 636 827";"A01";"1";"7";"0";"2";"2";"16";"1";""
"202300024690";"155 636 828";"B01";"1";"34";"0";"2";"3";"1";"1";""
"202300024691";"155 636 825";"A01";"3";"50";"0";"2";"0";"19";"3";""
"202300024691";"155 636 826";"B01";"1";"7";"0";"2";"0";"1";"1";""
"202300024692";"155 636 824";"A01";"2";"7";"0";"1";"1";"17";"1";""
"202300024693";"155 636 823";"A01";"2";"99";"0";"0";"1";"0";"3";""
"202300024694";"155 636 819";"A01";"3";"7";"0";"1";"1";"1";"0";""
"202300024695";"155 636 820";"A01";"3";"7";"0";"2";"7";"15";"1";""
"202300024695";"155 636 821";"B01";"3";"7";"0";"2";"1";"1";"1";""
"202300024696";"155 636 818";"A01";"1";"2";"0";"2";"2";"12";"1";""
"202300024696";"155 636 822";"B01";"2";"7";"0";"2";"3";"1";"1";""
"202300024697";"155 636 815";"A01";"1";"7";"0";"2";"1";"1";"1";""
"202300024697";"155 636 817";"B01";"1";"7";"0";"2";"2";"15";"1";""
"202300024698";"155 636 814";"A01";"1";"7";"0";"2";"3";"15";"1";""
"202300024698";"155 636 816";"B01";"2";"33";"0";"2";"1";"13";"1";""
"202300024699";"155 636 812";"A01";"0";"7";"0";"2";"0";"15";"1";""
"202300024699";"155 636 813";"B01";"0";"7";"0";"2";"3";"1";"1";""
"202300024700";"155 636 810";"A01";"1";"7";"0";"2";"1";"1";"1";""
"202300024700";"155 636 811";"B01";"1";"7";"0";"2";"8";"1";"1";""
"202300024701";"155 636 809";"A01";"3";"7";"0";"1";"1";"1";"1";""
"202300024702";"155 636 805";"Z01";"3";"0";"0";"1";"0";"0";"0";""
"202300024703";"155 636 804";"A01";"2";"7";"0";"2";"1";"19";"1";""
"202300024703";"155 636 807";"B01";"2";"7";"0";"2";"1";"1";"1";""
"202300024704";"155 636 806";"A01";"2";"7";"0";"1";"3";"1";"0";""
"202300024705";"155 636 802";"A01";"1";"7";"0";"1";"1";"1";"1";""
"202300024706";"155 636 801";"A01";"2";"33";"0";"2";"2";"1";"1";""
"202300024706";"155 636 803";"B01";"2";"7";"0";"2";"6";"9";"1";""
"202300024707";"155 636 800";"A01";"3";"7";"0";"1";"2";"1";"1";""
"202300024708";"155 636 799";"A01";"1";"7";"3";"0";"3";"14";"1";""
"202300024709";"155 636 797";"A01";"1";"33";"0";"2";"7";"17";"1";""
"202300024709";"155 636 798";"B01";"1";"7";"0";"2";"3";"15";"1";""
"202300024710";"155 636 795";"B01";"0";"2";"0";"2";"3";"16";"1";""
"202300024710";"155 636 796";"A01";"0";"33";"0";"2";"3";"13";"1";""
"202300024711";"155 636 794";"A01";"0";"7";"9";"0";"1";"13";"1";""
"202300024712";"155 636 792";"A01";"1";"7";"0";"0";"3";"0";"6";""
"202300024712";"155 636 793";"B01";"2";"7";"0";"0";"3";"0";"6";""
"202300024713";"155 636 790";"B01";"1";"2";"0";"2";"1";"17";"1";""
"202300024713";"155 636 791";"A01";"1";"7";"0";"2";"8";"15";"1";""
"202300024714";"155 636 787";"B01";"3";"7";"8";"0";"1";"1";"1";""
"202300024714";"155 636 789";"A01";"3";"10";"0";"2";"0";"15";"1";""
"202300024715";"155 636 786";"A01";"1";"33";"0";"2";"1";"1";"1";""
"202300024715";"155 636 788";"B01";"0";"10";"0";"2";"8";"15";"1";""
"202300024716";"155 636 781";"C01";"0";"10";"0";"2";"3";"21";"1";""
"202300024716";"155 636 783";"A01";"0";"7";"0";"2";"3";"15";"1";""
"202300024716";"155 636 785";"B01";"0";"32";"0";"2";"1";"17";"1";""
"202300024717";"155 636 780";"A01";"0";"7";"0";"2";"1";"1";"1";""
"202300024717";"155 636 784";"B01";"0";"7";"6";"2";"7";"1";"1";""
"202300024718";"155 636 777";"A01";"1";"7";"0";"0";"4";"23";"2";""
"202300024718";"155 636 778";"B01";"1";"7";"0";"2";"1";"1";"1";""
"202300024718";"155 636 779";"C01";"1";"7";"0";"2";"1";"2";"1";""
"202300024718";"155 636 782";"D01";"1";"7";"0";"2";"1";"2";"1";""
"202300024719";"155 636 775";"A01";"3";"7";"0";"1";"4";"20";"1";""
"202300024720";"155 636 772";"B01";"2";"7";"0";"2";"1";"1";"1";""
"202300024720";"155 636 774";"C01";"2";"7";"0";"2";"1";"1";"1";""
"202300024720";"155 636 776";"A01";"2";"7";"0";"2";"4";"1";"3";""
"202300024721";"155 636 770";"B01";"1";"7";"0";"2";"1";"1";"1";""
"202300024721";"155 636 773";"A01";"2";"7";"0";"2";"1";"13";"1";""
"202300024722";"155 636 767";"A01";"2";"7";"9";"0";"3";"21";"1";""
"202300024723";"155 636 765";"A01";"3";"7";"0";"2";"1";"26";"1";""
"202300024723";"155 636 768";"B01";"3";"7";"0";"2";"1";"26";"1";""
"202300024724";"155 636 763";"A01";"2";"7";"0";"2";"1";"1";"1";""
"202300024724";"155 636 764";"B01";"2";"7";"0";"2";"4";"1";"1";""
"202300024725";"155 636 762";"A01";"3";"32";"0";"1";"1";"1";"1";""
"202300024726";"155 636 760";"A01";"1";"32";"0";"6";"1";"1";"1";""
"202300024727";"155 636 759";"A01";"3";"7";"0";"2";"1";"15";"1";""
"202300024727";"155 636 761";"B01";"3";"7";"0";"2";"1";"1";"1";""
"202300024728";"155 636 755";"A01";"2";"33";"0";"2";"1";"2";"1";""
"202300024728";"155 636 757";"B01";"2";"7";"0";"0";"6";"15";"1";""
"202300024729";"155 636 756";"A01";"3";"7";"0";"2";"1";"2";"1";""
"202300024729";"155 636 758";"B01";"3";"1";"0";"2";"8";"11";"5";""
"202300024730";"155 636 754";"A01";"3";"21";"0";"1";"3";"1";"1";""
"202300024731";"155 636 753";"A01";"1";"7";"13";"0";"1";"1";"1";""
"202300024732";"155 636 752";"A01";"1";"10";"0";"1";"0";"13";"1";""
"202300024733";"155 636 749";"B01";"1";"31";"13";"0";"7";"2";"1";""
"202300024733";"155 636 750";"A01";"1";"7";"0";"0";"8";"2";"1";""
"202300024734";"155 636 748";"A01";"2";"7";"6";"0";"1";"13";"1";""
"202300024735";"155 636 745";"A01";"3";"7";"0";"2";"2";"1";"1";""
"202300024735";"155 636 746";"B01";"3";"7";"0";"2";"3";"1";"1";""
"202300024736";"155 636 747";"B01";"3";"7";"0";"2";"8";"15";"1";""
"202300024736";"155 636 751";"A01";"3";"7";"0";"2";"1";"17";"1";""
"202300024737";"155 636 743";"A01";"3";"30";"0";"2";"1";"1";"1";""
"202300024737";"155 636 744";"B01";"3";"7";"0";"2";"7";"16";"1";""
"202300024738";"155 636 742";"A01";"1";"7";"3";"0";"3";"1";"1";""
"202300024739";"155 636 739";"A01";"0";"7";"8";"0";"1";"1";"1";""
"202300024739";"155 636 741";"B01";"0";"7";"0";"2";"0";"18";"0";""
"202300024740";"155 636 737";"A01";"1";"7";"0";"1";"7";"1";"1";""
"202300024741";"155 636 738";"B01";"2";"7";"0";"2";"3";"1";"1";""
"202300024741";"155 636 740";"A01";"1";"7";"0";"2";"3";"13";"1";""
"202300024742";"155 636 734";"B01";"0";"37";"0";"9";"1";"2";"1";"1"
"202300024742";"155 636 736";"A01";"0";"50";"0";"2";"3";"19";"3";""
"202300024743";"155 636 733";"A01";"1";"7";"9";"0";"1";"1";"1";""
"202300024744";"155 636 732";"B01";"0";"7";"0";"2";"6";"15";"1";""
"202300024744";"155 636 735";"A01";"1";"7";"0";"2";"1";"1";"1";""
"202300024745";"155 636 731";"A01";"2";"7";"0";"1";"2";"1";"1";""
"202300024746";"155 636 729";"Z01";"1";"7";"0";"1";"1";"26";"0";""
"202300024747";"155 636 728";"A01";"1";"33";"0";"2";"1";"0";"1";""
"202300024747";"155 636 730";"B01";"2";"7";"0";"0";"6";"0";"1";""
"202300024748";"155 636 725";"A01";"1";"7";"0";"2";"8";"26";"1";""
"202300024748";"155 636 726";"B01";"1";"30";"0";"2";"1";"1";"1";""
"202300024749";"155 636 723";"A01";"1";"7";"0";"9";"2";"1";"1";""
"202300024749";"155 636 727";"B01";"1";"1";"0";"2";"2";"1";"5";""
"202300024750";"155 636 722";"A01";"2";"2";"0";"2";"2";"15";"1";""
"202300024750";"155 636 724";"B01";"1";"7";"0";"2";"1";"1";"1";""
"202300024751";"155 636 721";"A01";"2";"1";"15";"0";"1";"25";"5";""
"202300024752";"155 636 719";"A01";"1";"7";"0";"1";"1";"1";"1";""
"202300024753";"155 636 718";"A01";"2";"50";"0";"2";"1";"5";"3";""
"202300024753";"155 636 720";"B01";"1";"7";"0";"2";"1";"1";"1";""
"202300024754";"155 636 716";"A01";"3";"20";"13";"0";"1";"1";"1";""
"202300024755";"155 636 714";"A01";"2";"30";"0";"0";"0";"26";"1";""
"202300024756";"155 636 715";"A01";"1";"7";"0";"2";"1";"1";"1";""
"202300024756";"155 636 717";"B01";"1";"10";"0";"2";"4";"1";"1";""
"202300024757";"155 636 713";"A01";"1";"7";"0";"1";"1";"14";"1";""
"202300024758";"155 636 712";"A01";"3";"7";"0";"1";"3";"1";"1";""
"202300024759";"155 636 711";"A01";"1";"7";"0";"1";"1";"1";"1";""
"202300024760";"155 636 709";"A01";"2";"7";"13";"0";"8";"1";"1";""
"202300024760";"155 636 710";"B01";"1";"7";"0";"2";"3";"1";"1";""
"202300024761";"155 636 708";"A01";"3";"7";"1";"0";"1";"9";"1";""
"202300024762";"155 636 707";"A01";"1";"7";"14";"0";"1";"19";"1";""
"202300024763";"155 636 704";"A01";"0";"7";"0";"2";"3";"1";"1";""
"202300024763";"155 636 705";"B01";"2";"7";"0";"2";"3";"16";"1";""
"202300024764";"155 636 706";"Z01";"2";"7";"0";"1";"0";"1";" -1";""
"202300024765";"155 636 702";"A01";"1";"7";"0";"0";"0";"19";"1";""
"202300024766";"155 636 703";"A01";"1";"38";"0";"1";"1";"1";"1";"2"
"202300024767";"155 636 700";"A01";"1";"7";"8";"6";"2";"1";"1";""
"202300024768";"155 636 697";"B01";"2";"1";"0";"2";"8";"1";"5";""
"202300024768";"155 636 699";"A01";"2";"7";"0";"2";"1";"9";"1";""
"202300024769";"155 636 698";"B01";"1";"7";"1";"0";"4";"24";"1";""
"202300024769";"155 636 701";"A01";"1";"13";"1";"0";"4";"1";"1";""
"202300024770";"155 636 694";"A01";"2";"7";"0";"2";"1";"15";"1";""
"202300024770";"155 636 696";"B01";"1";"31";"0";"2";"1";"1";"1";""
"202300024771";"155 636 693";"B01";"3";"1";"0";"2";"0";"0";"5";""
"202300024771";"155 636 695";"A01";"3";"1";"0";"2";"0";"0";"5";""
"202300024772";"155 636 692";"A01";"2";"7";"2";"0";"1";"1";"1";""
"202300024773";"155 636 690";"A01";"3";"7";"0";"2";"1";"1";"1";""
"202300024774";"155 636 689";"B01";"2";"7";"0";"2";"2";"1";"1";""
"202300024774";"155 636 691";"A01";"1";"7";"0";"2";"8";"1";"1";""
"202300024775";"155 636 688";"A01";"1";"14";"0";"1";"2";"1";"1";""
"202300024776";"155 636 683";"A01";"2";"7";"0";"2";"1";"16";"1";""
"202300024776";"155 636 686";"B01";"2";"1";"0";"2";"8";"1";"5";""
"202300024777";"155 636 685";"B01";"3";"7";"0";"2";"3";"1";"1";""
"202300024777";"155 636 687";"A01";"3";"7";"0";"2";"2";"15";"1";""
"202300024778";"155 636 682";"A01";"1";"7";"0";"2";"3";"15";"1";""
"202300024778";"155 636 684";"B01";"2";"33";"0";"2";"1";"1";"1";""
"202300024779";"155 636 678";"A01";"1";"7";"0";"2";"8";"13";"1";""
"202300024779";"155 636 681";"B01";"2";"7";"0";"2";"1";"21";"2";""
"202300024780";"155 636 679";"A01";"2";"37";"0";"1";"2";"1";"3";"1"
"202300024781";"155 636 677";"Z01";"3";"7";"0";"2";"1";"0";"1";""
"202300024781";"155 636 680";"B01";"3";"3";"0";"2";"1";"1";"1";""
"202300024782";"155 636 673";"B01";"1";"10";"0";"2";"3";"19";"1";""
"202300024782";"155 636 676";"A01";"2";"17";"0";"2";"2";"1";"1";""
"202300024783";"155 636 674";"A01";"1";"37";"0";"0";"8";"0";"1";"1"
"202300024784";"155 636 672";"AB01";"1";"60";"0";"2";"4";"1";"5";""
"202300024784";"155 636 675";"Z01";"1";"7";"0";"2";"1";"1";"0";""
"202300024785";"155 636 669";"A01";"1";"7";"0";"2";"1";"13";"1";""
"202300024785";"155 636 671";"B01";"2";"7";"0";"2";"1";"1";"1";""
"202300024786";"155 636 668";"B01";"3";"1";"0";"2";"1";"1";"5";""
"202300024786";"155 636 670";"A01";"3";"7";"0";"2";"1";"9";"1";""
"202300024787";"155 636 667";"Z01";"1";"7";"0";"1";"0";"16";"0";""
"202300024788";"155 636 665";"A01";"2";"7";"0";"0";"5";"23";"1";""
"202300024788";"155 636 666";"B01";"2";"2";"0";"2";"1";"1";"1";""
"202300024789";"155 636 662";"A01";"1";"7";"7";"0";"9";"14";"1";""
"202300024790";"155 636 661";"A01";"3";"7";"0";"2";"0";"0";"1";""
"202300024790";"155 636 664";"B01";"0";"50";"0";"2";"3";"1";"3";""
"202300024791";"155 636 660";"A01";"1";"7";"0";"2";"3";"15";"1";""
"202300024791";"155 636 663";"B01";"2";"43";"0";"2";"1";"1";"1";""
"202300024792";"155 636 656";"A01";"3";"7";"0";"2";"3";"1";"1";""
"202300024792";"155 636 657";"B01";"3";"7";"0";"2";"1";"13";"1";""
"202300024793";"155 636 653";"A01";"2";"7";"0";"0";"4";"2";"1";""
"202300024793";"155 636 655";"C01";"2";"7";"0";"0";"1";"11";"1";""
"202300024793";"155 636 658";"D01";"2";"10";"0";"0";"0";"21";"1";""
"202300024793";"155 636 659";"B01";"2";"7";"0";"0";"1";"2";"1";""
"202300024794";"155 636 650";"C01";"1";"1";"0";"2";"1";"1";"5";""
"202300024794";"155 636 652";"A01";"1";"7";"0";"2";"2";"9";"3";""
"202300024794";"155 636 654";"B01";"2";"33";"0";"2";"1";"1";"1";""
"202300024795";"155 636 648";"B01";"1";"7";"0";"2";"3";"1";"1";""
"202300024795";"155 636 651";"A01";"2";"7";"0";"2";"2";"15";"1";""
"202300024796";"155 636 647";"A01";"2";"7";"4";"2";"0";"0";"1";""
"202300024796";"155 636 649";"B01";"2";"7";"0";"2";"8";"2";"1";""
"202300024797";"155 636 645";"A01";"3";"7";"8";"0";"6";"13";"1";""
"202300024798";"155 636 643";"A01";"1";"33";"16";"0";"9";"1";"1";""
"202300024799";"155 636 644";"B01";"2";"1";"0";"2";"1";"1";"5";""
"202300024799";"155 636 646";"A01";"2";"7";"0";"2";"5";"16";"1";""
"202300024800";"155 636 642";"A01";"1";"10";"0";"1";"1";"1";"1";""
"202300024801";"155 636 641";"A01";"1";"33";"0";"0";"0";"0";"1";""
"202300024802";"155 636 640";"A01";"1";"7";"0";"1";"3";"1";"1";""
"202300024803";"155 636 638";"A01";"2";"10";"0";"1";"1";"15";"3";""
"202300024804";"155 636 636";"A01";"3";"7";"0";"2";"3";"15";"1";""
"202300024804";"155 636 637";"B01";"3";"33";"0";"2";"1";"1";"1";""
"202300024804";"155 636 639";"C01";"3";"33";"13";"2";"1";"1";"1";""
"202300024805";"155 636 634";"A01";"1";"7";"9";"0";"1";"5";"1";""
"202300024806";"155 636 633";"B01";"2";"7";"0";"2";"7";"2";"1";""
"202300024806";"155 636 635";"A01";"2";"30";"0";"2";"3";"3";"1";""
"202300024807";"155 636 631";"B01";"1";"7";"0";"2";"3";"13";"1";""
"202300024807";"155 636 632";"A01";"1";"33";"0";"2";"2";"1";"1";""
"202300024808";"155 636 630";"A01";"3";"34";"0";"1";"1";"1";"1";""
"202300024809";"155 636 628";"B01";"0";"7";"0";"2";"4";"23";"1";""
"202300024809";"155 636 629";"A01";"0";"7";"0";"2";"1";"2";"1";""
"202300024810";"155 636 623";"C01";"1";"7";"0";"2";"1";"2";"1";""
"202300024810";"155 636 626";"A01";"1";"7";"0";"2";"1";"2";"1";""
"202300024810";"155 636 627";"B01";"1";"7";"4";"2";"6";"2";"1";""
"202300024811";"155 636 621";"A01";"3";"7";"0";"2";"3";"13";"1";""
"202300024811";"155 636 624";"B01";"3";"37";"0";"2";"3";"1";"3";"2"
"202300024812";"155 636 622";"B01";"1";"7";"1";"2";"1";"0";"1";""
"202300024812";"155 636 625";"A01";"1";"7";"1";"2";"4";"19";"1";""
"202300024813";"155 636 620";"A01";"1";"7";"13";"0";"1";"1";"0";""
"202300024814";"155 636 618";"A01";"1";"33";"2";"0";"1";"1";"1";""
"202300024815";"155 636 617";"B01";"0";"7";"0";"2";"3";"1";"1";""
"202300024815";"155 636 619";"A01";"0";"7";"0";"2";"1";"1";"1";""
"202300024816";"155 636 616";"A01";"2";"33";"9";"9";"9";"1";"1";""
"202300024817";"155 636 611";"A01";"3";"7";"0";"2";"3";"10";"1";""
"202300024817";"155 636 613";"B01";"3";"31";"0";"2";"1";"1";"1";""
"202300024818";"155 636 612";"A01";"0";"7";"0";"2";"1";"13";"1";""
"202300024818";"155 636 614";"B01";"0";"7";"0";"2";"3";"1";"0";""
"202300024819";"155 636 609";"A01";"2";"7";"0";"1";"1";"1";"0";""
"202300024820";"155 636 608";"A01";"2";"7";"0";"2";"7";"19";"1";""
"202300024820";"155 636 610";"B01";"2";"1";"0";"2";"8";"1";"5";""
"202300024821";"155 636 606";"A01";"2";"7";"4";"0";"1";"14";"1";""
"202300024822";"155 636 605";"B01";"3";"37";"0";"2";"2";"1";"1";"13"
"202300024822";"155 636 615";"A01";"3";"7";"0";"2";"3";"0";"1";""
"202300024823";"155 636 604";"A01";"1";"7";"0";"2";"3";"13";"1";""
"202300024823";"155 636 607";"B01";"2";"7";"0";"2";"1";"1";"2";""
"202300024824";"155 636 603";"A01";"2";"33";"12";"0";"0";"11";"1";""
"202300024825";"155 636 601";"A01";"1";"32";"0";"1";"1";"1";"1";""
"202300024826";"155 636 602";"A01";"2";"7";"0";"1";"1";"1";"1";""
"202300024827";"155 636 600";"A01";"3";"1";"0";"0";"8";"2";"5";""
"202300024828";"155 636 599";"A01";"1";"7";"0";"1";"3";"1";"2";""
"202300024829";"155 636 598";"A01";"3";"7";"9";"0";"3";"16";"1";""
"202300024830";"155 636 596";"A01";"1";"10";"0";"0";"6";"16";"0";""
"202300024830";"155 636 597";"B01";"1";"33";"0";"2";"1";"1";"0";""
"202300024831";"155 636 595";"A01";"1";"34";"11";"2";"1";"5";"1";""
"202300024832";"155 636 592";"A01";"1";"10";"0";"2";"3";"9";"0";""
"202300024832";"155 636 593";"B01";"2";"7";"0";"2";"2";"1";"0";""
"202300024833";"155 636 591";"B01";"0";"7";"0";"2";"0";"23";"1";""
"202300024833";"155 636 594";"A01";"1";"7";"0";"2";"8";"1";"1";""
"202300024834";"155 636 589";"A01";"1";"7";"0";"2";"3";"1";"0";""
"202300024834";"155 636 590";"B01";"1";"7";"0";"2";"3";"13";"0";""
"202300024835";"155 636 588";"A01";"1";"7";"10";"0";"1";"12";"0";""
"202300024836";"155 636 587";"A01";"1";"7";"8";"0";"0";"1";"1";""
"202300024837";"155 636 585";"A01";"2";"7";"0";"9";"3";"1";"1";""
"202300024837";"155 636 586";"B01";"2";"1";"0";"2";"6";"1";"5";""
"202300024838";"155 636 582";"B01";"0";"50";"0";"0";"0";"0";"3";""
"202300024838";"155 636 584";"A01";"0";"7";"0";"2";"0";"26";"6";""
"202300024839";"155 636 580";"B01";"1";"7";"0";"2";"4";"15";"1";""
"202300024839";"155 636 583";"A01";"1";"2";"0";"2";"8";"2";"1";""
"202300024840";"155 636 578";"A01";"2";"7";"0";"2";"4";"1";"1";""
"202300024840";"155 636 581";"B01";"2";"13";"0";"2";"1";"1";"1";""
"202300024841";"155 636 576";"B01";"3";"1";"0";"2";"7";"1";"5";""
"202300024841";"155 636 579";"A01";"1";"10";"0";"9";"1";"15";"1";""
"202300024842";"155 636 575";"A01";"2";"7";"0";"2";"3";"15";"1";""
"202300024842";"155 636 577";"B01";"1";"7";"0";"2";"8";"1";"1";""
"202300024843";"155 636 573";"B01";"2";"7";"4";"2";"9";"1";"1";""
"202300024843";"155 636 574";"A01";"2";"17";"0";"2";"3";"11";"1";""
"202300024844";"155 636 572";"A01";"1";"2";"14";"0";"0";"5";"1";""
"202300024845";"155 636 569";"A01";"2";"7";"0";"2";"7";"12";"1";""
"202300024845";"155 636 570";"B01";"2";"31";"0";"2";"0";"0";"1";""
"202300024846";"155 636 566";"A01";"0";"7";"0";"2";"1";"16";"1";""
"202300024846";"155 636 567";"B01";"3";"50";"0";"0";"8";"1";"3";""
"202300024847";"155 636 565";"B01";"3";"33";"0";"2";"9";"1";"1";""
"202300024847";"155 636 568";"A01";"3";"7";"0";"2";"1";"15";"1";""
"202300024848";"155 636 563";"A01";"2";"10";"0";"2";"1";"1";"0";""
"202300024848";"155 636 564";"B01";"2";"7";"0";"2";"5";"1";"0";""
"202300024849";"155 636 561";"A01";"1";"7";"0";"1";"1";"1";"1";""
"202300024850";"155 636 559";"A01";"1";"7";"5";"0";"1";"21";"1";""
"202300024851";"155 636 560";"B01";"2";"1";"0";"2";"0";"1";"5";""
"202300024851";"155 636 562";"A01";"1";"7";"0";"2";"8";"9";"2";""
"202300024852";"155 636 558";"A01";"1";"32";"12";"0";"8";"2";"1";""
"202300024853";"155 636 557";"A01";"1";"7";"11";"0";"1";"3";"1";""
"202300024854";"155 636 554";"B01";"1";"2";"0";"2";"1";"2";"1";""
"202300024854";"155 636 556";"A01";"1";"34";"0";"2";"4";"1";"3";""
"202300024855";"155 636 553";"A01";"2";"7";"0";"2";"1";"15";"1";""
"202300024855";"155 636 555";"B01";"1";"33";"0";"2";"8";"1";"1";""
"202300024856";"155 636 552";"A01";"2";"33";"0";"0";"2";"2";"1";""
"202300024857";"155 636 551";"A01";"3";"33";"0";"0";"1";"26";"1";""
"202300024858";"155 636 548";"A01";"1";"1";"0";"2";"3";"13";"5";""
"202300024858";"155 636 549";"B01";"2";"2";"0";"2";"1";"1";"1";""
"202300024859";"155 636 547";"A01";"2";"43";"0";"2";"3";"17";"1";""
"202300024859";"155 636 550";"B01";"1";"7";"0";"2";"3";"15";"1";""
"202300024860";"155 636 544";"A01";"1";"7";"0";"2";"1";"13";"1";""
"202300024860";"155 636 546";"B01";"1";"33";"0";"2";"7";"17";"1";""
"202300024861";"155 636 542";"A01";"1";"31";"0";"2";"1";"2";"1";""
"202300024861";"155 636 543";"B01";"1";"7";"0";"2";"4";"2";"1";""
"202300024862";"155 636 541";"A01";"2";"7";"0";"2";"3";"26";"1";""
"202300024862";"155 636 545";"B01";"2";"1";"0";"2";"1";"26";"5";""
"202300024863";"155 636 539";"A01";"1";"15";"0";"2";"2";"12";"1";""
"202300024863";"155 636 540";"B01";"1";"7";"0";"2";"8";"1";"0";""
"202300024864";"155 636 537";"A01";"1";"7";"0";"1";"1";"1";"1";""
"202300024865";"155 636 536";"A01";"2";"7";"0";"2";"2";"19";"1";""
"202300024865";"155 636 538";"B01";"2";"1";"0";"2";"1";"1";"5";""
"202300024866";"155 636 534";"B01";"2";"10";"0";"2";"5";"1";"1";""
"202300024866";"155 636 535";"A01";"2";"32";"0";"2";"3";"9";"1";""
"202300024867";"155 636 530";"A01";"2";"10";"0";"1";"3";"1";"0";""
"202300024868";"155 636 529";"A01";"2";"7";"0";"2";"3";"11";"2";""
"202300024868";"155 636 532";"B01";"2";"7";"0";"2";"2";"0";"1";""
"202300024869";"155 636 524";"B01";"2";"3";"0";"2";"1";"1";"1";""
"202300024869";"155 636 527";"A01";"1";"34";"0";"2";"1";"11";"1";""
"202300024870";"155 636 522";"B01";"0";"2";"0";"2";"8";"1";"1";""
"202300024870";"155 636 526";"A01";"1";"7";"0";"2";"1";"19";"2";""
"202300024871";"155 636 520";"A01";"2";"7";"2";"0";"3";"1";"1";""
"202300024872";"155 636 517";"A01";"2";"7";"0";"2";"1";"13";"1";""
"202300024872";"155 636 519";"B01";"1";"7";"0";"2";"1";"1";"1";""
"202300024873";"155 636 516";"A01";"2";"7";"0";"2";"3";"1";"1";""
"202300024873";"155 636 518";"B01";"1";"32";"0";"2";"3";"15";"1";""