"Num_Acc";"id_vehicule";"num_veh";"senc";"catv";"obs";"obsm";"choc";"manv";"motor";"occutc"
"202300024874";"155 636 515";"A01";"3";"1";"0";"0";"0";"0";"5";""
"202300024875";"155 636 512";"A01";"2";"7";"0";"2";"1";"13";"1";""
"202300024875";"155 636 514";"B01";"1";"7";"0";"2";"1";"1";"1";""
"202300024876";"155 636 513";"A01";"0";"32";"0";"0";"0";"0";"1";""
"202300024877";"155 636 510";"B01";"2";"33";"0";"2";"1";"2";"1";""
"202300024877";"155 636 511";"A01";"1";"10";"0";"0";"8";"15";"1";""
"202300024878";"155 636 506";"A01";"1";"7";"0";"2";"1";"0";"1";""
"202300024878";"155 636 508";"B01";"2";"7";"0";"2";"1";"13";"1";""
"202300024879";"155 636 507";"A01";"1";"2";"6";"0";"3";"17";"0";""
"202300024880";"155 636 505";"B01";"1";"7";"0";"2";"3";"1";"1";""
"202300024880";"155 636 509";"A01";"1";"30";"0";"2";"2";"1";"1";""
"202300024881";"155 636 501";"B01";"2";"7";"0";"2";"1";"1";"1";""
"202300024881";"155 636 504";"A01";"2";"7";"0";"2";"3";"9";"1";""
"202300024882";"155 636 500";"B01";"1";"7";"0";"2";"3";"11";"1";""
"202300024882";"155 636 503";"A01";"2";"33";"0";"2";"2";"17";"1";""
"202300024883";"155 636 499";"A01";"2";"99";"0";"2";"2";"2";"1";""
"202300024883";"155 636 502";"B01";"3";"60";"0";"2";"0";"0";"5";""
"202300024884";"155 636 496";"A01";"2";"7";"0";"1";"3";"19";"1";""
"202300024885";"155 636 495";"A01";"2";"2";"0";"2";"1";"2";"1";""
"202300024885";"155 636 498";"B01";"2";"7";"0";"2";"2";"16";"1";""
"202300024886";"155 636 494";"A01";"3";"7";"0";"2";"1";"1";"3";""
"202300024886";"155 636 497";"B01";"3";"7";"0";"2";"8";"15";"1";""
"202300024887";"155 636 490";"A01";"1";"7";"0";"2";"7";"1";"0";""
"202300024887";"155 636 492";"B01";"0";"60";"0";"2";"1";"19";"5";""
"202300024888";"155 636 488";"A01";"3";"1";"0";"2";"7";"1";"5";""
"202300024888";"155 636 491";"B01";"3";"7";"0";"9";"7";"12";"1";""
"202300024889";"155 636 489";"A01";"2";"7";"0";"2";"2";"1";"1";""
"202300024889";"155 636 493";"B01";"1";"7";"0";"2";"1";"1";"1";""
"202300024890";"155 636 484";"A01";"1";"33";"0";"2";"1";"1";"1";""
"202300024890";"155 636 487";"B01";"1";"7";"0";"2";"3";"16";"1";""
"202300024891";"155 636 482";"A01";"1";"50";"0";"2";"7";"1";"3";""
"202300024891";"155 636 486";"Z01";"2";"7";"0";"2";"1";"9";"0";""
"202300024892";"155 636 481";"A01";"2";"7";"0";"2";"4";"2";"1";""
"202300024892";"155 636 483";"B01";"2";"7";"0";"2";"4";"2";"1";""
"202300024892";"155 636 485";"C01";"2";"7";"0";"2";"1";"2";"1";""
"202300024893";"155 636 480";"A01";"3";"35";"15";"0";"2";"0";"0";""
"202300024894";"155 636 479";"A01";"1";"33";"4";"0";"2";"2";"1";""
"202300024895";"155 636 478";"A01";" -1";"7";"0";"1";"2";"1";"1";""
"202300024896";"155 636 477";"A01";"1";"7";"0";"1";"2";"1";"1";""
"202300024897";"155 636 476";"A01";"1";"33";"16";"0";"7";"1";"1";""
"202300024898";"155 636 473";"A01";"1";"33";"0";"9";"2";"17";"0";""
"202300024898";"155 636 474";"B01";"2";"1";"0";"2";"3";"1";"5";""
"202300024899";"155 636 472";"A01";"2";"34";"0";"0";"1";"1";"1";""
"202300024899";"155 636 475";"B01";"2";"7";"0";"0";"4";"15";"1";""
"202300024900";"155 636 470";"A01";"3";"7";"2";"0";"1";"0";"2";""
"202300024901";"155 636 471";"A01";"1";"32";"0";"1";"2";"1";"3";""
"202300024902";"155 636 466";"A01";"2";"7";"0";"9";"1";"1";"1";""
"202300024902";"155 636 468";"B01";"2";"1";"0";"2";"8";"9";"5";""
"202300024903";"155 636 467";"A01";"1";"33";"0";"2";"1";"5";"0";""
"202300024903";"155 636 469";"B01";"2";"7";"0";"2";"7";"1";"0";""
"202300024904";"155 636 464";"A01";"1";"31";"0";"2";"3";"1";"1";""
"202300024904";"155 636 465";"B01";"1";"7";"0";"2";"7";"17";"0";""
"202300024905";"155 636 460";"A01";"1";"7";"8";"0";"4";"15";"1";""
"202300024905";"155 636 461";"B01";"1";"7";"0";"2";"1";"26";"1";""
"202300024906";"155 636 462";"B01";"1";"33";"0";"2";"7";"17";"1";""
"202300024906";"155 636 463";"A01";"1";"7";"0";"2";"3";"1";"1";""
"202300024907";"155 636 458";"A01";"1";"7";"0";"0";"4";"1";"1";""
"202300024907";"155 636 459";"B01";"1";"33";"0";"2";"1";"2";"1";""
"202300024908";"155 636 457";"A01";"2";"7";"0";"1";"3";"1";"1";""
"202300024909";"155 636 456";"A01";"2";"33";"0";"0";"0";"16";"1";""
"202300024910";"155 636 455";"A01";"1";"7";"4";"0";"2";"1";"1";""
"202300024911";"155 636 454";"A01";"1";"2";"6";"0";"1";"13";"1";""
"202300024912";"155 636 453";"A01";"2";"7";"4";"2";"1";"1";"1";""
"202300024913";"155 636 447";"C01";"2";"7";"1";"0";"4";"23";"1";""
"202300024913";"155 636 449";"D01";"2";"7";"0";"2";"4";"23";"0";""
"202300024913";"155 636 450";"E01";"2";"7";"0";"0";"4";"1";"1";""
"202300024913";"155 636 451";"A01";"2";"7";"0";"2";"1";"1";"1";""
"202300024913";"155 636 452";"B01";"2";"7";"0";"2";"8";"2";"1";""
"202300024914";"155 636 448";"A01";"3";"7";"0";"1";"2";"1";"1";""
"202300024915";"155 636 446";"A01";"2";"7";"9";"0";"3";"13";"1";""
"202300024916";"155 636 443";"A01";"3";"33";"0";"2";"1";"17";"1";""
"202300024916";"155 636 444";"B01";"3";"7";"0";"2";"3";"15";"1";""
"202300024917";"155 636 441";"B01";"1";"7";"0";"2";"4";"23";"0";""
"202300024917";"155 636 442";"A01";"1";"7";"0";"2";"1";"26";"0";""
"202300024918";"155 636 440";"A01";"1";"7";"0";"1";"8";"15";"1";""
"202300024919";"155 636 439";"B01";"1";"1";"13";"0";"6";"13";"5";""
"202300024919";"155 636 445";"A01";"1";"10";"0";"2";"2";"1";"1";""
"202300024920";"155 636 438";"A01";"1";"33";"0";"0";"8";"1";"1";""
"202300024921";"155 636 436";"A01";"2";"33";"3";"0";"7";"1";"1";""
"202300024922";"155 636 435";"A01";"2";"10";"0";"2";"1";"1";"1";""
"202300024922";"155 636 437";"B01";"1";"7";"0";"2";"7";"13";"1";""
"202300024923";"155 636 433";"A01";"2";"33";"0";"9";"1";"0";"1";""
"202300024923";"155 636 434";"B01";"2";"21";"0";"9";"8";"15";"1";""
"202300024924";"155 636 428";"A01";"2";"7";"13";"0";"3";"1";"1";""
"202300024925";"155 636 426";"A01";"1";"7";"13";"0";"1";"0";"1";""
"202300024926";"155 636 421";"B01";"2";"7";"15";"0";"0";"1";"1";""
"202300024926";"155 636 423";"A01";"2";"7";"0";"2";"1";"1";"1";""
"202300024927";"155 636 419";"A01";"3";"7";"0";"2";"3";"16";"1";""
"202300024927";"155 636 420";"B01";"3";"30";"0";"2";"6";"1";"1";""
"202300024928";"155 636 418";"B01";"2";"7";"0";"0";"3";"1";"1";""
"202300024928";"155 636 422";"A01";"1";"7";"0";"2";"6";"15";"1";""
"202300024929";"155 636 415";"A01";"2";"10";"0";"2";"2";"26";"1";""
"202300024929";"155 636 416";"B01";"3";"1";"0";"2";"1";"0";"0";""
"202300024929";"155 636 417";"C01";"3";"10";"0";"2";"4";"0";"1";""
"202300024930";"155 636 413";"A01";"1";"7";"0";"2";"2";"15";"0";""
"202300024930";"155 636 414";"B01";"2";"30";"1";"2";"1";"1";"1";""
"202300024931";"155 636 411";"A01";"1";"50";"0";"2";"8";"15";"3";""
"202300024931";"155 636 412";"B01";"2";"10";"0";"9";"7";"1";"1";""
"202300024932";"155 636 409";"A01";"2";"7";"0";"2";"7";"15";"1";""
"202300024932";"155 636 410";"B01";"1";"31";"0";"2";"8";"15";"1";""
"202300024933";"155 636 408";"A01";"2";"30";"15";"0";"0";"1";"1";""
"202300024934";"155 636 406";"B01";"2";"7";"0";"2";"4";"15";"1";""
"202300024934";"155 636 407";"A01";"2";"10";"0";"2";"1";"2";"1";""
"202300024935";"155 636 404";"A01";"2";"7";"0";"2";"1";"13";"1";""
"202300024935";"155 636 405";"B01";"1";"10";"0";"2";"3";"1";"1";""
"202300024936";"155 636 403";"A01";"3";"7";"7";"0";"1";"16";"1";""
"202300024937";"155 636 401";"A01";"1";"7";"0";"1";"3";"1";"1";""
"202300024938";"155 636 400";"A01";"1";"10";"0";"2";"8";"1";"1";""
"202300024938";"155 636 402";"B01";"1";"7";"0";"0";"0";"0";"1";""
"202300024939";"155 636 396";"A01";"1";"7";"0";"2";"7";"1";"1";""
"202300024939";"155 636 398";"B01";"0";"7";"0";"2";"1";"1";"1";""
"202300024940";"155 636 397";"A01";"2";"10";"0";"2";"8";"1";"1";""
"202300024940";"155 636 399";"B01";"1";"7";"0";"2";"3";"11";"1";""
"202300024941";"155 636 393";"A01";"1";"7";"0";"2";"1";"1";"3";""
"202300024941";"155 636 395";"B01";"1";"33";"0";"2";"4";"1";"1";""
"202300024942";"155 636 391";"A01";"1";"7";"4";"0";"2";"14";"1";""
"202300024943";"155 636 390";"C01";"1";"7";"0";"0";"1";"1";"1";""
"202300024943";"155 636 392";"A01";"2";"7";"0";"2";"3";"13";"1";""
"202300024943";"155 636 394";"B01";"1";"7";"0";"2";"3";"1";"1";""
"202300024944";"155 636 388";"B01";"2";"7";"0";"2";"6";"15";"1";""
"202300024944";"155 636 389";"A01";"2";"7";"0";"2";"1";"1";"1";""
"202300024945";"155 636 380";"A01";"2";"7";"0";"2";"3";"18";"1";""
"202300024945";"155 636 382";"B01";"1";"37";"0";"2";"1";"1";"0";"1"
"202300024945";"155 636 384";"C01";"2";"7";"0";"2";"5";"15";"0";""
"202300024945";"155 636 387";"D01";"1";"7";"0";"2";"1";"1";"1";""
"202300024946";"155 636 378";"A01";"2";"1";"0";"2";"8";"13";"5";""
"202300024946";"155 636 379";"B01";"2";"99";"0";"2";"7";"1";"1";""
"202300024947";"155 636 377";"A01";"2";"33";"0";"0";"7";"0";"1";""
"202300024948";"155 636 375";"A01";"1";"7";"0";"2";"2";"15";"2";""
"202300024948";"155 636 376";"B01";"2";"50";"0";"2";"1";"1";"3";""
"202300024949";"155 636 373";"B01";"1";"7";"0";"2";"3";"1";"1";""
"202300024949";"155 636 374";"A01";"1";"7";"0";"2";"3";"15";"1";""
"202300024950";"155 636 372";"A01";"1";"33";"12";"0";"1";"1";"1";""
"202300024951";"155 636 371";"A01";"2";"10";"13";"0";"1";"1";"1";""
"202300024952";"155 636 367";"C01";"3";"7";"0";"2";"4";"2";"1";""
"202300024952";"155 636 369";"A01";"3";"7";"0";"2";"1";"1";"1";""
"202300024952";"155 636 370";"B01";"3";"7";"0";"2";"4";"2";"1";""
"202300024953";"155 636 368";"A01";"3";"7";"0";"1";"4";"4";"1";""
"202300024954";"155 636 364";"B01";"2";"38";"0";"2";"1";"1";"1";"9"
"202300024954";"155 636 365";"A01";"2";"7";"0";"2";"3";"15";"1";""
"202300024955";"155 636 362";"A01";"1";"7";"0";"2";"1";"0";"1";""
"202300024955";"155 636 363";"B01";"1";"17";"0";"0";"6";"1";"1";""
"202300024956";"155 636 360";"B01";"1";"7";"0";"2";"5";"2";"1";""
"202300024956";"155 636 361";"A01";"1";"1";"0";"2";"4";"2";"5";""
"202300024957";"155 636 359";"A01";"2";"7";"0";"1";"1";"1";"1";""
"202300024958";"155 636 358";"A01";"3";"7";"0";"1";"1";"1";"1";""
"202300024959";"155 636 357";"A01";"1";"7";"0";"1";"3";"1";"1";""
"202300024960";"155 636 354";"A01";"2";"7";"0";"2";"3";"13";"1";""
"202300024960";"155 636 355";"B01";"1";"7";"0";"2";"3";"1";"1";""
"202300024960";"155 636 356";"C01";"1";"10";"0";"2";"1";"1";"1";""
"202300024961";"155 636 352";"B01";"2";"7";"0";"2";"3";"1";"3";""
"202300024961";"155 636 353";"A01";"1";"10";"0";"2";"3";"13";"1";""
"202300024962";"155 636 351";"A01";"3";"7";"0";"1";"2";"2";"1";""
"202300024963";"155 636 350";"A01";"1";"7";"13";"0";"2";"1";"1";""
"202300024964";"155 636 348";"A01";"1";"15";"2";"2";"3";"1";"1";""
"202300024964";"155 636 349";"B01";"1";"7";"0";"2";"3";"13";"1";""
"202300024965";"155 636 345";"B01";"2";"7";"0";"2";"1";"2";"1";""
"202300024965";"155 636 346";"A01";"2";"7";"0";"2";"4";"2";"1";""
"202300024965";"155 636 347";"C01";"2";"7";"0";"0";"0";"0";"1";""
"202300024966";"155 636 343";"A01";"1";"14";"0";"2";"6";"1";"1";""
"202300024966";"155 636 344";"B01";"1";"7";"0";"2";"1";"1";"1";""
"202300024967";"155 636 342";"A01";"2";"7";"4";"0";"1";"16";"1";""
"202300024968";"155 636 339";"B01";"2";"7";"0";"2";"4";"2";"3";""
"202300024968";"155 636 340";"C01";"2";"10";"0";"2";"4";"2";"1";""
"202300024968";"155 636 341";"A01";"2";"7";"0";"2";"1";"2";"1";""
"202300024969";"155 636 336";"A01";"2";"15";"3";"2";"1";"1";"1";""
"202300024969";"155 636 337";"B01";"2";"10";"0";"2";"4";"1";"1";""
"202300024969";"155 636 338";"C01";"2";"14";"0";"2";"4";"1";"1";""
"202300024970";"155 636 333";"A01";"2";"7";"0";"0";"4";"26";"1";""
"202300024970";"155 636 334";"B01";"2";"7";"0";"2";"1";"2";"1";""
"202300024970";"155 636 335";"C01";"2";"7";"0";"2";"3";"2";"1";""
"202300024971";"155 636 330";"C01";"1";"7";"0";"2";"3";"1";"1";""
"202300024971";"155 636 331";"A01";"1";"7";"0";"2";"2";"12";"1";""
"202300024971";"155 636 332";"B01";"1";"14";"0";"2";"3";"1";"1";""
"202300024972";"155 636 329";"A01";"2";"7";"4";"0";"1";"1";"1";""
"202300024973";"155 636 328";"A01";"2";"33";"0";"0";"7";"3";"1";""
"202300024974";"155 636 326";"A01";"2";"7";"0";"2";"3";"11";"1";""
"202300024974";"155 636 327";"B01";"2";"33";"0";"2";"2";"3";"1";""
"202300024975";"155 636 324";"A01";"2";"10";"0";"2";"6";"16";"0";""
"202300024975";"155 636 325";"B01";"2";"33";"0";"2";"2";"3";"1";""
"202300024976";"155 636 321";"B01";"2";"7";"0";"2";"4";"2";"1";""
"202300024976";"155 636 322";"C01";"2";"14";"0";"2";"4";"2";"1";""
"202300024976";"155 636 323";"A01";"2";"7";"0";"2";"1";"2";"1";""
"202300024977";"155 636 318";"C01";"2";"17";"0";"2";"4";"9";"1";""
"202300024977";"155 636 319";"A01";"2";"14";"0";"2";"1";"1";"1";""
"202300024977";"155 636 320";"B01";"2";"17";"0";"2";"4";"24";"1";""
"202300024978";"155 636 316";"A01";"1";"10";"0";"2";"1";"1";"1";""
"202300024978";"155 636 317";"B01";"1";"7";"4";"0";"4";"1";"1";""
"202300024979";"155 636 315";"A01";"2";"33";"0";"0";"3";"3";"1";""
"202300024980";"155 636 313";"A01";"1";"15";"0";"2";"4";"23";"1";""
"202300024980";"155 636 314";"B01";"1";"7";"0";"0";"1";"2";"1";""
"202300024981";"155 636 311";"A01";"2";"7";"0";"2";"1";"1";"1";""
"202300024981";"155 636 312";"B01";"2";"15";"0";"2";"4";"1";"1";""
"202300024982";"155 636 310";"A01";"3";"7";"0";"1";"3";"20";"1";""
"202300024983";"155 636 308";"A01";"2";"33";"6";"2";"3";"18";"1";""
"202300024983";"155 636 309";"B01";"2";"7";"0";"2";"2";"1";"1";""
"202300024984";"155 636 306";"A01";"1";"2";"6";"2";"8";"13";"1";""
"202300024984";"155 636 307";"B01";"2";"10";"0";"0";"6";"1";"1";""
"202300024985";"155 636 304";"A01";"2";"7";"0";"0";"1";"15";"1";""
"202300024985";"155 636 305";"B01";"3";"7";"0";"0";"1";"23";"1";""
"202300024986";"155 636 302";"A01";"2";"7";"0";"2";"2";"15";"0";""
"202300024986";"155 636 303";"B01";"1";"7";"0";"2";"3";"1";"0";""
"202300024987";"155 636 300";"A01";"1";"7";"0";"2";"1";"2";"1";""
"202300024987";"155 636 301";"B01";"1";"10";"0";"2";"0";"0";"1";""
"202300024988";"155 636 298";"B01";"2";"33";"0";"2";"2";"1";"1";""
"202300024988";"155 636 299";"A01";"2";"7";"0";"2";"1";"19";"1";""
"202300024989";"155 636 296";"A01";"3";"7";"0";"2";"1";"0";"1";""
"202300024989";"155 636 297";"B01";"3";"7";"0";"2";"1";"0";"1";""
"202300024990";"155 636 295";"A01";"1";"7";"13";"0";"0";"2";"1";""
"202300024991";"155 636 291";"A01";"3";"7";"0";"2";"3";"13";"1";""
"202300024991";"155 636 292";"B01";"3";"7";"0";"2";"3";"1";"1";""
"202300024992";"155 636 289";"A01";"2";"7";"0";"2";"0";"15";"3";""
"202300024992";"155 636 290";"B01";"1";"1";"12";"2";"1";"21";"5";""
"202300024993";"155 636 288";"A01";"3";"7";"12";"0";"1";"16";"1";""
"202300024994";"155 636 286";"A01";"1";"7";"0";"2";"3";"22";"2";""
"202300024994";"155 636 287";"B01";"1";"1";"0";"2";"1";"17";"5";""
"202300024995";"155 636 284";"B01";"1";"30";"0";"2";"1";"2";"1";""
"202300024995";"155 636 285";"A01";"1";"7";"0";"2";"6";"26";"1";""
"202300024996";"155 636 282";"A01";"0";"7";"0";"9";"3";"26";"1";""
"202300024996";"155 636 283";"B01";"3";"1";"0";"2";"4";"1";"5";""
"202300024997";"155 636 280";"A01";"2";"7";"0";"2";"3";"13";"1";""
"202300024997";"155 636 281";"B01";"1";"7";"0";"2";"3";"1";"1";""
"202300024998";"155 636 278";"A01";"1";"7";"0";"2";"7";"14";"1";""
"202300024998";"155 636 279";"B01";"1";"2";"0";"2";"8";"0";"2";""
"202300024999";"155 636 277";"A01";"2";"7";"0";"1";"1";"0";"1";""
"202300025000";"155 636 275";"A01";"1";"7";"0";"2";"3";"9";"1";""
"202300025000";"155 636 276";"B01";"1";"32";"0";"2";"2";"1";"1";""
"202300025001";"155 636 274";"A01";"1";"7";"0";"1";"1";"1";"1";""
"202300025002";"155 636 273";"A01";"1";"7";"0";"1";"3";"19";"6";""
"202300025003";"155 636 272";"A01";"2";"7";"0";"1";"2";"1";"1";""
"202300025004";"155 636 271";"A01";"2";"16";"0";"1";"8";"15";"1";""
"202300025005";"155 636 269";"A01";"1";"7";"0";"2";"2";"26";"1";""
"202300025005";"155 636 270";"B01";"1";"34";"0";"2";"1";"1";"1";""
"202300025006";"155 636 267";"A01";"3";"7";"0";"2";"1";"1";"1";""
"202300025006";"155 636 268";"B01";"3";"7";"0";"2";"4";"1";"1";""
"202300025007";"155 636 266";"A01";"3";"33";"0";"0";"9";"1";"1";""
"202300025008";"155 636 265";"A01";"1";"7";"0";"1";"3";"2";"1";""
"202300025009";"155 636 264";"A01";"2";"7";"8";"0";"1";"1";"1";""
"202300025010";"155 636 263";"A01";"0";"37";"8";"0";"2";"1";"1";"2"
"202300025011";"155 636 261";"A01";"2";"7";"0";"1";"1";"15";"0";""
"202300025012";"155 636 259";"B01";"2";"7";"0";"2";"1";"1";"0";""
"202300025012";"155 636 260";"A01";"1";"7";"0";"2";"1";"15";"0";""
"202300025013";"155 636 257";"B01";"3";"7";"0";"2";"3";"2";"1";""
"202300025013";"155 636 258";"A01";"3";"7";"0";"2";"2";"2";"1";""
"202300025014";"155 636 256";"A01";"2";"7";"3";"0";"2";"14";"1";""
"202300025015";"155 636 255";"A01";"0";"10";"0";"1";"1";"15";"1";""
"202300025016";"155 636 254";"A01";"1";"7";"4";"0";"1";"26";"1";""
"202300025017";"155 636 253";"A01";"2";"7";"0";"1";"8";"1";"1";""
"202300025018";"155 636 251";"A01";"1";"30";"0";"2";"3";"5";"1";""
"202300025018";"155 636 252";"B01";"2";"7";"0";"2";"3";"23";"1";""
"202300025019";"155 636 249";"A01";"1";"7";"0";"2";"3";"1";"1";""
"202300025019";"155 636 250";"B01";"2";"30";"0";"2";"1";"12";"1";""
"202300025020";"155 636 247";"A01";"1";"7";"0";"9";"2";"15";"0";""
"202300025020";"155 636 248";"B01";"3";"1";"0";"2";"1";"1";"5";""
"202300025021";"155 636 245";"A01";"1";"30";"0";"2";"1";"1";"1";""
"202300025021";"155 636 246";"B01";"1";"7";"0";"2";"6";"1";"1";""
"202300025022";"155 636 242";"C01";"2";"7";"16";"0";"1";"1";"1";""
"202300025022";"155 636 243";"B01";"2";"7";"0";"2";"1";"1";"1";""
"202300025022";"155 636 244";"A01";"1";"7";"0";"2";"1";"13";"1";""
"202300025023";"155 636 241";"A01";"1";"7";"1";"0";"9";"1";"1";""
"202300025024";"155 636 239";"B01";"3";"7";"0";"2";"5";"1";"1";""
"202300025024";"155 636 240";"A01";"3";"7";"0";"2";"1";"1";"1";""
"202300025025";"155 636 238";"A01";"1";"33";"9";"0";"9";"1";"1";""
"202300025026";"155 636 236";"B01";"1";"30";"0";"2";"0";"1";"1";""
"202300025026";"155 636 237";"A01";"1";"10";"0";"9";"0";"1";"0";""
"202300025027";"155 636 234";"A01";"3";"7";"1";"0";"2";"2";"1";""
"202300025027";"155 636 235";"B01";"3";"7";"1";"0";"6";"24";"1";""
"202300025028";"155 636 233";"A01";"3";"7";"13";"0";"0";"1";"1";""
"202300025029";"155 636 232";"A01";"1";"50";"0";"1";"0";"1";"3";""
"202300025030";"155 636 231";"A01";"1";"30";"1";"0";"0";"1";"1";""
"202300025031";"155 636 230";"A01";"2";"10";"0";"1";"3";"1";"1";""
"202300025032";"155 636 228";"A01";"3";"14";"0";"2";"0";"2";"1";""
"202300025032";"155 636 229";"B01";"3";"1";"0";"2";"0";"1";"5";""
"202300025033";"155 636 226";"A01";"3";"7";"0";"2";"3";"9";"1";""
"202300025033";"155 636 227";"B01";"3";"1";"0";"2";"7";"9";"5";""
"202300025034";"155 636 225";"A01";"2";"7";"3";"0";"2";"1";"1";""
"202300025035";"155 636 223";"A01";"0";"7";"0";"2";"1";"1";"1";""
"202300025035";"155 636 224";"B01";"3";"33";"0";"2";"7";"1";"1";""
"202300025036";"155 636 221";"A01";"3";"7";"0";"2";"1";"15";"2";""
"202300025036";"155 636 222";"B01";"3";"7";"0";"2";"3";"1";"1";""
"202300025037";"155 636 219";"B01";"1";"50";"0";"2";"1";"1";"3";""
"202300025037";"155 636 220";"A01";"2";"7";"0";"2";"2";"15";"1";""
"202300025038";"155 636 217";"B01";"1";"32";"0";"2";"4";"1";"1";""
"202300025038";"155 636 218";"A01";"1";"14";"0";"2";"3";"1";"1";""
"202300025039";"155 636 215";"B01";"2";"7";"0";"9";"3";"1";"1";""
"202300025039";"155 636 216";"A01";"2";"50";"0";"2";"2";"1";"3";""
"202300025040";"155 636 213";"B01";" -1";"7";"0";"0";"7";"24";"1";""
"202300025040";"155 636 214";"A01";"1";"7";"1";"1";"2";"14";"1";""
"202300025041";"155 636 207";"B01";"3";"7";"0";"2";"4";"2";"1";""
"202300025041";"155 636 208";"A01";"3";"7";"0";"2";"1";"2";"1";""
"202300025042";"155 636 205";"A01";"0";"7";"0";"9";"8";"26";"1";""
"202300025042";"155 636 206";"B01";"0";"1";"0";"2";"1";"1";"5";""
"202300025043";"155 636 204";"A01";"2";"7";"0";"1";"1";"2";"1";""
"202300025044";"155 636 203";"A01";"2";"7";"3";"0";"1";"6";"1";""
"202300025045";"155 636 199";"A01";"2";"7";"0";"2";"3";"15";"0";""
"202300025045";"155 636 200";"B01";"2";"43";"9";"2";"1";"17";"1";""
"202300025046";"155 636 198";"A01";"0";"7";"6";"0";"1";"1";"0";""
"202300025047";"155 636 196";"B01";"1";"1";"0";"2";"8";"1";"5";""
"202300025047";"155 636 197";"A01";"1";"7";"0";"2";"2";"1";"3";""
"202300025048";"155 636 194";"A01";"1";"7";"0";"2";"3";"13";"1";""
"202300025048";"155 636 195";"B01";"2";"7";"0";"2";"3";"1";"1";""
"202300025049";"155 636 192";"A01";"1";"50";"0";"2";"3";"15";"3";""
"202300025049";"155 636 193";"B01";"1";"7";"0";"2";"1";"2";"1";""
"202300025050";"155 636 190";"A01";"1";"7";"0";"2";"6";"1";"1";""
"202300025050";"155 636 191";"B01";"3";"33";"0";"2";"1";"1";"1";""
"202300025051";"155 636 188";"A01";"1";"7";"0";"0";"0";"11";"1";""
"202300025051";"155 636 189";"B01";"1";"31";"0";"0";"0";"21";"1";""
"202300025052";"155 636 186";"A01";"1";"32";"0";"2";"1";"1";"1";""
"202300025052";"155 636 187";"B01";"3";"10";"0";"2";"6";"15";"1";""
"202300025053";"155 636 183";"B01";"3";"7";"0";"2";"9";"23";"1";""
"202300025053";"155 636 184";"C01";"3";"13";"0";"2";"4";"23";"1";""
"202300025053";"155 636 185";"A01";"3";"10";"0";"2";"1";"1";"1";""
"202300025054";"155 636 181";"B01";"1";"7";"0";"2";"7";"0";"2";""
"202300025054";"155 636 182";"A01";"2";"30";"0";"2";"1";"9";"3";""
"202300025055";"155 636 180";"A01";"1";"50";"0";"1";"1";"1";"3";""
"202300025056";"155 636 178";"B01";"0";"7";"0";"2";"1";"1";"1";""
"202300025056";"155 636 179";"A01";"0";"7";"0";"2";"1";"15";"1";""
"202300025057";"155 636 176";"A01";"1";"10";"0";"2";"1";"13";"1";""
"202300025057";"155 636 177";"B01";"2";"7";"0";"2";"1";"1";"1";""
"202300025058";"155 636 175";"A01";"3";"7";"0";"1";"4";"15";"3";""
"202300025059";"155 636 173";"A01";"3";"7";"0";"2";"1";"16";"0";""
"202300025059";"155 636 174";"B01";"0";"1";"0";"2";"0";"0";"5";""
"202300025060";"155 636 171";"B01";"1";"7";"0";"2";"6";"11";"1";""
"202300025060";"155 636 172";"A01";"1";"33";"0";"2";"1";"3";"1";""
"202300025061";"155 636 170";"A01";"1";"34";"0";"0";"7";"21";"3";""
"202300025062";"155 636 169";"A01";"2";"7";"0";"1";"3";"1";"1";""
"202300025063";"155 636 168";"A01";"3";"7";"0";"0";"1";"1";"1";""
"202300025064";"155 636 166";"A01";"2";"7";"0";"0";"3";"22";"1";""
"202300025064";"155 636 167";"B01";"2";"50";"1";"0";"1";"1";"3";""
"202300025065";"155 636 164";"A01";"3";"7";"0";"2";"8";"1";"1";""
"202300025065";"155 636 165";"B01";"1";"1";"0";"2";"1";"19";"5";""
"202300025066";"155 636 163";"A01";"3";"33";"12";"0";"1";"14";"1";""
"202300025067";"155 636 162";"Z01";"3";"50";"0";"1";"1";"1";"3";""
"202300025068";"155 636 160";"A01";"2";"7";"0";"2";"2";"1";"1";""
"202300025068";"155 636 161";"B01";"2";"80";"0";"2";"8";"11";"3";""
"202300025069";"155 636 158";"A01";"2";"33";"0";"2";"1";"17";"1";""
"202300025069";"155 636 159";"B01";"2";"7";"0";"2";"8";"15";"1";""
"202300025070";"155 636 156";"A01";"1";"7";"0";"9";"1";"1";"1";""
"202300025070";"155 636 157";"B01";"1";"32";"0";"2";"7";"0";"1";""
"202300025071";"155 636 154";"B01";"1";"1";"0";"2";"1";"1";"5";""
"202300025071";"155 636 155";"A01";"2";"7";"0";"2";"1";"15";"1";""
"202300025072";"155 636 152";"A01";"3";"7";"0";"2";"5";"12";"1";""
"202300025072";"155 636 153";"B01";"3";"80";"0";"2";"1";"1";"3";""
"202300025073";"155 636 151";"A01";"3";"7";"15";"0";"3";"1";"1";""
"202300025074";"155 636 149";"A01";"2";"7";"0";"2";"1";"1";"1";""
"202300025074";"155 636 150";"B01";"1";"33";"0";"2";"0";"1";"1";""
"202300025075";"155 636 147";"A01";"0";"7";"0";"2";"1";"1";"1";""
"202300025075";"155 636 148";"B01";"3";"1";"0";"2";"3";"19";"5";""