"Num_Acc";"id_vehicule";"num_veh";"senc";"catv";"obs";"obsm";"choc";"manv";"motor";"occutc"
"202300026691";"155 633 266";"A01";"3";"7";"0";"2";"3";"1";"1";""
"202300026692";"155 633 262";"A01";"3";"2";"0";"0";"7";"16";"1";""
"202300026693";"155 633 261";"A01";"3";"7";"9";"0";"1";"15";"1";""
"202300026694";"155 633 260";"A01";"2";"7";"0";"0";"1";"0";"1";""
"202300026695";"155 633 257";"B01";"0";"7";"0";"2";"5";"1";"1";""
"202300026695";"155 633 259";"A01";"1";"1";"0";"2";"1";"2";"5";""
"202300026696";"155 633 255";"A01";"1";"7";"0";"1";"1";"1";"0";""
"202300026697";"155 633 253";"A01";"1";"7";"9";"0";"1";"14";"1";""
"202300026698";"155 633 252";"A01";"2";"10";"0";"2";"3";"13";"1";""
"202300026698";"155 633 254";"B01";"1";"7";"0";"2";"3";"1";"1";""
"202300026699";"155 633 250";"A01";"3";"7";"0";"1";"3";"15";"1";""
"202300026700";"155 633 249";"A01";"3";"7";"2";"2";"0";"5";"1";""
"202300026700";"155 633 251";"B01";"3";"7";"0";"2";"1";"2";"1";""
"202300026701";"155 633 246";"A01";"1";"7";"8";"0";"1";"1";"2";""
"202300026702";"155 633 245";"A01";"1";"33";"0";"2";"1";"1";"1";""
"202300026702";"155 633 247";"B01";"3";"7";"0";"2";"3";"15";"1";""
"202300026703";"155 633 248";"A01";"1";"7";"0";"1";"6";"16";"1";""
"202300026704";"155 633 241";"A01";"2";"33";"0";"2";"1";"1";"1";""
"202300026704";"155 633 243";"B01";"2";"7";"0";"2";"5";"1";"1";""
"202300026705";"155 633 240";"A01";"3";"33";"0";"0";"8";"1";"1";""
"202300026706";"155 633 238";"A01";"3";"2";"12";"0";"2";"1";"1";""
"202300026707";"155 633 236";"D01";"1";"7";"0";"9";"1";"0";"1";""
"202300026707";"155 633 239";"A01";"1";"10";"0";"2";"1";"1";"1";""
"202300026707";"155 633 242";"B01";"1";"7";"0";"0";"4";"23";"1";""
"202300026707";"155 633 244";"C01";"1";"7";"0";"2";"1";"2";"1";""
"202300026708";"155 633 235";"A01";"1";"7";"0";"2";"3";"1";"1";""
"202300026708";"155 633 237";"B01";"1";"7";"0";"2";"8";"15";"1";""
"202300026709";"155 633 234";"A01";"1";"7";"17";"0";"4";"1";"1";""
"202300026710";"155 633 233";"A01";"2";"7";"13";"0";"1";"17";"1";""
"202300026711";"155 633 231";"A01";"1";"33";"0";"0";"7";"0";"1";""
"202300026712";"155 633 232";"A01";"1";"7";"2";"0";"1";"9";"3";""
"202300026713";"155 633 230";"A01";"1";"33";"13";"0";"0";"17";"1";""
"202300026714";"155 633 229";"A01";"2";"33";"1";"0";"1";"1";"1";""
"202300026715";"155 633 227";"A01";"1";"36";"13";"0";"2";"1";"1";""
"202300026716";"155 633 225";"A01";"1";"33";"6";"0";"1";"1";"1";""
"202300026717";"155 633 223";"A01";"3";"2";"0";"2";"1";"13";"1";""
"202300026717";"155 633 224";"B01";"3";"7";"0";"2";"2";"1";"1";""
"202300026718";"155 633 226";"B01";"1";"10";"0";"2";"3";"1";"1";""
"202300026718";"155 633 228";"A01";"2";"10";"0";"2";"3";"11";"1";""
"202300026719";"155 633 221";"A01";"1";"7";"0";"2";"3";"15";"1";""
"202300026719";"155 633 222";"B01";"2";"33";"0";"2";"6";"1";"1";""
"202300026720";"155 633 219";"A01";"1";"7";"2";"0";"0";"21";"1";""
"202300026721";"155 633 220";"A01";"1";"7";"1";"1";"3";"1";"6";""
"202300026722";"155 633 218";"A01";"1";"7";"13";"0";"1";"14";"1";""
"202300026723";"155 633 217";"A01";"3";"10";"2";"0";"2";"0";"1";""
"202300026724";"155 633 216";"A01";"1";"7";"0";"1";"1";"1";"1";""
"202300026725";"155 633 214";"A01";"1";"7";"0";"2";"1";"17";"6";""
"202300026725";"155 633 215";"B01";"2";"33";"0";"2";"1";"1";"0";""
"202300026726";"155 633 213";"A01";"2";"7";"2";"0";"8";"1";"1";""
"202300026727";"155 633 210";"A01";"1";"14";"0";"2";"2";"1";"1";""
"202300026727";"155 633 212";"B01";"3";"1";"0";"2";"3";"16";"5";""
"202300026728";"155 633 211";"A01";"1";"7";"2";"0";"8";"17";"1";""
"202300026729";"155 633 207";"B01";"2";"17";"0";"2";"6";"0";"0";""
"202300026729";"155 633 208";"C01";"2";"17";"0";"2";"6";"0";"6";""
"202300026729";"155 633 209";"A01";"2";"7";"0";"2";"2";"0";"0";""
"202300026730";"155 633 205";"A01";"3";"7";"0";"1";"1";"1";"1";""
"202300026731";"155 633 201";"A01";"1";"7";"2";"0";"3";"19";"1";""
"202300026732";"155 633 198";"A01";"2";"7";"4";"0";"6";"1";"1";""
"202300026732";"155 633 199";"B01";"2";"7";"4";"2";"2";"2";"1";""
"202300026733";"155 633 197";"A01";"1";"7";"2";"0";"3";"1";"1";""
"202300026734";"155 633 192";"A01";"2";"7";"0";"1";"2";"16";"1";""
"202300026735";"155 633 189";"F01";"1";"7";"0";"2";"2";"2";"2";""
"202300026735";"155 633 190";"G01";"1";"10";"0";"2";"3";"2";"1";""
"202300026735";"155 633 191";"A01";"1";"7";"0";"2";"4";"2";"1";""
"202300026735";"155 633 193";"B01";"1";"7";"0";"2";"1";"2";"1";""
"202300026735";"155 633 194";"C01";"1";"7";"0";"2";"4";"2";"1";""
"202300026735";"155 633 195";"D01";"1";"7";"0";"2";"1";"12";"1";""
"202300026735";"155 633 196";"E01";"1";"10";"0";"2";"4";"2";"1";""
"202300026736";"155 633 188";"A01";"1";"7";"0";"0";"8";"1";"1";""
"202300026737";"155 633 187";"A01";"2";"33";"13";"0";"9";"1";"1";""
"202300026738";"155 633 186";"A01";"1";"7";"10";"0";"1";"14";"1";""
"202300026739";"155 633 185";"A01";"1";"33";"0";"0";"7";"1";"1";""
"202300026740";"155 633 184";"A01";"1";"10";"16";"0";"9";"13";"1";""
"202300026741";"155 633 183";"A01";"2";"7";"8";"0";"1";"1";"1";""
"202300026742";"155 633 180";"A01";"1";"7";"2";"0";"1";"1";"1";""
"202300026743";"155 633 181";"B01";"2";"1";"16";"2";"4";"1";"5";""
"202300026743";"155 633 182";"A01";"2";"37";"0";"9";"2";"1";"1";"1"
"202300026744";"155 633 179";"A01";"3";"36";"6";"0";"1";"0";"3";""
"202300026745";"155 633 175";"B01";"2";"7";"0";"0";"2";"2";"1";""
"202300026745";"155 633 177";"A01";"2";"32";"0";"0";"6";"23";"1";""
"202300026746";"155 633 176";"B01";"2";"7";"0";"2";"1";"1";"0";""
"202300026746";"155 633 178";"A01";"2";"7";"0";"2";"2";"19";"0";""
"202300026747";"155 633 173";"A01";"1";"33";"0";"2";"1";"17";"1";""
"202300026747";"155 633 174";"B01";"1";"7";"0";"2";"6";"15";"3";""
"202300026748";"155 633 169";"A01";"1";"7";"0";"2";"1";"1";"0";""
"202300026748";"155 633 172";"B01";"1";"7";"0";"2";"4";"1";"0";""
"202300026749";"155 633 170";"A01";"3";"7";"0";"9";"3";"1";"0";""
"202300026749";"155 633 171";"B01";"3";"1";"0";"2";"3";"15";"5";""
"202300026750";"155 633 166";"A01";"1";"7";"0";"1";"2";"17";"1";""
"202300026750";"155 633 167";"B01";"1";"1";"0";"2";"8";"11";"5";""
"202300026751";"155 633 168";"A01";"2";"7";"13";"0";"1";"1";"1";""
"202300026752";"155 633 165";"A01";"2";"33";"0";"0";"8";"1";"0";""
"202300026753";"155 633 162";"A01";"2";"33";"0";"2";"1";"1";"1";""
"202300026753";"155 633 163";"B01";"1";"7";"0";"2";"7";"19";"1";""
"202300026754";"155 633 159";"B01";"1";"7";"0";"2";"3";"1";"1";""
"202300026754";"155 633 160";"A01";"2";"31";"0";"2";"3";"5";"1";""
"202300026755";"155 633 161";"A01";"2";"7";"0";"2";"3";"1";"1";""
"202300026755";"155 633 164";"B01";"1";"7";"0";"2";"3";"1";"1";""
"202300026756";"155 633 157";"A01";"1";"33";"0";"2";"1";"1";"1";""
"202300026756";"155 633 158";"B01";"1";"7";"0";"2";"1";"1";"1";""
"202300026757";"155 633 156";"A01";"2";"7";"0";"1";"1";"1";"1";""
"202300026758";"155 633 155";"A01";"3";"7";"6";"0";"1";"14";"1";""
"202300026759";"155 633 152";"B01";"1";"7";"0";"2";"8";"1";"1";""
"202300026759";"155 633 154";"A01";"2";"7";"0";"2";"3";"1";"1";""
"202300026760";"155 633 151";"A01";"2";"7";"0";"0";"1";"13";"1";""
"202300026760";"155 633 153";"B01";"1";"7";"0";"2";"1";"1";"1";""
"202300026761";"155 633 150";"A01";"1";"7";"0";"0";"0";"1";"1";""
"202300026762";"155 633 149";"A01";"1";"7";"0";"0";"9";"0";"1";""
"202300026763";"155 633 146";"B01";"2";"7";"0";"2";"3";"11";"2";""
"202300026763";"155 633 148";"A01";"1";"7";"0";"2";"3";"9";"1";""
"202300026764";"155 633 145";"A01";"1";"7";"0";"1";"2";"1";"1";""
"202300026765";"155 633 147";"A01";"2";"7";"6";"0";"1";"1";"1";""
"202300026766";"155 633 142";"A01";"1";"7";"0";"2";"1";"1";"1";""
"202300026766";"155 633 144";"B01";"2";"7";"0";"2";"7";"17";"1";""
"202300026767";"155 633 141";"B01";"1";"21";"0";"2";"7";"15";"1";""
"202300026767";"155 633 143";"A01";"2";"7";"0";"2";"1";"1";"1";""
"202300026768";"155 633 139";"B01";"2";"1";"0";"2";"8";"1";"5";""
"202300026768";"155 633 140";"A01";"1";"7";"0";"9";"1";"19";"1";""
"202300026769";"155 633 137";"B01";"2";"1";"0";"2";"4";"2";"5";""
"202300026769";"155 633 138";"A01";"2";"7";"0";"9";"2";"2";"1";""
"202300026770";"155 633 134";"A01";"3";"33";"13";"0";"1";"2";"1";""
"202300026770";"155 633 135";"B01";"3";"7";"0";"0";"0";"2";"1";""
"202300026771";"155 633 133";"A01";"3";"7";"0";"2";"3";"15";"1";""
"202300026771";"155 633 136";"B01";"2";"7";"7";"2";"2";"1";"1";""
"202300026772";"155 633 132";"A01";"2";"80";"0";"0";"9";"0";"3";""
"202300026773";"155 633 129";"A01";"2";"7";"0";"0";"8";"23";"1";""
"202300026773";"155 633 130";"B01";"1";"7";"8";"2";"1";"6";"1";""
"202300026774";"155 633 128";"A01";"1";"7";"4";"2";"3";"1";"1";""
"202300026774";"155 633 131";"B01";"2";"7";"4";"2";"3";"1";"1";""
"202300026775";"155 633 126";"A01";"1";"7";"0";"2";"8";"1";"1";""
"202300026775";"155 633 127";"B01";"2";"33";"0";"2";"8";"1";"1";""
"202300026776";"155 633 124";"A01";"2";"33";"13";"0";"1";"0";"1";""
"202300026777";"155 633 125";"A01";"1";"7";"2";"0";"3";"0";"1";""
"202300026778";"155 633 122";"B01";"2";"1";"0";"0";"3";"1";"5";""
"202300026778";"155 633 123";"A01";"1";"7";"0";"0";"5";"15";"1";""
"202300026779";"155 633 121";"A01";"2";"7";"4";"0";"1";"9";"1";""
"202300026780";"155 633 119";"A01";"1";"17";"8";"0";"7";"1";"1";""
"202300026781";"155 633 118";"A01";"3";"7";"0";"2";"8";"1";"1";""
"202300026781";"155 633 120";"B01";"3";"34";"0";"2";"1";"15";"1";""
"202300026782";"155 633 117";"A01";"3";"2";"8";"0";"1";"15";"1";""
"202300026783";"155 633 116";"A01";"2";"7";"13";"0";"1";"1";"1";""
"202300026784";"155 633 114";"A01";"2";"7";"0";"0";"0";"1";"1";""
"202300026785";"155 633 115";"A01";"3";"37";"0";"0";"8";"4";"1";"6"
"202300026786";"155 633 113";"A01";"3";"7";"0";"1";"0";"1";"1";""
"202300026787";"155 633 110";"B01";"2";"7";"0";"2";"2";"1";"1";""
"202300026787";"155 633 111";"A01";"1";"7";"3";"2";"2";"1";"1";""
"202300026788";"155 633 108";"A01";"1";"7";"0";"2";"0";"17";"0";""
"202300026788";"155 633 109";"B01";"2";"7";"0";"2";"1";"1";"0";""
"202300026789";"155 633 106";"A01";"0";"7";"12";"0";"1";"14";"1";""
"202300026790";"155 633 107";"A01";"2";"7";"0";"1";"2";"1";"3";""
"202300026791";"155 633 104";"B01";"1";"7";"0";"2";"2";"1";"1";""
"202300026791";"155 633 105";"A01";"1";"7";"0";"2";"4";"2";"1";""
"202300026792";"155 633 101";"A01";"3";"34";"11";"0";"2";"1";"1";""
"202300026793";"155 633 100";"C01";"1";"7";"0";"0";"2";"24";"1";""
"202300026793";"155 633 102";"A01";"1";"7";"0";"2";"3";"13";"1";""
"202300026793";"155 633 103";"B01";"2";"7";"1";"2";"1";"1";"1";""
"202300026794";"155 633 096";"A01";"3";"10";"0";"2";"2";"2";"1";""
"202300026794";"155 633 098";"B01";"3";"1";"0";"2";"8";"0";"5";""
"202300026795";"155 633 094";"B01";"2";"15";"0";"9";"3";"0";"1";""
"202300026795";"155 633 095";"A01";"2";"1";"0";"0";"4";"13";"5";""
"202300026796";"155 633 091";"B01";"2";"1";"0";"2";"1";"26";"5";""
"202300026796";"155 633 093";"A01";"1";"7";"0";"9";"7";"15";"3";""
"202300026797";"155 633 090";"A01";"2";"2";"0";"2";"1";"13";"1";""
"202300026797";"155 633 092";"B01";"2";"7";"0";"2";"1";"1";"1";""
"202300026798";"155 633 089";"A01";"1";"7";"8";"0";"1";"0";"1";""
"202300026799";"155 633 088";"A01";"1";"7";"13";"0";"2";"1";"1";""
"202300026800";"155 633 084";"C01";"2";"7";"0";"2";"1";"1";"1";""
"202300026800";"155 633 086";"B01";"2";"7";"0";"2";"1";"1";"1";""
"202300026800";"155 633 087";"A01";"2";"7";"0";"2";"4";"1";"1";""
"202300026801";"155 633 083";"A01";"2";"7";"4";"2";"1";"2";"1";""
"202300026801";"155 633 085";"B01";"2";"7";"4";"2";"4";"2";"1";""
"202300026802";"155 633 081";"A01";"2";"10";"0";"2";"4";"2";"1";""
"202300026802";"155 633 082";"B01";"1";"7";"0";"0";"0";"0";"1";""
"202300026803";"155 633 077";"A01";"1";"10";"0";"2";"1";"13";"1";""
"202300026803";"155 633 078";"B01";"1";"7";"0";"2";"6";"1";"1";""
"202300026803";"155 633 079";"C01";"1";"7";"0";"2";"5";"1";"1";""
"202300026804";"155 633 076";"A01";"2";"7";"0";"2";"6";"1";"1";""
"202300026804";"155 633 080";"B01";"2";"33";"0";"2";"2";"3";"1";""
"202300026805";"155 633 073";"A01";"2";"10";"0";"2";"6";"11";"1";""
"202300026805";"155 633 075";"B01";"2";"33";"0";"2";"2";"3";"1";""
"202300026806";"155 633 072";"A01";"1";"7";"0";"2";"1";"2";"1";""
"202300026806";"155 633 074";"B01";"1";"7";"0";"2";"4";"2";"1";""
"202300026807";"155 633 069";"A01";"1";"7";"0";"2";"4";"2";"0";""
"202300026807";"155 633 071";"B01";"1";"33";"0";"2";"1";"1";"0";""
"202300026808";"155 633 067";"A01";"1";"14";"0";"2";"1";"2";"1";""
"202300026808";"155 633 068";"B01";"1";"17";"0";"2";"4";"2";"1";""
"202300026809";"155 633 066";"B01";"2";"7";"0";"2";"4";"2";"0";""
"202300026809";"155 633 070";"A01";"2";"7";"0";"2";"1";"2";"1";""
"202300026810";"155 633 063";"B01";"2";"10";"0";"2";"3";"1";"1";""
"202300026810";"155 633 065";"A01";"2";"7";"0";"2";"2";"1";"1";""
"202300026811";"155 633 062";"A01";"1";"7";"0";"2";"3";"1";"1";""
"202300026811";"155 633 064";"B01";"1";"7";"0";"2";"4";"1";"1";""
"202300026812";"155 633 060";"A01";"2";"7";"0";"2";"1";"1";"1";""
"202300026812";"155 633 061";"B01";"2";"10";"0";"2";"4";"1";"1";""
"202300026813";"155 633 057";"B01";"2";"7";"0";"2";"6";"1";"2";""
"202300026813";"155 633 059";"A01";"2";"33";"0";"2";"1";"11";"1";""
"202300026814";"155 633 055";"A01";"2";"7";"0";"2";"1";"11";"1";""
"202300026814";"155 633 056";"B01";"2";"31";"0";"2";"1";"3";"1";""
"202300026814";"155 633 058";"C01";"2";"7";"0";"2";"4";"2";"1";""
"202300026815";"155 633 052";"A01";"2";"7";"4";"0";"3";"0";"1";""
"202300026816";"155 633 051";"A01";"2";"7";"0";"2";"6";"11";"1";""
"202300026816";"155 633 053";"B01";"2";"7";"0";"2";"1";"1";"1";""
"202300026816";"155 633 054";"C01";"2";"7";"0";"2";"8";"1";"1";""
"202300026817";"155 633 049";"A01";"2";"33";"0";"2";"8";"3";"1";""
"202300026817";"155 633 050";"B01";"2";"7";"0";"2";"7";"12";"1";""
"202300026818";"155 633 047";"B01";"2";"7";"0";"2";"5";"1";"1";""
"202300026818";"155 633 048";"A01";"2";"33";"0";"2";"1";"11";"1";""
"202300026819";"155 633 043";"A01";"2";"7";"0";"2";"1";"1";"1";""
"202300026819";"155 633 045";"B01";"2";"7";"0";"2";"4";"1";"1";""
"202300026819";"155 633 046";"C01";"2";"7";"0";"2";"4";"1";"1";""
"202300026820";"155 633 042";"A01";"1";"7";"0";"2";"2";"16";"1";""
"202300026820";"155 633 044";"B01";"1";"2";"0";"2";"1";"2";"1";""
"202300026821";"155 633 040";"A01";"1";"33";"0";"2";"7";"21";"1";""
"202300026821";"155 633 041";"B01";"1";"15";"0";"2";"6";"23";"1";""
"202300026822";"155 633 039";"A01";"1";"7";"5";"0";"2";"14";"1";""
"202300026823";"155 633 034";"D01";"2";"7";"0";"2";"4";"2";"1";""
"202300026823";"155 633 036";"C01";"2";"10";"0";"2";"1";"2";"2";""
"202300026823";"155 633 037";"A01";"2";"7";"0";"2";"1";"2";"1";""
"202300026823";"155 633 038";"B01";"2";"7";"0";"2";"1";"2";"1";""
"202300026824";"155 633 035";"A01";"2";"7";"8";"0";"2";"14";"1";""
"202300026825";"155 633 033";"A01";"1";"7";"13";"0";"9";"1";"1";""
"202300026826";"155 633 030";"A01";"2";"7";"9";"2";"1";"21";"1";""
"202300026826";"155 633 032";"B01";"2";"7";"4";"2";"5";"15";"1";""
"202300026827";"155 633 029";"A01";"2";"7";"0";"2";"1";"1";"1";""
"202300026827";"155 633 031";"B01";"2";"7";"0";"2";"4";"11";"1";""
"202300026828";"155 633 026";"A01";"2";"7";"12";"2";"2";"5";"1";""
"202300026828";"155 633 028";"B01";"1";"7";"0";"2";"1";"23";"1";""
"202300026829";"155 633 024";"A01";"1";"7";"0";"1";"1";"1";"1";""
"202300026830";"155 633 021";"A01";"0";"7";"0";"2";"4";"4";"1";""
"202300026830";"155 633 022";"B01";"0";"50";"0";"2";"4";"1";"3";""
"202300026831";"155 633 019";"A01";"1";"7";" -1";" -1";" -1";"0";" -1";""
"202300026832";"155 633 020";"A01";"1";"7";"0";"2";"7";"15";"1";""
"202300026832";"155 633 023";"B01";"2";"33";"0";"2";"1";"1";"1";""
"202300026833";"155 633 017";"A01";"1";"7";"2";"0";"3";"13";"1";""
"202300026834";"155 633 016";"B01";"2";"7";"0";"2";"4";"23";"1";""
"202300026834";"155 633 018";"A01";"2";"7";"0";"2";"1";"2";"1";""
"202300026835";"155 633 014";"A01";"1";"7";"16";"2";"1";"2";"0";""
"202300026835";"155 633 015";"B01";"1";"99";"16";"0";"4";"2";"0";""
"202300026836";"155 633 013";"A01";"1";"10";"0";"1";"2";"1";"0";""
"202300026837";"155 633 011";"A01";"2";"7";"0";"2";"1";"13";"1";""
"202300026837";"155 633 012";"B01";"2";"34";"0";"2";"0";"0";"1";""
"202300026838";"155 633 008";"A01";"1";"10";"0";"1";"0";"1";" -1";""
"202300026839";"155 633 009";"A01";"2";"7";"0";"2";"1";"19";"0";""
"202300026839";"155 633 010";"B01";"2";"1";"0";"2";"7";"1";"0";""
"202300026840";"155 633 006";"A01";"2";"7";"0";"2";"3";"17";"1";""
"202300026840";"155 633 007";"B01";"1";"7";"0";"2";"3";"1";"0";""
"202300026841";"155 633 003";"A01";"3";"7";"12";"0";"2";"9";"1";""
"202300026841";"155 633 005";"B01";"3";"2";"0";"2";"4";"23";"1";""
"202300026842";"155 633 004";"A01";"3";"7";"0";"0";"0";"1";"1";""
"202300026843";"155 633 002";"A01";"3";"7";"1";"1";"3";"0";"1";""
"202300026844";"155 632 998";"B01";"2";"33";"0";"2";"1";"1";"1";""
"202300026844";"155 633 000";"A01";"1";"7";"0";"2";"2";"15";"1";""
"202300026845";"155 632 999";"B01";"1";"7";"0";"2";"6";"15";"1";""
"202300026845";"155 633 001";"A01";"1";"7";"0";"2";"7";"1";"1";""
"202300026846";"155 632 996";"A01";"1";"7";"0";"2";"2";"1";"1";""
"202300026846";"155 632 997";"B01";"2";"50";"0";"2";"1";"1";"3";""
"202300026847";"155 632 994";"A01";"1";"10";"0";"2";"3";"15";"1";""
"202300026847";"155 632 995";"B01";"2";"1";"0";"2";"8";"1";"5";""
"202300026848";"155 632 992";"A01";"2";"7";"0";"2";"1";"9";"1";""
"202300026848";"155 632 993";"B01";"1";"7";"0";"2";"7";"1";"1";""
"202300026849";"155 632 989";"A01";"3";"33";"0";"0";"0";"13";"1";""
"202300026849";"155 632 991";"B01";"3";"7";"0";"9";"8";"21";"1";""
"202300026850";"155 632 988";"B01";"0";"33";"0";"2";"8";"15";"1";""
"202300026850";"155 632 990";"A01";"0";"7";"0";"2";"2";"15";"1";""
"202300026851";"155 632 985";"A01";"1";"7";"0";"2";"1";"2";"1";""
"202300026851";"155 632 986";"B01";"1";"10";"0";"2";"4";"15";"1";""
"202300026852";"155 632 984";"A01";"0";"7";"0";"2";"1";"15";"1";""
"202300026852";"155 632 987";"B01";"0";"7";"0";"2";"1";"19";"1";""
"202300026853";"155 632 982";"A01";"3";"33";"0";"2";"7";"16";"1";""
"202300026853";"155 632 983";"B01";"3";"7";"0";"2";"8";"15";"1";""
"202300026854";"155 632 979";"A01";"1";"7";"0";"1";"3";"11";"1";""
"202300026855";"155 632 980";"A01";"1";"10";"0";"2";"1";"15";"1";""
"202300026855";"155 632 981";"B01";"1";"7";"0";"2";"1";"1";"1";""
"202300026856";"155 632 978";"A01";"1";"7";"0";"1";"2";"16";"1";""
"202300026857";"155 632 974";"A01";"3";"7";"0";"2";"0";"1";"1";""
"202300026857";"155 632 976";"B01";"3";"7";"0";"2";"0";"0";"1";""
"202300026858";"155 632 973";"A01";"3";"7";"0";"1";"2";"1";"1";""
"202300026859";"155 632 971";"A01";"3";"7";"0";"1";"2";"2";"1";""
"202300026860";"155 632 969";"A01";"1";"1";"1";"0";"1";"1";"5";""
"202300026861";"155 632 970";"B01";"0";"33";"0";"2";"7";"1";"0";""
"202300026861";"155 632 972";"A01";"0";"10";"0";"2";"1";"15";"0";""
"202300026862";"155 632 967";"A01";"2";"7";"0";"2";"1";"13";"1";""
"202300026862";"155 632 968";"B01";"1";"37";"0";"2";"7";"1";"1";"1"
"202300026863";"155 632 966";"A01";"2";"7";"11";"0";"3";"10";"1";""
"202300026864";"155 632 965";"A01";"3";"7";"0";"1";"1";"1";"1";""
"202300026865";"155 632 961";"A01";"2";"7";"0";"2";"1";"1";"1";""
"202300026865";"155 632 962";"B01";"2";"7";"0";"2";"4";"1";"1";""
"202300026865";"155 632 964";"C01";"2";"7";"0";"2";"4";"1";"1";""
"202300026866";"155 632 958";"A01";"1";"7";"0";"2";"2";"15";"1";""
"202300026866";"155 632 959";"B01";"2";"2";"0";"2";"1";"1";"1";""
"202300026867";"155 632 957";"A01";"1";"7";"0";"1";"2";"21";"1";""
"202300026868";"155 632 960";"B01";"1";"7";"0";"2";"2";"1";"1";""
"202300026868";"155 632 963";"A01";"3";"7";"0";"0";"8";"0";"1";""
"202300026869";"155 632 955";"A01";"1";"7";"0";"2";"3";"19";"0";""
"202300026869";"155 632 956";"B01";"3";"7";"0";"2";"2";"1";"0";""
"202300026870";"155 632 954";"A01";"1";"33";"0";"0";"0";"1";"1";""
"202300026871";"155 632 953";"A01";"1";"31";"0";"0";"8";"1";"1";""
"202300026872";"155 632 947";"A01";"1";"7";"0";"2";"1";"15";"1";""
"202300026872";"155 632 949";"B01";"2";"33";"0";"2";"0";"0";"1";""
"202300026873";"155 632 948";"B01";"3";"7";"0";"2";"1";"15";"1";""
"202300026873";"155 632 950";"A01";"3";"1";"0";"2";"7";"1";"5";""
"202300026874";"155 632 946";"A01";"3";"7";"8";"0";"1";"0";"1";""
"202300026875";"155 632 944";"B01";"1";"60";"0";"2";"1";"5";"5";""
"202300026875";"155 632 945";"A01";"1";"7";"0";"2";"2";"9";"1";""
"202300026876";"155 632 941";"A01";"0";"7";"0";"2";"1";"9";"1";""
"202300026876";"155 632 943";"B01";"0";"34";"0";"2";"7";"1";"1";""
"202300026877";"155 632 940";"A01";"1";"30";"0";"9";"2";"15";"1";""
"202300026877";"155 632 942";"B01";"2";"50";"0";"2";"1";"1";"3";""
"202300026878";"155 632 937";"A01";"3";"43";"0";"2";"1";"2";"1";""
"202300026878";"155 632 939";"B01";"0";"7";"0";"2";"0";"15";"0";""
"202300026879";"155 632 938";"A01";"1";"7";"0";"1";"1";"16";"1";""
"202300026880";"155 632 933";"B01";"3";"10";"0";"2";"1";"1";"1";""
"202300026880";"155 632 934";"C01";"3";"10";"1";"0";"0";"0";"1";""
"202300026880";"155 632 936";"A01";"3";"34";"0";"2";"1";"1";"1";""
"202300026881";"155 632 932";"A01";"3";"31";"0";"2";"8";"1";"1";""
"202300026881";"155 632 935";"B01";"0";"7";"0";"2";"3";"15";"1";""
"202300026882";"155 632 931";"A01";"3";"7";"6";"0";"1";"9";"1";""
"202300026883";"155 632 930";"A01";"2";"7";"0";"1";"2";"1";"1";""
"202300026884";"155 632 929";"A01";"1";"7";"0";"1";"1";"1";"1";""
"202300026885";"155 632 926";"A01";"3";"7";"0";"2";"1";"2";"1";""
"202300026885";"155 632 928";"B01";"3";"7";"0";"2";"4";"2";"1";""
"202300026886";"155 632 925";"A01";"1";"7";"0";"2";"1";"5";"1";""
"202300026886";"155 632 927";"B01";"2";"7";"0";"2";"1";"1";"1";""
"202300026887";"155 632 923";"B01";"1";"33";"0";"2";"3";"1";"1";""
"202300026887";"155 632 924";"A01";"1";"7";"0";"2";"2";"12";"1";""
"202300026888";"155 632 920";"B01";"2";"7";"0";"2";"6";"11";"1";""
"202300026888";"155 632 921";"A01";"2";"31";"0";"2";"1";"3";"1";""
"202300026889";"155 632 919";"A01";"2";"30";"0";"2";"8";"1";"3";""
"202300026889";"155 632 922";"B01";"1";"7";"0";"2";"1";"1";"1";""
"202300026890";"155 632 917";"Z01";"1";"50";"0";"1";"1";"1";"3";""
"202300026891";"155 632 916";"B01";"1";"2";"0";"2";"8";"1";"1";""
"202300026891";"155 632 918";"A01";"2";"7";"0";"2";"1";"15";"1";""
"202300026892";"155 632 914";"A01";"2";"10";"0";"2";"3";"10";"1";""
"202300026892";"155 632 915";"B01";"2";"2";"0";"2";"1";"17";"3";""
"202300026893";"155 632 912";"B01";"3";"33";"0";"2";"2";"1";"1";""
"202300026893";"155 632 913";"A01";"3";"7";"0";"0";"6";"10";"1";""
"202300026894";"155 632 911";"A01";"3";"30";"4";"0";"3";"13";"3";""
"202300026895";"155 632 909";"A01";"1";"10";"0";"2";"3";"13";"1";""
"202300026895";"155 632 910";"B01";"2";"7";"0";"2";"3";"1";"1";""
"202300026896";"155 632 908";"A01";"3";"33";"11";"0";"1";"12";"1";""
"202300026897";"155 632 906";"A01";"3";"7";"0";"2";"1";"1";"1";""
"202300026897";"155 632 907";"B01";"3";"1";"0";"2";"7";"19";"5";""
"202300026898";"155 632 905";"A01";"1";"13";"0";"1";"1";"15";"1";""
"202300026899";"155 632 904";"A01";"3";"2";"12";"0";"8";"14";"3";""
"202300026900";"155 632 903";"A01";"3";"7";"0";"1";"1";"1";"1";""
"202300026901";"155 632 902";"Z01";"2";"7";"0";"1";"3";"1";"1";""
"202300026902";"155 632 901";"A01";"1";"1";"0";"0";"0";"21";"5";""
"202300026903";"155 632 897";"A01";"1";"7";"0";"2";"1";"13";"1";""