"Num_Acc";"id_vehicule";"num_veh";"senc";"catv";"obs";"obsm";"choc";"manv";"motor";"occutc"
"202300027713";"155 631 449";"A01";"2";"7";"0";"2";"7";"5";"1";""
"202300027714";"155 631 448";"A01";"2";"7";"0";"1";"3";"1";"1";""
"202300027715";"155 631 446";"A01";"2";"7";"11";"0";"2";"1";"1";""
"202300027716";"155 631 443";"A01";"2";"7";"0";"9";"7";"15";"1";""
"202300027716";"155 631 445";"B01";"1";"50";"0";"2";"1";"1";"3";""
"202300027717";"155 631 442";"B01";"1";"1";"0";"2";"6";"1";"5";""
"202300027717";"155 631 444";"A01";"1";"7";"0";"2";"7";"1";"1";""
"202300027718";"155 631 441";"A01";"2";"33";"11";"0";"1";"9";"1";""
"202300027719";"155 631 440";"A01";"2";"7";"0";"1";"1";"1";"1";""
"202300027720";"155 631 438";"Z01";"1";"7";"0";"2";"0";"0";"0";""
"202300027720";"155 631 439";"B01";"1";"60";"0";"2";"7";"1";"5";""
"202300027721";"155 631 437";"A01";"1";"21";"14";"0";"1";"26";"1";""
"202300027722";"155 631 433";"A01";"1";"10";"0";"2";"4";"2";"1";""
"202300027722";"155 631 435";"B01";"1";"7";"0";"2";"4";"1";"1";""
"202300027723";"155 631 432";"B01";"3";"1";"0";"0";"4";"11";"5";""
"202300027723";"155 631 434";"A01";"3";"7";"0";"9";"2";"1";"1";""
"202300027724";"155 631 431";"A01";"3";"33";"0";"2";"5";"1";"1";""
"202300027724";"155 631 436";"B01";"3";"7";"0";"2";"2";"1";"1";""
"202300027725";"155 631 428";"B01";"1";"30";"0";"2";"1";"1";"1";""
"202300027725";"155 631 429";"A01";"2";"7";"0";"2";"7";"15";"1";""
"202300027726";"155 631 427";"B01";"1";"50";"9";"0";"7";"9";"3";""
"202300027726";"155 631 430";"A01";"2";"31";"9";"0";"1";"1";"0";""
"202300027727";"155 631 426";"A01";"2";"7";"0";"1";"2";"1";"1";""
"202300027728";"155 631 424";"A01";"3";"7";"15";"0";"3";"1";"1";""
"202300027729";"155 631 423";"A01";"2";"15";"0";"2";"2";"1";"1";""
"202300027729";"155 631 425";"B01";"0";"7";"0";"2";"3";"16";"1";""
"202300027730";"155 631 419";"A01";"3";"7";"0";"2";"1";"13";"1";""
"202300027730";"155 631 422";"B01";"3";"7";"0";"2";"1";"26";"1";""
"202300027731";"155 631 417";"A01";"3";"50";"0";"2";"2";"9";"3";""
"202300027731";"155 631 420";"B01";"3";"7";"0";"2";"3";"1";"1";""
"202300027732";"155 631 418";"A01";"2";"7";"0";"2";"3";"15";"1";""
"202300027732";"155 631 421";"B01";"2";"31";"0";"2";"2";"17";"1";""
"202300027733";"155 631 414";"A01";"1";"7";"6";"0";"1";"1";"1";""
"202300027734";"155 631 412";"A01";"2";"7";"0";"2";"3";"15";"1";""
"202300027734";"155 631 415";"B01";"1";"30";"0";"2";"3";"1";"1";""
"202300027735";"155 631 416";"A01";"1";"7";"0";"0";"0";"17";"1";""
"202300027736";"155 631 413";"A01";"1";"33";"1";"0";"1";"0";"0";""
"202300027737";"155 631 411";"A01";"0";"7";"16";"0";"9";"1";"1";""
"202300027738";"155 631 407";"B01";"3";"37";"0";"2";"1";"0";"0";"1"
"202300027738";"155 631 409";"A01";"3";"7";"0";"2";"1";"17";"1";""
"202300027739";"155 631 404";"A01";"1";"7";"0";"2";"2";"15";"1";""
"202300027739";"155 631 406";"B01";"2";"2";"0";"2";"1";"1";"1";""
"202300027740";"155 631 403";"B01";"3";"1";"12";"2";"4";"19";"5";""
"202300027740";"155 631 408";"A01";"1";"7";"12";"2";"8";"1";"1";""
"202300027741";"155 631 405";"B01";"2";"7";"0";"2";"4";"2";"1";""
"202300027741";"155 631 410";"A01";"2";"33";"0";"2";"1";"2";"1";""
"202300027742";"155 631 400";"A01";"2";"7";"0";"2";"8";"1";"1";""
"202300027742";"155 631 402";"B01";"1";"7";"0";"2";"3";"13";"1";""
"202300027743";"155 631 399";"A01";"1";"10";"0";"2";"5";"1";"1";""
"202300027743";"155 631 401";"B01";"1";"7";"0";"2";"1";"1";"1";""
"202300027744";"155 631 397";"A01";"0";"7";"0";"1";"3";"1";"1";""
"202300027745";"155 631 394";"B01";"1";"7";"0";"2";"2";"1";"1";""
"202300027745";"155 631 396";"A01";"1";"1";"0";"2";"3";"19";"5";""
"202300027746";"155 631 390";"B01";"2";"7";"0";"2";"1";"1";"1";""
"202300027746";"155 631 393";"A01";"2";"7";"0";"2";"1";"15";"1";""
"202300027747";"155 631 388";"A01";"1";"10";"0";"2";"3";"9";"1";""
"202300027747";"155 631 389";"B01";"2";"41";"0";"2";"1";"1";"3";""
"202300027748";"155 631 387";"B01";"0";"1";"0";"0";"0";"0";"5";""
"202300027748";"155 631 392";"A01";"0";"7";"0";"0";"0";"17";"1";""
"202300027749";"155 631 386";"B01";"1";"7";"0";"2";"1";"2";"1";""
"202300027749";"155 631 391";"A01";"1";"7";"0";"2";"3";"23";"1";""
"202300027750";"155 631 383";"A01";"3";"7";"0";"2";"1";"15";"1";""
"202300027750";"155 631 385";"B01";"3";"10";"0";"2";"1";"19";"1";""
"202300027751";"155 631 382";"A01";"2";"7";"0";"2";"4";"23";"1";""
"202300027751";"155 631 384";"B01";"1";"34";"0";"2";"1";"2";"1";""
"202300027752";"155 631 381";"A01";"3";"7";"0";"1";"1";"15";"0";""
"202300027753";"155 631 379";"A01";"1";"38";"0";"1";"2";"0";"6";"1"
"202300027754";"155 631 378";"B01";"1";"7";"0";"2";"1";"2";"1";""
"202300027754";"155 631 380";"A01";"1";"10";"0";"2";"4";"2";"1";""
"202300027755";"155 631 376";"A01";"3";"7";"0";"1";"1";"1";"1";""
"202300027756";"155 631 374";"A01";"0";"7";"0";"1";"4";"4";"1";""
"202300027757";"155 631 375";"A01";"2";"30";"14";"0";"1";"5";"1";""
"202300027757";"155 631 377";"B01";"1";"7";"0";"2";"3";"23";"1";""
"202300027758";"155 631 371";"B01";"3";"7";"12";"2";"7";"1";"0";""
"202300027758";"155 631 373";"A01";"3";"7";"0";"2";"1";"1";"0";""
"202300027759";"155 631 367";"A01";"2";"33";"0";"2";"1";"2";"1";""
"202300027759";"155 631 370";"B01";"2";"7";"0";"0";"0";"2";"1";""
"202300027760";"155 631 364";"A01";"1";"7";"4";"0";"9";"26";"0";""
"202300027761";"155 631 365";"B01";"1";"2";"0";"2";"1";"1";"1";""
"202300027761";"155 631 369";"A01";"1";"7";"0";"2";"7";"19";"1";""
"202300027762";"155 631 363";"A01";"2";"7";"0";"2";"1";"2";"1";""
"202300027762";"155 631 366";"D01";"2";"7";"0";"2";"4";"2";"1";""
"202300027762";"155 631 368";"C01";"1";"7";"0";"2";"1";"2";"1";""
"202300027762";"155 631 372";"B01";"2";"7";"0";"2";"4";"2";"1";""
"202300027763";"155 631 362";"A01";"2";"7";"13";"0";"1";"14";"1";""
"202300027764";"155 631 360";"A01";"3";"7";"0";"2";"1";"19";"1";""
"202300027764";"155 631 361";"B01";"3";"7";"0";"2";"7";"26";"1";""
"202300027765";"155 631 359";"A01";"1";"7";"4";"0";"0";"0";"1";""
"202300027766";"155 631 357";"A01";"1";"7";"13";"0";"2";"14";"1";""
"202300027767";"155 631 356";"A01";"2";"31";"14";"0";"1";"1";"1";""
"202300027768";"155 631 355";"MB01";"1";"60";"0";"2";"3";"19";"5";""
"202300027768";"155 631 358";"A01";"1";"3";"0";"2";"2";"1";"3";""
"202300027769";"155 631 354";"A01";"2";"7";"2";"0";"1";"19";"1";""
"202300027770";"155 631 350";"B01";"1";"32";"0";"2";"1";"2";"1";""
"202300027770";"155 631 352";"A01";"2";"7";"0";"2";"4";"4";"1";""
"202300027771";"155 631 351";"B01";"1";"1";"0";"2";"0";"1";"5";""
"202300027771";"155 631 353";"A01";"2";"7";"0";"0";"0";"15";"1";""
"202300027772";"155 631 348";"A01";"2";"2";"0";"0";"8";"1";"1";""
"202300027773";"155 631 343";"A01";"2";"7";"0";"2";"1";"1";"1";""
"202300027773";"155 631 346";"B01";"2";"7";"0";"2";"4";"1";"1";""
"202300027774";"155 631 344";"A01";"2";"10";"0";"2";"1";"13";"1";""
"202300027774";"155 631 349";"B01";"2";"14";"0";"2";"1";"1";"1";""
"202300027775";"155 631 345";"A01";"1";"7";"0";"2";"1";"1";"1";""
"202300027775";"155 631 347";"B01";"1";"7";"0";"2";"4";"0";"1";""
"202300027776";"155 631 341";"A01";"3";"10";"0";"2";"4";"4";"1";""
"202300027776";"155 631 342";"B01";"0";"30";"0";"2";"1";"14";"3";""
"202300027777";"155 631 337";"A01";"2";"14";"0";"2";"2";"16";"1";""
"202300027777";"155 631 340";"B01";"2";"33";"0";"2";"3";"1";"1";""
"202300027778";"155 631 336";"A01";"0";"7";"1";"0";"1";"1";"1";""
"202300027779";"155 631 333";"B01";"1";"7";"0";"2";"8";"15";"1";""
"202300027779";"155 631 335";"A01";"1";"37";"0";"2";"1";"1";"4";"2"
"202300027780";"155 631 329";"A01";"2";"7";"0";"2";"3";"9";"1";""
"202300027780";"155 631 332";"B01";"2";"33";"0";"2";"1";"1";"1";""
"202300027781";"155 631 328";"A01";"3";"7";"0";"2";"2";"1";"1";""
"202300027781";"155 631 331";"B01";"3";"1";"0";"2";"6";"19";"5";""
"202300027782";"155 631 326";"A01";"1";"34";"0";"2";"4";"3";"1";""
"202300027782";"155 631 330";"B01";"1";"33";"0";"2";"4";"3";"1";""
"202300027782";"155 631 334";"C01";"1";"7";"0";"2";"7";"1";"1";""
"202300027782";"155 631 338";"D01";"1";"7";"0";"2";"2";"1";"1";""
"202300027782";"155 631 339";"E01";"1";"7";"0";"2";"4";"1";"1";""
"202300027783";"155 631 323";"A01";"1";"7";"2";"0";"1";"13";"1";""
"202300027784";"155 631 325";"A01";"2";"10";"0";"2";"2";"15";"1";""
"202300027784";"155 631 327";"B01";"1";"1";"0";"2";"1";"1";"5";""
"202300027785";"155 631 322";"A01";"2";"7";"0";"2";"8";"11";"1";""
"202300027785";"155 631 324";"B01";"2";"33";"0";"2";"7";"1";"1";""
"202300027786";"155 631 321";"A01";"1";"7";"4";"0";"1";"2";"1";""
"202300027787";"155 631 318";"A01";"1";"7";"0";"2";"3";"1";"1";""
"202300027787";"155 631 320";"B01";"3";"1";"0";"2";"1";"0";"5";""
"202300027788";"155 631 316";"A01";"1";"17";"0";"2";"2";"12";"1";""
"202300027788";"155 631 317";"B01";"1";"7";"0";"2";"8";"1";"1";""
"202300027789";"155 631 314";"A01";"2";"33";"6";"0";"1";"1";"1";""
"202300027790";"155 631 313";"B01";"1";"7";"0";"2";"0";"0";"1";""
"202300027790";"155 631 319";"A01";"1";"2";"0";"2";"0";"2";"1";""
"202300027791";"155 631 312";"B01";"2";"7";"0";"2";"4";"2";"1";""
"202300027791";"155 631 315";"Z01";"2";"7";"0";"2";"0";"0";"0";""
"202300027792";"155 631 309";"A01";"3";"50";"12";"0";"1";"13";"3";""
"202300027793";"155 631 305";"A01";"2";"33";"0";"2";"1";"2";"1";""
"202300027793";"155 631 307";"B01";"2";"7";"0";"2";"4";"2";"1";""
"202300027794";"155 631 301";"B01";"2";"7";"0";"2";"1";"0";"1";""
"202300027794";"155 631 304";"A01";"1";"7";"0";"2";"1";"0";"1";""
"202300027795";"155 631 298";"B01";"2";"50";"0";"2";"7";"1";"3";""
"202300027795";"155 631 302";"A01";"1";"7";"0";"2";"1";"16";"2";""
"202300027796";"155 631 299";"A01";"1";"7";"0";"2";"2";"0";"1";""
"202300027796";"155 631 303";"B01";"3";"50";"0";"2";"1";"26";"3";""
"202300027797";"155 631 295";"B01";"2";"1";"0";"2";"8";"1";"5";""
"202300027797";"155 631 297";"A01";"1";"7";"0";"2";"1";"15";"1";""
"202300027798";"155 631 289";"B01";"2";"7";"0";"2";"3";"0";"1";""
"202300027798";"155 631 291";"A01";"1";"7";"0";"2";"1";"13";"1";""
"202300027799";"155 631 292";"A01";"2";"10";"0";"1";"7";"16";"3";""
"202300027800";"155 631 290";"A01";"2";"10";"0";"2";"1";"2";"1";""
"202300027800";"155 631 294";"B01";"2";"7";"0";"2";"4";"2";"1";""
"202300027800";"155 631 296";"C01";"2";"7";"0";"2";"4";"2";"1";""
"202300027800";"155 631 300";"D01";"2";"7";"0";"2";"4";"2";"1";""
"202300027801";"155 631 288";"A01";"2";"7";"0";"2";"3";"9";"1";""
"202300027801";"155 631 293";"B01";"2";"43";"0";"2";"2";"1";"1";""
"202300027802";"155 631 286";"A01";"2";"7";"0";"0";"8";"13";"1";""
"202300027803";"155 631 284";"A01";"1";"7";"4";"0";"1";"1";"1";""
"202300027804";"155 631 285";"A01";"1";"32";"0";"0";"8";"17";"1";""
"202300027805";"155 631 283";"B01";"3";"50";"0";"2";"1";"1";"3";""
"202300027805";"155 631 287";"A01";"3";"7";"0";"2";"2";"16";"1";""
"202300027806";"155 631 280";"A01";"2";"30";"12";"2";"1";"1";"1";""
"202300027806";"155 631 281";"B01";"2";"7";"0";"2";"7";"14";"1";""
"202300027807";"155 631 279";"A01";"2";"10";"0";"2";"3";"9";"1";""
"202300027807";"155 631 282";"B01";"1";"50";"0";"2";"7";"1";"3";""
"202300027808";"155 631 278";"A01";"2";"7";"5";"0";"1";"26";"1";""
"202300027809";"155 631 275";"A01";"1";"7";"4";"0";"2";"17";"1";""
"202300027810";"155 631 274";"B01";"1";"32";"9";"2";"3";"18";"1";""
"202300027810";"155 631 277";"A01";"1";"10";"0";"2";"7";"16";"1";""
"202300027811";"155 631 273";"B01";"1";"7";"0";"2";"8";"1";"0";""
"202300027811";"155 631 276";"A01";"2";"33";"0";"2";"7";"1";"1";""
"202300027812";"155 631 268";"A01";"1";"7";"0";"0";"0";"15";"0";""
"202300027812";"155 631 272";"B01";"0";"2";"6";"0";"1";"1";"1";""
"202300027813";"155 631 267";"A01";"3";"80";"0";"1";"7";"1";"3";""
"202300027814";"155 631 264";"C01";"1";"31";"0";"2";"6";"14";"1";""
"202300027814";"155 631 269";"A01";"1";"33";"0";"2";"7";"14";"1";""
"202300027814";"155 631 271";"B01";"1";"33";"0";"2";"5";"14";"1";""
"202300027815";"155 631 263";"C01";"2";"7";"0";"2";"8";"1";"1";""
"202300027815";"155 631 266";"B01";"2";"7";"0";"2";"8";"1";"1";""
"202300027815";"155 631 270";"A01";"1";"7";"6";"2";"1";"1";"1";""
"202300027816";"155 631 262";"Z01";"2";"7";"0";"2";"6";"23";"2";""
"202300027816";"155 631 265";"A01";"2";"2";"0";"2";"3";"21";"0";""
"202300027817";"155 631 260";"A01";"3";"7";"0";"1";"1";"15";"1";""
"202300027818";"155 631 259";"A01";"2";"7";"0";"2";"2";"16";"1";""
"202300027818";"155 631 261";"B01";"2";"1";"0";"2";"1";"1";"5";""
"202300027819";"155 631 255";"B01";"0";"7";"0";"2";"3";"11";"1";""
"202300027819";"155 631 257";"A01";"1";"2";"0";"2";"1";"1";"1";""
"202300027820";"155 631 253";"B01";"2";"7";"0";"2";"5";"16";"1";""
"202300027820";"155 631 256";"VA01";"2";"33";"0";"2";"1";"7";"1";""
"202300027821";"155 631 251";"A01";"3";"1";"0";"2";"7";"1";"5";""
"202300027821";"155 631 254";"B01";"3";"7";"0";"2";"2";"1";"1";""
"202300027822";"155 631 249";"A01";"2";"7";"0";"2";"3";"13";"1";""
"202300027822";"155 631 252";"B01";"1";"7";"0";"2";"3";"1";"1";""
"202300027823";"155 631 247";"B01";"3";"31";"0";"2";"1";"17";"1";""
"202300027823";"155 631 250";"A01";"3";"10";"0";"2";"3";"15";"1";""
"202300027824";"155 631 244";"A01";"1";"2";"0";"0";"7";"1";"1";""
"202300027825";"155 631 243";"A01";"0";"7";"0";"2";"1";"26";"0";""
"202300027825";"155 631 245";"B01";"0";"32";"0";"0";"0";"0";"0";""
"202300027826";"155 631 246";"B01";"2";"1";"0";"2";"1";"1";"5";""
"202300027826";"155 631 248";"A01";"2";"7";"0";"2";"2";"16";"1";""
"202300027827";"155 631 242";"A01";"3";"7";"0";"1";"1";"1";"1";""
"202300027828";"155 631 235";"B01";"0";"2";"0";"2";"1";"1";"3";""
"202300027828";"155 631 239";"A01";"0";"7";"0";"2";"8";"15";"1";""
"202300027829";"155 631 237";"A01";"3";"7";"0";"2";"7";"15";"1";""
"202300027829";"155 631 241";"B01";"3";"33";"0";"2";"1";"1";"1";""
"202300027830";"155 631 238";"A01";"1";"7";"0";"0";"3";"0";"1";""
"202300027831";"155 631 234";"A01";"3";"10";"0";"2";"1";"1";"1";""
"202300027831";"155 631 240";"B01";"3";"7";"0";"2";"1";"1";"1";""
"202300027832";"155 631 233";"B01";"1";"7";"0";"2";"0";"0";"0";""
"202300027832";"155 631 236";"A01";"1";"50";"0";"2";"1";"1";"3";""
"202300027833";"155 631 228";"A01";"1";"3";"0";"2";"1";"5";"0";""
"202300027833";"155 631 231";"B01";"1";"7";"0";"2";"1";"1";"0";""
"202300027834";"155 631 226";"B01";"1";"1";"0";"2";"1";"1";"5";""
"202300027834";"155 631 230";"A01";"1";"7";"0";"2";"5";"26";"1";""
"202300027835";"155 631 227";"A01";"3";"2";"0";"2";"0";"0";"1";""
"202300027835";"155 631 232";"B01";"3";"7";"0";"2";"0";"0";"1";""
"202300027836";"155 631 224";"B01";"1";"50";"0";"2";"3";"9";"3";""
"202300027836";"155 631 229";"A01";"2";"30";"0";"2";"1";"1";"1";""
"202300027837";"155 631 223";"A01";"2";"33";"0";"2";"8";"10";"1";""
"202300027837";"155 631 225";"B01";"2";"33";"0";"2";"1";"1";"1";""
"202300027838";"155 631 222";"A01";"3";"7";"6";"0";"2";"1";"1";""
"202300027839";"155 631 221";"A01";"1";"10";"0";"1";"2";"1";"1";""
"202300027840";"155 631 220";"A01";"1";"7";"4";"0";"1";"1";"1";""
"202300027841";"155 631 219";"A01";"1";"7";"0";"1";"1";"19";"1";""
"202300027842";"155 631 218";"A01";"3";"32";"0";"0";"0";"26";"1";""
"202300027843";"155 631 215";"A01";"1";"33";"0";"2";"1";"17";"1";""
"202300027843";"155 631 217";"B01";"1";"10";"0";"2";"3";"23";"1";""
"202300027844";"155 631 214";"A01";"2";"10";"0";"9";"1";"2";"1";""
"202300027844";"155 631 216";"B01";"2";"80";"0";"2";"7";"2";"3";""
"202300027845";"155 631 212";"A01";"1";"7";"0";"1";"1";"1";"1";""
"202300027846";"155 631 211";"B01";"1";"7";"0";"2";"7";"0";"1";""
"202300027846";"155 631 213";"A01";"2";"34";"0";"2";"1";"21";"1";""
"202300027847";"155 631 208";"A01";"1";"7";"0";"2";"1";"1";"1";""
"202300027847";"155 631 210";"B01";"1";"7";"0";"2";"4";"1";"1";""
"202300027848";"155 631 206";"A01";"2";"32";"3";"2";"1";"14";"1";""
"202300027848";"155 631 209";"B01";"2";"7";"0";"2";"1";"1";"2";""
"202300027849";"155 631 205";"A01";"2";"10";"0";"2";"1";"1";"1";""
"202300027849";"155 631 207";"B01";"2";"7";"0";"2";"4";"1";"3";""
"202300027850";"155 631 201";"A01";"1";"7";"0";"2";"1";"9";"1";""
"202300027850";"155 631 203";"B01";"1";"7";"0";"2";"4";"1";"1";""
"202300027851";"155 631 200";"B01";"3";"7";"0";"2";"5";"1";"1";""
"202300027851";"155 631 204";"A01";"2";"30";"0";"2";"1";"1";"1";""
"202300027852";"155 631 199";"A01";"1";"1";"1";"0";"1";"1";"5";""
"202300027852";"155 631 202";"B01";"1";"7";"0";"2";"6";"24";"1";""
"202300027853";"155 631 196";"A01";"3";"7";"0";"2";"3";"1";"1";""
"202300027853";"155 631 198";"B01";"1";"60";"0";"2";"1";"19";"5";""
"202300027854";"155 631 197";"A01";"2";"33";"12";"0";"3";"13";"1";""
"202300027855";"155 631 194";"A01";"2";"7";"0";"1";"3";"1";"3";""
"202300027856";"155 631 193";"B01";"2";"7";"0";"2";"4";"2";"1";""
"202300027856";"155 631 195";"A01";"2";"7";"0";"2";"1";"2";"1";""
"202300027857";"155 631 192";"A01";"1";"7";"9";"0";"1";"14";"1";""
"202300027858";"155 631 189";"A01";"2";"33";"0";"2";"1";"1";"1";""
"202300027858";"155 631 190";"B01";"2";"7";"0";"2";"6";"11";"1";""
"202300027859";"155 631 187";"A01";"2";"33";"0";"2";"1";"1";"1";""
"202300027859";"155 631 191";"B01";"3";"7";"0";"2";"2";"15";"1";""
"202300027860";"155 631 186";"A01";"1";"1";"0";"1";"1";"1";"5";""
"202300027861";"155 631 185";"B01";"1";"30";"0";"2";"6";"1";"1";""
"202300027861";"155 631 188";"A01";"1";"17";"0";"2";"1";"1";"1";""
"202300027862";"155 631 177";"A01";"1";"7";"0";"2";"1";"1";"1";""
"202300027862";"155 631 184";"B01";"2";"7";"0";"2";"5";"15";"1";""
"202300027863";"155 631 176";"B01";"2";"30";"0";"2";"1";"1";"1";""
"202300027863";"155 631 181";"A01";"1";"7";"0";"2";"7";"13";"1";""
"202300027864";"155 631 175";"B01";"3";"33";"0";"2";"3";"17";"1";""
"202300027864";"155 631 178";"A01";"3";"7";"0";"2";"3";"15";"2";""
"202300027865";"155 631 180";"A01";"1";"7";"0";"2";"3";"1";"1";""
"202300027865";"155 631 183";"B01";"1";"1";"0";"2";"3";"19";"5";""
"202300027866";"155 631 174";"A01";"1";"7";"0";"2";"6";"19";"1";""
"202300027866";"155 631 179";"B01";"2";"10";"0";"2";"3";"1";"1";""
"202300027866";"155 631 182";"C01";"1";"10";"0";"2";"1";"1";"1";""
"202300027867";"155 631 172";"A01";"1";"50";"0";"0";"2";"1";"3";""
"202300027868";"155 631 169";"B01";"1";"31";"0";"2";"1";"1";"3";""
"202300027868";"155 631 171";"A01";"1";"10";"0";"2";"4";"15";"1";""
"202300027869";"155 631 168";"A01";"2";"2";"0";"2";"7";"17";"1";""
"202300027869";"155 631 173";"B01";"3";"7";"0";"2";"1";"1";"0";""
"202300027870";"155 631 165";"A01";"0";"7";"0";"1";"1";"1";"1";""
"202300027871";"155 631 164";"Z01";"3";"7";"0";"2";"1";"1";"0";""
"202300027871";"155 631 166";"C01";"3";"7";"0";"2";"3";"1";"0";""
"202300027871";"155 631 170";"B01";"3";"7";"0";"2";"7";"15";"0";""
"202300027872";"155 631 163";"A01";"2";"7";"0";"9";"2";"2";"1";""
"202300027872";"155 631 167";"B01";"2";"1";"0";"0";"4";"2";"5";""
"202300027873";"155 631 162";"A01";"1";"32";"0";"1";"1";"7";"1";""
"202300027874";"155 631 161";"A01";"2";"7";"0";"1";"1";"1";"1";""
"202300027875";"155 631 156";"Z01";"3";"7";"0";"2";"1";"1";"0";""
"202300027875";"155 631 160";"B01";"3";"50";"0";"2";"8";"1";"3";""
"202300027876";"155 631 155";"A01";"2";"7";"0";"2";"1";"15";"0";""
"202300027876";"155 631 159";"B01";"0";"1";"0";"2";"0";"16";"5";""
"202300027877";"155 631 154";"A01";"1";"10";"0";"2";"1";"13";"1";""
"202300027877";"155 631 158";"B01";"2";"10";"0";"2";"3";"1";"1";""
"202300027878";"155 631 152";"B01";"2";"10";"0";"2";"3";"1";"1";""
"202300027878";"155 631 157";"A01";"1";"32";"0";"2";"1";"11";"1";""
"202300027879";"155 631 151";"B01";"1";"1";"0";"2";"1";"1";"5";""
"202300027879";"155 631 153";"A01";"1";"7";"0";"2";"1";"16";"1";""
"202300027880";"155 631 146";"A01";"1";"7";"0";"2";"4";"13";"1";""
"202300027880";"155 631 149";"B01";"2";"10";"0";"2";"1";"2";"1";""
"202300027881";"155 631 148";"A01";"1";"10";"0";"2";"1";"2";"1";""
"202300027881";"155 631 150";"B01";"1";"7";"0";"2";"4";"23";"1";""
"202300027882";"155 631 143";"A01";"3";"7";"0";"2";"8";"9";"1";""
"202300027882";"155 631 145";"B01";"1";"32";"0";"2";"1";"2";"1";""
"202300027883";"155 631 144";"A01";"1";"34";"0";"1";"1";"25";"1";""
"202300027884";"155 631 141";"A01";"2";"30";"14";"0";"1";"17";"6";""
"202300027885";"155 631 138";"B01";"2";"1";"0";"2";"4";"2";"5";""
"202300027885";"155 631 140";"A01";"2";"7";"0";"2";"2";"2";"1";""
"202300027886";"155 631 139";"A01";"1";"2";"0";"0";"0";"26";"1";""
"202300027886";"155 631 142";"B01";"1";"10";"0";"2";"3";"1";"1";""
"202300027887";"155 631 134";"A01";"2";"50";"15";"1";"4";"2";"3";""
"202300027888";"155 631 132";"A01";"1";"7";"0";"1";"3";"1";"1";""
"202300027889";"155 631 130";"B01";"2";"99";"0";"1";"1";"1";"3";""
"202300027890";"155 631 129";"B01";"2";"10";"0";"2";"2";"17";"0";""
"202300027890";"155 631 133";"A01";"2";"7";"0";"2";"3";"11";"0";""
"202300027891";"155 631 128";"A01";"3";"7";"0";"2";"3";"1";"1";""
"202300027891";"155 631 131";"B01";"3";"30";"0";"2";"1";"15";"1";""
"202300027892";"155 631 125";"A01";"0";"7";"0";"2";"0";"0";"1";""
"202300027892";"155 631 127";"B01";"0";"7";"0";"2";"1";"2";"4";""
"202300027893";"155 631 122";"A01";"2";"7";"0";"2";"3";"1";"1";""
"202300027893";"155 631 126";"B01";"1";"7";"1";"2";"3";"23";"1";""
"202300027894";"155 631 121";"A01";"1";"7";"0";"1";"2";"26";"1";""
"202300027895";"155 631 123";"A01";"1";"7";"2";"0";"1";"1";"1";""
"202300027896";"155 631 120";"A01";"1";"10";"0";"2";"7";"1";"1";""
"202300027896";"155 631 124";"B01";"1";"21";"0";"2";"8";"1";"1";""
"202300027897";"155 631 118";"B01";"1";"50";"0";"2";"1";"1";"3";""
"202300027897";"155 631 119";"A01";"1";"7";"0";"0";"0";"0";"1";""
"202300027898";"155 631 117";"A01";"3";"3";"0";"9";"9";"21";"1";""
"202300027899";"155 631 112";"B01";"2";"7";"0";"2";"1";"2";"1";""
"202300027899";"155 631 115";"A01";"1";"30";"0";"2";"1";"18";"1";""
"202300027900";"155 631 109";"A01";"2";"7";"0";"2";"1";"1";"1";""
"202300027900";"155 631 113";"B01";"0";"7";"2";"2";"5";"15";"1";""
"202300027901";"155 631 110";"A01";"1";"32";"0";"2";"0";"9";"1";""
"202300027901";"155 631 114";"B01";"1";"7";"0";"0";"0";"1";"1";""
"202300027902";"155 631 111";"A01";"1";"2";"0";"2";"1";"1";"1";""
"202300027902";"155 631 116";"B01";"2";"7";"0";"2";"2";"15";"1";""
"202300027903";"155 631 106";"A01";"2";"7";"2";"0";"1";"5";"1";""
"202300027904";"155 631 105";"C01";"2";"7";"0";"2";"4";"2";"1";""
"202300027904";"155 631 107";"B01";"2";"7";"0";"2";"4";"2";"1";""
"202300027904";"155 631 108";"A01";"2";"10";"0";"2";"1";"2";"3";""
"202300027905";"155 631 104";"A01";"2";"7";"1";"0";"1";"1";"1";""
"202300027906";"155 631 103";"B01";"2";"7";"0";"0";"0";"9";"1";""
"202300027907";"155 631 102";"A01";"2";"7";"0";"2";"3";"2";"0";""
"202300027908";"155 631 099";"A01";"1";"7";"0";"1";"2";"2";"1";""
"202300027909";"155 631 098";"B01";"1";"7";"0";"2";"1";"9";"1";""
"202300027909";"155 631 101";"A01";"1";"7";"0";"2";"1";"9";"1";""
"202300027910";"155 631 097";"A01";"1";"7";"0";"2";"8";"5";"1";""
"202300027910";"155 631 100";"B01";"1";"10";"0";"2";"3";"1";"1";""
"202300027911";"155 631 096";"A01";"1";"32";"0";"1";"1";"1";"1";""
"202300027912";"155 631 094";"A01";"1";"34";"0";"1";"3";"2";"1";""
"202300027913";"155 631 092";"B01";"3";"7";"0";"2";"6";"1";"1";""
"202300027913";"155 631 095";"A01";"0";"34";"0";"2";"1";"1";"1";""
"202300027914";"155 631 093";"A01";"3";"7";"6";"0";"3";"13";"1";""
"202300027915";"155 631 090";"A01";"1";"43";"0";"1";"1";"14";"1";""