"Num_Acc";"id_vehicule";"num_veh";"senc";"catv";"obs";"obsm";"choc";"manv";"motor";"occutc"
"202300028506";"155 629 997";"A01";"1";"13";"13";"0";"2";"1";"1";""
"202300028507";"155 629 996";"A01";"3";"7";"1";"0";"1";"1";"1";""
"202300028508";"155 629 993";"A01";"3";"2";"12";"0";"1";"21";"1";""
"202300028509";"155 629 992";"A01";"3";"34";"0";"2";"7";"1";"1";""
"202300028509";"155 629 995";"B01";"3";"32";"0";"2";"3";"1";"1";""
"202300028510";"155 629 991";"B01";"2";"7";"0";"2";"4";"1";"1";""
"202300028510";"155 629 994";"A01";"2";"33";"0";"2";"1";"1";"1";""
"202300028511";"155 629 988";"A01";"2";"7";"3";"0";"1";"1";"1";""
"202300028512";"155 629 986";"B01";"1";"33";"0";"2";"1";"19";"1";""
"202300028512";"155 629 990";"A01";"1";"7";"0";"2";"1";"15";"1";""
"202300028513";"155 629 985";"A01";"0";"7";"0";"2";"1";"16";"0";""
"202300028513";"155 629 987";"B01";"1";"42";"0";"2";"7";"1";"1";""
"202300028513";"155 629 989";"C01";"2";"37";"0";"2";"1";"1";"1";"1"
"202300028514";"155 629 983";"B01";"1";"7";"0";"2";"6";"1";"1";""
"202300028514";"155 629 984";"A01";"1";"7";"0";"2";"1";"11";"1";""
"202300028515";"155 629 980";"A01";"1";"7";"6";"0";"2";"11";"1";""
"202300028515";"155 629 982";"B01";"1";"7";"6";"0";"2";"1";"1";""
"202300028516";"155 629 978";"B01";"1";"33";"0";"2";"4";"23";"1";""
"202300028516";"155 629 981";"Z01";"1";"7";"14";"0";"1";"2";"1";""
"202300028517";"155 629 979";"A01";"2";"33";"3";"0";"0";"26";"1";""
"202300028518";"155 629 974";"A01";"1";"7";"0";"2";"2";"13";"1";""
"202300028518";"155 629 977";"B01";"2";"33";"0";"2";"1";"2";"1";""
"202300028519";"155 629 973";"A01";"1";"7";"0";"2";"0";"26";"0";""
"202300028519";"155 629 976";"B01";"1";"31";"0";"2";"7";"26";"0";""
"202300028520";"155 629 971";"A01";"1";"10";"0";"0";"4";"2";"1";""
"202300028520";"155 629 972";"B01";"1";"7";"0";"2";"1";"2";"1";""
"202300028520";"155 629 975";"C01";"1";"7";"0";"2";"1";"2";"2";""
"202300028521";"155 629 968";"B01";"2";"7";"0";"2";"1";"21";"1";""
"202300028521";"155 629 970";"A01";"1";"34";"0";"2";"1";"26";"1";""
"202300028522";"155 629 967";"B01";"3";"7";"0";"0";"0";"24";"0";""
"202300028522";"155 629 969";"A01";"3";"7";"1";"0";"2";"1";"1";""
"202300028523";"155 629 965";"A01";"2";"33";"0";"2";"7";"3";"1";""
"202300028523";"155 629 966";"B01";"2";"7";"0";"2";"8";"13";"1";""
"202300028524";"155 629 964";"A01";"1";"7";"6";"0";"2";"1";"1";""
"202300028525";"155 629 963";"A01";"2";"7";"1";"0";"1";"1";"1";""
"202300028526";"155 629 961";"A01";"0";"21";"16";"0";"0";"1";"0";""
"202300028527";"155 629 960";"A01";"1";"15";"0";"2";"2";"26";"1";""
"202300028527";"155 629 962";"B01";"1";"7";"4";"2";"4";"11";"1";""
"202300028528";"155 629 955";"A01";"1";"30";"0";"2";"1";"1";"1";""
"202300028528";"155 629 958";"B01";"1";"7";"0";"2";"4";"23";"1";""
"202300028529";"155 629 954";"B01";"1";"7";"0";"2";"3";"15";"1";""
"202300028529";"155 629 957";"A01";"1";"34";"0";"2";"1";"17";"1";""
"202300028530";"155 629 956";"B01";"3";"1";"0";"2";"8";"0";"5";""
"202300028530";"155 629 959";"A01";"2";"7";"0";"9";"3";"0";"1";""
"202300028531";"155 629 950";"A01";"1";"7";"0";"2";"6";"10";"1";""
"202300028531";"155 629 953";"B01";"1";"34";"0";"2";"1";"0";"1";""
"202300028532";"155 629 948";"B01";"1";"7";"0";"2";"1";"1";"1";""
"202300028532";"155 629 951";"A01";"2";"2";"0";"2";"1";"13";"1";""
"202300028533";"155 629 949";"A01";"3";"7";"0";"2";"3";"1";"1";""
"202300028533";"155 629 952";"B01";"3";"7";"0";"2";"2";"9";"1";""
"202300028534";"155 629 946";"A01";"2";"10";"0";"2";"3";"15";"1";""
"202300028534";"155 629 947";"B01";"2";"33";"0";"2";"7";"17";"1";""
"202300028535";"155 629 945";"A01";"3";"7";"0";"1";"2";"13";"0";""
"202300028536";"155 629 944";"A01";"2";"33";"0";"0";"7";"9";"1";""
"202300028537";"155 629 943";"A01";"3";"7";"10";"0";"2";"0";"1";""
"202300028538";"155 629 941";"A01";"3";"7";"0";"0";"3";"7";"1";""
"202300028538";"155 629 942";"Y01";"3";"1";"0";"2";"1";"19";"5";""
"202300028539";"155 629 940";"A01";"1";"7";"13";"0";"9";"1";"1";""
"202300028540";"155 629 939";"A01";"2";"7";"0";"1";"3";"1";"1";""
"202300028541";"155 629 936";"A01";"0";"7";"0";"2";"3";"1";"0";""
"202300028541";"155 629 938";"B01";"0";"34";"0";"2";"8";"0";"0";""
"202300028542";"155 629 935";"A01";"2";"7";"13";"0";"9";"2";"1";""
"202300028543";"155 629 934";"B01";"2";"2";"0";"2";"1";"1";"2";""
"202300028543";"155 629 937";"A01";"1";"7";"0";"2";"3";"1";"2";""
"202300028544";"155 629 933";"A01";"1";"7";"0";"0";"2";"0";"6";""
"202300028545";"155 629 932";"A01";"2";"3";"14";"0";"9";"26";"1";""
"202300028546";"155 629 930";"B01";"2";"2";"0";"2";"7";"1";"3";""
"202300028546";"155 629 931";"A01";"2";"7";"0";"2";"3";"9";"1";""
"202300028547";"155 629 929";"A01";"1";"10";"6";"0";"1";"1";"1";""
"202300028548";"155 629 927";"B01";"0";"2";"0";"2";"2";"1";"1";""
"202300028548";"155 629 928";"A01";"0";"7";"0";"2";"3";"15";"1";""
"202300028549";"155 629 924";"A01";"1";"7";"0";"0";"9";"2";"1";""
"202300028550";"155 629 926";"A01";"2";"7";"11";"0";"1";"21";"1";""
"202300028551";"155 629 923";"A01";"1";"33";"0";"2";"1";"1";"1";""
"202300028551";"155 629 925";"B01";"1";"7";"0";"2";"6";"15";"1";""
"202300028552";"155 629 919";"A01";"1";"7";"0";"2";"2";"22";"2";""
"202300028552";"155 629 921";"B01";"1";"80";"1";"0";"3";"1";"3";""
"202300028553";"155 629 920";"A01";"2";"32";"0";"2";"1";"26";"1";""
"202300028553";"155 629 922";"B01";"1";"33";"0";"2";"3";"1";"1";""
"202300028554";"155 629 917";"A01";"1";"33";"0";"6";"0";"0";"1";""
"202300028555";"155 629 916";"A01";"1";"7";"13";"0";"1";"19";"1";""
"202300028556";"155 629 915";"B01";"2";"2";"0";"2";"7";"1";"3";""
"202300028556";"155 629 918";"A01";"2";"1";"0";"2";"1";"1";"5";""
"202300028557";"155 629 912";"B01";"1";"33";"0";"2";"1";"1";"0";""
"202300028557";"155 629 914";"A01";"1";"7";"0";"2";"6";"15";"0";""
"202300028558";"155 629 909";"B01";"1";"7";"0";"2";"3";"1";"1";""
"202300028558";"155 629 911";"A01";"1";"33";"0";"2";"5";"15";"0";""
"202300028559";"155 629 906";"A01";"2";"7";"0";"2";"1";"17";"0";""
"202300028559";"155 629 908";"B01";"1";"7";"0";"2";"1";"0";"0";""
"202300028560";"155 629 903";"A01";"3";"7";"0";"1";"1";"15";"0";""
"202300028561";"155 629 904";"E01";"2";"7";"0";"2";"1";"1";"0";""
"202300028561";"155 629 905";"A01";"2";"7";"0";"2";"1";"13";"0";""
"202300028561";"155 629 907";"B01";"2";"7";"0";"2";"6";"1";"0";""
"202300028561";"155 629 910";"C01";"1";"7";"0";"2";"1";"1";"0";""
"202300028561";"155 629 913";"D01";"2";"7";"0";"2";"1";"1";"0";""
"202300028562";"155 629 901";"A01";"0";"7";"12";"0";"9";"1";"1";""
"202300028563";"155 629 900";"A01";"3";"7";"0";"2";"1";"9";"1";""
"202300028563";"155 629 902";"B01";"3";"50";"0";"2";"1";"1";"3";""
"202300028564";"155 629 898";"B01";"1";"7";"0";"2";"2";"1";"0";""
"202300028564";"155 629 899";"A01";"2";"2";"0";"2";"3";"15";"1";""
"202300028565";"155 629 895";"A01";"3";"30";"0";"2";"1";"13";"1";""
"202300028565";"155 629 897";"B01";"3";"7";"0";"2";"1";"1";"1";""
"202300028566";"155 629 894";"A01";"2";"7";"0";"2";"3";"1";"1";""
"202300028566";"155 629 896";"B01";"1";"31";"0";"2";"1";"17";"1";""
"202300028567";"155 629 893";"A01";"1";"33";"3";"0";"3";"1";"1";""
"202300028568";"155 629 892";"A01";"1";"7";"0";"1";"2";"1";"1";""
"202300028569";"155 629 891";"A01";"2";"10";"0";"1";"1";"1";"1";""
"202300028570";"155 629 889";"A01";"2";"50";"0";"1";"1";"1";"3";""
"202300028571";"155 629 887";"A01";"2";"7";"0";"1";"3";"14";"1";""
"202300028572";"155 629 888";"A01";"2";"33";"0";"2";"2";"17";"1";""
"202300028572";"155 629 890";"B01";"2";"7";"0";"2";"3";"15";"1";""
"202300028573";"155 629 885";"A01";"1";"1";"0";"0";"0";"0";"5";""
"202300028574";"155 629 881";"A01";"1";"7";"0";"2";"5";"17";"1";""
"202300028574";"155 629 883";"B01";"1";"33";"0";"2";"3";"1";"1";""
"202300028575";"155 629 880";"C01";"1";"7";"0";"2";"4";"1";"1";""
"202300028575";"155 629 884";"B01";"1";"7";"0";"2";"4";"1";"1";""
"202300028575";"155 629 886";"A01";"1";"7";"0";"2";"1";"1";"1";""
"202300028576";"155 629 876";"B01";"2";"7";"0";"2";"3";"1";"1";""
"202300028576";"155 629 878";"A01";"1";"34";"0";"2";"1";"13";"1";""
"202300028577";"155 629 873";"B01";"2";"7";"0";"2";"3";"1";"1";""
"202300028577";"155 629 877";"A01";"1";"7";"0";"2";"1";"2";"1";""
"202300028578";"155 629 874";"A01";"1";"7";"1";"2";"1";"2";"1";""
"202300028578";"155 629 875";"B01";"1";"7";"1";"0";"4";"2";"1";""
"202300028578";"155 629 879";"C01";"1";"7";"0";"0";"4";"2";"1";""
"202300028579";"155 629 872";"A01";"3";"7";"0";"1";"3";"1";"1";""
"202300028580";"155 629 871";"A01";"3";"7";"1";"0";"2";"1";"1";""
"202300028581";"155 629 869";"A01";"1";"13";"0";"2";"3";"13";"1";""
"202300028581";"155 629 870";"B01";"1";"50";"0";"2";"1";"2";"3";""
"202300028582";"155 629 865";"A01";"2";"33";"0";"2";"2";"1";"1";""
"202300028582";"155 629 868";"B01";"2";"7";"0";"0";"0";"11";"1";""
"202300028583";"155 629 864";"A01";"2";"7";"0";"2";"3";"15";"1";""
"202300028583";"155 629 866";"B01";"1";"2";"0";"2";"1";"1";"1";""
"202300028584";"155 629 863";"A01";"2";"7";"0";"2";"3";"13";"1";""
"202300028584";"155 629 867";"B01";"1";"7";"0";"2";"2";"1";"1";""
"202300028585";"155 629 861";"A01";"1";"7";"0";"2";"7";"15";"1";""
"202300028585";"155 629 862";"B01";"2";"33";"0";"2";"1";"1";"1";""
"202300028586";"155 629 859";"A01";"1";"7";"17";"0";"1";"13";"1";""
"202300028587";"155 629 858";"A01";"2";"7";"0";"2";"1";"2";"0";""
"202300028587";"155 629 860";"B01";"2";"7";"0";"2";"4";"2";"0";""
"202300028588";"155 629 857";"A01";"1";"43";"0";"6";"2";"1";"1";""
"202300028589";"155 629 854";"A01";"2";"7";"0";"1";"1";"1";"2";""
"202300028590";"155 629 852";"A01";"2";"33";"0";"2";"8";"2";"1";""
"202300028590";"155 629 855";"B01";"1";"7";"0";"2";"8";"15";"1";""
"202300028591";"155 629 853";"A01";"2";"7";"0";"2";"3";"15";"1";""
"202300028591";"155 629 856";"B01";"2";"50";"0";"2";" -1";"19";"3";""
"202300028592";"155 629 848";"A01";"1";"7";"1";"0";"1";"1";"1";""
"202300028592";"155 629 851";"B01";"1";"7";"13";"2";"0";"23";"1";""
"202300028593";"155 629 847";"A01";"2";"7";"0";"2";"8";"15";"1";""
"202300028593";"155 629 850";"B01";"1";"33";"0";"2";"1";"1";"1";""
"202300028594";"155 629 846";"A01";"1";"7";"0";"2";"3";"1";"1";""
"202300028594";"155 629 849";"B01";"2";"50";"0";"2";"1";"19";"3";""
"202300028595";"155 629 845";"A01";"2";"33";"0";"0";"0";"1";"1";""
"202300028596";"155 629 842";"A01";"1";"33";"0";"2";"1";"17";"1";""
"202300028596";"155 629 843";"B01";"2";"7";"0";"2";"1";"26";"1";""
"202300028597";"155 629 841";"A01";"1";"1";"0";"2";"0";"1";"5";""
"202300028597";"155 629 844";"B01";"1";"15";"0";"9";"0";"17";"1";""
"202300028598";"155 629 839";"B01";"1";"7";"0";"0";"1";"2";"0";""
"202300028598";"155 629 840";"A01";"2";"7";"0";"0";"2";"2";"0";""
"202300028599";"155 629 837";"A01";"2";"2";"3";"0";"7";"26";"1";""
"202300028600";"155 629 836";"A01";"1";"7";"0";"2";"1";"1";"1";""
"202300028600";"155 629 838";"B01";"1";"7";"0";"2";"4";"0";"1";""
"202300028601";"155 629 835";"A01";"1";"7";"0";"0";"9";"1";"1";""
"202300028602";"155 629 832";"A01";"1";"1";"0";"0";"7";"1";"5";""
"202300028603";"155 629 831";"A01";"3";"10";"0";"2";"3";"15";"1";""
"202300028603";"155 629 834";"B01";"3";"33";"0";"2";"2";"1";"1";""
"202300028604";"155 629 830";"A01";"1";"7";"0";"2";"2";"19";"1";""
"202300028604";"155 629 833";"B01";"1";"2";"0";"2";"1";"1";"1";""
"202300028605";"155 629 829";"A01";"2";"7";"2";"0";"1";"1";"1";""
"202300028606";"155 629 827";"A01";"1";"50";"0";"1";"1";"0";"3";""
"202300028607";"155 629 826";"A01";"1";"7";"0";"2";"3";"13";"1";""
"202300028607";"155 629 828";"B01";"2";"10";"0";"2";"3";"21";"1";""
"202300028608";"155 629 825";"A01";"1";"7";"15";"0";"1";"14";"1";""
"202300028609";"155 629 824";"A01";"3";"7";"1";"0";"1";"26";"0";""
"202300028610";"155 629 823";"A01";"1";"7";"6";"0";"1";"1";"1";""
"202300028611";"155 629 820";"A01";"2";"50";"0";"2";"0";"0";"3";""
"202300028611";"155 629 821";"B01";"1";"7";"0";"9";"2";"15";"1";""
"202300028612";"155 629 819";"B01";"2";"7";"0";"2";"1";"1";"3";""
"202300028612";"155 629 822";"A01";"1";"7";"0";"2";"2";"1";"1";""
"202300028613";"155 629 817";"A01";"2";"7";"0";"0";"3";"2";"1";""
"202300028613";"155 629 818";"B01";"2";"7";"4";"0";"5";"2";"1";""
"202300028614";"155 629 816";"A01";"2";"7";"0";"1";"1";"1";"3";""
"202300028615";"155 629 812";"A01";"2";"33";"4";"0";"3";"13";"1";""
"202300028616";"155 629 813";"A01";"1";"7";"0";"2";"2";"1";"1";""
"202300028616";"155 629 815";"B01";"1";"50";"0";"2";"1";"15";"3";""
"202300028617";"155 629 814";"A01";"1";"10";"0";"1";"1";"1";"0";""
"202300028618";"155 629 808";"B01";"2";"7";"0";"2";"7";"16";"1";""
"202300028618";"155 629 811";"A01";"1";"2";"0";"2";"1";"2";"1";""
"202300028619";"155 629 807";"B01";"1";"7";"3";"0";"4";"2";"1";""
"202300028619";"155 629 810";"A01";"1";"7";"0";"2";"1";"2";"1";""
"202300028620";"155 629 806";"A01";"3";"7";"0";"2";"1";"1";"1";""
"202300028620";"155 629 809";"B01";"3";"7";"0";"2";"8";"0";"1";""
"202300028621";"155 629 805";"A01";"3";"31";"0";"0";"0";"1";"1";""
"202300028622";"155 629 803";"A01";"2";"10";"0";"2";"2";"11";"1";""
"202300028622";"155 629 804";"B01";"2";"15";"0";"2";"6";"11";"1";""
"202300028623";"155 629 801";"A01";"2";"1";"8";"0";"1";"26";"5";""
"202300028624";"155 629 800";"A01";"3";"7";"0";"2";"1";"1";"1";""
"202300028624";"155 629 802";"B01";"0";"7";"0";"2";"3";"17";"1";""
"202300028625";"155 629 798";"A01";"2";"2";"6";"9";"7";"1";"1";""
"202300028626";"155 629 797";"A01";"1";"10";"13";"2";"2";"17";"1";""
"202300028626";"155 629 799";"B01";"1";"7";"7";"2";"3";"9";"1";""
"202300028627";"155 629 796";"A01";"1";"10";"13";"0";"1";"9";"1";""
"202300028628";"155 629 794";"A01";"1";"7";"6";"0";"7";"1";"1";""
"202300028629";"155 629 793";"B01";"2";"33";"0";"2";"1";"2";"1";""
"202300028629";"155 629 795";"A01";"2";"7";"0";"2";"5";"1";"1";""
"202300028630";"155 629 788";"B01";"1";"7";"0";"2";"7";"1";"1";""
"202300028630";"155 629 792";"A01";"3";"7";"0";"2";"1";"1";"1";""
"202300028631";"155 629 787";"A01";"2";"7";"0";"2";"8";"15";"2";""
"202300028631";"155 629 790";"B01";"2";"33";"0";"2";"2";"17";"1";""
"202300028632";"155 629 782";"A01";"1";"7";"0";"2";"4";"1";"1";""
"202300028632";"155 629 784";"Z01";"1";"32";"0";"2";"1";"1";"1";""
"202300028633";"155 629 781";"B01";"1";"7";"0";"2";"3";"1";"1";""
"202300028633";"155 629 786";"A01";"3";"10";"0";"2";"7";"19";"1";""
"202300028634";"155 629 780";"B01";"0";"50";"0";"2";"1";"1";"3";""
"202300028634";"155 629 783";"C01";"0";"50";"0";"2";"1";"2";"3";""
"202300028634";"155 629 785";"A01";"0";"7";"0";"2";"3";"10";"1";""
"202300028635";"155 629 778";"A01";"3";"7";"0";"2";"4";"1";"1";""
"202300028635";"155 629 779";"B01";"3";"7";"0";"2";"1";"2";"1";""
"202300028636";"155 629 777";"A01";"3";"7";"0";"1";"2";"1";"1";""
"202300028637";"155 629 776";"A01";"0";"7";"0";"1";"3";"16";"1";""
"202300028638";"155 629 775";"A01";"1";"7";"4";"0";"1";"13";"1";""
"202300028639";"155 629 774";"A01";"1";"7";"6";"0";"1";"1";"1";""
"202300028640";"155 629 772";"A01";"1";"7";"4";"2";"1";"5";"1";""
"202300028640";"155 629 773";"B01";"2";"7";"0";"2";"1";"1";"1";""
"202300028641";"155 629 771";"A01";"1";"7";"9";"0";"1";"1";"1";""
"202300028642";"155 629 769";"B01";"2";"7";"0";"2";"6";"1";"1";""
"202300028642";"155 629 770";"A01";"2";"15";"0";"2";"1";"13";"1";""
"202300028643";"155 629 768";"A01";"2";"7";"0";"1";"3";"1";"1";""
"202300028644";"155 629 767";"A01";"3";"7";"0";"1";"3";"1";"1";""
"202300028645";"155 629 765";"A01";"1";"7";"6";"0";"4";"0";"1";""
"202300028646";"155 629 763";"A01";"3";"7";"0";"1";"1";"1";"1";""
"202300028647";"155 629 764";"A01";"2";"7";"4";"2";"2";"14";"1";""
"202300028647";"155 629 766";"B01";"2";"10";"0";"2";"3";"1";"1";""
"202300028648";"155 629 760";"A01";"3";"7";"0";"2";"3";"15";"1";""
"202300028648";"155 629 762";"B01";"3";"1";"0";"2";"0";"1";"5";""
"202300028649";"155 629 758";"A01";"1";"7";"0";"2";"1";"1";"1";""
"202300028649";"155 629 759";"B01";"1";"7";"0";"2";"4";"1";"1";""
"202300028650";"155 629 757";"A01";"2";"7";"8";"0";"0";"5";"1";""
"202300028651";"155 629 756";"B01";"3";"37";"0";"2";"3";"1";"3";"7"
"202300028651";"155 629 761";"A01";"3";"7";"0";"2";"2";"1";"2";""
"202300028652";"155 629 754";"A01";"2";"7";"0";"1";"3";"15";"1";""
"202300028653";"155 629 753";"A01";"2";"10";"0";"2";"1";"0";"1";""
"202300028653";"155 629 755";"B01";"2";"7";"0";"2";"4";"23";"1";""
"202300028654";"155 629 752";"A01";"3";"7";"0";"1";"1";"1";"1";""
"202300028655";"155 629 750";"A01";"3";"7";"0";"1";"2";"1";"1";""
"202300028656";"155 629 748";"A01";"2";"10";"0";"2";"1";"2";"1";""
"202300028656";"155 629 749";"B01";"2";"7";"0";"2";"4";"2";"1";""
"202300028656";"155 629 751";"C01";"2";"7";"0";"2";"4";"2";"1";""
"202300028657";"155 629 746";"A01";"1";"7";"6";"0";"2";"25";"1";""
"202300028658";"155 629 745";"A01";"3";"33";"0";"2";"6";"18";"1";""
"202300028658";"155 629 747";"B01";"3";"7";"0";"2";"3";"2";"1";""
"202300028659";"155 629 744";"A01";"1";"7";"13";"0";"1";"0";"1";""
"202300028660";"155 629 743";"A01";"1";"33";"0";"0";"0";"1";"1";""
"202300028661";"155 629 741";"A01";"1";"7";"2";"0";"1";"1";"1";""
"202300028662";"155 629 739";"B01";"2";"7";"0";"2";"1";"1";"1";""
"202300028662";"155 629 742";"A01";"1";"7";"0";"2";"7";"1";"1";""
"202300028663";"155 629 737";"A01";"1";"33";"2";"0";"2";"13";"1";""
"202300028664";"155 629 735";"B01";"2";"7";"0";"2";"6";"2";"1";""
"202300028664";"155 629 738";"A01";"2";"7";"0";"2";"2";"12";"1";""
"202300028664";"155 629 740";"C01";"2";"7";"0";"2";"6";"2";"1";""
"202300028665";"155 629 733";"B01";"2";"50";"0";"2";"1";"1";"3";""
"202300028665";"155 629 736";"A01";"1";"7";"0";"2";"2";"15";"6";""
"202300028666";"155 629 732";"A01";"3";"7";"0";"2";"1";"19";"1";""
"202300028666";"155 629 734";"B01";"1";"7";"0";"0";"8";"1";"1";""
"202300028667";"155 629 730";"B01";"1";"7";"0";"2";"7";"12";"1";""
"202300028667";"155 629 731";"A01";"1";"33";"0";"2";"1";"3";"1";""
"202300028668";"155 629 728";"B01";"1";"33";"0";"2";"8";"13";"1";""
"202300028668";"155 629 729";"A01";"2";"10";"0";"2";"8";"0";"1";""
"202300028669";"155 629 726";"A01";"3";"7";"0";"2";"1";"1";"6";""
"202300028669";"155 629 727";"B01";"3";"7";"0";"2";"4";"23";"0";""
"202300028670";"155 629 724";"A01";"1";"31";"0";"2";"1";"2";"1";""
"202300028670";"155 629 725";"B01";"1";"7";"0";"2";"6";"2";"1";""
"202300028671";"155 629 720";"B01";"2";"7";"0";"2";"1";"9";"1";""
"202300028671";"155 629 723";"A01";"2";"7";"0";"2";"2";"1";"1";""
"202300028672";"155 629 721";"B01";"1";"7";"0";"0";"4";"19";"1";""
"202300028672";"155 629 722";"A01";"1";"7";"6";"2";"1";"19";"1";""
"202300028673";"155 629 717";"A01";"3";"31";"0";"2";"1";"2";"1";""
"202300028673";"155 629 719";"B01";"3";"7";"0";"2";"2";"16";"1";""
"202300028674";"155 629 716";"A01";"1";"7";"0";"2";"7";"13";"1";""
"202300028674";"155 629 718";"B01";"2";"7";"0";"2";"7";"13";"1";""
"202300028675";"155 629 714";"A01";"1";"7";"0";"2";"1";"1";"1";""
"202300028675";"155 629 715";"B01";"1";"7";"0";"2";"4";"15";"1";""
"202300028676";"155 629 712";"A01";"3";"50";"0";"1";"2";"1";"3";""
"202300028677";"155 629 711";"A01";"2";"7";"0";"2";"1";"26";"1";""
"202300028677";"155 629 713";"B01";"1";"7";"0";"2";"1";"1";"1";""
"202300028678";"155 629 709";"A01";"1";"7";"0";"2";"1";"1";"1";""
"202300028678";"155 629 710";"B01";"1";"1";"0";"2";"7";"1";"5";""
"202300028679";"155 629 708";"A01";"3";"7";"0";"1";"0";"9";"1";""
"202300028680";"155 629 703";"B01";"1";"1";"0";"2";"1";"1";"5";""
"202300028680";"155 629 705";"A01";"2";"7";"0";"2";"3";"9";"1";""
"202300028681";"155 629 702";"Z01";"1";"2";"0";"2";"0";"0";"0";""
"202300028681";"155 629 704";"A01";"1";"10";"0";"2";"1";"15";"1";""
"202300028682";"155 629 701";"B01";"2";"7";"0";"1";"8";"16";"1";""
"202300028683";"155 629 697";"A01";"2";"33";"0";"2";"1";"16";"1";""
"202300028683";"155 629 700";"B01";"2";"15";"0";"2";"3";"1";"1";""
"202300028684";"155 629 696";"A01";"1";"7";"0";"2";"3";"5";"6";""
"202300028684";"155 629 699";"B01";"2";"7";"0";"2";"3";"1";"0";""
"202300028685";"155 629 695";"B01";"2";"50";"0";"2";"1";"1";"3";""
"202300028685";"155 629 698";"A01";"1";"30";"0";"2";"7";"15";"1";""
"202300028686";"155 629 692";"A01";"1";"7";"0";"2";"1";"0";"0";""
"202300028686";"155 629 693";"B01";"1";"7";"0";"2";"8";"0";"0";""
"202300028687";"155 629 691";"B01";"1";"33";"0";"2";"2";"1";"1";""
"202300028687";"155 629 694";"A01";"2";"7";"0";"2";"3";"15";"1";""
"202300028688";"155 629 689";"A01";"1";"7";"0";"2";"8";"15";"2";""
"202300028688";"155 629 690";"B01";"1";"2";"0";"2";"1";"21";"1";""
"202300028689";"155 629 688";"A01";"3";"15";"0";"1";"2";"1";"0";""
"202300028690";"155 629 686";"B01";" -1";"0";" -1";" -1";" -1";" -1";" -1";""
"202300028690";"155 629 687";"A01";"3";"33";"0";"2";"1";"1";"1";""
"202300028691";"155 629 683";"A01";"3";"10";"0";"2";"2";"1";"1";""
"202300028691";"155 629 685";"B01";"3";"0";"0";"2";"2";"19";"6";""
"202300028692";"155 629 684";"A01";"2";"7";"0";"1";"3";"1";"1";""
"202300028693";"155 629 680";"A01";"3";"33";"0";"2";"1";"3";"1";""
"202300028693";"155 629 681";"B01";"3";"7";"0";"2";"1";"9";"1";""
"202300028694";"155 629 678";"B01";"1";"7";"0";"2";"1";"1";"1";""
"202300028694";"155 629 679";"A01";"1";"7";"0";"2";"8";"19";"1";""
"202300028695";"155 629 677";"A01";"3";"7";"13";"0";"8";"3";"1";""
"202300028696";"155 629 674";"A01";"2";"32";"0";"2";"9";"9";"1";""
"202300028697";"155 629 673";"A01";"2";"7";"6";"0";"1";"1";"1";""
"202300028698";"155 629 670";"A01";"2";"33";"0";"2";"1";"13";"1";""
"202300028698";"155 629 671";"B01";"2";"7";"0";"2";"5";"1";"3";""
"202300028699";"155 629 669";"B01";"2";"1";"0";"2";"2";"1";"5";""
"202300028699";"155 629 672";"A01";"1";"7";"0";"2";"1";"1";"1";""
"202300028700";"155 629 668";"A01";"3";"10";"0";"1";"5";"26";"3";""
"202300028701";"155 629 666";"A01";"2";"7";"0";"2";"7";"16";"1";""
"202300028701";"155 629 667";"B01";"2";"1";"0";"2";"6";"1";"5";""
"202300028702";"155 629 664";"B01";"1";"2";"0";"0";"2";"16";"0";""
"202300028702";"155 629 665";"A01";"2";"7";"0";"2";"3";"16";"1";""
"202300028703";"155 629 661";"A01";"2";"7";"0";"2";"1";"15";"1";""
"202300028703";"155 629 662";"B01";"0";"33";"0";"2";"1";"1";"1";""
"202300028704";"155 629 659";"A01";"3";"7";"0";"1";"3";"0";"0";""
"202300028705";"155 629 660";"B01";"1";"50";"0";"2";"4";"0";"3";""
"202300028705";"155 629 663";"A01";"2";"7";"0";"2";"3";"1";"1";""
"202300028706";"155 629 658";"A01";"1";"7";"0";"1";"1";"15";"1";""
"202300028707";"155 629 657";"A01";"2";"37";"0";"1";"2";"1";"1";"1"
"202300028708";"155 629 655";"A01";"3";"7";"0";"9";"1";"1";"0";""
"202300028708";"155 629 656";"B01";"3";"1";"0";"2";"1";"5";"5";""
"202300028709";"155 629 654";"A01";"2";"7";"0";"1";"1";"19";"1";""
"202300028710";"155 629 651";"A01";"3";"1";"0";"2";"2";"26";"5";""
"202300028710";"155 629 653";"B01";"3";"7";"0";"2";"2";"16";"1";""
"202300028711";"155 629 647";"A01";"1";"7";"15";"2";"9";"13";"1";""
"202300028711";"155 629 648";"B01";"2";"7";"0";"2";"8";"1";"3";""
"202300028711";"155 629 649";"C01";"2";"7";"0";"2";"8";"1";"0";""
"202300028712";"155 629 645";"A01";"3";"7";"0";"2";"2";"15";"1";""
"202300028712";"155 629 646";"B01";"3";"7";"0";"2";"1";"1";"1";""
"202300028713";"155 629 643";"A01";"2";"7";"14";"0";"2";"1";"1";""
"202300028713";"155 629 644";"B01";"2";"80";"0";"2";"4";"23";"3";""
"202300028714";"155 629 640";"A01";"1";"7";"0";"2";"2";"9";"2";""
"202300028714";"155 629 641";"B01";"2";"1";"0";"2";"0";"0";"5";""
"202300028715";"155 629 639";"A01";"0";"7";"0";"2";"7";"1";"1";""