"Num_Acc";"id_vehicule";"num_veh";"senc";"catv";"obs";"obsm";"choc";"manv";"motor";"occutc"
"202300028923";"155 629 267";"A01";"0";"7";"0";"2";"2";"15";"1";""
"202300028923";"155 629 268";"B01";"1";"32";"0";"2";"1";"1";"1";""
"202300028924";"155 629 266";"A01";"1";"7";"0";"1";"2";"1";"1";""
"202300028925";"155 629 264";"A01";"3";"7";"0";"2";"2";"19";"1";""
"202300028925";"155 629 265";"B01";"3";"33";"0";"2";"2";"3";"1";""
"202300028926";"155 629 263";"A01";"3";"50";"0";"0";"0";"1";"3";""
"202300028927";"155 629 261";"A01";"1";"7";"0";"2";"2";"16";"1";""
"202300028927";"155 629 262";"B01";"1";"1";"0";"2";"1";"1";"5";""
"202300028928";"155 629 259";"B01";"1";"80";"0";"2";"0";"1";"3";""
"202300028928";"155 629 260";"A01";"1";"7";"0";"2";"2";"20";"1";""
"202300028929";"155 629 258";"A01";"1";"30";"13";"0";"1";"1";"1";""
"202300028930";"155 629 256";"B01";"0";"80";"9";"2";"7";"2";"0";""
"202300028930";"155 629 257";"A01";"0";"1";"0";"2";"1";"9";"5";""
"202300028931";"155 629 255";"A01";"0";"10";"6";"0";"2";"14";"1";""
"202300028932";"155 629 254";"A01";"2";"7";"0";"1";"5";"4";"1";""
"202300028933";"155 629 253";"A01";"3";"50";"0";"1";"1";"25";"3";""
"202300028934";"155 629 251";"A01";"3";"7";"0";"2";"3";"9";"3";""
"202300028934";"155 629 252";"B01";"3";"80";"0";"2";"7";"1";"3";""
"202300028935";"155 629 249";"B01";"1";"7";"0";"2";"4";"9";"1";""
"202300028935";"155 629 250";"A01";"1";"10";"0";"2";"1";"2";"1";""
"202300028936";"155 629 247";"A01";"3";"50";"0";"2";"1";"2";"3";""
"202300028936";"155 629 248";"B01";"1";"7";"0";"2";"2";"20";"1";""
"202300028937";"155 629 245";"A01";"2";"7";"0";"2";"3";"1";"1";""
"202300028937";"155 629 246";"B01";"1";"1";"0";"2";"8";"23";"5";""
"202300028938";"155 629 243";"A01";"2";"7";"0";"2";"4";"2";"1";""
"202300028938";"155 629 244";"B01";"2";"7";"0";"2";"4";"2";"1";""
"202300028939";"155 629 242";"A01";"3";"30";"13";"0";"0";"26";"1";""
"202300028940";"155 629 240";"B01";"3";"1";"0";"9";"7";"1";"5";""
"202300028940";"155 629 241";"A01";"3";"7";"0";"2";"8";"22";"1";""
"202300028941";"155 629 238";"A01";"0";"30";"0";"2";"5";"26";"1";""
"202300028941";"155 629 239";"Z01";"0";"7";"0";"2";"0";"0";"0";""
"202300028942";"155 629 237";"A01";"2";"7";"0";"1";"7";"15";"1";""
"202300028943";"155 629 236";"B01";"1";"43";"0";"0";"0";"0";"1";""
"202300028944";"155 629 231";"A01";"1";"7";"4";"0";"8";"0";"1";""
"202300028945";"155 629 229";"A01";"1";"33";"0";"2";"8";"1";"1";""
"202300028945";"155 629 230";"B01";"1";"7";"0";"2";"7";"16";"1";""
"202300028946";"155 629 227";"B01";"1";"1";"0";"0";"0";"0";"5";""
"202300028946";"155 629 228";"A01";"1";"7";"0";"2";"1";"2";"0";""
"202300028947";"155 629 226";"A01";"2";"1";"2";"0";"2";"1";"5";""
"202300028948";"155 629 224";"A01";"1";"10";"0";"2";"5";"17";"1";""
"202300028948";"155 629 225";"B01";"0";"1";"0";"0";"0";"0";"5";""
"202300028949";"155 629 223";"A01";"1";"7";"0";"1";"3";"26";"1";""
"202300028950";"155 629 220";"A01";"3";"7";"0";"2";"8";"1";"2";""
"202300028950";"155 629 221";"B01";"3";"7";"0";"2";"0";"1";"1";""
"202300028950";"155 629 222";"C01";"3";"7";"0";"2";"0";"0";"1";""
"202300028951";"155 629 218";"A01";"1";"32";"0";"2";"1";"2";"1";""
"202300028951";"155 629 219";"B01";"1";"7";"0";"0";"4";"2";"1";""
"202300028952";"155 629 217";"A01";"1";"14";"0";"1";"1";"1";"1";""
"202300028953";"155 629 215";"A01";"1";"7";"0";"2";"5";"1";"1";""
"202300028953";"155 629 216";"B01";"1";"2";"0";"2";"3";"1";"1";""
"202300028954";"155 629 213";"A01";"3";"7";"0";"2";"1";"1";"1";""
"202300028954";"155 629 214";"B01";"3";"99";"0";"2";"1";"9";"2";""
"202300028955";"155 629 212";"A01";"3";"10";"0";"9";"2";"26";"1";""
"202300028956";"155 629 210";"A01";"3";"30";"0";"2";"1";"17";"1";""
"202300028956";"155 629 211";"B01";"3";"7";"0";"2";"5";"15";"1";""
"202300028957";"155 629 207";"C01";"2";"7";"0";"2";"8";"1";"1";""
"202300028957";"155 629 208";"A01";"2";"7";"0";"2";"7";"22";"2";""
"202300028957";"155 629 209";"B01";"2";"31";"0";"2";"1";"3";"1";""
"202300028958";"155 629 205";"B01";"1";"7";"0";"2";"6";"1";"3";""
"202300028958";"155 629 206";"A01";"1";"34";"0";"2";"2";"9";"1";""
"202300028959";"155 629 202";"A01";"1";"30";"0";"2";"1";"2";"1";""
"202300028959";"155 629 203";"B01";"1";"10";"0";"2";"2";"2";"1";""
"202300028959";"155 629 204";"C01";"1";"7";"0";"2";"3";"2";"1";""
"202300028960";"155 629 200";"B01";"1";"10";"0";"2";"5";"23";"1";""
"202300028960";"155 629 201";"A01";"1";"31";"0";"2";"1";"2";"1";""
"202300028961";"155 629 198";"A01";"1";"34";"0";"2";"1";"3";"1";""
"202300028961";"155 629 199";"B01";"1";"10";"0";"2";"3";"11";"3";""
"202300028962";"155 629 197";"A01";"3";"31";"0";"1";"1";"1";"1";""
"202300028963";"155 629 195";"A01";"1";"7";"0";"2";"2";"16";"1";""
"202300028963";"155 629 196";"B01";"1";"1";"0";"2";"1";"1";"5";""
"202300028964";"155 629 193";"A01";"1";"2";"0";"2";"1";"2";"1";""
"202300028964";"155 629 194";"B01";"1";"33";"0";"2";"4";"23";"4";""
"202300028965";"155 629 192";"A01";"2";"7";"0";"1";"1";"1";"1";""
"202300028966";"155 629 190";"B01";"2";"7";"0";"2";"2";"1";"1";""
"202300028966";"155 629 191";"A01";"3";"30";"0";"2";"3";"16";"1";""
"202300028967";"155 629 188";"A01";"1";"7";"0";"2";"3";"16";"2";""
"202300028967";"155 629 189";"B01";"1";"80";"0";"2";"1";"1";"3";""
"202300028968";"155 629 187";"A01";"1";"50";"0";"0";"3";"14";"3";""
"202300028969";"155 629 185";"A01";"2";"33";"0";"2";"1";"16";"1";""
"202300028969";"155 629 186";"B01";"2";"7";"0";"2";"7";"16";"1";""
"202300028970";"155 629 183";"A01";"3";"1";"0";"2";"1";"1";"5";""
"202300028970";"155 629 184";"B01";"3";"14";"0";"2";"6";"23";"0";""
"202300028971";"155 629 181";"Z01";"3";"7";"0";"2";"1";"9";"0";""
"202300028971";"155 629 182";"Y01";"3";"1";"0";"2";"4";"25";"5";""
"202300028972";"155 629 179";"B01";"2";"80";"1";"0";"2";"1";"3";""
"202300028972";"155 629 180";"A01";"2";"7";"0";"2";"3";"22";"1";""
"202300028973";"155 629 177";"B01";"2";"1";"0";"2";"8";"1";"5";""
"202300028973";"155 629 178";"A01";"1";"7";"8";"2";"3";"15";"1";""
"202300028974";"155 629 176";"A01";"2";"50";"0";"1";"1";"1";"3";""
"202300028975";"155 629 174";"A01";"2";"7";"0";"2";"1";"1";"0";""
"202300028975";"155 629 175";"B01";"2";"1";"0";"2";"8";"1";"5";""
"202300028976";"155 629 172";"A01";"1";"7";"0";"2";"1";"1";"1";""
"202300028976";"155 629 173";"B01";"1";"7";"0";"0";"4";"23";"2";""
"202300028977";"155 629 171";"A01";"0";"33";"1";"0";"1";"1";"1";""
"202300028978";"155 629 169";"A01";"1";"10";"0";"2";"4";"4";"1";""
"202300028978";"155 629 170";"B01";"1";"32";"0";"2";"8";"1";"1";""
"202300028979";"155 629 167";"A01";"3";"10";"0";"2";"8";"22";"1";""
"202300028979";"155 629 168";"B01";"1";"1";"0";"2";"1";"1";"5";""
"202300028980";"155 629 165";"A01";"1";"7";"0";"2";"3";"23";"1";""
"202300028980";"155 629 166";"B01";"1";"10";"0";"2";"2";"1";"3";""
"202300028981";"155 629 163";"A01";"2";"30";"0";"2";"1";"15";"1";""
"202300028981";"155 629 164";"B01";"1";"7";"0";"2";"1";"1";"1";""
"202300028982";"155 629 162";"Z01";"3";"7";"0";"1";"1";"1";"1";""
"202300028983";"155 629 160";"A01";"2";"14";"0";"2";"2";"16";"1";""
"202300028983";"155 629 161";"B01";"2";"7";"0";"2";"6";"16";"2";""
"202300028984";"155 629 158";"B01";"0";"10";"0";"2";"2";"15";"0";""
"202300028984";"155 629 159";"A01";"1";"33";"0";"2";"1";"1";"0";""
"202300028985";"155 629 155";"B01";"2";"10";"0";"2";"3";"1";"1";""
"202300028985";"155 629 156";"A01";"1";"34";"0";"2";"2";"26";"1";""
"202300028986";"155 629 153";"A01";"2";"30";"0";"2";"1";"1";"1";""
"202300028986";"155 629 154";"B01";"3";"1";"0";"2";"0";"19";"5";""
"202300028987";"155 629 151";"B01";"3";"7";"0";"2";"1";"2";"1";""
"202300028987";"155 629 152";"A01";"3";"7";"0";"2";"7";"15";"1";""
"202300028988";"155 629 149";"A01";"3";"10";"8";"2";"1";"9";"1";""
"202300028988";"155 629 150";"B01";"0";"7";"8";"2";"4";"1";"1";""
"202300028989";"155 629 148";"A01";"2";"7";"1";"1";"5";"2";"2";""
"202300028990";"155 629 146";"A01";"1";"7";"0";"2";"7";"15";"1";""
"202300028990";"155 629 147";"B01";"2";"31";"0";"2";"1";"1";"1";""
"202300028991";"155 629 144";"A01";"2";"7";"0";"2";"8";"15";"1";""
"202300028991";"155 629 145";"B01";"2";"43";"0";"2";"1";"1";"1";""
"202300028992";"155 629 142";"A01";"2";"30";"0";"2";"1";"18";"1";""
"202300028992";"155 629 143";"B01";"2";"10";"0";"2";"7";"22";"1";""
"202300028993";"155 629 140";"A01";"1";"7";"0";"0";"8";"15";"1";""
"202300028993";"155 629 141";"B01";"1";"43";"0";"0";"7";"1";"1";""
"202300028994";"155 629 138";"A01";"2";"3";"0";"0";"0";"24";"1";""
"202300028994";"155 629 139";"B01";"2";"1";"1";"0";"1";"1";"5";""
"202300028995";"155 629 136";"A01";"2";"7";"0";"2";"2";"10";"0";""
"202300028995";"155 629 137";"B01";"1";"50";"0";"2";"1";"0";"3";""
"202300028996";"155 629 135";"A01";"1";"7";"0";"1";"0";"1";"1";""
"202300028997";"155 629 133";"B01";"0";"33";"0";"2";"3";"15";"1";""
"202300028997";"155 629 134";"A01";"0";"37";"0";"2";"8";"13";"1";"1"
"202300028998";"155 629 132";"A01";"1";"50";"0";"0";"8";"1";"3";""
"202300028999";"155 629 131";"A01";"1";"10";"0";"1";"4";"20";"1";""
"202300029000";"155 629 129";"B01";"1";"2";"0";"2";"1";"1";"3";""
"202300029000";"155 629 130";"A01";"1";"7";"0";"2";"3";"1";"1";""
"202300029001";"155 629 128";"A01";"2";"50";"0";"1";"1";"1";"3";""
"202300029002";"155 629 126";"A01";"1";"14";"0";"2";"5";"1";"1";""
"202300029002";"155 629 127";"B01";"1";"1";"0";"2";"3";"1";"5";""
"202300029003";"155 629 123";"A01";"2";"7";"0";"2";"1";"5";"1";""
"202300029003";"155 629 124";"B01";"1";"7";"0";"2";"1";"1";"1";""
"202300029003";"155 629 125";"C01";"2";"7";"0";"2";"1";"1";"1";""
"202300029004";"155 629 121";"A01";" -1";"7";"0";"2";"1";"15";"1";""
"202300029004";"155 629 122";"B01";" -1";"7";"0";"2";"7";"1";"1";""
"202300029005";"155 629 119";"A01";"2";"15";"0";"0";"6";"1";"1";""
"202300029005";"155 629 120";"B01";"2";"7";"0";"2";"2";"1";"1";""
"202300029006";"155 629 118";"A01";"2";"33";"13";"0";"9";"1";"1";""
"202300029007";"155 629 117";"A01";"2";"7";"2";"0";"1";"1";"0";""
"202300029008";"155 629 115";"A01";"1";"7";"0";"2";"1";"16";"1";""
"202300029008";"155 629 116";"B01";"2";"7";"0";"2";"3";"1";"1";""
"202300029009";"155 629 114";"A01";"1";"33";"7";"0";"0";"1";"1";""
"202300029010";"155 629 112";"A01";"3";"1";"0";"2";"1";"5";"5";""
"202300029010";"155 629 113";"B01";"3";"14";"0";"9";"3";"1";"1";""
"202300029011";"155 629 109";"A01";"1";"10";"0";"2";"1";"1";"1";""
"202300029011";"155 629 110";"B01";"2";"7";"0";"2";"1";"1";"1";""
"202300029011";"155 629 111";"C01";"2";"7";"0";"2";"3";"1";"1";""
"202300029012";"155 629 107";"B01";"2";"7";"0";"2";"2";"17";"0";""
"202300029012";"155 629 108";"A01";"2";"7";"0";"2";"3";"15";"0";""
"202300029013";"155 629 105";"A01";"2";"33";"0";"2";"1";"13";"1";""
"202300029013";"155 629 106";"B01";"1";"10";"0";"2";"3";"1";"1";""
"202300029014";"155 629 103";"A01";"1";"33";"0";"2";"1";"17";"1";""
"202300029014";"155 629 104";"B01";"2";"7";"0";"2";"3";"1";"0";""
"202300029015";"155 629 101";"A01";"1";"7";"0";"2";"3";"13";"1";""
"202300029015";"155 629 102";"B01";"2";"7";"0";"2";"3";"1";"1";""
"202300029016";"155 629 099";"B01";"1";"7";"0";"2";"3";"1";"1";""
"202300029016";"155 629 100";"A01";"3";"7";"0";"2";"2";"9";"1";""
"202300029017";"155 629 097";"A01";"2";"7";"0";"2";"8";"26";"1";""
"202300029017";"155 629 098";"B01";"2";"7";"7";"2";"1";"1";"0";""
"202300029018";"155 629 095";"B01";"1";"33";"0";"2";"2";"1";"1";""
"202300029018";"155 629 096";"A01";"2";"7";"0";"2";"7";"15";"1";""
"202300029019";"155 629 092";"A01";"3";"10";"0";"2";"3";"15";"1";""
"202300029019";"155 629 093";"B01";"3";"2";"0";"0";"8";"1";"1";""
"202300029019";"155 629 094";"C01";"3";"7";"0";"0";"8";"23";"1";""
"202300029020";"155 629 090";"A01";"1";"7";"0";"0";"2";"1";"1";""
"202300029020";"155 629 091";"B01";"2";"7";"0";"0";"1";"1";"1";""
"202300029021";"155 629 089";"A01";" -1";"99";"0";"1";"0";"0";"0";""
"202300029022";"155 629 087";"A01";"2";"7";"0";"2";"2";"9";"1";""
"202300029022";"155 629 088";"B01";"2";"33";"0";"2";"1";"1";"1";""
"202300029023";"155 629 084";"A01";"2";"7";"8";"0";"1";"1";"1";""
"202300029024";"155 629 081";"B01";"1";"7";"0";"2";"3";"0";"1";""
"202300029024";"155 629 082";"C01";"2";"31";"0";"9";"0";"1";"1";""
"202300029024";"155 629 083";"A01";"2";"31";"0";"2";"1";"13";"1";""
"202300029025";"155 629 080";"A01";"2";"33";"2";"0";"1";"1";"1";""
"202300029026";"155 629 079";"A01";"2";"33";"5";"0";"2";"1";"1";""
"202300029027";"155 629 077";"B01";"3";"32";"0";"2";"2";"5";"1";""
"202300029027";"155 629 078";"A01";"3";"7";"0";"2";"3";"1";"1";""
"202300029028";"155 629 076";"A01";"3";"2";"0";"0";"0";"1";"1";""
"202300029029";"155 629 074";"B01";"2";"33";"0";"2";"0";"1";"1";""
"202300029029";"155 629 075";"A01";"1";"33";"0";"2";"0";"13";"1";""
"202300029030";"155 629 070";"B01";"1";"7";"0";"2";"4";"0";"0";""
"202300029030";"155 629 071";"C01";"1";"7";"0";"2";"4";"0";"0";""
"202300029030";"155 629 072";"D01";"1";"7";"0";"0";"4";"0";"0";""
"202300029030";"155 629 073";"A01";"1";"10";"0";"2";"1";"0";"0";""
"202300029031";"155 629 067";"A01";"3";"1";"0";"2";"1";"19";"5";""
"202300029031";"155 629 068";"B01";"3";"2";"0";"2";"1";"1";"1";""
"202300029032";"155 629 065";"B01";"2";"1";"0";"0";"4";"2";"5";""
"202300029032";"155 629 066";"A01";"2";"10";"0";"0";"2";"17";"1";""
"202300029033";"155 629 064";"A01";"1";"21";"0";"6";"8";"21";"1";""
"202300029034";"155 629 062";"B01";"1";"37";"0";"2";"3";"26";"1";"1"
"202300029034";"155 629 063";"A01";"1";"7";"0";"2";"7";"1";"1";""
"202300029035";"155 629 060";"A01";"1";"33";"0";"2";"1";"17";"0";""
"202300029035";"155 629 061";"B01";"2";"7";"0";"2";"1";"9";"1";""
"202300029036";"155 629 058";"B01";"1";"33";"0";"0";"1";"1";"1";""
"202300029036";"155 629 059";"A01";"2";"7";"0";"2";"1";"15";"1";""
"202300029037";"155 629 057";"A01";"1";"33";"0";"0";"0";"1";"1";""
"202300029038";"155 629 055";"A01";"2";"7";"0";"2";"1";"13";"1";""
"202300029038";"155 629 056";"B01";"1";"13";"0";"2";"1";"1";"1";""
"202300029039";"155 629 053";"A01";"2";"10";"0";"2";"2";"20";"1";""
"202300029039";"155 629 054";"B01";"2";"30";"0";"2";"3";"1";"0";""
"202300029040";"155 629 051";"A01";"1";"7";"0";"2";"8";"1";"1";""
"202300029040";"155 629 052";"B01";"2";"7";"0";"2";"3";"13";"0";""
"202300029041";"155 629 049";"A01";"0";"7";"0";"2";"2";"19";"1";""
"202300029041";"155 629 050";"B01";"0";"33";"0";"2";"1";"1";"1";""
"202300029042";"155 629 047";"A01";"1";"7";"0";"2";"3";"16";"1";""
"202300029042";"155 629 048";"B01";"2";"10";"0";"2";"3";"1";"1";""
"202300029043";"155 629 045";"B01";"2";"32";"0";"2";"7";"1";"1";""
"202300029043";"155 629 046";"A01";"0";"10";"0";"2";"6";"19";"1";""
"202300029044";"155 629 042";"A01";"3";"1";"0";"2";"1";"15";"5";""
"202300029044";"155 629 043";"B01";"3";"7";"0";"9";"1";"23";"1";""
"202300029045";"155 629 040";"A01";"2";"7";"0";"2";"2";"14";"1";""
"202300029045";"155 629 041";"B01";"2";"33";"0";"0";"4";"1";"1";""
"202300029046";"155 629 038";"B01";"1";"17";"0";"0";"5";"2";"1";""
"202300029046";"155 629 039";"A01";"1";"10";"3";"2";"1";"2";"1";""
"202300029047";"155 629 036";"A01";"1";"7";"0";"2";"3";"13";"1";""
"202300029047";"155 629 037";"B01";"2";"7";"0";"2";"3";"1";"1";""
"202300029048";"155 629 033";"A01";"1";"7";"0";"2";"1";"1";"1";""
"202300029048";"155 629 034";"B01";"2";"7";"0";"2";"1";"1";"1";""
"202300029048";"155 629 035";"C01";"2";"7";"0";"2";"1";"1";"1";""
"202300029049";"155 629 032";"A01";"0";"7";"15";"9";"0";"0";"1";""
"202300029050";"155 629 029";"A01";"2";"33";"0";"2";"1";"1";"1";""
"202300029050";"155 629 030";"B01";"2";"33";"0";"2";"1";"1";"1";""
"202300029050";"155 629 031";"C01";"1";"10";"0";"2";"3";"13";"1";""
"202300029051";"155 629 027";"A01";"1";"10";"0";"2";"7";"15";"1";""
"202300029051";"155 629 028";"B01";"2";"31";"0";"2";"1";"1";"1";""
"202300029052";"155 629 026";"A01";"0";"7";"0";"1";"2";"1";"0";""
"202300029053";"155 629 025";"A01";"1";"33";"0";"1";"0";"13";"1";""
"202300029054";"155 629 023";"A01";"1";"7";"0";"2";"3";"13";"1";""
"202300029054";"155 629 024";"B01";"2";"7";"2";"2";"3";"1";"1";""
"202300029055";"155 629 019";"A01";"1";"7";"0";"2";"2";"17";"1";""
"202300029055";"155 629 020";"B01";"1";"15";"0";"0";"6";"0";"1";""
"202300029056";"155 629 018";"A01";"2";"21";"7";"0";"7";"14";"1";""
"202300029057";"155 629 017";"A01";"1";"7";"0";"0";"1";"0";"1";""
"202300029058";"155 629 015";"A01";"1";"33";"0";"2";"1";"1";"0";""
"202300029058";"155 629 016";"B01";"2";"7";"0";"2";"3";"15";"0";""
"202300029059";"155 629 013";"A01";"2";"7";"0";"2";"3";"1";"1";""
"202300029059";"155 629 014";"B01";"2";"7";"6";"2";"3";"10";"1";""
"202300029060";"155 629 012";"A01";"1";"7";"6";"0";"1";"15";"1";""
"202300029061";"155 629 011";"A01";"3";"7";"0";"0";"0";"0";"0";""
"202300029062";"155 629 009";"A01";"1";"7";"0";"2";"1";"14";"0";""
"202300029062";"155 629 010";"B01";"2";"7";"0";"2";"1";"1";"1";""
"202300029063";"155 629 007";"A01";"1";"7";"0";"2";"2";"15";"1";""
"202300029063";"155 629 008";"B01";"2";"1";"0";"2";"8";"1";"5";""
"202300029064";"155 629 005";"A01";"3";"7";"0";"0";"8";"9";"1";""
"202300029064";"155 629 006";"B01";"3";"33";"0";"2";"1";"1";"1";""
"202300029065";"155 629 004";"A01";"0";"7";"13";"0";"2";"0";"1";""
"202300029066";"155 629 002";"A01";"1";"7";"0";"0";"0";"17";"1";""
"202300029066";"155 629 003";"B01";"1";"33";"0";"0";"8";"17";"1";""
"202300029067";"155 629 001";"A01";"1";"7";"0";"0";"1";"0";"1";""
"202300029068";"155 628 999";"A01";"3";"10";"0";"2";"7";"1";"0";""
"202300029068";"155 629 000";"B01";"3";"10";"0";"0";"1";"1";"0";""
"202300029069";"155 628 996";"A01";"1";"7";"0";"2";"1";"1";"1";""
"202300029069";"155 628 997";"B01";"1";"7";"0";"2";"4";"23";"1";""
"202300029069";"155 628 998";"C01";"1";"7";"0";"2";"4";"23";"1";""
"202300029070";"155 628 993";"A01";"2";"14";"0";"2";"4";"1";"1";""
"202300029070";"155 628 994";"B01";"2";"7";"0";"2";"6";"2";"1";""
"202300029070";"155 628 995";"C01";"2";"7";"0";"2";"2";"14";"1";""
"202300029071";"155 628 991";"A01";"1";"32";"0";"2";"1";"14";"1";""
"202300029071";"155 628 992";"B01";"1";"7";"0";"2";"6";"1";"2";""
"202300029072";"155 628 989";"A01";"1";"7";"4";"2";"2";"14";"1";""
"202300029072";"155 628 990";"B01";"1";"10";"4";"2";"3";"1";"1";""
"202300029073";"155 628 986";"C01";"2";"7";"0";"2";"5";"23";"1";""
"202300029073";"155 628 987";"A01";"2";"7";"0";"2";"3";"18";"1";""
"202300029073";"155 628 988";"B01";"2";"7";"0";"2";"7";"23";"1";""
"202300029074";"155 628 984";"A01";"2";"33";"0";"2";"1";"2";"1";""
"202300029074";"155 628 985";"B01";"2";"7";"0";"2";"4";"1";"1";""
"202300029075";"155 628 982";"A01";"0";"7";"0";"2";"1";"15";"1";""
"202300029075";"155 628 983";"B01";"2";"1";"0";"2";"8";"1";"5";""
"202300029076";"155 628 979";"A01";"2";"7";"0";"2";"1";"1";"1";""
"202300029076";"155 628 980";"B01";"2";"7";"0";"2";"4";"1";"1";""
"202300029076";"155 628 981";"C01";"2";"7";"0";"2";"4";"1";"1";""
"202300029077";"155 628 978";"A01";"1";"30";"0";"0";"0";"1";"1";""
"202300029078";"155 628 975";"A01";"3";"7";"0";"0";"3";"15";"1";""
"202300029078";"155 628 976";"B01";"3";"2";"0";"2";"0";"0";"1";""
"202300029078";"155 628 977";"C01";"3";"7";"0";"0";"0";"0";"2";""
"202300029079";"155 628 973";"B01";"1";"7";"0";"2";"2";"15";"1";""
"202300029079";"155 628 974";"A01";"2";"33";"0";"2";"1";"1";"1";""
"202300029080";"155 628 971";"B01";"3";"7";"0";"2";"1";"1";"1";""
"202300029080";"155 628 972";"A01";"1";"30";"0";"2";"7";"16";"1";""
"202300029081";"155 628 969";"A01";"2";"80";"0";"2";"8";"1";"3";""
"202300029081";"155 628 970";"B01";"2";"7";"0";"2";"7";"16";"1";""
"202300029082";"155 628 967";"A01";"1";"7";"0";"2";"1";"12";"1";""
"202300029082";"155 628 968";"B01";"1";"7";"0";"0";"4";"0";"2";""
"202300029083";"155 628 965";"A01";"1";"10";"0";"2";"3";"2";"1";""
"202300029083";"155 628 966";"B01";"1";"1";"0";"2";"0";"0";"5";""
"202300029084";"155 628 963";"A01";"1";"7";"0";"2";"0";"0";"1";""
"202300029084";"155 628 964";"B01";"3";"50";"0";"2";"0";"0";"3";""
"202300029085";"155 628 961";"B01";"1";"7";"0";"2";"7";"1";"1";""
"202300029085";"155 628 962";"A01";"1";"50";"0";"2";"1";"5";"3";""
"202300029086";"155 628 959";"A01";"2";"7";"0";"2";"1";"9";"1";""
"202300029086";"155 628 960";"B01";"2";"7";"0";"2";"7";"15";"1";""
"202300029087";"155 628 957";"A01";"3";"10";"4";"2";"3";"21";"1";""
"202300029087";"155 628 958";"B01";"2";"7";"10";"0";"4";"23";"1";""
"202300029088";"155 628 956";"A01";"3";"7";"0";"1";"8";"15";"1";""
"202300029089";"155 628 954";"B01";"2";"7";"0";"9";"3";"16";"1";""
"202300029089";"155 628 955";"A01";"1";"1";"0";"2";"1";"19";"5";""
"202300029090";"155 628 952";"A01";"3";"10";"0";"2";"1";"2";"1";""
"202300029090";"155 628 953";"B01";"3";"7";"0";"2";"7";"2";"1";""
"202300029091";"155 628 950";"Z01";"1";"0";"0";"9";"2";"26";"0";""
"202300029091";"155 628 951";"A01";"2";"50";"0";"2";"1";"15";"3";""
"202300029092";"155 628 948";"B01";"1";"1";"0";"2";"4";"1";"5";""
"202300029092";"155 628 949";"A01";"1";"7";"0";"2";"2";"9";"1";""
"202300029093";"155 628 944";"A01";"1";"7";"8";"0";"1";"0";"2";""
"202300029094";"155 628 942";"B01";"2";"7";"0";"2";"2";"21";"1";""
"202300029094";"155 628 943";"A01";"2";"7";"0";"2";"6";"1";"0";""
"202300029095";"155 628 941";"A01";"3";"7";"9";"1";"1";"14";"1";""
"202300029096";"155 628 940";"A01";"1";"7";"9";"0";"1";"0";"1";""
"202300029097";"155 628 938";"B01";"1";"7";"0";"2";"4";"2";"1";""
"202300029097";"155 628 939";"A01";"1";"30";"0";"2";"1";"2";"1";""
"202300029098";"155 628 937";"A01";"1";"10";"0";"1";"1";"1";"1";""
"202300029099";"155 628 936";"A01";"0";"7";"0";"1";"1";"1";"3";""
"202300029100";"155 628 935";"A01";"1";"7";"0";"1";"2";"9";"1";""
"202300029101";"155 628 933";"B01";"1";"2";"0";"2";"1";"1";"1";""
"202300029101";"155 628 934";"A01";"1";"10";"0";"2";"3";"15";"3";""
"202300029102";"155 628 930";"A01";"1";"7";"0";"2";"1";"2";"1";""
"202300029102";"155 628 931";"B01";"1";"7";"0";"2";"4";"2";"1";""
"202300029102";"155 628 932";"C01";"1";"7";"0";"2";"4";"2";"0";""
"202300029103";"155 628 928";"A01";"2";"7";"0";"2";"2";"15";"1";""
"202300029103";"155 628 929";"B01";"2";"30";"0";"2";"1";"1";"1";""
"202300029104";"155 628 926";"A01";"0";"1";"0";"2";"4";"0";"5";""
"202300029104";"155 628 927";"B01";"0";"7";"0";"9";"5";"16";"1";""
"202300029105";"155 628 925";"A01";"1";"7";"12";"1";"2";"1";"1";""
"202300029106";"155 628 923";"A01";"2";"13";"0";"2";"6";"4";"1";""
"202300029106";"155 628 924";"B01";"2";"37";"0";"2";"3";"26";"1";"4"
"202300029107";"155 628 922";"A01";"1";"7";"1";"1";"1";"21";"1";""
"202300029108";"155 628 921";"A01";"2";"1";"0";"0";"1";"26";"5";""
"202300029109";"155 628 919";"A01";"1";"7";"0";"2";"3";"16";"1";""
"202300029109";"155 628 920";"B01";"1";"2";"0";"2";"2";"2";"0";""
"202300029110";"155 628 917";"A01";"1";"7";"0";"2";"2";"0";"1";""
"202300029110";"155 628 918";"B01";"2";"7";"0";"2";"3";"0";"1";""
"202300029111";"155 628 914";"A01";"2";"7";"0";"2";"2";"12";"1";""
"202300029111";"155 628 915";"B01";"2";"43";"0";"2";"1";"3";"1";""
"202300029111";"155 628 916";"C01";"2";"7";"0";"2";"4";"1";"1";""
"202300029112";"155 628 912";"B01";"1";"7";"0";"2";"4";"2";"1";""
"202300029112";"155 628 913";"A01";"1";"7";"0";"2";"1";"2";"1";""
"202300029113";"155 628 911";"A01";"2";"10";"0";"1";"3";"16";"1";""
"202300029114";"155 628 910";"A01";"2";"33";"0";"1";"1";"16";"1";""
"202300029115";"155 628 908";"A01";"3";"10";"0";"2";"6";"14";"1";""
"202300029115";"155 628 909";"B01";"3";"1";"0";"2";"1";"1";"5";""