"Num_Acc";"id_vehicule";"num_veh";"senc";"catv";"obs";"obsm";"choc";"manv";"motor";"occutc"
"202300029325";"155 628 546";"A01";"1";"7";"17";"0";"2";"13";"1";""
"202300029326";"155 628 544";"B01";"1";"7";"0";"2";"1";"1";"0";""
"202300029326";"155 628 545";"A01";"2";"7";"0";"2";"3";"9";"1";""
"202300029327";"155 628 541";"A01";"2";"7";"0";"1";"2";"1";"1";""
"202300029328";"155 628 542";"A01";"2";"7";"0";"0";"3";"11";"1";""
"202300029328";"155 628 543";"B01";"1";"38";"0";"0";"0";"23";"1";"1"
"202300029329";"155 628 538";"A01";"2";"34";"0";"2";"1";"1";"1";""
"202300029329";"155 628 540";"B01";"1";"7";"0";"2";"5";"19";"2";""
"202300029330";"155 628 537";"A01";"2";"7";"0";"2";"3";"13";"1";""
"202300029330";"155 628 539";"B01";"1";"7";"0";"2";"2";"1";"1";""
"202300029331";"155 628 535";"B01";"1";"37";"0";"2";"2";"1";"1";"1"
"202300029331";"155 628 536";"A01";"1";"1";"0";"2";"3";"9";"5";""
"202300029332";"155 628 534";"A01";"1";"7";"16";"0";"0";"21";"1";""
"202300029333";"155 628 532";"A01";"2";"7";"0";"1";"3";"1";"1";""
"202300029334";"155 628 531";"A01";"1";"7";"0";"2";"6";"13";"0";""
"202300029334";"155 628 533";"B01";"1";"33";"0";"2";"1";"17";"0";""
"202300029335";"155 628 530";"A01";"1";"7";"0";"1";"3";"16";"1";""
"202300029336";"155 628 529";"A01";"1";"33";"0";"0";"1";"1";"1";""
"202300029337";"155 628 528";"A01";"0";"7";"0";"1";"1";"9";"1";""
"202300029338";"155 628 527";"A01";"0";"99";"12";"0";"1";"1";"1";""
"202300029339";"155 628 526";"A01";"1";"7";"2";"0";"1";"1";"1";""
"202300029340";"155 628 525";"A01";"1";"7";"6";"0";"2";"0";"1";""
"202300029341";"155 628 521";"A01";"1";"7";"0";"2";"3";"1";"3";""
"202300029341";"155 628 523";"B01";"2";"33";"0";"2";"1";"17";"1";""
"202300029342";"155 628 522";"B01";"3";"7";"0";"2";"5";"1";"0";""
"202300029342";"155 628 524";"A01";"3";"33";"0";"2";"3";"1";"1";""
"202300029343";"155 628 519";"A01";"2";"7";"0";"1";"2";"1";"1";""
"202300029344";"155 628 518";"B01";"1";"7";"0";"2";"2";"1";"0";""
"202300029344";"155 628 520";"A01";"2";"7";"0";"0";"5";"9";"1";""
"202300029345";"155 628 517";"A01";"2";"7";"0";"1";"1";"1";"1";""
"202300029346";"155 628 516";"A01";"1";"7";"6";"0";"1";"0";"1";""
"202300029347";"155 628 514";"B01";"1";"7";"0";"2";"5";"15";"1";""
"202300029347";"155 628 515";"A01";"1";"7";"0";"2";"3";"2";"1";""
"202300029348";"155 628 513";"A01";"3";"7";"0";"1";"2";"1";"1";""
"202300029349";"155 628 512";"A01";"2";"7";"0";"1";"2";"1";"1";""
"202300029350";"155 628 511";"A01";"0";"7";"0";"1";"7";"20";"3";""
"202300029351";"155 628 509";"B01";"3";"99";"0";"2";"2";"9";"1";""
"202300029351";"155 628 510";"A01";"1";"7";"0";"2";"1";"1";"1";""
"202300029352";"155 628 508";"A01";"1";"32";"1";"0";"1";"1";"1";""
"202300029353";"155 628 507";"A01";"3";"7";"0";"2";"1";"26";"1";""
"202300029354";"155 628 503";"A01";"2";"43";"4";"0";"8";"9";"1";""
"202300029355";"155 628 502";"A01";"2";"1";"0";"2";"4";"1";"5";""
"202300029355";"155 628 504";"Z01";"2";"7";"0";"2";"1";"1";"1";""
"202300029356";"155 628 500";"A01";"3";"3";"0";"0";"0";"1";"1";""
"202300029357";"155 628 499";"A01";"2";"31";"0";"2";"2";"1";"1";""
"202300029357";"155 628 501";"B01";"2";"10";"0";"2";"8";"1";"1";""
"202300029358";"155 628 497";"A01";"3";"50";"0";"2";"1";"5";"3";""
"202300029358";"155 628 498";"B01";"3";"7";"0";"2";"3";"1";"1";""
"202300029359";"155 628 494";"B01";"3";"7";"0";"2";"4";"23";"1";""
"202300029359";"155 628 496";"A01";"3";"7";"0";"2";"2";"1";"1";""
"202300029360";"155 628 493";"B01";"1";"7";"0";"2";"2";"1";"3";""
"202300029360";"155 628 495";"A01";"1";"34";"0";"2";"8";"1";"1";""
"202300029361";"155 628 491";"A01";"2";"7";"0";"2";"1";"1";"1";""
"202300029361";"155 628 492";"B01";"2";"7";"0";"2";"3";"1";"3";""
"202300029362";"155 628 488";"A01";"1";"7";"0";"2";"1";"2";"1";""
"202300029362";"155 628 490";"B01";"1";"7";"0";"2";"4";"23";"1";""
"202300029363";"155 628 485";"A01";"1";"7";"4";"0";"3";"21";"1";""
"202300029364";"155 628 483";"A01";"1";"7";"0";"2";"3";"9";"1";""
"202300029364";"155 628 484";"B01";"1";"1";"0";"2";"9";"1";"5";""
"202300029365";"155 628 482";"A01";"2";"7";"4";"0";"0";"1";"1";""
"202300029366";"155 628 480";"B01";"1";"31";"0";"2";"1";"1";"1";""
"202300029366";"155 628 481";"A01";"1";"7";"12";"2";"3";"15";"1";""
"202300029367";"155 628 479";"A01";"2";"7";"4";"2";"1";"1";"1";""
"202300029368";"155 628 477";"A01";"1";"33";"0";"9";"1";"1";"1";""
"202300029369";"155 628 476";"B01";"1";"7";"0";"2";"5";"19";"2";""
"202300029369";"155 628 478";"A01";"2";"30";"0";"2";"1";"19";"1";""
"202300029370";"155 628 474";"A01";"0";"33";"0";"0";"0";"2";"1";""
"202300029371";"155 628 473";"A01";"2";"7";"0";"2";"4";"1";"1";""
"202300029371";"155 628 475";"Z01";"2";"10";"0";"2";"1";"0";"0";""
"202300029372";"155 628 471";"A01";"1";"7";"0";"2";"3";"15";"0";""
"202300029372";"155 628 472";"B01";"1";"32";"8";"2";"9";"1";"0";""
"202300029373";"155 628 468";"A01";"1";"33";"0";"1";"1";"2";"1";""
"202300029374";"155 628 467";"A01";"1";"7";"0";"2";"1";"0";"1";""
"202300029374";"155 628 469";"B01";"1";"7";"0";"2";"4";"21";"1";""
"202300029374";"155 628 470";"C01";"1";"10";"0";"2";"1";"21";"1";""
"202300029375";"155 628 464";"A01";"2";"7";"0";"2";"1";"2";"1";""
"202300029375";"155 628 466";"B01";"2";"32";"0";"2";"4";"23";"1";""
"202300029376";"155 628 465";"A01";"1";"7";"4";"2";"1";"1";"1";""
"202300029377";"155 628 462";"A01";"1";"7";"3";"0";"1";"1";"1";""
"202300029378";"155 628 463";"A01";"3";"7";"0";"5";"0";"21";"1";""
"202300029379";"155 628 460";"A01";"1";"7";"1";"0";"2";"1";"1";""
"202300029380";"155 628 458";"A01";"2";"7";"0";"2";"1";"2";"1";""
"202300029380";"155 628 459";"B01";"2";"7";"0";"2";"4";"2";"1";""
"202300029380";"155 628 461";"C01";"2";"7";"0";"2";"4";"2";"1";""
"202300029381";"155 628 456";"A01";"2";"32";"0";"2";"1";"17";"1";""
"202300029381";"155 628 457";"B01";"3";"7";"0";"2";"6";"15";"1";""
"202300029382";"155 628 455";"A01";"2";"13";"4";"0";"9";"2";"1";""
"202300029383";"155 628 453";"A01";"3";"34";"0";"2";"7";"14";"1";""
"202300029383";"155 628 454";"B01";"3";"50";"0";"2";"7";"1";"3";""
"202300029384";"155 628 451";"A01";"1";"15";"0";"2";"2";"12";"1";""
"202300029384";"155 628 452";"B01";"1";"7";"0";"2";"3";"0";"1";""
"202300029385";"155 628 450";"A01";"1";"33";"12";"0";"0";"14";"1";""
"202300029386";"155 628 448";"A01";"1";"7";"0";"2";"4";"2";"0";""
"202300029386";"155 628 449";"B01";"1";"7";"0";"2";"1";"2";"1";""
"202300029387";"155 628 447";"A01";"1";"7";"0";"1";"1";"1";"1";""
"202300029388";"155 628 446";"A01";"2";"7";"0";"1";"1";"1";"1";""
"202300029389";"155 628 445";"Z01";"2";"7";"0";"1";"4";"4";"1";""
"202300029390";"155 628 443";"A01";"1";"10";"0";"2";"1";"13";"1";""
"202300029390";"155 628 444";"B01";"2";"7";"0";"2";"3";"1";"1";""
"202300029391";"155 628 441";"B01";"2";"7";"0";"2";"2";"1";"2";""
"202300029391";"155 628 442";"A01";"1";"50";"0";"2";"5";"19";"3";""
"202300029392";"155 628 439";"B01";"2";"60";"0";"2";"6";"1";"5";""
"202300029392";"155 628 440";"A01";"1";"7";"0";"2";"1";"1";"1";""
"202300029393";"155 628 437";"A01";"0";"7";"0";"2";"1";"15";"1";""
"202300029393";"155 628 438";"B01";"0";"2";"0";"2";"1";"15";"1";""
"202300029394";"155 628 433";"B01";"3";"7";"4";"2";"1";"1";"1";""
"202300029394";"155 628 435";"A01";"3";"7";"4";"2";"1";"1";"1";""
"202300029395";"155 628 432";"C01";"1";"7";"0";"2";"1";"2";"1";""
"202300029395";"155 628 434";"A01";"1";"7";"0";"2";"4";"2";"1";""
"202300029395";"155 628 436";"B01";"1";"7";"0";"2";"4";"2";"1";""
"202300029396";"155 628 429";"B01";"2";"3";"0";"2";"1";"26";"1";""
"202300029396";"155 628 431";"A01";"2";"30";"0";"2";"4";"23";"1";""
"202300029397";"155 628 428";"B01";"1";"1";"0";"2";"1";"26";"5";""
"202300029397";"155 628 430";"A01";"2";"7";"1";"2";"2";"9";"1";""
"202300029398";"155 628 426";"A01";"3";"7";"0";"9";"1";"19";"0";""
"202300029398";"155 628 427";"B01";"2";"80";"0";"2";"1";"1";"3";""
"202300029399";"155 628 423";"A01";"1";"2";"0";"2";"1";"9";"1";""
"202300029399";"155 628 424";"B01";"1";"7";"0";"2";"3";"9";"1";""
"202300029400";"155 628 419";"A01";"1";"7";"0";"2";"1";"15";"0";""
"202300029400";"155 628 420";"B01";"2";"33";"0";"2";"1";"5";"0";""
"202300029401";"155 628 417";"A01";"3";"7";"0";"1";"4";"4";"1";""
"202300029402";"155 628 416";"A01";"1";"7";"0";"2";"8";"15";"1";""
"202300029402";"155 628 418";"B01";"1";"31";"0";"2";"0";"0";"1";""
"202300029403";"155 628 412";"A01";"2";"7";"0";"2";"1";"2";"1";""
"202300029403";"155 628 414";"B01";"2";"7";"0";"2";"4";"2";"1";""
"202300029404";"155 628 410";"B01";"2";"1";"0";"2";"1";"1";"5";""
"202300029404";"155 628 411";"D01";"2";"1";"0";"2";"1";"1";"5";""
"202300029404";"155 628 413";"A01";"1";"7";"0";"2";"3";"13";"1";""
"202300029404";"155 628 415";"C01";"2";"1";"0";"2";"1";"1";"5";""
"202300029405";"155 628 406";"A01";"2";"7";"0";"2";"2";"17";"1";""
"202300029405";"155 628 408";"B01";"2";"7";"0";"2";"2";"2";"1";""
"202300029405";"155 628 409";"C01";"2";"7";"0";"2";"9";"0";"1";""
"202300029406";"155 628 405";"A01";"1";"7";"0";"2";"1";"1";"1";""
"202300029406";"155 628 407";"B01";"2";"10";"0";"2";"1";"1";"1";""
"202300029407";"155 628 404";"A01";"2";"7";"12";"0";"1";"1";"1";""
"202300029408";"155 628 403";"A01";"1";"7";"2";"0";"8";"1";"1";""
"202300029409";"155 628 402";"A01";"2";"2";"0";"1";"1";"2";"3";""
"202300029410";"155 628 401";"A01";"1";"7";"0";"1";"0";"1";"0";""
"202300029411";"155 628 399";"A01";"1";"10";"0";"1";"2";"2";"0";""
"202300029412";"155 628 398";"B01";"1";"30";"0";"2";"1";"3";"1";""
"202300029412";"155 628 400";"A01";"1";"7";"0";"2";"8";"15";"1";""
"202300029413";"155 628 397";"A01";"0";"2";"6";"1";"1";"0";"1";""
"202300029414";"155 628 395";"A01";"1";"7";"6";"0";"1";"0";"1";""
"202300029415";"155 628 394";"A01";"1";"33";"0";"2";"1";"13";"1";""
"202300029415";"155 628 396";"B01";"2";"7";"0";"2";"1";"2";"1";""
"202300029416";"155 628 393";"A01";"2";"33";"3";"0";"9";"14";"1";""
"202300029417";"155 628 391";"A01";"1";"7";"0";"1";"1";"2";"1";""
"202300029418";"155 628 390";"A01";"1";"7";"0";"9";"3";"1";"1";""
"202300029418";"155 628 392";"B01";"1";"50";"0";"2";"2";"1";"3";""
"202300029419";"155 628 388";"B01";"1";"7";"0";"2";"2";"0";"1";""
"202300029419";"155 628 389";"A01";"2";"10";"0";"2";"3";"0";"1";""
"202300029420";"155 628 387";"A01";"3";"7";"0";"1";"2";"1";"1";""
"202300029421";"155 628 384";"A01";"2";"7";"0";"2";"1";"1";"1";""
"202300029421";"155 628 385";"B01";"2";"7";"0";"2";"1";"1";"1";""
"202300029422";"155 628 382";"B01";"3";"7";"14";"0";"4";"0";"1";""
"202300029422";"155 628 383";"A01";"3";"7";"0";"2";"1";"2";"1";""
"202300029422";"155 628 386";"C01";"1";"7";"1";"0";"6";"0";"1";""
"202300029423";"155 628 380";"B01";"2";"1";"0";"2";"7";"1";"5";""
"202300029423";"155 628 381";"A01";"1";"7";"0";"2";"1";"15";"1";""
"202300029424";"155 628 379";"A01";"2";"7";"0";"1";"1";"1";"1";""
"202300029425";"155 628 377";"A01";"1";"7";"13";"0";"0";"0";"1";""
"202300029426";"155 628 375";"A01";"3";"7";"0";"9";"3";"1";"2";""
"202300029426";"155 628 376";"B01";"3";"1";"0";"2";"8";"1";"5";""
"202300029427";"155 628 378";"A01";"1";"33";"13";"0";"7";"1";"1";""
"202300029428";"155 628 373";"A01";"2";"7";"0";"2";"3";"15";"2";""
"202300029428";"155 628 374";"B01";"1";"33";"0";"2";"1";"1";"1";""
"202300029429";"155 628 371";"B01";"2";"10";"0";"2";"3";"1";"1";""
"202300029429";"155 628 372";"A01";"2";"7";"3";"2";"1";"1";"1";""
"202300029430";"155 628 368";"A01";"2";"7";"6";"0";"1";"1";"0";""
"202300029431";"155 628 366";"A01";"0";"7";"2";"0";"1";"13";"2";""
"202300029432";"155 628 364";"A01";"2";"7";"4";"0";"1";"1";"1";""
"202300029433";"155 628 363";"A01";"1";"7";"8";"0";"1";"15";"1";""
"202300029434";"155 628 360";"B01";"2";"7";"0";"2";"6";"2";"1";""
"202300029434";"155 628 361";"C01";"2";"7";"0";"2";"4";"2";"1";""
"202300029434";"155 628 362";"A01";"2";"7";"0";"2";"2";"17";"1";""
"202300029435";"155 628 358";"A01";"1";"2";"0";"2";"1";"15";"3";""
"202300029435";"155 628 359";"B01";"1";"50";"0";"2";"1";"1";"3";""
"202300029436";"155 628 357";"A01";"1";"7";"4";"0";"1";"14";"1";""
"202300029437";"155 628 354";"A01";"1";"7";"0";"2";"3";"13";"1";""
"202300029437";"155 628 355";"B01";"2";"7";"0";"2";"3";"1";"1";""
"202300029438";"155 628 353";"B01";"1";"50";"0";"2";"2";"1";"3";""
"202300029438";"155 628 356";"A01";"1";"7";"0";"2";"3";"9";"1";""
"202300029439";"155 628 351";"B01";"1";"1";"0";"2";"8";"1";"5";""
"202300029439";"155 628 352";"A01";"0";"7";"0";"2";"1";"9";"1";""
"202300029440";"155 628 349";"A01";"3";"7";"0";"2";"2";"14";"1";""
"202300029440";"155 628 350";"B01";"3";"33";"0";"2";"8";"0";"1";""
"202300029441";"155 628 348";"A01";"2";"7";"5";"0";"3";"1";"1";""
"202300029442";"155 628 345";"A01";"1";"7";"0";"2";"2";"1";"1";""
"202300029442";"155 628 347";"B01";"1";"50";"0";"2";"0";"0";"3";""
"202300029443";"155 628 344";"B01";"2";"7";"0";"2";"3";"1";"1";""
"202300029443";"155 628 346";"A01";"1";"10";"0";"2";"3";"13";"1";""
"202300029444";"155 628 341";"A01";"2";"7";"2";"0";"1";"13";"1";""
"202300029445";"155 628 342";"A01";"1";"7";"0";"2";"3";"5";"1";""
"202300029445";"155 628 343";"B01";"1";"10";"0";"2";"3";"1";"0";""
"202300029446";"155 628 339";"A01";"2";"7";"0";"0";"0";"1";"1";""
"202300029447";"155 628 338";"A01";"0";"7";"0";"2";"8";"16";"1";""
"202300029447";"155 628 340";"B01";"1";"31";"0";"2";"2";"1";"1";""
"202300029448";"155 628 336";"A01";"2";"7";"0";"2";"1";"9";"1";""
"202300029448";"155 628 337";"B01";"2";"33";"0";"0";"7";"1";"1";""
"202300029449";"155 628 334";"A01";"1";"7";"0";"1";"1";"9";"1";""
"202300029450";"155 628 333";"A01";"1";"50";"0";"2";"1";"1";"3";""
"202300029450";"155 628 335";"B01";"2";"7";"0";"2";"3";"1";"1";""
"202300029451";"155 628 331";"A01";"2";"7";"13";"0";"8";"14";"1";""
"202300029452";"155 628 329";"B01";"3";"7";"0";"2";"5";"1";"1";""
"202300029452";"155 628 330";"A01";"3";"33";"0";"2";"3";"1";"1";""
"202300029453";"155 628 328";"B01";"1";"38";"0";"2";"1";"1";"1";"17"
"202300029453";"155 628 332";"A01";"1";"7";"0";"2";"8";"19";"1";""
"202300029454";"155 628 327";"A01";"0";"7";"6";"0";"1";"1";"1";""
"202300029455";"155 628 325";"A01";" -1";"7";"8";"2";"3";"1";"0";""
"202300029455";"155 628 326";"B01";" -1";"7";"13";"0";"3";"5";"0";""
"202300029456";"155 628 322";"C01";"3";"1";"0";"2";"1";"1";"5";""
"202300029456";"155 628 323";"B01";"3";"1";"0";"2";"8";"1";"5";""
"202300029456";"155 628 324";"A01";"3";"7";"0";"2";"1";"16";"1";""
"202300029457";"155 628 319";"B01";" -1";"7";"0";"2";"3";"1";"0";""
"202300029457";"155 628 321";"A01";" -1";"7";"0";"2";"3";"1";"0";""
"202300029458";"155 628 316";"B01";"1";"7";"0";"2";"3";"1";"1";""
"202300029458";"155 628 317";"A01";"1";"7";"15";"2";"6";"19";"1";""
"202300029459";"155 628 318";"A01";"1";"7";"0";"2";"2";"15";"1";""
"202300029459";"155 628 320";"B01";"2";"1";"0";"2";"1";"1";"5";""
"202300029460";"155 628 315";"A01";"1";"7";"2";"0";"7";"1";"1";""
"202300029461";"155 628 314";"A01";"1";"7";"6";"0";"1";"16";"1";""
"202300029462";"155 628 313";"A01";"2";"33";"0";"0";"7";"1";"1";""
"202300029463";"155 628 311";"A01";"2";"7";"0";"5";"1";"1";"1";""
"202300029464";"155 628 309";"B01";"3";"7";"0";"2";"7";"1";"1";""
"202300029464";"155 628 312";"A01";"3";"7";"0";"2";"3";"9";"1";""
"202300029465";"155 628 307";"A01";"2";"10";"0";"2";"1";"17";"1";""
"202300029465";"155 628 310";"B01";"1";"7";"0";"2";"1";"1";"1";""
"202300029466";"155 628 305";"A01";"1";"7";"4";"0";"2";"15";"1";""
"202300029467";"155 628 304";"A01";"2";"10";"14";"0";"9";"1";"1";""
"202300029468";"155 628 302";"A01";"1";"30";"0";"0";"0";"26";"1";""
"202300029469";"155 628 303";"B01";"1";"15";"0";"2";"3";"1";"1";""
"202300029469";"155 628 306";"A01";"2";"7";"0";"2";"3";"13";"1";""
"202300029469";"155 628 308";"C01";"2";"10";"0";"2";"3";"1";"1";""
"202300029470";"155 628 301";"A01";"1";"7";"13";"0";"1";"1";"1";""
"202300029471";"155 628 300";"A01";"2";"7";"9";"0";"1";"1";"1";""
"202300029472";"155 628 299";"A01";"2";"33";"0";"9";"1";"0";"1";""
"202300029473";"155 628 297";"A01";"1";"50";"0";"0";"1";"1";"3";""
"202300029474";"155 628 295";"A01";"2";"7";"0";"2";"2";"17";"1";""
"202300029474";"155 628 296";"B01";"2";"21";"0";"2";"6";"1";"1";""
"202300029475";"155 628 298";"A01";"1";"2";"7";"0";"1";"1";"1";""
"202300029476";"155 628 294";"A01";"3";"7";"0";"5";"1";"0";"1";""
"202300029477";"155 628 292";"B01";"3";"7";"0";"2";"3";"21";"6";""
"202300029477";"155 628 293";"A01";"3";"7";"0";"2";"3";"21";"0";""
"202300029478";"155 628 290";"A01";"2";"7";"0";"2";"3";"1";"1";""
"202300029479";"155 628 291";"A01";"2";"7";"8";"0";"9";"1";"1";""
"202300029480";"155 628 289";"A01";"1";"7";"0";"1";"2";"1";"1";""
"202300029481";"155 628 288";"A01";"3";"30";"2";"0";"1";"13";"1";""
"202300029482";"155 628 282";"B01";"1";"50";"0";"2";"8";"1";"3";""
"202300029482";"155 628 284";"Z01";"1";"7";"0";"2";"0";"0";"0";""
"202300029483";"155 628 281";"A01";"2";"7";"0";"2";"2";"15";"1";""
"202300029483";"155 628 283";"B01";"1";"33";"0";"2";"1";"1";"1";""
"202300029484";"155 628 280";"A01";"2";"7";"0";"2";"2";"9";"1";""
"202300029484";"155 628 285";"B01";"2";"7";"0";"2";"8";"1";"1";""
"202300029485";"155 628 278";"A01";"2";"7";"0";"0";"2";"15";"1";""
"202300029485";"155 628 279";"B01";"1";"2";"0";"0";"7";"1";"1";""
"202300029486";"155 628 277";"A01";"2";"7";"2";"0";"2";"1";"1";""
"202300029487";"155 628 276";"A01";"0";"32";"0";"1";"2";"1";"1";""
"202300029488";"155 628 273";"A01";"2";"2";"0";"0";"0";"17";"1";""
"202300029488";"155 628 275";"B01";"0";"7";"0";"0";"0";"15";"1";""
"202300029489";"155 628 271";"A01";"1";"7";"0";"2";"1";"1";"1";""
"202300029489";"155 628 272";"B01";"1";"7";"0";"2";"1";"1";"1";""
"202300029490";"155 628 268";"B01";"2";"7";"0";"2";"7";"19";"1";""
"202300029490";"155 628 270";"A01";"2";"10";"0";"2";"1";"1";"1";""
"202300029491";"155 628 266";"A01";"1";"30";"1";"2";"1";"0";"1";""
"202300029491";"155 628 267";"B01";"1";"7";"0";"2";"2";"1";"1";""
"202300029492";"155 628 269";"B01";"2";"7";"0";"2";"1";"21";"1";""
"202300029492";"155 628 274";"A01";"1";"33";"0";"2";"0";"0";"1";""
"202300029493";"155 628 265";"A01";"3";"7";"2";"0";"1";"0";"0";""
"202300029494";"155 628 263";"B01";"2";"7";"0";"2";"3";"15";"1";""
"202300029494";"155 628 264";"A01";"2";"34";"0";"2";"7";"17";"1";""
"202300029495";"155 628 260";"C01";"1";"7";"0";"2";"3";"2";"1";""
"202300029495";"155 628 261";"B01";"2";"7";"0";"2";"3";"1";"1";""
"202300029495";"155 628 262";"A01";"1";"7";"0";"2";"3";"1";"1";""
"202300029496";"155 628 259";"A01";"3";"7";"0";"1";"1";"1";"1";""
"202300029497";"155 628 254";"A01";"1";"15";"3";"0";"6";"10";"1";""
"202300029497";"155 628 256";"B01";"1";"7";"0";"2";"9";"2";"1";""
"202300029497";"155 628 258";"C01";"1";"7";"0";"2";"1";"2";"1";""
"202300029498";"155 628 253";"A01";"3";"7";"0";"2";"3";"1";"2";""
"202300029498";"155 628 255";"B01";"3";"80";"0";"2";"1";"13";"3";""
"202300029499";"155 628 257";"A01";"1";"7";"13";"0";"3";"21";"1";""
"202300029500";"155 628 251";"A01";"1";"7";"0";"2";"3";"13";"1";""
"202300029500";"155 628 252";"B01";"2";"7";"0";"2";"3";"1";"1";""
"202300029501";"155 628 248";"B01";"2";"7";"0";"2";"6";"2";"3";""
"202300029501";"155 628 249";"C01";"2";"7";"0";"2";"4";"2";"1";""
"202300029501";"155 628 250";"A01";"2";"7";"0";"2";"2";"11";"1";""
"202300029502";"155 628 246";"A01";"2";"7";"2";"0";"1";"1";"1";""
"202300029503";"155 628 241";"B01";"2";"7";"0";"2";"1";"1";"1";""
"202300029503";"155 628 244";"A01";"1";"7";"0";"2";"1";"1";"1";""
"202300029504";"155 628 242";"C01";"2";"7";"0";"2";"2";"21";"1";""
"202300029504";"155 628 245";"B01";"2";"7";"0";"2";"2";"1";"1";""
"202300029504";"155 628 247";"A01";"1";"7";"0";"2";"2";"14";"1";""
"202300029505";"155 628 243";"A01";"2";"1";"0";"1";"1";"7";"5";""
"202300029506";"155 628 239";"A01";"1";"7";"0";"2";"2";"1";"1";""
"202300029506";"155 628 240";"B01";"1";"1";"0";"0";"4";"1";"5";""
"202300029507";"155 628 236";"A01";"1";"7";"7";"0";"9";"1";"1";""
"202300029508";"155 628 235";"B01";"2";"7";"0";"2";"4";"23";"0";""
"202300029508";"155 628 238";"A01";"2";"7";"0";"2";"1";"1";"1";""
"202300029509";"155 628 232";"A01";"1";"10";"0";"2";"3";"13";"1";""
"202300029509";"155 628 233";"B01";"1";"7";"0";"2";"1";"1";"1";""
"202300029510";"155 628 234";"A01";"1";"7";"0";"2";"2";"26";"1";""
"202300029510";"155 628 237";"B01";"2";"43";"0";"2";"1";"26";"1";""
"202300029511";"155 628 230";"A01";"1";"1";"0";"2";"1";"1";"5";""
"202300029511";"155 628 231";"B01";"1";"7";"0";"2";"2";"22";"1";""
"202300029512";"155 628 229";"A01";"3";"10";"0";"0";"0";"4";"1";""
"202300029513";"155 628 227";"A01";"1";"37";"0";"1";"2";"9";"3";"1"
"202300029514";"155 628 226";"A01";"2";"7";"3";"2";"1";"17";"1";""
"202300029514";"155 628 228";"B01";"2";"38";"0";"2";"1";"1";"1";"1"
"202300029515";"155 628 223";"A01";"0";"7";"0";"2";"3";"15";"2";""
"202300029515";"155 628 224";"B01";"3";"43";"0";"2";"1";"1";"1";""
"202300029516";"155 628 221";"B01";"1";"33";"0";"2";"2";"17";"1";""
"202300029516";"155 628 222";"A01";"1";"7";"0";"2";"3";"15";"1";""
"202300029517";"155 628 217";"A01";"3";"1";"0";"2";"1";"5";"5";""
"202300029517";"155 628 220";"B01";"3";"1";"0";"2";"1";"1";"5";""
"202300029518";"155 628 216";"B01";"2";"14";"0";"2";"2";"1";"1";""
"202300029518";"155 628 218";"A01";"3";"7";"0";"2";"8";"19";"1";""
"202300029519";"155 628 219";"A01";"2";"7";"2";"0";"3";"13";"1";""
"202300029520";"155 628 213";"A01";"1";"7";"0";"9";"2";"1";"1";""
"202300029520";"155 628 215";"B01";"1";"1";"0";"9";"0";"0";"5";""
"202300029521";"155 628 211";"B01";"1";"7";"0";"2";"3";"1";"1";""
"202300029521";"155 628 214";"A01";"2";"7";"0";"2";"3";"13";"1";""
"202300029522";"155 628 212";"A01";"2";"7";"0";"0";"0";"1";"1";""
"202300029523";"155 628 208";"A01";"1";"7";"0";"1";"2";"1";"1";""
"202300029524";"155 628 209";"A01";"1";"7";"0";"1";"2";"1";"1";""
"202300029525";"155 628 207";"A01";"2";"7";"0";"2";"3";"15";"0";""
"202300029525";"155 628 210";"B01";"1";"7";"0";"2";"1";"1";"0";""
"202300029526";"155 628 205";"A01";"2";"7";"0";"1";"1";"21";"1";""
"202300029527";"155 628 204";"A01";"2";"7";"4";"0";"3";"1";"1";""
"202300029528";"155 628 201";"A01";"1";"7";"2";"0";"3";"13";"1";""
"202300029529";"155 628 200";"A01";"1";"7";"0";"2";"2";"11";"1";""
"202300029529";"155 628 203";"B01";"1";"7";"0";"2";"3";"1";"1";""
"202300029530";"155 628 199";"B01";"2";"7";"0";"0";"6";"23";"1";""
"202300029530";"155 628 202";"A01";"2";"10";"0";"2";"2";"2";"1";""
"202300029531";"155 628 198";"A01";"1";"7";"0";"1";"3";"1";"1";""
"202300029532";"155 628 196";"A01";"2";"1";"0";"0";"0";"1";"5";""
"202300029533";"155 628 195";"A01";"1";"10";"0";"2";"2";"1";"1";""
"202300029533";"155 628 197";"B01";"1";"10";"0";"2";"1";"16";"1";""
"202300029534";"155 628 191";"A01";"2";"7";"4";"0";"1";"12";"6";""
"202300029535";"155 628 192";"A01";"3";"7";"0";"2";"1";"13";"1";""
"202300029535";"155 628 193";"B01";"3";"10";"0";"2";"3";"1";"1";""
"202300029536";"155 628 190";"B01";"1";"2";"0";"2";"1";"1";"1";""
"202300029536";"155 628 194";"A01";"1";"10";"0";"2";"3";"19";"1";""
"202300029537";"155 628 189";"A01";"3";"7";"1";"0";"2";"1";"1";""
"202300029538";"155 628 188";"A01";"2";"14";"15";"0";"2";"2";"1";""
"202300029539";"155 628 184";"A01";"2";"7";"4";"0";"3";"13";"1";""
"202300029540";"155 628 185";"B01";"2";"10";"0";"2";"3";"1";"1";""
"202300029540";"155 628 187";"A01";"2";"33";"0";"2";"3";"13";"1";""
"202300029541";"155 628 183";"B01";"2";"7";"0";"2";"8";"1";"1";""
"202300029541";"155 628 186";"A01";"2";"14";"0";"2";"3";"9";"1";""