"Num_Acc";"id_vehicule";"num_veh";"senc";"catv";"obs";"obsm";"choc";"manv";"motor";"occutc"
"202300030751";"155 626 023";"D01";"1";"7";"0";"0";"0";"0";"1";""
"202300030752";"155 626 015";"A01";"1";"1";"0";"1";"1";"21";"5";""
"202300030753";"155 626 013";"A01";"2";"7";"0";"2";"6";"12";"1";""
"202300030753";"155 626 016";"B01";"2";"33";"0";"2";"1";"3";"1";""
"202300030754";"155 626 011";"A01";"1";"50";"0";"1";"1";"21";"3";""
"202300030755";"155 626 007";"A01";"1";"10";"0";"1";"3";"1";"1";""
"202300030756";"155 626 006";"D01";"1";"7";"0";"2";"4";"1";"1";""
"202300030756";"155 626 008";"B01";"1";"7";"0";"2";"4";"1";"1";""
"202300030756";"155 626 009";"C01";"1";"10";"0";"2";"4";"1";"1";""
"202300030756";"155 626 010";"A01";"1";"14";"0";"2";"1";"1";"1";""
"202300030757";"155 626 005";"B01";"2";"7";"0";"2";"4";"2";"1";""
"202300030757";"155 626 012";"A01";"2";"10";"0";"2";"1";"2";"1";""
"202300030757";"155 626 014";"C01";"1";"10";"0";"2";"4";"2";"1";""
"202300030758";"155 626 003";"A01";"1";"7";"0";"2";"2";"9";"3";""
"202300030758";"155 626 004";"B01";"1";"30";"0";"2";"2";"2";"0";""
"202300030759";"155 626 000";"A01";"1";"33";"0";"2";"2";"0";"0";""
"202300030759";"155 626 002";"B01";"1";"7";"0";"2";"0";"2";"1";""
"202300030760";"155 625 998";"A01";"0";"34";"0";"1";"1";"7";"1";""
"202300030761";"155 625 999";"A01";"1";"7";"0";"2";"4";"1";"1";""
"202300030761";"155 626 001";"B01";"1";"7";"0";"2";"1";"1";"1";""
"202300030762";"155 625 996";"A01";"2";"7";"0";"2";"4";"14";"1";""
"202300030762";"155 625 997";"B01";"2";"33";"0";"2";"1";"1";"1";""
"202300030763";"155 625 993";"A01";"1";"7";"0";"2";"2";"0";"1";""
"202300030763";"155 625 995";"B01";"2";"7";"0";"2";"3";"0";"1";""
"202300030764";"155 625 989";"A01";"2";"7";"0";"2";"3";"14";"1";""
"202300030764";"155 625 992";"B01";"2";"7";"0";"2";"5";"1";"2";""
"202300030765";"155 625 988";"A01";"2";"7";"0";"2";"3";"16";"0";""
"202300030765";"155 625 991";"B01";"3";"33";"0";"2";"2";"1";"0";""
"202300030766";"155 625 986";"A01";"2";"7";"0";"2";"8";"11";"1";""
"202300030766";"155 625 987";"B01";"2";"33";"0";"2";"7";"2";"1";""
"202300030767";"155 625 983";"A01";"1";"50";"0";"2";"7";"19";"3";""
"202300030767";"155 625 985";"B01";"3";"7";"0";"2";"1";"2";"0";""
"202300030768";"155 625 978";"A01";"0";"31";"0";"0";"0";"1";"1";""
"202300030769";"155 625 976";"C01";"2";"10";"0";"2";"6";"0";"1";""
"202300030769";"155 625 979";"A01";"2";"33";"0";"2";"0";"3";"1";""
"202300030769";"155 625 980";"B01";"2";"7";"0";"2";"2";"2";"1";""
"202300030770";"155 625 975";"E01";"2";"33";"0";"2";"7";"0";"1";""
"202300030770";"155 625 977";"A01";"2";"7";"0";"2";"1";"13";"1";""
"202300030770";"155 625 981";"B01";"2";"10";"0";"2";"0";"0";"1";""
"202300030770";"155 625 982";"C01";"2";"7";"0";"2";"4";"0";"1";""
"202300030770";"155 625 984";"D01";"2";"7";"0";"2";"4";"0";"1";""
"202300030771";"155 625 972";"B01";"2";"7";"0";"2";"3";"1";"1";""
"202300030771";"155 625 974";"A01";"1";"7";"0";"2";"2";"1";"0";""
"202300030772";"155 625 971";"A01";"2";"7";"0";"2";"1";"2";"1";""
"202300030772";"155 625 973";"B01";"2";"7";"0";"2";"4";"0";"1";""
"202300030773";"155 625 968";"A01";"1";"7";"0";"2";"4";"26";"1";""
"202300030773";"155 625 970";"B01";"1";"7";"0";"2";"1";"2";"1";""
"202300030774";"155 625 965";"A01";"2";"7";"0";"2";"4";"1";"1";""
"202300030774";"155 625 967";"B01";"2";"7";"0";"2";"1";"2";"1";""
"202300030775";"155 625 963";"A01";"1";"7";"0";"2";"1";"2";"1";""
"202300030775";"155 625 964";"B01";"1";"7";"15";"0";"4";"1";"1";""
"202300030776";"155 625 961";"A01";"1";"7";"4";"2";"0";"23";"0";""
"202300030776";"155 625 966";"C01";"1";"10";"0";"2";"1";"2";"1";""
"202300030776";"155 625 969";"B01";"1";"10";"4";"2";"1";"2";"1";""
"202300030777";"155 625 958";"A01";"2";"10";"0";"2";"4";"1";"1";""
"202300030777";"155 625 960";"B01";"2";"7";"0";"2";"4";"1";"1";""
"202300030777";"155 625 962";"C01";"2";"17";"0";"2";"1";"11";"1";""
"202300030778";"155 625 957";"B01";"2";"7";"0";"2";"2";"16";"1";""
"202300030778";"155 625 959";"A01";"2";"43";"0";"2";"3";"16";"1";""
"202300030779";"155 625 953";"A01";"1";"7";"0";"2";"1";"1";"1";""
"202300030779";"155 625 955";"B01";"1";"32";"0";"2";"4";"11";"1";""
"202300030780";"155 625 954";"A01";"2";"7";"0";"2";"1";"2";"1";""
"202300030780";"155 625 956";"B01";"2";"7";"0";"2";"4";"2";"1";""
"202300030781";"155 625 951";"A01";"2";"7";"0";"2";"1";"2";"1";""
"202300030781";"155 625 952";"B01";"2";"33";"0";"2";"4";"2";"1";""
"202300030782";"155 625 949";"A01";"3";"50";"0";"9";"0";"0";"3";""
"202300030783";"155 625 947";"B01";"2";"7";"0";"2";"1";"1";"1";""
"202300030783";"155 625 950";"A01";"1";"7";"13";"2";"5";"26";"1";""
"202300030784";"155 625 946";"B01";"2";"10";"0";"2";"4";"23";"1";""
"202300030784";"155 625 948";"A01";"2";"7";"0";"2";"1";"26";"1";""
"202300030785";"155 625 944";"A01";"1";"33";"0";"2";"8";"9";"1";""
"202300030785";"155 625 945";"B01";"1";"13";"0";"2";"2";"1";"1";""
"202300030786";"155 625 943";"A01";"2";"7";"6";"0";"1";"0";"0";""
"202300030787";"155 625 941";"A01";"2";"60";"15";"0";"1";"1";"5";""
"202300030788";"155 625 940";"B01";"1";"7";"0";"2";"3";"1";"1";""
"202300030788";"155 625 942";"A01";"1";"33";"0";"2";"8";"12";"1";""
"202300030789";"155 625 936";"A01";"2";"7";"0";"2";"3";"15";"1";""
"202300030789";"155 625 938";"B01";"2";"32";"0";"2";"2";"17";"1";""
"202300030790";"155 625 930";"A01";"3";"7";"14";"2";"1";"5";"6";""
"202300030790";"155 625 933";"B01";"3";"7";"0";"2";"1";"23";"6";""
"202300030791";"155 625 931";"A01";"2";"7";"0";"2";"3";"2";"0";""
"202300030791";"155 625 935";"B01";"2";"7";"0";"2";"5";"2";"0";""
"202300030792";"155 625 927";"A01";"1";"33";"15";"0";"0";"21";"1";""
"202300030792";"155 625 928";"B01";"1";"10";"0";"2";"0";"1";"1";""
"202300030793";"155 625 925";"A01";"2";"34";"0";"2";"4";"0";"1";""
"202300030793";"155 625 926";"B01";"2";"7";"0";"2";"5";"1";"1";""
"202300030794";"155 625 929";"A01";"2";"7";"0";"2";"1";"2";"1";""
"202300030794";"155 625 932";"B01";"2";"7";"0";"2";"4";"2";"1";""
"202300030794";"155 625 934";"C01";"2";"10";"0";"2";"4";"2";"1";""
"202300030795";"155 625 922";"A01";"0";"10";"0";"1";"2";"1";"1";""
"202300030796";"155 625 921";"B01";"3";"10";"0";"2";"3";"1";"1";""
"202300030796";"155 625 923";"A01";"3";"2";"0";"2";"1";"1";"0";""
"202300030797";"155 625 924";"A01";"1";"7";"4";"2";"1";"1";"1";""
"202300030798";"155 625 919";"B01";"2";"50";"0";"2";"1";"5";"3";""
"202300030798";"155 625 920";"A01";"1";"7";"0";"9";"3";"1";"1";""
"202300030799";"155 625 916";"A01";"3";"33";"0";"2";"7";"18";"1";""
"202300030799";"155 625 918";"B01";"3";"7";"0";"2";"7";"16";"1";""
"202300030800";"155 625 913";"B01";"1";"7";"0";"2";"6";"1";"1";""
"202300030800";"155 625 915";"A01";"1";"7";"0";"2";"3";"1";"1";""
"202300030801";"155 625 914";"A01";"1";"7";"0";"2";"1";"2";"1";""
"202300030801";"155 625 917";"B01";"1";"7";"0";"2";"4";"2";"1";""
"202300030802";"155 625 911";"A01";"1";"33";"13";"0";"0";"13";"1";""
"202300030803";"155 625 910";"A01";"1";"7";"0";"2";"1";"2";"1";""
"202300030803";"155 625 912";"B01";"1";"7";"0";"2";"4";"23";"1";""
"202300030804";"155 625 908";"A01";"1";"7";"13";"0";"3";"1";"1";""
"202300030805";"155 625 906";"A01";"0";"1";"0";"1";"1";"19";"0";""
"202300030806";"155 625 905";"A01";"1";"13";"0";"1";"7";"1";"1";""
"202300030807";"155 625 907";"A01";"1";"33";"0";"2";"1";"3";"1";""
"202300030807";"155 625 909";"B01";"1";"7";"0";"2";"4";"12";"1";""
"202300030808";"155 625 903";"A01";"1";"33";"0";"0";"8";"1";"1";""
"202300030809";"155 625 902";"A01";"1";"1";"0";"2";"1";"1";"5";""
"202300030809";"155 625 904";"B01";"2";"1";"0";"2";"3";"1";"5";""
"202300030810";"155 625 898";"A01";"2";"7";"0";"2";"1";"1";"1";""
"202300030810";"155 625 900";"B01";"2";"17";"0";"2";"4";"1";"1";""
"202300030811";"155 625 899";"Z01";"1";"7";"0";"2";"4";"2";"0";""
"202300030811";"155 625 901";"A01";"1";"34";"0";"2";"1";"26";"1";""
"202300030812";"155 625 896";"A01";"2";"7";"0";"2";"1";"1";"1";""
"202300030812";"155 625 897";"B01";"2";"7";"0";"0";"4";"1";"1";""
"202300030813";"155 625 894";"A01";"1";"7";"2";"0";"2";"1";"1";""
"202300030814";"155 625 893";"A01";"3";"7";"0";"0";"1";"19";"0";""
"202300030814";"155 625 895";"B01";"3";"7";"0";"0";"8";"1";"1";""
"202300030815";"155 625 891";"A01";"1";"13";"0";"2";"2";"12";"1";""
"202300030815";"155 625 892";"B01";"1";"7";"0";"2";"8";"1";"1";""
"202300030816";"155 625 890";"A01";"3";"7";"0";"1";"2";"1";"0";""
"202300030817";"155 625 889";"A01";"2";"7";"0";"1";"2";"1";"1";""
"202300030818";"155 625 887";"A01";"2";"7";"0";"2";"3";"17";"1";""
"202300030819";"155 625 886";"A01";"2";"7";"0";"2";"1";"2";"1";""
"202300030819";"155 625 888";"B01";"2";"7";"3";"0";"4";"2";"1";""
"202300030820";"155 625 885";"A01";"2";"7";"12";"0";"8";"9";"1";""
"202300030821";"155 625 883";"A01";"1";"7";"14";"0";"2";"1";"1";""
"202300030822";"155 625 882";"A01";"3";"7";"0";"2";"6";"1";"0";""
"202300030822";"155 625 884";"B01";"3";"7";"0";"2";"2";"15";"0";""
"202300030823";"155 625 879";"A01";"1";"7";"0";"2";"1";"2";"1";""
"202300030823";"155 625 881";"B01";"1";"7";"0";"2";"1";"2";"0";""
"202300030824";"155 625 876";"A01";"1";"15";"0";"0";"0";"1";"0";""
"202300030824";"155 625 878";"B01";"2";"7";"0";"9";"1";"1";"0";""
"202300030824";"155 625 880";"C01";"2";"7";"0";"9";"1";"1";"0";""
"202300030825";"155 625 875";"A01";"1";"7";"0";"9";"1";"2";"1";""
"202300030825";"155 625 877";"B01";"1";"2";"0";"2";"4";"1";"1";""
"202300030826";"155 625 872";"B01";"1";"7";"0";"2";"8";"15";"1";""
"202300030826";"155 625 873";"A01";"1";"1";"0";"2";"1";"1";"5";""
"202300030827";"155 625 871";"B01";"1";"7";"0";"2";"1";"19";"1";""
"202300030827";"155 625 874";"A01";"3";"7";"0";"2";"5";"19";"1";""
"202300030828";"155 625 869";"A01";"1";"7";"14";"0";"1";"1";"1";""
"202300030828";"155 625 870";"B01";"1";"7";"0";"1";"4";"23";"1";""
"202300030829";"155 625 866";"B01";"2";"33";"0";"2";"3";"1";"1";""
"202300030829";"155 625 868";"A01";"1";"10";"0";"2";"1";"15";"1";""
"202300030830";"155 625 865";"A01";"2";"32";"0";"2";"1";"2";"1";""
"202300030830";"155 625 867";"B01";"2";"7";"0";"2";"5";"2";"1";""
"202300030831";"155 625 862";"A01";"1";"7";"16";"0";"9";"13";"1";""
"202300030832";"155 625 861";"A01";"2";"7";"0";"0";"1";"0";"1";""
"202300030833";"155 625 863";"A01";"1";"7";"0";"2";"0";"0";"0";""
"202300030833";"155 625 864";"B01";"1";"0";"0";"2";"0";"0";"0";""
"202300030834";"155 625 860";"A01";"2";"43";"11";"0";"1";"21";"1";""
"202300030835";"155 625 859";"A01";"1";"7";"13";"0";"1";"0";"1";""
"202300030836";"155 625 858";"A01";"1";"32";"13";"0";"9";"1";"1";""
"202300030837";"155 625 857";"A01";"2";"10";"0";"1";"1";"15";"1";""
"202300030838";"155 625 856";"A01";"1";"7";"0";"1";"2";"16";"1";""
"202300030839";"155 625 853";"A01";"1";"2";"0";"2";"2";"16";"1";""
"202300030839";"155 625 855";"B01";"1";"2";"0";"2";"3";"18";"0";""
"202300030840";"155 625 852";"B01";"1";"33";"0";"2";"1";"1";"1";""
"202300030840";"155 625 854";"A01";"2";"10";"0";"2";"2";"15";"1";""
"202300030841";"155 625 850";"A01";"3";"15";"0";"0";"4";"2";"1";""
"202300030841";"155 625 851";"B01";"3";"32";"0";"0";"2";"2";"1";""
"202300030842";"155 625 849";"A01";"0";"7";"0";"2";"1";"1";"6";""
"202300030843";"155 625 847";"A01";"1";"33";"13";"0";"0";"21";"1";""
"202300030844";"155 625 845";"B01";"1";"7";"0";"2";"4";"2";"1";""
"202300030844";"155 625 846";"A01";"1";"10";"0";"2";"1";"2";"1";""
"202300030845";"155 625 843";"A01";"0";"7";"0";"2";"1";"2";"1";""
"202300030845";"155 625 848";"B01";"3";"7";"0";"2";"4";"0";"1";""
"202300030846";"155 625 842";"B01";"2";"7";"0";"2";"8";"1";"1";""
"202300030846";"155 625 844";"A01";"1";"7";"13";"2";"1";"13";"1";""
"202300030847";"155 625 841";"A01";"1";"10";"0";"1";"2";"1";"1";""
"202300030848";"155 625 840";"A01";"2";"33";"6";"0";"1";"26";"1";""
"202300030849";"155 625 835";"A01";"1";"7";"0";"2";"1";"1";"1";""
"202300030849";"155 625 837";"B01";"2";"7";"0";"2";"7";"9";"1";""
"202300030850";"155 625 836";"B01";"1";"2";"0";"2";"9";"18";"1";""
"202300030850";"155 625 839";"A01";"1";"7";"0";"2";"7";"1";"1";""
"202300030851";"155 625 833";"A01";"1";"2";"15";"0";"0";"14";"1";""
"202300030852";"155 625 829";"A01";"2";"7";"6";"0";"1";"1";"1";""
"202300030853";"155 625 830";"A01";"2";"7";"0";"2";"1";"1";"1";""
"202300030853";"155 625 834";"B01";"1";"7";"0";"2";"1";"1";"1";""
"202300030853";"155 625 838";"C01";"2";"7";"0";"2";"1";"2";"1";""
"202300030854";"155 625 826";"A01";"2";"10";"0";"2";"3";"1";"1";""
"202300030854";"155 625 828";"B01";"2";"33";"0";"0";"5";"16";"1";""
"202300030855";"155 625 825";"A01";"2";"7";"0";"2";"8";"15";"2";""
"202300030855";"155 625 827";"B01";"2";"1";"0";"2";"1";"17";"5";""
"202300030856";"155 625 824";"A01";"2";"7";"0";"1";"3";"1";"0";""
"202300030857";"155 625 822";"A01";"3";"7";"16";"0";"9";"24";"1";""
"202300030858";"155 625 821";"B01";"1";"7";"0";"2";"3";"1";"1";""
"202300030858";"155 625 823";"A01";"1";"34";"0";"2";"1";"1";"1";""
"202300030859";"155 625 820";"A01";"1";"33";"0";"6";"1";"1";"1";""
"202300030860";"155 625 819";"A01";"1";"7";"0";"1";"2";"2";"1";""
"202300030861";"155 625 817";"A01";"1";"7";"13";"0";"1";"1";"1";""
"202300030862";"155 625 813";"A01";"3";"1";"0";"0";"9";"1";"5";""
"202300030863";"155 625 815";"A01";"2";"30";"0";"2";"1";"2";"1";""
"202300030863";"155 625 818";"B01";"1";"7";"0";"2";"4";"2";"1";""
"202300030864";"155 625 812";"A01";"1";"33";"0";"6";"3";"6";"1";""
"202300030865";"155 625 810";"B01";"2";"3";"0";"2";"5";"2";"1";""
"202300030865";"155 625 811";"A01";"2";"33";"0";"2";"1";"2";"1";""
"202300030866";"155 625 808";"A01";"1";"7";"0";"2";"1";"2";"0";""
"202300030866";"155 625 809";"B01";"1";"50";"0";"0";"4";"1";"3";""
"202300030867";"155 625 807";"A01";"2";"10";"0";"1";"1";"1";"1";""
"202300030868";"155 625 804";"B01";"1";"31";"0";"2";"1";"2";"3";""
"202300030868";"155 625 806";"A01";"2";"7";"0";"2";"1";"15";"1";""
"202300030869";"155 625 803";"B01";"3";"1";"0";"2";"8";"11";"5";""
"202300030869";"155 625 805";"A01";"3";"7";"0";"2";"1";"1";"0";""
"202300030870";"155 625 799";"A01";"2";"7";"0";"2";"2";"1";"1";""
"202300030870";"155 625 801";"B01";"3";"1";"0";"2";"8";"19";"5";""
"202300030871";"155 625 797";"A01";"2";"2";"0";"2";"1";"17";"0";""
"202300030871";"155 625 800";"B01";"2";"14";"0";"0";"6";"15";"1";""
"202300030872";"155 625 798";"B01";"1";"2";"0";"2";"3";"1";"1";""
"202300030872";"155 625 802";"A01";"1";"7";"0";"2";"3";"15";"2";""
"202300030873";"155 625 794";"A01";"1";"7";"0";"2";"2";"15";"1";""
"202300030873";"155 625 795";"B01";"2";"1";"0";"2";"1";"1";"5";""
"202300030874";"155 625 793";"B01";"3";"10";"0";"2";"7";"21";"1";""
"202300030874";"155 625 796";"A01";"3";"3";"15";"2";"7";"13";"1";""
"202300030875";"155 625 792";"A01";"1";"34";"12";"0";"7";"14";"1";""
"202300030876";"155 625 790";"A01";"2";"7";"0";"2";"8";"15";"1";""
"202300030876";"155 625 791";"B01";"2";"14";"0";"2";"2";"1";"0";""
"202300030877";"155 625 788";"A01";"1";"7";"0";"2";"1";"15";"1";""
"202300030877";"155 625 789";"B01";"2";"34";"0";"2";"1";"0";"1";""
"202300030878";"155 625 785";"A01";"2";"7";"0";"1";"2";"26";"1";""
"202300030879";"155 625 786";"A01";"2";"7";"5";"2";"1";"1";"1";""
"202300030879";"155 625 787";"B01";"2";"7";"0";"2";"4";"15";"1";""
"202300030880";"155 625 783";"A01";"3";"7";"0";"2";"2";"17";"1";""
"202300030880";"155 625 784";"B01";"3";"30";"0";"2";"4";"1";"1";""
"202300030881";"155 625 780";"A01";"1";"10";"0";"2";"1";"1";"1";""
"202300030881";"155 625 782";"B01";"2";"1";"0";"2";"1";"5";"5";""
"202300030882";"155 625 779";"A01";"3";"7";"0";"1";"2";"1";"1";""
"202300030883";"155 625 777";"B01";"2";"7";"0";"2";"5";"1";"1";""
"202300030883";"155 625 781";"A01";"1";"7";"0";"2";"7";"15";"1";""
"202300030884";"155 625 776";"B01";"2";"33";"0";"2";"3";"1";"1";""
"202300030884";"155 625 778";"A01";"1";"7";"0";"2";"3";"13";"1";""
"202300030885";"155 625 773";"A01";"3";"36";"2";"0";"3";"0";"1";""
"202300030886";"155 625 771";"B01";"3";"1";"0";"2";"2";"19";"5";""
"202300030886";"155 625 774";"A01";"3";"7";"0";"9";"3";"16";"1";""
"202300030887";"155 625 769";"B01";"1";"7";"0";"2";"8";"1";"1";""
"202300030887";"155 625 772";"C01";"3";"7";"0";"9";"6";"1";"1";""
"202300030887";"155 625 775";"A01";"3";"7";"9";"2";"1";"1";"1";""
"202300030888";"155 625 768";"A01";"2";"10";"0";"0";"2";"1";"1";""
"202300030888";"155 625 770";"B01";"2";"17";"0";"0";"6";"1";"1";""
"202300030889";"155 625 764";"A01";"2";"10";"0";"1";"2";"21";"1";""
"202300030890";"155 625 766";"A01";"2";"7";"0";"2";"1";"15";"1";""
"202300030890";"155 625 767";"B01";"1";"30";"0";"2";"8";"1";"1";""
"202300030891";"155 625 765";"A01";"3";"3";"0";"0";"3";"26";"1";""
"202300030892";"155 625 761";"A01";"2";"7";"0";"2";"1";"2";"1";""
"202300030892";"155 625 763";"B01";"2";"10";"0";"0";"4";"2";"1";""
"202300030893";"155 625 762";"A01";"1";"0";"0";"0";"0";"0";"0";""
"202300030894";"155 625 759";"A01";"3";"33";"3";"0";"1";"2";"1";""
"202300030895";"155 625 758";"B01";"1";"30";"0";"2";"7";"0";"1";""
"202300030895";"155 625 760";"A01";"1";"7";"0";"2";"1";"9";"1";""
"202300030896";"155 625 757";"A01";"3";"32";"0";"1";"0";"21";"0";""
"202300030897";"155 625 755";"A01";"1";"7";"0";"0";"3";"2";"1";""
"202300030897";"155 625 756";"B01";"1";"33";"14";"0";"1";"2";"1";""
"202300030898";"155 625 754";"A01";"3";"7";"12";"0";"1";"1";"1";""
"202300030899";"155 625 753";"A01";"3";"10";"0";"1";"1";"17";"1";""
"202300030900";"155 625 751";"A01";"1";"7";"0";"2";"9";"12";"1";""
"202300030900";"155 625 752";"B01";"1";"7";"0";"2";"9";"1";"1";""
"202300030901";"155 625 749";"A01";"2";"7";"0";"2";"1";"1";"2";""
"202300030901";"155 625 750";"B01";"2";"50";"0";"2";"8";"15";"3";""
"202300030902";"155 625 748";"A01";"2";"17";"6";"0";"1";"13";"1";""
"202300030903";"155 625 745";"A01";"3";"14";"0";"1";"0";"0";"1";""
"202300030904";"155 625 746";"B01";"3";"7";"0";"2";"6";"15";"0";""
"202300030904";"155 625 747";"A01";"1";"33";"0";"2";"1";"12";"1";""
"202300030905";"155 625 744";"Z01";"1";"50";"0";"1";"1";"1";"3";""
"202300030906";"155 625 741";"B01";"2";"7";"0";"2";"8";"15";"1";""
"202300030906";"155 625 743";"A01";"1";"14";"0";"2";"1";"1";"1";""
"202300030907";"155 625 739";"A01";"1";"7";"0";"9";"8";"16";"1";""
"202300030907";"155 625 742";"B01";"1";"80";"0";"2";"7";"1";"3";""
"202300030908";"155 625 735";"A01";"1";"7";"0";"2";"1";"15";"1";""
"202300030908";"155 625 737";"B01";"2";"7";"0";"2";"2";"1";"1";""
"202300030909";"155 625 734";"A01";"1";"33";"0";"0";"9";"1";"1";""
"202300030910";"155 625 729";"A01";"2";"33";"0";"2";"1";"1";"1";""
"202300030910";"155 625 732";"B01";"2";"7";"0";"2";"3";"15";"1";""
"202300030911";"155 625 728";"A01";"1";"7";"0";"2";"3";"17";"1";""
"202300030911";"155 625 730";"B01";"2";"10";"0";"2";"3";"1";"1";""
"202300030911";"155 625 731";"C01";"1";"7";"0";"2";"6";"26";"2";""
"202300030912";"155 625 727";"B01";"1";"7";"0";"2";"2";"1";"1";""
"202300030912";"155 625 733";"A01";"1";"10";"0";"2";"1";"2";"1";""
"202300030913";"155 625 725";"A01";"1";"7";"0";"1";"8";"15";"1";""
"202300030914";"155 625 724";"B01";"2";"50";"12";"0";"1";"14";"3";""
"202300030914";"155 625 726";"A01";"1";"7";"0";"0";"0";"15";"1";""
"202300030915";"155 625 718";"B01";"1";"7";"0";"2";"3";"9";"1";""
"202300030915";"155 625 720";"A01";"2";"33";"0";"2";"7";"1";"1";""
"202300030916";"155 625 719";"A01";"3";"7";"0";"2";"1";"1";"1";""
"202300030916";"155 625 721";"B01";"1";"1";"0";"2";"8";"16";"5";""
"202300030917";"155 625 722";"B01";"3";"7";"7";"0";"3";"1";"1";""
"202300030917";"155 625 723";"A01";"3";"30";"0";"2";"8";"1";"1";""
"202300030918";"155 625 717";"A01";"2";"7";"2";"0";"1";"2";"1";""
"202300030919";"155 625 716";"A01";"1";"7";"0";"1";"1";"1";"1";""
"202300030920";"155 625 715";"A01";"2";"7";"0";"1";"1";"1";"1";""
"202300030921";"155 625 713";"A01";"1";"34";"0";"2";"1";"2";"1";""
"202300030921";"155 625 714";"B01";"1";"7";"0";"2";"4";"2";"2";""
"202300030922";"155 625 712";"A01";"3";"7";"0";"1";"1";"1";"1";""
"202300030923";"155 625 709";"A01";"3";"7";"0";"2";"6";"13";"3";""
"202300030923";"155 625 710";"B01";"3";"1";"0";"2";"2";"14";"5";""
"202300030924";"155 625 711";"A01";"1";"7";"0";"1";"0";"9";"1";""
"202300030925";"155 625 708";"A01";"2";"33";"6";"0";"7";"2";"1";""
"202300030926";"155 625 706";"A01";"1";"7";"0";"2";"2";"9";"1";""
"202300030926";"155 625 707";"B01";"1";"99";"0";"2";"3";"0";"1";""
"202300030927";"155 625 703";"A01";"1";"2";"8";"0";"1";"19";"0";""
"202300030928";"155 625 702";"A01";"1";"7";"0";"1";"1";"1";"1";""
"202300030929";"155 625 701";"A01";"1";"7";"0";"1";"3";"1";"1";""
"202300030930";"155 625 697";"A01";"2";"7";"0";"2";"4";"26";"1";""
"202300030930";"155 625 699";"B01";"2";"7";"0";"2";"1";"2";"1";""
"202300030931";"155 625 696";"A01";"1";"33";"0";"2";"9";"1";"1";""
"202300030931";"155 625 700";"B01";"2";"1";"0";"2";"1";"1";"5";""
"202300030932";"155 625 695";"A01";"1";"7";"0";"9";"1";"1";"1";""
"202300030932";"155 625 698";"B01";"1";"1";"0";"2";"4";"15";"5";""
"202300030933";"155 625 693";"A01";"3";"33";"0";"0";"8";"2";"1";""
"202300030934";"155 625 692";"A01";"1";"99";"0";"2";"1";"13";"1";""
"202300030934";"155 625 694";"B01";"2";"10";"0";"2";"1";"1";"1";""
"202300030935";"155 625 690";"A01";"3";"14";"0";"2";"1";"1";"1";""
"202300030935";"155 625 691";"B01";"3";"7";"0";"2";"4";"1";"1";""
"202300030936";"155 625 687";"B01";"1";"7";"0";"2";"3";"1";"3";""
"202300030936";"155 625 688";"A01";"2";"7";"0";"2";"1";"3";"1";""
"202300030937";"155 625 686";"B01";"3";"1";"0";"2";"8";"19";"5";""
"202300030937";"155 625 689";"A01";"2";"10";"0";"2";"1";"1";"1";""
"202300030938";"155 625 683";"A01";"2";"7";"0";"2";"7";"17";"1";""
"202300030938";"155 625 685";"B01";"2";"1";"0";"0";"8";"1";"5";""
"202300030939";"155 625 682";"B01";"1";"7";"0";"2";"1";"1";"1";""
"202300030939";"155 625 684";"A01";"1";"1";"0";"2";"1";"1";"5";""
"202300030940";"155 625 680";"A01";"0";"7";"0";"1";"1";"1";"1";""
"202300030941";"155 625 679";"A01";"1";"3";"0";"1";"1";"1";"1";""
"202300030942";"155 625 678";"A01";"2";"7";"0";"1";"2";"25";"0";""
"202300030943";"155 625 681";"A01";"3";"7";"0";"1";"2";"1";"1";""
"202300030944";"155 625 675";"A01";"1";"7";"6";"0";"4";"16";"1";""
"202300030944";"155 625 677";"B01";"1";"13";"0";"2";"1";"2";"1";""
"202300030945";"155 625 671";"D01";"1";"7";"4";"0";"2";"1";"1";""
"202300030945";"155 625 672";"C01";"1";"7";"0";"2";"4";"2";"1";""
"202300030945";"155 625 674";"A01";"1";"7";"0";"2";"4";"1";"1";""
"202300030945";"155 625 676";"B01";"1";"7";"0";"2";"1";"1";"1";""
"202300030946";"155 625 670";"A01";"3";"7";"0";"1";"1";"1";"0";""
"202300030947";"155 625 673";"A01";"1";"10";"0";"1";" -1";"16";" -1";""
"202300030948";"155 625 667";"A01";"1";"7";"0";"2";"2";"1";"1";""
"202300030948";"155 625 669";"B01";"1";"50";"0";"2";"1";"1";"3";""
"202300030949";"155 625 664";"A01";"2";"30";"0";"0";"4";"0";"1";""
"202300030949";"155 625 665";"B01";"1";"7";"0";"2";"1";"2";"1";""
"202300030950";"155 625 666";"B01";"3";"7";"0";"2";"1";"1";"1";""
"202300030950";"155 625 668";"A01";"3";"7";"0";"2";"1";"13";"1";""
"202300030951";"155 625 661";"B01";"3";"33";"0";"2";"2";"1";"1";""
"202300030951";"155 625 663";"A01";"3";"7";"0";"2";"3";"9";"1";""
"202300030952";"155 625 660";"A01";"0";"31";"12";"0";"2";"1";"1";""
"202300030953";"155 625 659";"A01";"3";"7";"0";"2";"3";"10";"1";""
"202300030953";"155 625 662";"B01";"3";"2";"0";"2";"2";"2";"1";""
"202300030954";"155 625 657";"A01";"1";"7";"0";"2";"1";"15";"1";""
"202300030954";"155 625 658";"B01";"2";"33";"0";"2";"1";"1";"1";""