"Num_Acc";"id_vehicule";"num_veh";"senc";"catv";"obs";"obsm";"choc";"manv";"motor";"occutc"
"202300030955";"155 625 655";"A01";"3";"7";"15";"0";"1";"26";"1";""
"202300030956";"155 625 653";"A01";"2";"50";"0";"2";"1";"1";"3";""
"202300030956";"155 625 654";"B01";"1";"7";"0";"2";"3";"1";"1";""
"202300030957";"155 625 652";"A01";"3";"7";"0";"2";"8";"16";"1";""
"202300030957";"155 625 656";"B01";"2";"7";"0";"2";"2";"2";"1";""
"202300030958";"155 625 650";"A01";"3";"30";"0";"2";"0";"1";"1";""
"202300030958";"155 625 651";"B01";"3";"37";"0";"2";"0";"1";"1";"1"
"202300030959";"155 625 646";"A01";"2";"7";"0";"2";"0";"1";"1";""
"202300030959";"155 625 648";"B01";"2";"1";"0";"2";"0";"1";"5";""
"202300030960";"155 625 645";"A01";"1";"7";"0";"1";"1";"1";"1";""
"202300030961";"155 625 647";"B01";"3";"7";"0";"2";"8";"1";"1";""
"202300030961";"155 625 649";"A01";"3";"10";"0";"2";"1";"15";"1";""
"202300030962";"155 625 643";"B01";"1";"2";"0";"2";"1";"3";"1";""
"202300030962";"155 625 644";"A01";"1";"7";"0";"2";"3";"10";"1";""
"202300030963";"155 625 639";"B01";"2";"7";"0";"2";"6";"23";"1";""
"202300030963";"155 625 641";"A01";"2";"7";"0";"2";"1";"2";"1";""
"202300030964";"155 625 640";"B01";"0";"1";"0";"2";"8";"16";"5";""
"202300030964";"155 625 642";"A01";"3";"14";"0";"2";"7";"16";"1";""
"202300030965";"155 625 637";"B01";"1";"2";"0";"2";"8";"15";"1";""
"202300030965";"155 625 638";"A01";"1";"43";"0";"2";"1";"17";"1";""
"202300030966";"155 625 635";"A01";"0";"10";"0";"2";"3";"15";"1";""
"202300030966";"155 625 636";"B01";"0";"42";"0";"2";"1";"1";"1";""
"202300030967";"155 625 634";"A01";"1";"7";"0";"1";"1";"26";"1";""
"202300030968";"155 625 632";"B01";"2";"2";"0";"2";"7";"1";"1";""
"202300030968";"155 625 633";"A01";"3";"7";"0";"2";"3";"9";"1";""
"202300030969";"155 625 631";"A01";"2";"7";"0";"1";"2";"1";"1";""
"202300030970";"155 625 630";"A01";"3";"40";"0";"1";"2";"17";"6";""
"202300030971";"155 625 629";"A01";"2";"30";"0";"0";"1";"1";"1";""
"202300030972";"155 625 627";"A01";"2";"50";"0";"2";"1";"1";"3";""
"202300030972";"155 625 628";"B01";"2";"7";"0";"2";"3";"1";"0";""
"202300030973";"155 625 625";"A01";"1";"7";"0";"2";"3";"15";"1";""
"202300030973";"155 625 626";"B01";"1";"2";"0";"2";"1";"1";"1";""
"202300030974";"155 625 623";"A01";"3";"10";"0";"2";"2";"9";"1";""
"202300030974";"155 625 624";"B01";"3";"50";"0";"2";"1";"25";"3";""
"202300030975";"155 625 620";"A01";"3";"7";"0";"2";"3";"9";"1";""
"202300030975";"155 625 622";"B01";"3";"50";"0";"2";"1";"1";"3";""
"202300030976";"155 625 619";"B01";"3";"7";"0";"2";"7";"15";"1";""
"202300030976";"155 625 621";"A01";"3";"30";"0";"2";"1";"8";"1";""
"202300030977";"155 625 617";"A01";"3";"7";"0";"2";"3";"16";"1";""
"202300030977";"155 625 618";"B01";"3";"50";"0";"2";"2";"19";"3";""
"202300030978";"155 625 615";"A01";"1";"7";"9";"0";"1";"1";"1";""
"202300030979";"155 625 616";"A01";"3";"7";"0";"1";"1";"15";"2";""
"202300030980";"155 625 614";"A01";"3";"10";"0";"1";"8";"1";"1";""
"202300030981";"155 625 613";"A01";"3";"10";"0";"0";"0";"26";"1";""
"202300030982";"155 625 612";"A01";"2";"32";"0";"1";"1";"1";"1";""
"202300030983";"155 625 611";"A01";"1";"7";"0";"1";"1";"1";"1";""
"202300030984";"155 625 609";"A01";"3";"30";"0";"2";"2";"13";"1";""
"202300030984";"155 625 610";"B01";"3";"7";"0";"2";"6";"1";"1";""
"202300030985";"155 625 605";"A01";"0";"7";"0";"2";"1";"26";"1";""
"202300030985";"155 625 608";"B01";"0";"43";"0";"1";"1";"0";"1";""
"202300030986";"155 625 606";"A01";"1";"32";"0";"2";"1";"13";"1";""
"202300030986";"155 625 607";"B01";"2";"7";"0";"2";"1";"1";"1";""
"202300030987";"155 625 602";"B01";"0";"10";"0";"0";"4";"2";"0";""
"202300030987";"155 625 603";"A01";"0";"10";"0";"0";"1";"2";"0";""
"202300030988";"155 625 601";"B01";"2";"31";"0";"2";"1";"1";"0";""
"202300030988";"155 625 604";"A01";"2";"7";"0";"2";"8";"15";"1";""
"202300030989";"155 625 600";"A01";"1";"7";"0";"1";"1";"1";"1";""
"202300030990";"155 625 597";"A01";"1";"10";"0";"2";"1";"1";"3";""
"202300030990";"155 625 598";"B01";"1";"7";"0";"2";"5";"23";"1";""
"202300030991";"155 625 593";"A01";"1";"7";"0";"2";"7";"15";"1";""
"202300030991";"155 625 594";"B01";"2";"34";"0";"2";"1";"1";"1";""
"202300030992";"155 625 595";"A01";"2";"7";"0";"2";"8";"22";"1";""
"202300030992";"155 625 596";"B01";"2";"1";"1";"0";"7";"1";"5";""
"202300030993";"155 625 592";"A01";"3";"50";"12";"0";"1";"0";"3";""
"202300030994";"155 625 590";"A01";"2";"2";"0";"2";"2";"13";"1";""
"202300030994";"155 625 591";"B01";"1";"7";"0";"2";"2";"1";"1";""
"202300030995";"155 625 588";"B01";"1";"1";"0";"2";"8";"2";"5";""
"202300030995";"155 625 589";"A01";"1";"7";"0";"9";"7";"17";"1";""
"202300030996";"155 625 586";"B01";"1";"33";"0";"2";"1";"1";"1";""
"202300030996";"155 625 587";"A01";"1";"7";"0";"2";"6";"10";"1";""
"202300030997";"155 625 584";"A01";"1";"50";"0";"2";"3";"9";"3";""
"202300030997";"155 625 585";"Z01";"1";"7";"0";"2";"1";"0";"1";""
"202300030998";"155 625 582";"A01";"2";"7";"0";"2";"2";"15";"1";""
"202300030998";"155 625 583";"B01";"1";"2";"0";"2";"1";"1";"1";""
"202300030999";"155 625 581";"A01";"1";"7";"0";"1";"3";"1";"0";""
"202300031000";"155 625 580";"A01";"3";"0";"0";"1";"0";"26";"0";""
"202300031001";"155 625 579";"A01";"3";"1";"0";"0";"0";"0";"5";""
"202300031002";"155 625 578";"A01";"1";"43";"0";"6";"1";"1";"1";""
"202300031003";"155 625 576";"A01";"1";"7";"0";"2";"1";"1";"1";""
"202300031003";"155 625 577";"B01";"1";"2";"0";"0";"6";"1";"1";""
"202300031004";"155 625 574";"A01";"1";"10";"0";"2";"0";"10";"1";""
"202300031004";"155 625 575";"B01";"1";"7";"0";"2";"1";"1";"1";""
"202300031005";"155 625 573";"A01";"1";"33";"6";"0";"0";"1";"1";""
"202300031006";"155 625 572";"A01";"2";"2";"0";"1";"2";"17";"1";""
"202300031007";"155 625 570";"A01";"2";"2";"0";"2";"1";"2";"1";""
"202300031007";"155 625 571";"B01";"2";"7";"0";"0";"4";"2";"1";""
"202300031008";"155 625 569";"A01";"1";"7";"0";"1";"0";"1";"0";""
"202300031009";"155 625 567";"A01";"2";"7";"0";"2";"7";"0";"0";""
"202300031009";"155 625 568";"B01";"1";"7";"0";"2";"1";"1";"0";""
"202300031010";"155 625 565";"A01";"3";"7";"0";"2";"3";"15";"1";""
"202300031010";"155 625 566";"B01";"3";"33";"0";"2";"1";"1";"1";""
"202300031011";"155 625 563";"B01";"3";"7";"0";"2";"4";"16";"1";""
"202300031011";"155 625 564";"A01";"2";"7";"0";"2";"1";"16";"1";""
"202300031012";"155 625 562";"A01";"1";"7";"0";"1";"2";"1";"1";""
"202300031013";"155 625 560";"A01";"1";"31";"0";"2";"2";"2";"1";""
"202300031013";"155 625 561";"B01";"1";"7";"0";"0";"5";"16";"1";""
"202300031014";"155 625 558";"A01";"3";"7";"0";"2";"8";"9";"1";""
"202300031014";"155 625 559";"B01";"3";"1";"0";"2";"2";"1";"5";""
"202300031015";"155 625 557";"A01";"2";"31";"3";"0";"1";"0";"1";""
"202300031016";"155 625 555";"A01";"2";"7";"0";"2";"3";"15";"1";""
"202300031016";"155 625 556";"B01";"1";"33";"0";"2";"1";"1";"1";""
"202300031017";"155 625 554";"A01";"2";"7";"0";"0";"0";"1";"1";""
"202300031018";"155 625 552";"B01";"2";"21";"0";"2";"3";"13";"1";""
"202300031018";"155 625 553";"A01";"1";"7";"0";"2";"3";"1";"1";""
"202300031019";"155 625 550";"B01";"1";"7";"0";"2";"3";"1";"1";""
"202300031019";"155 625 551";"A01";"0";"10";"0";"2";"1";"19";"1";""
"202300031020";"155 625 548";"B01";"1";"1";"0";"2";"7";"19";"5";""
"202300031020";"155 625 549";"A01";"1";"10";"0";"2";"2";"1";"1";""
"202300031021";"155 625 547";"A01";"3";"38";"0";"1";"2";"20";"1";"1"
"202300031022";"155 625 546";"A01";"2";"7";"6";"0";"2";"1";"1";""
"202300031023";"155 625 544";"B01";"1";"7";"0";"2";"7";"21";"1";""
"202300031023";"155 625 545";"A01";"2";"7";"0";"2";"1";"17";"1";""
"202300031024";"155 625 542";"B01";"2";"7";"0";"2";"1";"15";"1";""
"202300031024";"155 625 543";"A01";"2";"30";"0";"2";"2";"1";"3";""
"202300031025";"155 625 541";"A01";"1";"7";"8";"0";"3";"13";"1";""
"202300031026";"155 625 540";"A01";"1";"7";"0";"0";"9";"1";"1";""
"202300031027";"155 625 538";"A01";"1";"10";"1";"0";"2";"15";"1";""
"202300031027";"155 625 539";"B01";"2";"7";"0";"1";"3";"23";"1";""
"202300031028";"155 625 535";"C01";"1";"7";"0";"2";"1";"11";"3";""
"202300031028";"155 625 536";"B01";"2";"7";"0";"2";"2";"13";"1";""
"202300031028";"155 625 537";"A01";"2";"7";"0";"2";"1";"16";"1";""
"202300031029";"155 625 534";"A01";"3";"33";"0";"0";"0";"1";"1";""
"202300031030";"155 625 533";"A01";"1";"7";"6";"9";"1";"15";"0";""
"202300031031";"155 625 531";"A01";"1";"32";"0";"2";"1";"1";"1";""
"202300031031";"155 625 532";"B01";"1";"10";"0";"0";"4";"1";"1";""
"202300031032";"155 625 530";"A01";"1";"33";"12";"0";"1";"17";"1";""
"202300031033";"155 625 529";"A01";"1";"1";"0";"1";"1";"2";"5";""
"202300031034";"155 625 527";"A01";"1";"10";"0";"9";"1";"14";"1";""
"202300031034";"155 625 528";"B01";"1";"1";"0";"2";"8";"11";"5";""
"202300031035";"155 625 525";"A01";"1";"10";"1";"0";"1";"1";"1";""
"202300031035";"155 625 526";"B01";"1";"7";"0";"1";"4";"1";"1";""
"202300031036";"155 625 524";"A01";"2";"7";"6";"0";"8";"0";"1";""
"202300031037";"155 625 522";"A01";"1";"7";"0";"9";"1";"1";"1";""
"202300031037";"155 625 523";"B01";"3";"50";"0";"2";"7";"19";"3";""
"202300031038";"155 625 520";"B01";"2";"10";"0";"1";"1";"1";"1";""
"202300031039";"155 625 518";"B01";"1";"7";"0";"2";"1";"1";"1";""
"202300031039";"155 625 519";"A01";"1";"7";"0";"2";"4";"1";"1";""
"202300031040";"155 625 517";"A01";"1";"33";"0";"2";"7";"2";"1";""
"202300031041";"155 625 514";"C01";"2";"7";"0";"9";"1";"2";"1";""
"202300031041";"155 625 515";"A01";"1";"7";"3";"2";"3";"11";"1";""
"202300031041";"155 625 516";"B01";"1";"7";"3";"2";"2";"2";"1";""
"202300031042";"155 625 512";"A01";"2";"7";"0";"2";"3";"11";"1";""
"202300031042";"155 625 513";"B01";"2";"43";"0";"2";"2";"3";"1";""
"202300031043";"155 625 508";"A01";"1";"7";"0";"2";"1";"2";"1";""
"202300031043";"155 625 509";"B01";"1";"7";"0";"2";"4";"2";"1";""
"202300031043";"155 625 510";"C01";"1";"7";"0";"2";"4";"2";"1";""
"202300031043";"155 625 511";"D01";"1";"10";"0";"2";"4";"2";"1";""
"202300031044";"155 625 507";"A01";"1";"33";"0";"0";"0";"1";"0";""
"202300031045";"155 625 504";"B01";"2";"10";"0";"2";"6";"1";"1";""
"202300031045";"155 625 505";"C01";"2";"10";"1";"2";"5";"1";"1";""
"202300031045";"155 625 506";"A01";"2";"31";"0";"2";"7";"3";"1";""
"202300031046";"155 625 502";"A01";"2";"7";"0";"2";"1";"1";"1";""
"202300031046";"155 625 503";"B01";"2";"7";"0";"2";"4";"1";"1";""
"202300031047";"155 625 500";"A01";"1";"7";"0";"2";"2";"12";"1";""
"202300031047";"155 625 501";"B01";"1";"33";"0";"2";"8";"3";"1";""
"202300031048";"155 625 498";"A01";"1";"33";"0";"2";"3";"3";"1";""
"202300031048";"155 625 499";"B01";"1";"7";"0";"2";"7";"12";"2";""
"202300031049";"155 625 495";"C01";"2";"7";"0";"2";"4";"2";"3";""
"202300031049";"155 625 496";"A01";"2";"10";"0";"2";"1";"2";"1";""
"202300031049";"155 625 497";"B01";"2";"7";"0";"2";"4";"2";"1";""
"202300031050";"155 625 494";"A01";"1";"7";"3";"0";"3";"2";"1";""
"202300031051";"155 625 492";"A01";"2";"7";"0";"2";"1";"2";"1";""
"202300031051";"155 625 493";"B01";"2";"7";"0";"2";"4";"2";"1";""
"202300031052";"155 625 490";"A01";"1";"32";"0";"2";"1";"1";"1";""
"202300031052";"155 625 491";"B01";"1";"7";"0";"2";"4";"2";"1";""
"202300031053";"155 625 488";"A01";"1";"10";"0";"2";"1";"1";"1";""
"202300031053";"155 625 489";"B01";"1";"7";"0";"2";"4";"2";"1";""
"202300031054";"155 625 486";"A01";"1";"7";"0";"2";"7";"12";"1";""
"202300031054";"155 625 487";"B01";"1";"7";"0";"2";"3";"1";"1";""
"202300031055";"155 625 484";"A01";"2";"7";"0";"2";"8";"11";"1";""
"202300031055";"155 625 485";"B01";"2";"34";"0";"2";"1";"3";"1";""
"202300031056";"155 625 482";"A01";"2";"33";"0";"2";"1";"13";"1";""
"202300031056";"155 625 483";"B01";"2";"7";"0";"2";"1";"0";"1";""
"202300031057";"155 625 479";"B01";"2";"7";"0";"2";"4";"2";"1";""
"202300031057";"155 625 480";"A01";"2";"7";"0";"2";"1";"2";"1";""
"202300031057";"155 625 481";"C01";"2";"7";"0";"2";"4";"2";"1";""
"202300031058";"155 625 476";"A01";"2";"17";"0";"2";"4";"2";"1";""
"202300031058";"155 625 477";"B01";"2";"17";"0";"2";"1";"2";"1";""
"202300031058";"155 625 478";"C01";"2";"17";"0";"2";"1";"2";"1";""
"202300031059";"155 625 471";"A01";"3";"33";"0";"0";"1";"17";"1";""
"202300031060";"155 625 469";"A01";"3";"7";"0";"2";"1";"13";"1";""
"202300031060";"155 625 470";"B01";"3";"7";"0";"2";"3";"1";"1";""
"202300031061";"155 625 467";"B01";"1";"10";"0";"2";"4";"23";"1";""
"202300031061";"155 625 468";"A01";"1";"7";"0";"2";"1";"1";"1";""
"202300031062";"155 625 465";"B01";"1";"7";"0";"2";"8";"1";"1";""
"202300031062";"155 625 466";"A01";"1";"7";"0";"2";"1";"1";"1";""
"202300031063";"155 625 464";"A01";"1";"7";"0";"1";"1";"23";"1";""
"202300031064";"155 625 462";"B01";"1";"1";"0";"2";"8";"19";"0";""
"202300031064";"155 625 463";"A01";"1";"7";"0";"2";"1";"1";"1";""
"202300031065";"155 625 460";"A01";"2";"7";"0";"2";"4";"1";"1";""
"202300031065";"155 625 461";"B01";"2";"33";"0";"2";"1";"1";"1";""
"202300031066";"155 625 458";"B01";"2";"7";"0";"0";"1";"1";"1";""
"202300031066";"155 625 459";"A01";"1";"60";"0";"0";"8";"19";"5";""
"202300031067";"155 625 453";"A01";"1";"43";"0";"2";"1";"1";"1";""
"202300031067";"155 625 454";"B01";"1";"7";"1";"2";"4";"20";"1";""
"202300031068";"155 625 451";"A01";"3";"7";"0";"2";"2";"1";"1";""
"202300031068";"155 625 452";"B01";"3";"1";"0";"2";"1";"1";"5";""
"202300031069";"155 625 449";"B01";"1";"7";"0";"2";"3";"1";"1";""
"202300031069";"155 625 450";"A01";"2";"30";"0";"2";"1";"13";"1";""
"202300031070";"155 625 448";"A01";"0";"7";"0";"1";"1";"1";"1";""
"202300031071";"155 625 446";"A01";"1";"7";"0";"9";"1";"1";"1";""
"202300031071";"155 625 447";"B01";"3";"99";"0";"2";"7";"19";"3";""
"202300031072";"155 625 444";"B01";"3";"14";"0";"2";"7";"1";"1";""
"202300031072";"155 625 445";"A01";"3";"33";"0";"1";"9";"12";"1";""
"202300031073";"155 625 442";"A01";"3";"7";"15";"2";"0";"13";"1";""
"202300031073";"155 625 443";"B01";"3";"1";"0";"0";"0";"0";"5";""
"202300031074";"155 625 440";"B01";"1";"50";"9";"0";"1";"5";"3";""
"202300031074";"155 625 441";"A01";"1";"10";"0";"2";"2";"1";"1";""
"202300031075";"155 625 434";"B01";"2";"7";"0";"2";"2";"1";"2";""
"202300031075";"155 625 435";"A01";"3";"99";"0";"2";"5";"1";"3";""
"202300031076";"155 625 432";"B01";"3";"7";"0";"2";"1";"1";"1";""
"202300031076";"155 625 433";"A01";"3";"7";"0";"2";"7";"15";"1";""
"202300031077";"155 625 430";"A01";"1";"7";"0";"2";"2";"15";"1";""
"202300031077";"155 625 431";"B01";"2";"7";"0";"2";"1";"1";"1";""
"202300031078";"155 625 428";"B01";"3";"33";"0";"2";"3";"1";"1";""
"202300031078";"155 625 429";"A01";"3";"7";"0";"2";"1";"15";"1";""
"202300031079";"155 625 427";"A01";"3";"50";"12";"0";"0";"1";"3";""
"202300031080";"155 625 425";"B01";"2";"7";"0";"2";"4";"2";"1";""
"202300031080";"155 625 426";"A01";"1";"7";"0";"2";"1";"1";"1";""
"202300031081";"155 625 423";"A01";"1";"7";"0";"9";"1";"15";"1";""
"202300031081";"155 625 424";"B01";"1";"80";"0";"2";"1";"1";"3";""
"202300031082";"155 625 422";"A01";"1";"7";"2";"0";"9";"1";"1";""
"202300031083";"155 625 421";"A01";"3";"33";"6";"0";"3";"26";"1";""
"202300031084";"155 625 420";"A01";"2";"7";"0";"1";"2";"1";"1";""
"202300031085";"155 625 419";"A01";"3";"50";"1";"0";"1";"1";"3";""
"202300031086";"155 625 417";"B01";"3";"7";"0";"2";"4";"2";"1";""
"202300031086";"155 625 418";"A01";"3";"7";"0";"2";"1";"2";"1";""
"202300031087";"155 625 416";"A01";"2";"7";"12";"0";"1";"1";"1";""
"202300031088";"155 625 414";"B01";"3";"7";"6";"2";"7";"1";"1";""
"202300031088";"155 625 415";"A01";"1";"7";"0";"2";"1";"19";"1";""
"202300031089";"155 625 412";"A01";"3";"7";"0";"2";"3";"26";"1";""
"202300031089";"155 625 413";"B01";"3";"7";"0";"2";"2";"1";"1";""
"202300031090";"155 625 410";"A01";"1";"7";"0";"9";"2";"5";"1";""
"202300031090";"155 625 411";"B01";"1";"1";"0";"2";"8";"15";"5";""
"202300031091";"155 625 409";"Z01";"2";"7";"0";"1";"0";"26";"0";""
"202300031092";"155 625 405";"A01";"1";"7";"4";"0";"1";"1";"1";""
"202300031093";"155 625 404";"A01";"2";"7";"4";"0";"3";"9";"1";""
"202300031094";"155 625 403";"A01";"1";"7";"0";"1";"2";"9";"2";""
"202300031095";"155 625 399";"A01";"1";"7";"0";"0";"0";"0";"1";""
"202300031095";"155 625 400";"B01";"1";"7";"0";"2";"3";"1";"1";""
"202300031096";"155 625 398";"A01";"1";"7";"14";"1";"2";"10";"1";""
"202300031097";"155 625 396";"A01";"2";"7";"0";"2";"3";"13";"1";""
"202300031097";"155 625 397";"B01";"1";"7";"0";"2";"3";"1";"1";""
"202300031098";"155 625 395";"A01";"2";"7";"1";"2";"2";"5";"1";""
"202300031099";"155 625 394";"A01";"2";"7";"0";"1";"7";"14";"1";""
"202300031100";"155 625 392";"A01";"1";"7";"1";"2";"8";"11";"1";""
"202300031100";"155 625 393";"B01";"0";"7";"0";"2";"7";"1";"1";""
"202300031101";"155 625 391";"A01";"1";"32";"12";"0";"9";"0";"1";""
"202300031102";"155 625 390";"A01";"2";"7";"6";"0";"1";"14";"1";""
"202300031103";"155 625 388";"A01";"1";"7";"0";"2";"2";"15";"1";""
"202300031103";"155 625 389";"B01";"2";"33";"0";"2";"1";"1";"1";""
"202300031104";"155 625 387";"A01";"2";"10";"0";"1";"3";"1";"6";""
"202300031105";"155 625 386";"A01";"1";"7";"0";"1";"3";"26";"1";""
"202300031106";"155 625 383";"C01";"1";"7";"0";"2";"7";"2";"1";""
"202300031106";"155 625 384";"A01";"1";"7";"0";"2";"3";"12";"1";""
"202300031106";"155 625 385";"B01";"1";"7";"0";"2";"5";"2";"1";""
"202300031107";"155 625 381";"A01";"2";"33";"0";"2";"1";"3";"1";""
"202300031107";"155 625 382";"B01";"2";"31";"0";"2";"4";"3";"1";""
"202300031108";"155 625 379";"A01";"1";"7";"0";"2";"1";"1";"1";""
"202300031108";"155 625 380";"B01";"1";"7";"0";"2";"4";"1";"1";""
"202300031109";"155 625 377";"A01";"2";"2";"0";"2";"2";"21";"3";""
"202300031109";"155 625 378";"B01";"2";"7";"0";"2";"3";"21";"1";""
"202300031110";"155 625 375";"A01";"2";"37";"1";"2";"5";"1";"6";"1"
"202300031110";"155 625 376";"B01";"2";"80";"1";"2";"8";"13";"3";""
"202300031111";"155 625 373";"B01";"1";"7";"0";"2";"6";"1";"2";""
"202300031111";"155 625 374";"A01";"2";"7";"0";"2";"1";"1";"1";""
"202300031112";"155 625 371";"A01";"2";"1";"0";"2";"1";"2";"5";""
"202300031112";"155 625 372";"B01";"2";"7";"0";"2";"4";"16";"1";""
"202300031113";"155 625 369";"Z01";"1";"7";"0";"2";"7";"12";"1";""
"202300031113";"155 625 370";"B01";"1";"33";"0";"2";"3";"1";"1";""
"202300031114";"155 625 368";"A01";"1";"50";"0";"1";"8";"1";"3";""
"202300031115";"155 625 365";"C01";"1";"7";"0";"2";"7";"23";"1";""
"202300031115";"155 625 366";"A01";"1";"7";"0";"2";"2";"1";"1";""
"202300031115";"155 625 367";"B01";"1";"7";"0";"2";"6";"23";"1";""
"202300031116";"155 625 363";"B01";"1";"33";"0";"2";"3";"9";"1";""
"202300031116";"155 625 364";"A01";"1";"33";"0";"2";"2";"17";"1";""
"202300031117";"155 625 362";"A01";"1";"7";"0";"1";"7";"12";"1";""
"202300031118";"155 625 361";"A01";"2";"7";"0";"1";"2";"16";"2";""
"202300031119";"155 625 359";"A01";"1";"7";"0";"2";"2";"1";"1";""
"202300031119";"155 625 360";"B01";"1";"33";"0";"2";"6";"1";"1";""
"202300031120";"155 625 357";"B01";"1";"7";"0";"0";"4";"2";"2";""
"202300031120";"155 625 358";"A01";"1";"7";"0";"0";"1";"2";"1";""
"202300031121";"155 625 356";"A01";"1";"7";"12";"0";"1";"5";"1";""
"202300031122";"155 625 354";"A01";"1";"7";"0";"2";"1";"2";"1";""
"202300031122";"155 625 355";"B01";"1";"34";"0";"2";"4";"23";"1";""
"202300031123";"155 625 353";"A01";"2";"7";"0";"1";"3";"1";"1";""
"202300031124";"155 625 351";"A01";"2";"7";"0";"2";"5";"10";"6";""
"202300031124";"155 625 352";"B01";"1";"2";"0";"2";"1";"1";"0";""
"202300031125";"155 625 349";"A01";"1";"10";"0";"2";"1";"2";"1";""
"202300031125";"155 625 350";"B01";"1";"10";"0";"2";"4";"23";"1";""
"202300031126";"155 625 346";"C01";"1";"7";"0";"2";"1";"0";"0";""
"202300031126";"155 625 347";"A01";"1";"7";"0";"2";"1";"0";"0";""
"202300031126";"155 625 348";"B01";"1";"7";"0";"2";"1";"0";"0";""
"202300031127";"155 625 344";"A01";"2";"33";"0";"2";"1";"1";"0";""
"202300031127";"155 625 345";"B01";"1";"7";"0";"2";"7";"15";"0";""
"202300031128";"155 625 342";"A01";"1";"7";"0";"2";"7";"0";"1";""
"202300031128";"155 625 343";"B01";"3";"7";"0";"2";"0";"0";"0";""
"202300031129";"155 625 340";"A01";"1";"2";"0";"2";"1";"1";"1";""
"202300031129";"155 625 341";"B01";"1";"7";"0";"2";"3";"1";"0";""
"202300031130";"155 625 339";"A01";"2";"7";"0";"1";"3";"1";"1";""
"202300031131";"155 625 338";"A01";"1";"2";"12";"0";"2";"19";"1";""
"202300031132";"155 625 337";"A01";"3";"7";"13";"0";"2";"0";"1";""
"202300031133";"155 625 336";"A01";"1";"7";"2";"0";"1";"1";"0";""
"202300031134";"155 625 334";"A01";"1";"7";"0";"2";"3";"15";"1";""
"202300031134";"155 625 335";"B01";"2";"33";"0";"2";"1";"1";"1";""
"202300031135";"155 625 332";"A01";"1";"14";"0";"2";"2";"15";"1";""
"202300031135";"155 625 333";"B01";"2";"33";"0";"2";"1";"1";"1";""
"202300031136";"155 625 330";"A01";"1";"7";"3";"2";"2";"19";"1";""
"202300031136";"155 625 331";"B01";"2";"14";"0";"2";"1";"1";"1";""
"202300031137";"155 625 328";"B01";"2";"7";"0";"2";"2";"1";"1";""
"202300031137";"155 625 329";"A01";"2";"7";"0";"2";"1";"19";"1";""
"202300031138";"155 625 327";"A01";"3";"21";"0";"1";"6";"4";"1";""
"202300031139";"155 625 326";"A01";"2";"7";"2";"0";"9";"1";"1";""
"202300031140";"155 625 323";"A01";"2";"7";"8";"0";"6";"1";"1";""
"202300031141";"155 625 322";"A01";"2";"50";"12";"0";"2";"1";"3";""
"202300031142";"155 625 320";"A01";"1";"7";"0";"2";"5";"15";"1";""
"202300031142";"155 625 321";"B01";"1";"2";"0";"2";"1";"2";"1";""
"202300031143";"155 625 318";"B01";"1";"7";"0";"2";"4";"2";"1";""
"202300031143";"155 625 319";"A01";"1";"2";"0";"2";"1";"1";"1";""
"202300031144";"155 625 316";"A01";"1";"7";"0";"0";"6";"2";"1";""
"202300031144";"155 625 317";"B01";"1";"33";"0";"0";"1";"2";"1";""
"202300031145";"155 625 315";"A01";"2";"32";"0";"9";"1";"17";"0";""
"202300031146";"155 625 313";"B01";"1";"21";"0";"0";"0";"15";"1";""
"202300031146";"155 625 314";"A01";"1";"33";"0";"0";"0";"17";"1";""
"202300031147";"155 625 312";"A01";"1";"7";"0";"1";"2";"1";"1";""
"202300031148";"155 625 311";"A01";"3";"33";"0";"0";"9";"2";"1";""
"202300031149";"155 625 310";"A01";"1";"7";"8";"0";"1";"13";"0";""
"202300031150";"155 625 309";"A01";"1";"7";"13";"0";"2";"0";"1";""
"202300031151";"155 625 308";"A01";"3";"1";"0";"0";"0";"1";"5";""
"202300031152";"155 625 306";"A01";"3";"10";"0";"0";"2";"1";"1";""
"202300031152";"155 625 307";"B01";"3";"60";"0";"0";"8";"1";"5";""
"202300031153";"155 625 304";"A01";"2";"7";"0";"2";"1";"2";"1";""
"202300031153";"155 625 305";"B01";"2";"7";"0";"2";"4";"2";"1";""
"202300031154";"155 625 302";"A01";"1";"30";"0";"2";"4";"1";"1";""
"202300031154";"155 625 303";"B01";"1";"7";"0";"2";"1";"2";"0";""
"202300031155";"155 625 301";"A01";"2";"7";"13";"0";"0";"14";"1";""
"202300031156";"155 625 300";"A01";"2";"2";"12";"0";"0";"1";"1";""
"202300031157";"155 625 298";"A01";"1";"7";"0";"0";"3";"9";"1";""
"202300031157";"155 625 299";"B01";"2";"50";"0";"2";"1";"1";"3";""
"202300031158";"155 625 296";"A01";"2";"7";"0";"2";"2";"15";"1";""
"202300031158";"155 625 297";"B01";"1";"7";"0";"2";"3";"1";"1";""
"202300031159";"155 625 295";"A01";"2";"7";"15";"0";"1";"1";"1";""
"202300031160";"155 625 293";"A01";"2";"33";"0";"2";"1";"1";"1";""
"202300031160";"155 625 294";"B01";"1";"7";"0";"2";"2";"15";"1";""
"202300031161";"155 625 291";"B01";"1";"33";"0";"2";"1";"1";"1";""
"202300031161";"155 625 292";"A01";"2";"7";"0";"2";"2";"15";"1";""
"202300031162";"155 625 289";"A01";"1";"7";"0";"2";"1";"1";"0";""
"202300031162";"155 625 290";"B01";"2";"1";"0";"2";"8";"1";"5";""