"Num_Acc";"id_vehicule";"num_veh";"senc";"catv";"obs";"obsm";"choc";"manv";"motor";"occutc"
"202300031803";"155 624 208";"A01";"2";"32";"13";"0";"7";"1";"1";""
"202300031804";"155 624 205";"A01";"3";"80";"0";"1";"0";"21";"3";""
"202300031805";"155 624 206";"B01";"1";"10";"3";"2";"1";"1";"1";""
"202300031805";"155 624 207";"A01";"2";"7";"3";"2";"1";"13";"1";""
"202300031806";"155 624 204";"A01";"1";"7";"0";"1";"2";"2";"1";""
"202300031807";"155 624 200";"A01";"3";"2";"0";"0";"2";"1";"0";""
"202300031808";"155 624 202";"B01";"2";"7";"0";"2";"4";"23";"1";""
"202300031808";"155 624 203";"A01";"1";"15";"0";"2";"1";"2";"1";""
"202300031809";"155 624 198";"A01";"2";"7";"15";"0";"1";"5";"1";""
"202300031809";"155 624 201";"B01";"1";"7";"0";"0";"1";"1";"1";""
"202300031810";"155 624 197";"A01";"1";"10";"2";"0";"1";"0";"1";""
"202300031811";"155 624 195";"A01";"2";"33";"13";"0";"2";"1";"1";""
"202300031812";"155 624 194";"A01";"3";"7";"13";"0";"1";"1";"1";""
"202300031813";"155 624 196";"B01";"2";"33";"0";"0";"8";"1";"1";""
"202300031813";"155 624 199";"A01";"3";"10";"0";"2";"1";"1";"1";""
"202300031814";"155 624 192";"B01";"1";"7";"0";"2";"3";"1";"1";""
"202300031814";"155 624 193";"A01";"2";"7";"0";"2";"3";"13";"1";""
"202300031815";"155 624 190";"A01";"2";"7";"2";"0";"1";"17";"1";""
"202300031816";"155 624 188";"B01";"0";"2";"0";"0";"4";"0";"1";""
"202300031816";"155 624 191";"A01";"3";"2";"0";"2";"1";"0";"1";""
"202300031817";"155 624 189";"A01";"3";"7";"2";"0";"3";"16";"1";""
"202300031818";"155 624 187";"A01";"3";"7";"0";"0";"0";"0";"1";""
"202300031819";"155 624 186";"A01";"1";"33";"13";"0";"1";"13";"1";""
"202300031820";"155 624 185";"A01";"1";"1";"0";"0";"0";"1";"5";""
"202300031821";"155 624 181";"A01";"1";"7";"13";"0";"9";"0";"1";""
"202300031822";"155 624 179";"C01";"1";"2";"0";"2";"1";"1";"1";""
"202300031822";"155 624 182";"A01";"2";"7";"0";"2";"2";"17";"1";""
"202300031822";"155 624 184";"B01";"2";"10";"0";"2";"6";"23";"1";""
"202300031823";"155 624 177";"C01";"2";"10";"0";"2";"3";"1";"1";""
"202300031823";"155 624 180";"B01";"2";"7";"3";"2";"1";"1";"1";""
"202300031823";"155 624 183";"A01";"1";"7";"0";"2";"1";"13";"1";""
"202300031824";"155 624 175";"B01";"2";"33";"0";"2";"1";"1";"1";""
"202300031824";"155 624 178";"A01";"1";"7";"0";"2";"2";"19";"1";""
"202300031825";"155 624 174";"A01";"2";"33";"13";"0";"1";"0";"1";""
"202300031826";"155 624 173";"B01";"2";"7";"0";"0";"0";"2";"1";""
"202300031826";"155 624 176";"A01";"2";"7";"0";"0";"0";"2";"1";""
"202300031827";"155 624 169";"A01";"3";"7";"0";"2";"2";"1";"1";""
"202300031827";"155 624 171";"B01";"3";"7";"0";"2";"2";"15";"1";""
"202300031828";"155 624 168";"B01";"3";"1";"0";"2";"1";"1";"5";""
"202300031828";"155 624 170";"A01";"0";"7";"0";"2";"1";"1";"0";""
"202300031829";"155 624 167";"A01";"2";"7";"15";"2";"2";"1";"1";""
"202300031829";"155 624 172";"Z01";"1";"7";"0";"2";"1";"16";"1";""
"202300031830";"155 624 165";"B01";"2";"17";"0";"2";"1";"1";"1";""
"202300031830";"155 624 166";"A01";"1";"7";"0";"2";"1";"13";"1";""
"202300031831";"155 624 163";"A01";"1";"10";"1";"1";"2";"1";"1";""
"202300031832";"155 624 162";"A01";"3";"7";"0";"1";"2";"1";"1";""
"202300031833";"155 624 161";"A01";"3";"36";"13";"0";"7";"10";"1";""
"202300031834";"155 624 160";"A01";"2";"7";"0";"2";"7";"1";"2";""
"202300031834";"155 624 164";"B01";"1";"7";"0";"2";"1";"19";"1";""
"202300031835";"155 624 158";"A01";"2";"7";"13";"0";"1";"1";"1";""
"202300031836";"155 624 157";"A01";"1";"7";"13";"0";"3";"15";"1";""
"202300031837";"155 624 156";"A01";"1";"7";"6";"2";"2";"1";"0";""
"202300031837";"155 624 159";"B01";"2";"10";"0";"2";"1";"1";"1";""
"202300031838";"155 624 154";"B01";"2";"7";"0";"2";"3";"1";"1";""
"202300031838";"155 624 155";"A01";"1";"7";"0";"2";"1";"10";"1";""
"202300031839";"155 624 152";"A01";"2";"7";"8";"0";"3";"2";"1";""
"202300031840";"155 624 151";"A01";"2";"7";"0";"1";"2";"1";"0";""
"202300031841";"155 624 150";"A01";"3";"7";"0";"1";"1";"2";"1";""
"202300031842";"155 624 148";"A01";"0";"50";"0";"0";"0";"0";"3";""
"202300031843";"155 624 147";"A01";"1";"7";"2";"0";"1";"1";"0";""
"202300031844";"155 624 146";"B01";"1";"30";"0";"2";"7";"1";"1";""
"202300031844";"155 624 149";"A01";"2";"7";"0";"2";"2";"15";"1";""
"202300031845";"155 624 144";"B01";"3";"7";"0";"2";"3";"1";"0";""
"202300031845";"155 624 145";"A01";"3";"7";"0";"2";"0";"0";"0";""
"202300031846";"155 624 139";"B01";"2";"7";"0";"2";"1";"1";"1";""
"202300031846";"155 624 142";"A01";"1";"7";"0";"2";"1";"13";"1";""
"202300031847";"155 624 140";"A01";"3";"7";"0";"9";"1";"9";"0";""
"202300031847";"155 624 143";"B01";"0";"50";"0";"0";"0";"0";"3";""
"202300031848";"155 624 136";"A01";"3";"7";"2";"0";"1";"1";"1";""
"202300031849";"155 624 137";"B01";"2";"7";"0";"2";"2";"1";"1";""
"202300031849";"155 624 141";"A01";"1";"7";"0";"2";"3";"0";"1";""
"202300031850";"155 624 134";"A01";"1";"7";"3";"0";"1";"1";"1";""
"202300031851";"155 624 135";"B01";"0";"7";"0";"2";"4";"0";"1";""
"202300031851";"155 624 138";"A01";"0";"7";"0";"2";"1";"0";"1";""
"202300031852";"155 624 131";"A01";"2";"7";"0";"2";"3";"1";"0";""
"202300031852";"155 624 133";"B01";"1";"21";"0";"2";"3";"1";"0";""
"202300031853";"155 624 129";"A01";"2";"7";"8";"2";"8";"1";"0";""
"202300031853";"155 624 132";"B01";"1";"7";"0";"2";"1";"1";"0";""
"202300031854";"155 624 127";"A01";"2";"33";"0";"2";"3";"26";"1";""
"202300031854";"155 624 130";"B01";"2";"10";"0";"2";"7";"14";"1";""
"202300031855";"155 624 126";"A01";"1";"7";"17";"0";"1";"1";"1";""
"202300031856";"155 624 125";"A01";"2";"36";"13";"0";"1";"0";"1";""
"202300031857";"155 624 119";"A01";"2";"7";"0";"2";"5";"14";"1";""
"202300031857";"155 624 123";"B01";"2";"33";"0";"2";"8";"1";"1";""
"202300031858";"155 624 121";"A01";"2";"10";"0";"2";"2";"1";"1";""
"202300031858";"155 624 124";"B01";"2";"3";"16";"0";"4";"2";"1";""
"202300031859";"155 624 116";"A01";"1";"7";"0";"2";"8";"10";"1";""
"202300031859";"155 624 118";"B01";"2";"33";"0";"2";"1";"2";"1";""
"202300031859";"155 624 120";"C01";"1";"7";"0";"2";"3";"1";"1";""
"202300031860";"155 624 110";"C01";"2";"33";"0";"2";"7";"0";"1";""
"202300031860";"155 624 114";"B01";"2";"10";"0";"0";"6";"1";"1";""
"202300031860";"155 624 115";"A01";"2";"33";"0";"2";"6";"0";"1";""
"202300031861";"155 624 109";"A01";"1";"10";"0";"2";"3";"15";"1";""
"202300031861";"155 624 113";"B01";"2";"7";"0";"2";"1";"1";"1";""
"202300031862";"155 624 107";"E01";"1";"7";"14";"0";"1";"1";"1";""
"202300031862";"155 624 111";"B01";"2";"7";"1";"1";"1";"26";"1";""
"202300031862";"155 624 117";"C01";"1";"7";"0";"0";"1";"23";"1";""
"202300031862";"155 624 122";"D01";"1";"7";"14";"0";"0";"1";"1";""
"202300031863";"155 624 105";"A01";"2";"7";"2";"0";"7";"13";"1";""
"202300031864";"155 624 104";"A01";"1";"7";"0";"0";"1";"21";"1";""
"202300031865";"155 624 101";"D01";"3";"7";"0";"2";"0";"0";"1";""
"202300031865";"155 624 103";"C01";"3";"7";"0";"2";"3";"1";"1";""
"202300031865";"155 624 108";"B01";"3";"7";"0";"2";"6";"1";"0";""
"202300031865";"155 624 112";"A01";"3";"31";"0";"2";"1";"1";"1";""
"202300031866";"155 624 100";"A01";"2";"10";"0";"0";"9";"13";"1";""
"202300031867";"155 624 097";"A01";"3";"7";"0";"2";"1";"9";"1";""
"202300031867";"155 624 099";"B01";"1";"33";"0";"0";"7";"1";"1";""
"202300031868";"155 624 096";"B01";"2";"7";"0";"2";"5";"11";"1";""
"202300031868";"155 624 098";"A01";"2";"33";"0";"2";"1";"3";"1";""
"202300031869";"155 624 094";"A01";"3";"7";"0";"2";"8";"21";"1";""
"202300031870";"155 624 093";"A01";"3";"10";"0";"2";"6";"19";"1";""
"202300031870";"155 624 095";"B01";"1";"43";"0";"2";"1";"1";"1";""
"202300031871";"155 624 090";"A01";"1";"7";"0";"2";"2";"0";"1";""
"202300031871";"155 624 092";"B01";"1";"31";"0";"0";"4";"0";"1";""
"202300031872";"155 624 085";"A01";"1";"10";"8";"0";"6";"16";"1";""
"202300031872";"155 624 088";"B01";"1";"7";"0";"2";"2";"1";"1";""
"202300031873";"155 624 086";"A01";"3";"31";"0";"2";"2";"17";"0";""
"202300031873";"155 624 089";"B01";"3";"13";"0";"2";"3";"1";"0";""
"202300031874";"155 624 084";"B01";"2";"33";"0";"2";"1";"3";"1";""
"202300031874";"155 624 087";"C01";"2";"7";"0";"2";"6";"1";"1";""
"202300031874";"155 624 091";"A01";"2";"7";"0";"2";"2";"12";"0";""
"202300031875";"155 624 083";"A01";"1";"7";"13";"0";"1";"0";"1";""
"202300031876";"155 624 081";"A01";"3";"7";"0";"2";"1";"1";"1";""
"202300031876";"155 624 082";"B01";"3";"31";"0";"2";"1";"1";"1";""
"202300031877";"155 624 077";"A01";"1";"33";"0";"2";"2";"3";"1";""
"202300031877";"155 624 080";"B01";"1";"10";"0";"2";"6";"2";"1";""
"202300031878";"155 624 076";"A01";"2";"33";"0";"2";"1";"17";"1";""
"202300031878";"155 624 078";"B01";"1";"7";"0";"2";"1";"1";"1";""
"202300031879";"155 624 073";"A01";"1";"7";"0";"2";"2";"2";"1";""
"202300031879";"155 624 075";"B01";"1";"7";"0";"0";"6";"2";"1";""
"202300031880";"155 624 074";"B01";"1";"7";"0";"2";"2";"2";"1";""
"202300031880";"155 624 079";"A01";"2";"7";"0";"2";"1";"19";"1";""
"202300031881";"155 624 071";"A01";"1";"7";"0";"1";"3";"1";"0";""
"202300031882";"155 624 069";"B01";"1";"7";"0";"2";"8";"1";"1";""
"202300031882";"155 624 072";"A01";"1";"33";"0";"2";"7";"3";"1";""
"202300031883";"155 624 067";"A01";"2";"7";"0";"2";"2";"17";"1";""
"202300031883";"155 624 070";"B01";"2";"1";"0";"2";"8";"15";"5";""
"202300031884";"155 624 068";"A01";"1";"7";"0";"1";"3";"1";"1";""
"202300031885";"155 624 064";"A01";"3";"10";"0";"1";"3";"1";"1";""
"202300031886";"155 624 062";"A01";"2";"7";"0";"2";"1";"2";"1";""
"202300031886";"155 624 065";"B01";"2";"2";"0";"0";"4";"2";"1";""
"202300031887";"155 624 063";"A01";"2";"7";"0";"2";"1";"1";"1";""
"202300031887";"155 624 066";"B01";"2";"7";"0";"2";"4";"1";"1";""
"202300031888";"155 624 059";"A01";"1";"7";"9";"0";"7";"1";"1";""
"202300031889";"155 624 056";"A01";"2";"1";"0";"2";"8";"1";"5";""
"202300031889";"155 624 060";"B01";"1";"38";"0";"2";"8";"23";"1";"1"
"202300031890";"155 624 055";"A01";"2";"33";"4";"2";"1";"2";"1";""
"202300031890";"155 624 057";"B01";"2";"7";"4";"2";"8";"11";"1";""
"202300031891";"155 624 052";"A01";"1";"1";"0";"2";"1";"1";"5";""
"202300031891";"155 624 054";"B01";"2";"1";"0";"2";"1";"9";"5";""
"202300031892";"155 624 049";"B01";"2";"33";"0";"2";"1";"11";"1";""
"202300031892";"155 624 051";"A01";"2";"7";"0";"2";"1";"11";"1";""
"202300031893";"155 624 045";"B01";"1";"7";"0";"2";"4";"2";"1";""
"202300031893";"155 624 048";"C01";"1";"7";"0";"2";"4";"2";"1";""
"202300031893";"155 624 050";"D01";"1";"7";"0";"0";"4";"1";"1";""
"202300031893";"155 624 053";"A01";"1";"10";"0";"2";"2";"2";"1";""
"202300031894";"155 624 043";"A01";"3";"7";"0";"2";"3";"15";"1";""
"202300031894";"155 624 047";"B01";"3";"7";"0";"2";"3";"1";"1";""
"202300031895";"155 624 041";"A01";"2";"31";"3";"0";"5";"1";"1";""
"202300031896";"155 624 037";"A01";"3";"32";"0";"2";"2";"17";"1";""
"202300031896";"155 624 039";"B01";"3";"7";"0";"2";"8";"11";"1";""
"202300031896";"155 624 042";"C01";"3";"10";"0";"2";"2";"1";"1";""
"202300031897";"155 624 038";"A01";"2";"10";"0";"2";"1";"2";"1";""
"202300031897";"155 624 040";"C01";"2";"7";"0";"2";"4";"2";"1";""
"202300031897";"155 624 044";"D01";"2";"17";"0";"2";"4";"2";"1";""
"202300031897";"155 624 046";"B01";"2";"7";"0";"2";"4";"2";"1";""
"202300031898";"155 624 034";"A01";"1";"7";"0";"2";"1";"2";"1";""
"202300031898";"155 624 035";"B01";"1";"3";"0";"0";"4";"2";"1";""
"202300031899";"155 624 033";"A01";"2";"7";"0";"0";"4";"1";"1";""
"202300031899";"155 624 036";"B01";"2";"7";"0";"2";"1";"1";"1";""
"202300031900";"155 624 029";"A01";"2";"7";"6";"9";"7";"13";"1";""
"202300031901";"155 624 031";"A01";"1";"34";"0";"1";"1";"26";"1";""
"202300031902";"155 624 030";"A01";"2";"7";"0";"2";"1";"11";"1";""
"202300031902";"155 624 032";"B01";"2";"17";"0";"2";"4";"1";"1";""
"202300031903";"155 624 027";"A01";"2";"7";"10";"0";"2";"1";"1";""
"202300031904";"155 624 026";"A01";"1";"7";"0";"2";"6";"13";"1";""
"202300031904";"155 624 028";"B01";"2";"7";"0";"2";"3";"1";"1";""
"202300031905";"155 624 021";"A01";"2";"7";"2";"0";"1";"0";"1";""
"202300031906";"155 624 020";"A01";"1";"7";"0";"2";"7";"9";"1";""
"202300031906";"155 624 025";"B01";"3";"7";"0";"2";"3";"12";"1";""
"202300031907";"155 624 019";"C01";"2";"32";"4";"2";"8";"3";"1";""
"202300031907";"155 624 023";"B01";"2";"33";"4";"2";"1";"3";"1";""
"202300031907";"155 624 024";"A01";"2";"7";"4";"2";"7";"14";"1";""
"202300031908";"155 624 018";"B01";"1";"80";"0";"2";"2";"1";"3";""
"202300031908";"155 624 022";"A01";"1";"7";"0";"2";"3";"9";"1";""
"202300031909";"155 624 016";"A01";"3";"7";"0";"2";"1";"13";"1";""
"202300031909";"155 624 017";"B01";"3";"7";"0";"2";"2";"1";"1";""
"202300031910";"155 624 006";"A01";"0";"7";"0";"0";"4";"1";"1";""
"202300031910";"155 624 010";"B01";"0";"7";"0";"2";"1";"1";"1";""
"202300031911";"155 624 009";"B01";"3";"7";"0";"0";"4";"2";"1";""
"202300031911";"155 624 012";"A01";"3";"7";"0";"2";"1";"2";"1";""
"202300031912";"155 624 008";"C01";"2";"10";"0";"2";"4";"2";"1";""
"202300031912";"155 624 011";"B01";"2";"10";"0";"2";"4";"2";"1";""
"202300031912";"155 624 014";"A01";"2";"7";"0";"2";"1";"2";"1";""
"202300031913";"155 624 007";"A01";"1";"15";"4";"2";"1";"13";"1";""
"202300031913";"155 624 013";"B01";"1";"7";"0";"2";"2";"1";"2";""
"202300031913";"155 624 015";"C01";"1";"14";"0";"2";"7";"1";"1";""
"202300031914";"155 624 001";"B01";"1";"7";"4";"2";"8";"1";"1";""
"202300031914";"155 624 004";"A01";"1";"15";"0";"2";"7";"12";"1";""
"202300031915";"155 624 000";"A01";"2";"7";"0";"2";"3";"13";"1";""
"202300031915";"155 624 003";"B01";"1";"7";"0";"2";"3";"1";"1";""
"202300031916";"155 623 999";"A01";"2";"7";"0";"2";"2";"1";"0";""
"202300031916";"155 624 005";"B01";"2";"10";"0";"2";"3";"16";"1";""
"202300031917";"155 623 998";"A01";"1";"7";"3";"0";"1";"1";"1";""
"202300031917";"155 624 002";"B01";"1";"7";"3";"0";"4";"1";"1";""
"202300031918";"155 623 995";"B01";"1";"33";"0";"2";"1";"26";"1";""
"202300031918";"155 623 997";"A01";"2";"3";"0";"2";"3";"19";"1";""
"202300031919";"155 623 993";"A01";"0";"7";"0";"1";"7";"1";"1";""
"202300031920";"155 623 991";"A01";"2";"7";"0";"2";"6";"18";"1";""
"202300031920";"155 623 996";"B01";"2";"15";"0";"2";"2";"12";"1";""
"202300031921";"155 623 992";"B01";"1";"7";"0";"2";"6";"12";"1";""
"202300031921";"155 623 994";"A01";"1";"33";"0";"2";"2";"3";"1";""
"202300031922";"155 623 986";"A01";"1";"32";"0";"1";"1";"1";"1";""
"202300031923";"155 623 987";"A01";"1";"3";"6";"0";"1";"1";"1";""
"202300031924";"155 623 984";"A01";"2";"10";"0";"2";"5";"12";"1";""
"202300031924";"155 623 988";"B01";"2";"7";"12";"2";"3";"12";"1";""
"202300031925";"155 623 982";"B01";"1";"10";"0";"2";"4";"2";"1";""
"202300031925";"155 623 983";"A01";"1";"7";"0";"2";"1";"2";"1";""
"202300031925";"155 623 985";"C01";"1";"15";"0";"2";"6";"2";"1";""
"202300031926";"155 623 978";"A01";"1";"7";"0";"1";"2";"15";"1";""
"202300031927";"155 623 973";"B01";"2";"7";"0";"2";"1";"0";"1";""
"202300031927";"155 623 977";"C01";"2";"7";"0";"2";"0";"0";"1";""
"202300031927";"155 623 980";"D01";"2";"7";"0";"2";"0";"0";"4";""
"202300031927";"155 623 981";"Z01";"1";"7";"0";"2";"0";"0";"1";""
"202300031928";"155 623 975";"A01";"3";"7";"0";"2";"5";"15";"1";""
"202300031928";"155 623 979";"B01";"1";"2";"0";"2";"1";"1";"1";""
"202300031929";"155 623 972";"A01";"1";"17";"0";"2";"1";"1";"1";""
"202300031929";"155 623 974";"B01";"1";"7";"0";"2";"4";"23";"1";""
"202300031929";"155 623 976";"C01";"1";"7";"0";"2";"4";"23";"1";""
"202300031930";"155 623 968";"B01";"1";"32";"0";"2";"1";"18";"1";""
"202300031930";"155 623 971";"A01";"1";"7";"0";"2";"5";"16";"1";""
"202300031931";"155 623 965";"A01";"1";"7";"0";"2";"7";"12";"1";""
"202300031931";"155 623 969";"B01";"1";"34";"0";"2";"8";"3";"1";""
"202300031932";"155 623 964";"A01";"1";"7";"0";"2";"4";"1";"1";""
"202300031932";"155 623 967";"B01";"1";"7";"0";"2";"4";"1";"1";""
"202300031932";"155 623 970";"C01";"1";"7";"0";"2";"8";"1";"1";""
"202300031933";"155 623 962";"A01";"1";"7";"3";"0";"0";"1";"1";""
"202300031934";"155 623 960";"A01";"2";"7";"4";"0";"3";"13";"1";""
"202300031935";"155 623 961";"A01";"2";"7";"0";"1";"5";"20";"1";""
"202300031936";"155 623 963";"A01";"2";"10";"0";"2";"2";"19";"1";""
"202300031936";"155 623 966";"B01";"2";"10";"0";"2";"3";"1";"1";""
"202300031937";"155 623 957";"A01";"1";"7";"3";"0";"1";"1";"1";""
"202300031938";"155 623 955";"A01";"2";"33";"0";"2";"0";"3";"1";""
"202300031938";"155 623 958";"B01";"2";"7";"0";"0";"2";"0";"0";""
"202300031938";"155 623 959";"C01";"2";"7";"0";"0";"4";"0";"1";""
"202300031939";"155 623 953";"A01";"2";"7";"0";"2";"1";"1";"1";""
"202300031939";"155 623 956";"B01";"1";"7";"0";"2";"1";"1";"1";""
"202300031940";"155 623 952";"A01";"1";"32";"0";"2";"7";"1";"1";""
"202300031940";"155 623 954";"Z01";"3";"7";"0";"2";"1";"15";"1";""
"202300031941";"155 623 951";"A01";"1";"10";"4";"0";"3";"26";"1";""
"202300031942";"155 623 949";"A01";"2";"7";"6";"0";"1";"15";"1";""
"202300031943";"155 623 945";"B01";"1";"33";"0";"2";"7";"3";"1";""
"202300031943";"155 623 948";"A01";"1";"7";"0";"2";"8";"11";"1";""
"202300031944";"155 623 943";"B01";"1";"7";"0";"2";"6";"2";"1";""
"202300031944";"155 623 947";"A01";"1";"7";"0";"2";"1";"2";"1";""
"202300031944";"155 623 950";"C01";"1";"7";"0";"2";"4";"1";"1";""
"202300031945";"155 623 941";"B01";"2";"32";"0";"2";"8";"3";"1";""
"202300031946";"155 623 937";"A01";"3";"33";"0";"2";"5";"2";"1";""
"202300031946";"155 623 939";"B01";"1";"7";"0";"2";"5";"2";"2";""
"202300031947";"155 623 936";"A01";"1";"7";"0";"2";"1";"0";"1";""
"202300031947";"155 623 940";"B01";"2";"7";"0";"2";"1";"0";"1";""
"202300031947";"155 623 942";"C01";"1";"7";"0";"2";"3";"0";"1";""
"202300031948";"155 623 934";"A01";"2";"42";"0";"0";"0";"0";"1";""
"202300031949";"155 623 933";"B01";"1";"7";"0";"2";"1";"1";"1";""
"202300031949";"155 623 935";"A01";"1";"7";"0";"2";"4";"23";"1";""
"202300031949";"155 623 938";"C01";"1";"7";"0";"2";"2";"21";"1";""
"202300031950";"155 623 931";"A01";"1";"10";"9";"0";"1";"1";"0";""
"202300031951";"155 623 930";"B01";"1";"7";"0";"2";"4";"1";"1";""
"202300031951";"155 623 932";"A01";"1";"10";"0";"2";"1";"1";"1";""
"202300031952";"155 623 928";"A01";"2";"1";"0";"2";"8";"15";"5";""
"202300031952";"155 623 929";"B01";"2";"50";"0";"2";"2";"17";"3";""
"202300031953";"155 623 926";"A01";"3";"7";"6";"0";"3";"13";"1";""
"202300031954";"155 623 923";"C01";"1";"7";"3";"2";"0";"21";"1";""
"202300031954";"155 623 925";"A01";"1";"7";"3";"2";"1";"2";"1";""
"202300031954";"155 623 927";"B01";"1";"7";"3";"2";"4";"2";"1";""
"202300031955";"155 623 922";"A01";"1";"33";"0";"2";"3";"17";"1";""
"202300031955";"155 623 924";"B01";"2";"99";"0";"2";"3";"15";"1";""
"202300031956";"155 623 919";"A01";"1";"33";"0";"2";"7";"1";"1";""
"202300031956";"155 623 921";"B01";"1";"7";"0";"2";"4";"4";"1";""
"202300031957";"155 623 918";"A01";"3";"7";"0";"1";"1";"1";"1";""
"202300031958";"155 623 916";"A01";"3";"2";"0";"2";"1";"1";"1";""
"202300031958";"155 623 920";"B01";"3";"10";"0";"2";"4";"1";"1";""
"202300031959";"155 623 914";"B01";"1";"10";"4";"2";"8";"1";"1";""
"202300031959";"155 623 915";"A01";"1";"10";"4";"2";"1";"2";"1";""
"202300031959";"155 623 917";"C01";"1";"7";"4";"2";"7";"14";"1";""
"202300031960";"155 623 910";"A01";"1";"7";"1";"1";"2";"17";"1";""
"202300031961";"155 623 908";"B01";"3";"7";"0";"2";"2";"1";"1";""
"202300031961";"155 623 912";"A01";"3";"10";"0";"2";"3";"9";"1";""
"202300031962";"155 623 911";"A01";"3";"30";"0";"2";"7";"1";"1";""
"202300031962";"155 623 913";"B01";"3";"7";"0";"2";"8";"22";"1";""
"202300031963";"155 623 903";"A01";"3";"7";"1";"2";"1";"2";"1";""
"202300031963";"155 623 905";"B01";"3";"7";"0";"2";"4";"2";"1";""
"202300031964";"155 623 902";"A01";"1";"50";"0";"1";"2";"25";"3";""
"202300031965";"155 623 901";"A01";"1";"7";"4";"2";"1";"2";"1";""
"202300031965";"155 623 906";"B01";"1";"10";"4";"2";"4";"2";"1";""
"202300031965";"155 623 907";"C01";"1";"7";"4";"2";"4";"2";"1";""
"202300031965";"155 623 909";"D01";"1";"7";"4";"2";"4";"2";"1";""
"202300031966";"155 623 904";"A01";"1";"7";"0";"1";"3";"15";"1";""
"202300031967";"155 623 900";"A01";"1";"7";"0";"1";"1";"1";"1";""
"202300031968";"155 623 897";"A01";"1";"7";"0";"2";"3";"1";"2";""
"202300031968";"155 623 898";"B01";"1";"7";"0";"0";"5";"1";"1";""
"202300031969";"155 623 895";"B01";"2";"7";"0";"2";"3";"1";"1";""
"202300031969";"155 623 899";"A01";"1";"1";"0";"2";"1";"1";"5";""
"202300031970";"155 623 896";"A01";"2";"50";"0";"1";"2";"21";"3";""
"202300031971";"155 623 893";"A01";"2";"7";"0";"2";"1";"15";"1";""
"202300031971";"155 623 894";"B01";"2";"32";"0";"2";"1";"1";"1";""
"202300031972";"155 623 891";"B01";"1";"33";"0";"2";"9";"21";"1";""
"202300031972";"155 623 892";"A01";"1";"33";"0";"2";"9";"26";"1";""
"202300031973";"155 623 889";"A01";"1";"7";"0";"1";"8";"1";"2";""
"202300031974";"155 623 887";"A01";"2";"7";"0";"1";"3";"1";"1";""
"202300031975";"155 623 885";"A01";"1";"7";"0";"2";"1";"13";"1";""
"202300031975";"155 623 888";"B01";"2";"7";"0";"2";"1";"1";"1";""
"202300031975";"155 623 890";"C01";"2";"10";"0";"2";"3";"1";"1";""
"202300031976";"155 623 884";"A01";"1";"7";"0";"2";"1";"1";"1";""
"202300031976";"155 623 886";"B01";"1";"7";"0";"2";"4";"1";"1";""
"202300031977";"155 623 881";"A01";"2";"14";"0";"2";"7";"1";"1";""
"202300031977";"155 623 883";"B01";"1";"80";"0";"2";"8";"19";"3";""
"202300031978";"155 623 880";"A01";"1";"1";"0";"2";"0";"0";"5";""
"202300031978";"155 623 882";"B01";"2";"7";"0";"9";"8";"1";"1";""
"202300031979";"155 623 878";"A01";"1";"30";"0";"2";"1";"1";"1";""
"202300031979";"155 623 879";"B01";"1";"7";"0";"2";"4";"23";"1";""
"202300031980";"155 623 876";"A01";"1";"7";"0";"2";"1";"2";"1";""
"202300031980";"155 623 877";"B01";"1";"7";"0";"2";"4";"2";"1";""
"202300031981";"155 623 872";"B01";"2";"7";"0";"2";"2";"15";"1";""
"202300031981";"155 623 875";"A01";"1";"32";"0";"2";"1";"1";"1";""
"202300031982";"155 623 870";"A01";"1";"7";"0";"2";"4";"1";"0";""
"202300031982";"155 623 874";"B01";"1";"7";"0";"0";"1";"0";"0";""
"202300031983";"155 623 871";"A01";"3";"7";"0";"2";"8";"26";"1";""
"202300031983";"155 623 873";"B01";"3";"30";"0";"2";"8";"1";"1";""
"202300031984";"155 623 869";"A01";"2";"7";"0";"1";"1";"26";"0";""
"202300031985";"155 623 865";"A01";"3";"2";"14";"0";"1";"26";"1";""
"202300031986";"155 623 864";"A01";"1";"7";"0";"2";"1";"13";"1";""
"202300031986";"155 623 867";"B01";"2";"10";"0";"2";"3";"1";"1";""
"202300031987";"155 623 862";"B01";"1";"30";"0";"2";"1";"1";"1";""
"202300031987";"155 623 868";"A01";"1";"33";"0";"2";"2";"1";"1";""
"202300031988";"155 623 861";"A01";"1";"99";"0";"1";"3";"1";"2";""
"202300031989";"155 623 859";"A01";"1";"7";"0";"1";"2";"1";"1";""
"202300031990";"155 623 858";"A01";"2";"7";"15";"0";"1";"14";"1";""
"202300031991";"155 623 855";"C01";"1";"33";"0";"2";"1";"1";"1";""
"202300031991";"155 623 857";"A01";"2";"7";"0";"2";"1";"5";"1";""
"202300031991";"155 623 860";"B01";"1";"7";"0";"2";"1";"1";"1";""
"202300031992";"155 623 851";"B01";"3";"33";"0";"2";"5";"1";"1";""
"202300031992";"155 623 854";"A01";"3";"7";"0";"2";"5";"15";"1";""
"202300031993";"155 623 847";"A01";"1";"7";"1";"0";"1";"1";"1";""
"202300031993";"155 623 850";"B01";"1";"7";"1";"0";"1";"23";"1";""
"202300031993";"155 623 852";"C01";"1";"7";"0";"2";"4";"23";"1";""
"202300031994";"155 623 846";"B01";"0";"50";"0";"2";"1";"1";"3";""
"202300031994";"155 623 848";"A01";"3";"7";"0";"2";"7";"16";"1";""