"Num_Acc";"id_vehicule";"num_veh";"senc";"catv";"obs";"obsm";"choc";"manv";"motor";"occutc"
"202300031995";"155 623 845";"A01";"2";"7";"1";"2";"2";"1";"1";""
"202300031995";"155 623 849";"C01";"2";"10";"0";"2";"3";"15";"1";""
"202300031996";"155 623 844";"A01";"3";"7";"0";"1";"1";"1";"1";""
"202300031997";"155 623 839";"B01";"1";"1";"0";"2";"2";"1";"5";""
"202300031997";"155 623 843";"A01";"2";"7";"0";"2";"1";"20";"1";""
"202300031998";"155 623 838";"A01";"1";"7";"0";"1";"2";"1";"1";""
"202300031999";"155 623 837";"A01";"3";"7";"0";"2";"1";"1";"1";""
"202300031999";"155 623 841";"B01";"3";"33";"0";"2";"1";"1";"1";""
"202300032000";"155 623 836";"A01";"3";"34";"14";"0";"8";"15";"1";""
"202300032001";"155 623 831";"A01";"2";"13";"0";"2";"1";"2";"1";""
"202300032001";"155 623 833";"B01";"2";"7";"0";"2";"4";"2";"1";""
"202300032002";"155 623 832";"A01";"2";"7";"0";"2";"5";"23";"1";""
"202300032002";"155 623 835";"B01";"2";"33";"0";"2";"1";"1";"1";""
"202300032003";"155 623 830";"A01";"1";"7";"0";"2";"2";"16";"1";""
"202300032003";"155 623 834";"B01";"1";"1";"0";"2";"1";"1";"5";""
"202300032004";"155 623 827";"A01";"1";"7";"0";"2";"1";"1";"1";""
"202300032004";"155 623 829";"B01";"1";"7";"1";"2";"5";"1";"1";""
"202300032005";"155 623 825";"A01";"1";"7";"0";"2";"1";"1";"1";""
"202300032005";"155 623 828";"B01";"1";"13";"0";"2";"8";"0";"1";""
"202300032006";"155 623 824";"A01";"3";"7";"0";"1";"1";"1";"1";""
"202300032007";"155 623 823";"A01";"3";"7";"5";"0";"1";"2";"1";""
"202300032008";"155 623 822";"A01";"2";"7";"4";"0";"0";"0";"1";""
"202300032008";"155 623 826";"B01";"2";"7";"0";"2";"1";"0";"1";""
"202300032009";"155 623 819";"A01";"1";"30";"0";"2";"2";"12";"1";""
"202300032009";"155 623 821";"B01";"1";"7";"0";"2";"0";"0";"1";""
"202300032010";"155 623 820";"A01";"2";"7";"1";"0";"3";"2";"1";""
"202300032011";"155 623 817";"B01";"1";"2";"0";"2";"1";"1";"1";""
"202300032011";"155 623 818";"A01";"1";"10";"0";"2";"2";"16";"1";""
"202300032012";"155 623 813";"A01";"2";"37";"0";"2";"2";"2";"1";"1"
"202300032012";"155 623 816";"B01";"2";"50";"0";"2";"4";"11";"3";""
"202300032013";"155 623 811";"A01";"1";"1";"0";"2";"1";"19";"5";""
"202300032013";"155 623 814";"Z01";"2";"7";"0";"2";"0";"0";"1";""
"202300032014";"155 623 807";"A01";"2";"7";"0";"1";"5";"4";"1";""
"202300032015";"155 623 805";"A01";"1";"2";"0";"0";"0";"1";"5";""
"202300032016";"155 623 806";"C01";"2";"7";"0";"2";"3";"5";"1";""
"202300032016";"155 623 809";"A01";"1";"7";"0";"2";"3";"0";"1";""
"202300032016";"155 623 815";"B01";"1";"7";"0";"2";"3";"1";"1";""
"202300032017";"155 623 802";"A01";"2";"7";"0";"2";"3";"9";"0";""
"202300032017";"155 623 804";"B01";"2";"1";"0";"2";"2";"1";"5";""
"202300032018";"155 623 801";"A01";"1";"7";"0";"1";"1";"16";"1";""
"202300032019";"155 623 803";"A01";"3";"7";"0";"1";"1";"5";"1";""
"202300032020";"155 623 800";"A01";"1";"7";"14";"0";"9";"13";"1";""
"202300032021";"155 623 796";"A01";"1";"33";"0";"2";"5";"17";"1";""
"202300032021";"155 623 799";"B01";"1";"7";"0";"2";"3";"13";"1";""
"202300032022";"155 623 793";"B01";"3";"50";"0";"2";"1";"5";"3";""
"202300032022";"155 623 797";"A01";"3";"10";"0";"2";"1";"1";"1";""
"202300032023";"155 623 792";"A01";"2";"10";"0";"1";"4";"26";"1";""
"202300032024";"155 623 788";"B01";"2";"7";"0";"2";"1";"1";"1";""
"202300032024";"155 623 790";"C01";"1";"7";"0";"2";"0";"0";"1";""
"202300032024";"155 623 791";"A01";"1";"7";"0";"2";"8";"26";"1";""
"202300032025";"155 623 786";"A01";"2";"7";"1";"0";"1";"13";"1";""
"202300032026";"155 623 785";"A01";"1";"7";"7";"2";"1";"19";"1";""
"202300032026";"155 623 789";"B01";"1";"7";"9";"2";"8";"1";"1";""
"202300032027";"155 623 784";"A01";"2";"7";"0";"1";"2";"1";"1";""
"202300032028";"155 623 783";"A01";"0";"99";"0";"2";"2";"0";"1";""
"202300032028";"155 623 787";"B01";"0";"7";"0";"0";"1";"19";"1";""
"202300032029";"155 623 780";"B01";"2";"7";"0";"2";"1";"26";"1";""
"202300032029";"155 623 782";"A01";"2";"33";"0";"2";"1";"17";"1";""
"202300032030";"155 623 779";"A01";"1";"33";"0";"2";"1";"2";"1";""
"202300032030";"155 623 781";"B01";"1";"13";"0";"2";"4";"2";"1";""
"202300032031";"155 623 775";"A01";"3";"7";"0";"2";"3";"9";"1";""
"202300032031";"155 623 778";"B01";"3";"2";"0";"2";"1";"1";"1";""
"202300032032";"155 623 771";"A01";"1";"7";"0";"2";"5";"17";"0";""
"202300032032";"155 623 774";"C01";"1";"7";"0";"2";"1";"1";"1";""
"202300032032";"155 623 777";"B01";"1";"7";"0";"2";"2";"26";"1";""
"202300032033";"155 623 773";"A01";"1";"33";"0";"2";"1";"17";"1";""
"202300032033";"155 623 776";"B01";"1";"7";"0";"2";"3";"21";"1";""
"202300032034";"155 623 769";"A01";"2";"7";"0";"2";"1";"1";"1";""
"202300032034";"155 623 772";"B01";"1";"7";"0";"2";"8";"15";"1";""
"202300032035";"155 623 768";"B01";"1";"7";"0";"2";"1";"1";"0";""
"202300032035";"155 623 770";"A01";"3";"7";"0";"2";"1";"19";"0";""
"202300032036";"155 623 765";"A01";"1";"7";"0";"2";"0";"0";"0";""
"202300032036";"155 623 767";"B01";"1";"80";"0";"9";"4";"1";"3";""
"202300032037";"155 623 766";"A01";"0";"1";"0";"0";"0";"1";"5";""
"202300032038";"155 623 764";"A01";"3";"7";"0";"1";"3";"15";"1";""
"202300032039";"155 623 763";"A01";"1";"7";"0";"1";"3";"15";"1";""
"202300032040";"155 623 761";"A01";"1";"31";"12";"0";"2";"14";"1";""
"202300032041";"155 623 759";"B01";"2";"1";"0";"2";"1";"2";"5";""
"202300032041";"155 623 762";"A01";"1";"7";"0";"9";"7";"10";"1";""
"202300032042";"155 623 758";"A01";"3";"7";"0";"2";"6";"15";"1";""
"202300032042";"155 623 760";"B01";"3";"33";"0";"2";"2";"1";"1";""
"202300032043";"155 623 757";"A01";"2";"32";"0";"1";"8";"17";"0";""
"202300032044";"155 623 751";"B01";"1";"7";"0";"2";"4";"1";"1";""
"202300032044";"155 623 756";"A01";"1";"7";"0";"2";"1";"1";"1";""
"202300032045";"155 623 750";"B01";"2";"7";"4";"0";"2";"0";"1";""
"202300032045";"155 623 753";"A01";"2";"7";"4";"0";"2";"3";"1";""
"202300032046";"155 623 749";"A01";"3";"7";"0";"2";"5";"1";"1";""
"202300032046";"155 623 755";"B01";"3";"37";"0";"2";"4";"23";"1";"1"
"202300032047";"155 623 752";"B01";"2";"33";"0";"2";"7";"17";"1";""
"202300032047";"155 623 754";"A01";"2";"7";"0";"2";"3";"16";"1";""
"202300032048";"155 623 746";"A01";"3";"7";"0";"1";"1";"2";"1";""
"202300032049";"155 623 745";"A01";"1";"7";"2";"0";"1";"1";"1";""
"202300032050";"155 623 744";"B01";"3";"7";"0";"2";"2";"26";"1";""
"202300032050";"155 623 748";"A01";"3";"30";"0";"2";"3";"1";"1";""
"202300032051";"155 623 743";"A01";"1";"7";"0";"2";"0";"0";"0";""
"202300032051";"155 623 747";"B01";"1";"31";"0";"2";"1";"19";"0";""
"202300032052";"155 623 739";"A01";"2";"10";"0";"2";"1";"1";"1";""
"202300032052";"155 623 741";"B01";"2";"7";"0";"0";"4";"23";"1";""
"202300032053";"155 623 737";"A01";"2";"7";"0";"2";"1";"15";"1";""
"202300032053";"155 623 742";"B01";"1";"7";"0";"2";"3";"1";"1";""
"202300032054";"155 623 738";"A01";"2";"7";"13";"0";"9";"1";"1";""
"202300032055";"155 623 736";"B01";"1";"50";"0";"2";"8";"1";"3";""
"202300032055";"155 623 740";"A01";"1";"3";"0";"2";"2";"14";"1";""
"202300032056";"155 623 735";"A01";"1";"7";"13";"0";"9";"21";"1";""
"202300032057";"155 623 733";"A01";"1";"7";"0";"1";"3";"1";"1";""
"202300032058";"155 623 732";"A01";"1";"7";"0";"2";"3";"1";"1";""
"202300032058";"155 623 734";"B01";"2";"7";"0";"2";"3";"15";"1";""
"202300032059";"155 623 731";"A01";"2";"7";"0";"1";"1";"1";"1";""
"202300032060";"155 623 730";"A01";"2";"7";"0";"1";"1";"15";"1";""
"202300032061";"155 623 729";"A01";"0";"30";"12";"0";"3";"0";"1";""
"202300032062";"155 623 727";"B01";"1";"1";"0";"2";"8";"1";"5";""
"202300032062";"155 623 728";"A01";"1";"7";"0";"2";"7";"17";"1";""
"202300032063";"155 623 726";"A01";"1";"7";"0";"1";"2";"1";"1";""
"202300032064";"155 623 723";"A01";"1";"7";"0";"1";"7";"16";"1";""
"202300032065";"155 623 724";"A01";"1";"7";"0";"2";"2";"15";"1";""
"202300032065";"155 623 725";"B01";"2";"30";"0";"2";"1";"1";"1";""
"202300032066";"155 623 722";"A01";"1";"7";"0";"1";"2";"1";"1";""
"202300032067";"155 623 718";"B01";"1";"33";"0";"2";"1";"1";"1";""
"202300032067";"155 623 720";"A01";"2";"7";"0";"2";"2";"15";"1";""
"202300032068";"155 623 719";"A01";"1";"7";"0";"2";"1";"13";"1";""
"202300032068";"155 623 721";"B01";"2";"10";"0";"2";"3";"1";"1";""
"202300032069";"155 623 712";"A01";"2";"7";"0";"2";"8";"15";"1";""
"202300032069";"155 623 714";"B01";"2";"34";"0";"2";"1";"17";"1";""
"202300032070";"155 623 715";"A01";"0";"7";"0";"2";"1";"13";"1";""
"202300032070";"155 623 717";"B01";"0";"17";"0";"2";"1";"5";"1";""
"202300032071";"155 623 711";"B01";"3";"7";"0";"2";"2";"26";"0";""
"202300032071";"155 623 716";"A01";"3";"7";"0";"2";"2";"1";"1";""
"202300032072";"155 623 710";"B01";"2";"7";"0";"1";"4";"1";"1";""
"202300032072";"155 623 713";"A01";"2";"7";"0";"0";"1";"15";"1";""
"202300032073";"155 623 703";"A01";"1";"7";"0";"2";"2";"15";"1";""
"202300032073";"155 623 707";"B01";"1";"7";"0";"2";"7";"1";"1";""
"202300032074";"155 623 706";"A01";"3";"7";"0";"1";"1";"16";"3";""
"202300032075";"155 623 702";"A01";"2";"7";"0";"9";"2";"1";"1";""
"202300032075";"155 623 705";"B01";"1";"1";"0";"2";"1";"5";"5";""
"202300032076";"155 623 701";"A01";"1";"7";"0";"2";"4";"1";"2";""
"202300032076";"155 623 704";"B01";"1";"7";"0";"2";"4";"1";"1";""
"202300032076";"155 623 708";"C01";"1";"7";"0";"2";"1";"1";"1";""
"202300032077";"155 623 699";"A01";"3";"7";"1";"0";"1";"14";"1";""
"202300032078";"155 623 697";"B01";"3";"33";"0";"2";"7";"15";"1";""
"202300032078";"155 623 700";"A01";"3";"7";"0";"2";"3";"1";"1";""
"202300032079";"155 623 696";"A01";"2";"2";"0";"2";"0";"11";"1";""
"202300032079";"155 623 698";"B01";"1";"7";"0";"2";"3";"1";"1";""
"202300032080";"155 623 695";"A01";"1";"50";"12";"0";"1";"1";"3";""
"202300032081";"155 623 691";"B01";"3";"50";"0";"2";"1";"1";"3";""
"202300032081";"155 623 693";"A01";"3";"7";"0";"2";"1";"15";"1";""
"202300032082";"155 623 692";"A01";"1";"1";"0";"0";"1";"16";"5";""
"202300032082";"155 623 694";"B01";"0";"15";"0";"2";"1";"1";"1";""
"202300032083";"155 623 689";"A01";"1";"7";"0";"2";"3";"15";"1";""
"202300032083";"155 623 690";"B01";"2";"33";"0";"2";"3";"1";"1";""
"202300032084";"155 623 686";"A01";"1";"7";"0";"2";"1";"1";"1";""
"202300032084";"155 623 688";"B01";"1";"7";"0";"2";"4";"1";"1";""
"202300032085";"155 623 687";"A01";"2";"7";"13";"0";"1";"1";"1";""
"202300032086";"155 623 685";"A01";"3";"7";"0";"1";"1";"1";"1";""
"202300032087";"155 623 684";"A01";"1";"1";"0";"1";"1";"15";"5";""
"202300032088";"155 623 682";"A01";"3";"7";"0";"2";"3";"13";"1";""
"202300032088";"155 623 683";"B01";"3";"7";"0";"2";"3";"1";"1";""
"202300032089";"155 623 679";"B01";"3";"7";"9";"2";"3";"1";"1";""
"202300032089";"155 623 681";"A01";"3";"7";"9";"2";"3";"1";"1";""
"202300032090";"155 623 676";"B01";"1";"33";"0";"2";"1";"1";"1";""
"202300032090";"155 623 680";"A01";"2";"7";"0";"2";"6";"19";"6";""
"202300032091";"155 623 674";"A01";"1";"7";"0";"0";"9";"16";"1";""
"202300032092";"155 623 672";"B01";"2";"32";"0";"2";"1";"1";"1";""
"202300032092";"155 623 673";"A01";"2";"7";"0";"2";"6";"16";"1";""
"202300032093";"155 623 675";"B01";"3";"32";"0";"2";"3";"1";"1";""
"202300032093";"155 623 678";"A01";"3";"7";"0";"2";"2";"12";"1";""
"202300032094";"155 623 670";"A01";"1";"10";"0";"2";"3";"13";"1";""
"202300032094";"155 623 671";"B01";"2";"7";"0";"2";"3";"1";"1";""
"202300032095";"155 623 668";"A01";"2";"7";"2";"0";"1";"13";"0";""
"202300032096";"155 623 666";"B01";"2";"7";"0";"2";"8";"1";"1";""
"202300032096";"155 623 669";"A01";"1";"7";"0";"2";"8";"13";"1";""
"202300032097";"155 623 667";"A01";"3";"7";"0";"1";"5";"4";"1";""
"202300032098";"155 623 665";"A01";"1";"7";"4";"0";"3";"26";"1";""
"202300032099";"155 623 663";"B01";"2";"33";"0";"2";"1";"1";"1";""
"202300032099";"155 623 664";"A01";"1";"10";"0";"9";"2";"15";"1";""
"202300032100";"155 623 657";"B01";"1";"7";"0";"2";"6";"1";"1";""
"202300032100";"155 623 659";"A01";"1";"7";"0";"2";"2";"15";"1";""
"202300032101";"155 623 655";"A01";"2";"7";"0";"1";"2";"1";"1";""
"202300032102";"155 623 651";"A01";"2";"7";"0";"2";"2";"13";"1";""
"202300032102";"155 623 654";"B01";"1";"7";"0";"2";"1";"1";"1";""
"202300032103";"155 623 652";"A01";"2";"7";"0";"2";"1";"0";"1";""
"202300032103";"155 623 656";"B01";"1";"7";"0";"2";"1";"0";"1";""
"202300032104";"155 623 650";"B01";"1";"7";"0";"2";"1";"1";"1";""
"202300032104";"155 623 653";"A01";"2";"7";"0";"2";"1";"13";"1";""
"202300032105";"155 623 648";"A01";"2";"32";"0";"2";"2";"1";"1";""
"202300032105";"155 623 649";"B01";"2";"7";"12";"0";"2";"15";"1";""
"202300032106";"155 623 647";"A01";"2";"7";"15";"0";"1";"13";"1";""
"202300032107";"155 623 645";"A01";"3";"7";"0";"1";"2";"1";"1";""
"202300032108";"155 623 646";"A01";"1";"50";"2";"0";"0";"0";"3";""
"202300032109";"155 623 643";"A01";"2";"7";"0";"2";"1";"2";"1";""
"202300032109";"155 623 644";"B01";"2";"33";"0";"2";"4";"2";"1";""
"202300032110";"155 623 642";"A01";"2";"7";"13";"0";"1";"14";"1";""
"202300032111";"155 623 641";"A01";"3";"10";"2";"0";"1";"1";"1";""
"202300032112";"155 623 639";"A01";"2";"7";"1";"0";"1";"14";"1";""
"202300032112";"155 623 640";"B01";"3";"7";"0";"2";"4";"24";"1";""
"202300032113";"155 623 637";"A01";"1";"7";"0";"1";"4";"4";"0";""
"202300032114";"155 623 638";"A01";"3";"36";"13";"0";"0";"15";"1";""
"202300032115";"155 623 636";"A01";"3";"37";"0";"1";"7";"1";"0";"1"
"202300032116";"155 623 630";"B01";"3";"15";"0";"2";"4";"1";"0";""
"202300032116";"155 623 634";"C01";"3";"15";"0";"2";"4";"1";"0";""
"202300032116";"155 623 635";"A01";"3";"15";"0";"2";"1";"2";"0";""
"202300032117";"155 623 629";"A01";"1";"7";"0";"2";"3";"13";"1";""
"202300032117";"155 623 632";"B01";"2";"16";"0";"2";"3";"1";"1";""
"202300032118";"155 623 631";"A01";"1";"30";"12";"0";"3";"15";"1";""
"202300032119";"155 623 627";"A01";"2";"7";"0";"2";"1";"1";"1";""
"202300032119";"155 623 633";"B01";"1";"1";"0";"2";"1";"16";"5";""
"202300032120";"155 623 625";"A01";"1";"7";"0";"2";"2";"1";"1";""
"202300032120";"155 623 628";"B01";"2";"7";"0";"2";"5";"15";"1";""
"202300032121";"155 623 621";"A01";"1";"3";"2";"0";"1";"1";"1";""
"202300032122";"155 623 619";"B01";"2";"7";"0";"2";"3";"1";"1";""
"202300032122";"155 623 623";"C01";"1";"37";"0";"2";"1";"0";"1";"1"
"202300032122";"155 623 626";"A01";"1";"31";"0";"2";"1";"17";"1";""
"202300032123";"155 623 620";"B01";"1";"7";"0";"2";"3";"1";"1";""
"202300032123";"155 623 624";"A01";"2";"7";"0";"2";"3";"15";"1";""
"202300032124";"155 623 618";"A01";"2";"7";"12";"0";"1";"1";"1";""
"202300032124";"155 623 622";"B01";"2";"7";"0";"9";"1";"1";"1";""
"202300032125";"155 623 612";"B01";"3";"7";"0";"2";"7";"19";"1";""
"202300032125";"155 623 615";"A01";"3";"3";"0";"2";"1";"1";"1";""
"202300032126";"155 623 613";"B01";"1";"1";"0";"2";"4";"2";"5";""
"202300032126";"155 623 614";"A01";"1";"7";"0";"2";"2";"2";"1";""
"202300032127";"155 623 609";"B01";"1";"1";"0";"2";"0";"1";"5";""
"202300032127";"155 623 611";"A01";"1";"7";"0";"9";"2";"2";"1";""
"202300032128";"155 623 608";"A01";"3";"21";"0";"2";"1";"2";"1";""
"202300032128";"155 623 610";"B01";"3";"7";"0";"2";"4";"13";"1";""
"202300032129";"155 623 605";"A01";"2";"37";"0";"1";"2";"1";"1";"1"
"202300032130";"155 623 602";"B01";"1";"7";"0";"2";"1";"1";"1";""
"202300032130";"155 623 607";"A01";"3";"7";"0";"2";"7";"1";"1";""
"202300032131";"155 623 601";"B01";"1";"1";"0";"2";"4";"1";"5";""
"202300032131";"155 623 604";"A01";"1";"15";"0";"2";"2";"1";"1";""
"202300032132";"155 623 600";"A01";"1";"7";"0";"2";"1";"2";"1";""
"202300032132";"155 623 603";"B01";"1";"7";"0";"2";"4";"2";"1";""
"202300032132";"155 623 606";"C01";"1";"7";"0";"2";"5";"2";"1";""
"202300032133";"155 623 599";"A01";"2";"7";"0";"1";"1";"1";"1";""
"202300032134";"155 623 593";"A01";"2";"7";"13";"0";"0";"17";"0";""
"202300032134";"155 623 598";"B01";"2";"7";"0";"0";"0";"13";"0";""
"202300032135";"155 623 594";"A01";"1";"7";"0";"2";"3";"15";"1";""
"202300032135";"155 623 596";"B01";"1";"31";"0";"2";"2";"1";"1";""
"202300032136";"155 623 591";"B01";"1";"7";"0";"0";"5";"1";"1";""
"202300032136";"155 623 597";"A01";"3";"7";"6";"0";"2";"9";"1";""
"202300032137";"155 623 592";"B01";"2";"7";"0";"2";"8";"1";"1";""
"202300032137";"155 623 595";"A01";"1";"7";"0";"2";"1";"16";"1";""
"202300032138";"155 623 587";"A01";"3";"7";"0";"1";"1";"1";"1";""
"202300032139";"155 623 586";"A01";"2";"7";"0";"2";"3";"13";"1";""
"202300032139";"155 623 590";"B01";"1";"7";"0";"2";"3";"2";"1";""
"202300032140";"155 623 585";"A01";"1";"7";"0";"2";"1";"1";"1";""
"202300032140";"155 623 589";"B01";"2";"7";"0";"2";"1";"15";"1";""
"202300032141";"155 623 583";"A01";"1";"7";"9";"2";"1";"5";"1";""
"202300032141";"155 623 588";"B01";"2";"7";"0";"2";"1";"1";"1";""
"202300032142";"155 623 582";"B01";"2";"10";"0";"2";"4";"1";"1";""
"202300032142";"155 623 584";"A01";"2";"7";"0";"2";"1";"2";"1";""
"202300032143";"155 623 578";"A01";"1";"7";"0";"2";"1";"9";"1";""
"202300032143";"155 623 581";"B01";"1";"32";"0";"2";"8";"1";"1";""
"202300032144";"155 623 577";"B01";"3";"21";"0";"2";"2";"19";"1";""
"202300032144";"155 623 580";"A01";"1";"7";"0";"2";"3";"2";"1";""
"202300032145";"155 623 575";"B01";"3";"33";"0";"2";"1";"1";"1";""
"202300032145";"155 623 579";"A01";"0";"7";"0";"2";"3";"15";"1";""
"202300032146";"155 623 576";"A01";"3";"7";"0";"1";"1";"16";"1";""
"202300032147";"155 623 574";"A01";"3";"60";"16";"0";"0";"1";"5";""
"202300032148";"155 623 569";"A01";"0";"7";"0";"2";"7";"2";"6";""
"202300032148";"155 623 571";"B01";"3";"1";"0";"2";"1";"19";"5";""
"202300032149";"155 623 570";"B01";"1";"1";"0";"2";"1";"1";"5";""
"202300032149";"155 623 573";"A01";"1";"7";"0";"2";"3";"9";"1";""
"202300032150";"155 623 566";"Z01";"3";"0";"0";"2";"0";"0";"0";""
"202300032150";"155 623 567";"A01";"3";"60";"0";"2";"1";"26";"5";""
"202300032151";"155 623 568";"A01";"0";"7";"0";"2";"6";"23";"1";""
"202300032151";"155 623 572";"Z01";"0";"34";"0";"0";"0";"0";"0";""
"202300032152";"155 623 563";"A01";"1";"13";"0";"1";"1";"1";"1";""
"202300032153";"155 623 561";"A01";"3";"7";"13";"0";"1";"1";"1";""
"202300032154";"155 623 562";"B01";"2";"7";"0";"2";"1";"2";"6";""
"202300032154";"155 623 564";"A01";"2";"7";"0";"2";"2";"19";"6";""
"202300032154";"155 623 565";"C01";"2";"7";"0";"2";"7";"23";"1";""
"202300032155";"155 623 558";"A01";"2";"7";"0";"2";"2";"14";"1";""
"202300032155";"155 623 560";"B01";"2";"7";"0";"2";"3";"1";"1";""
"202300032156";"155 623 557";"A01";"3";"7";"0";"2";"3";"10";"1";""
"202300032156";"155 623 559";"B01";"3";"33";"0";"2";"1";"1";"1";""
"202300032157";"155 623 554";"A01";"2";"33";"0";"2";"7";"11";"1";""
"202300032157";"155 623 556";"B01";"1";"7";"0";"2";"1";"1";"1";""
"202300032158";"155 623 550";"A01";"2";"10";"0";"2";"8";"1";"1";""
"202300032158";"155 623 553";"B01";"1";"7";"0";"2";"1";"1";"1";""
"202300032158";"155 623 555";"C01";"1";"7";"0";"2";"2";"1";"1";""
"202300032159";"155 623 546";"C01";"3";"7";"0";"2";"1";"0";"1";""
"202300032159";"155 623 548";"B01";"3";"7";"0";"2";"6";"1";"1";""
"202300032159";"155 623 552";"A01";"0";"7";"0";"2";"1";"13";"1";""
"202300032160";"155 623 545";"B01";"2";"7";"0";"2";"3";"1";"1";""
"202300032160";"155 623 549";"A01";"2";"7";"3";"2";"9";"3";"1";""
"202300032160";"155 623 551";"C01";"2";"7";"0";"2";"6";"1";"1";""
"202300032161";"155 623 540";"B01";"2";"7";"0";"2";"6";"10";"1";""
"202300032161";"155 623 542";"A01";"2";"7";"0";"2";"3";"1";"1";""
"202300032162";"155 623 539";"A01";"2";"7";"0";"2";"1";"2";"1";""
"202300032162";"155 623 541";"B01";"2";"7";"0";"2";"4";"2";"1";""
"202300032163";"155 623 538";"A01";"1";"7";"13";"0";"2";"5";"1";""
"202300032164";"155 623 537";"B01";"2";"7";"0";"2";"1";"1";"1";""
"202300032164";"155 623 543";"A01";"1";"7";"0";"2";"2";"15";"1";""
"202300032165";"155 623 535";"A01";"2";"7";"17";"0";"1";"1";"1";""
"202300032166";"155 623 534";"A01";"2";"7";"0";"1";"1";"15";"1";""
"202300032167";"155 623 533";"A01";"2";"7";"0";"2";"8";"11";"1";""
"202300032167";"155 623 536";"B01";"2";"31";"0";"2";"7";"1";"1";""
"202300032168";"155 623 531";"A01";"2";"7";"0";"0";"0";"26";"1";""
"202300032169";"155 623 529";"A01";"1";"7";"2";"0";"3";"1";"1";""
"202300032170";"155 623 526";"A01";"2";"10";"0";"2";"1";"1";"1";""
"202300032170";"155 623 528";"B01";"2";"7";"0";"2";"4";"23";"1";""
"202300032170";"155 623 532";"C01";"2";"7";"0";"2";"4";"23";"1";""
"202300032171";"155 623 525";"A01";"2";"33";"0";"2";"7";"12";"1";""
"202300032171";"155 623 527";"B01";"2";"33";"0";"2";"8";"3";"1";""
"202300032171";"155 623 530";"C01";"2";"7";"0";"2";"8";"1";"1";""
"202300032172";"155 623 521";"C01";"2";"7";"0";"2";"5";"1";"2";""
"202300032172";"155 623 523";"B01";"2";"33";"0";"2";"7";"3";"1";""
"202300032172";"155 623 524";"A01";"2";"7";"0";"2";"8";"13";"1";""
"202300032173";"155 623 518";"A01";"1";"7";"4";"0";"3";"13";"1";""
"202300032174";"155 623 519";"A01";"2";"33";"0";"2";"1";"2";"1";""
"202300032174";"155 623 522";"B01";"2";"7";"0";"0";"4";"2";"1";""
"202300032175";"155 623 517";"A01";"1";"7";"0";"2";"1";"1";"1";""
"202300032175";"155 623 520";"B01";"1";"32";"0";"2";"4";"1";"1";""
"202300032176";"155 623 514";"A01";"1";"10";"2";"0";"1";"2";"1";""
"202300032177";"155 623 513";"B01";"1";"32";"0";"2";"3";"3";"1";""
"202300032177";"155 623 516";"A01";"1";"7";"0";"2";"5";"2";"2";""
"202300032178";"155 623 511";"C01";"2";"7";"0";"2";"5";"1";"1";""
"202300032178";"155 623 512";"A01";"2";"7";"0";"2";"3";"1";"1";""
"202300032178";"155 623 515";"B01";"2";"33";"0";"2";"1";"3";"1";""
"202300032179";"155 623 510";"A01";"3";"7";"0";"1";"1";"1";"1";""
"202300032180";"155 623 509";"A01";"3";"7";"17";"0";"2";"14";"1";""
"202300032181";"155 623 507";"B01";"1";"43";"0";"2";"4";"2";"1";""
"202300032181";"155 623 508";"A01";"1";"2";"0";"2";"1";"2";"1";""
"202300032182";"155 623 504";"A01";"2";"7";"0";"2";"3";"13";"1";""
"202300032182";"155 623 506";"B01";"1";"7";"0";"2";"3";"1";"1";""
"202300032183";"155 623 503";"A01";"2";"15";"0";"2";"8";"1";"1";""
"202300032183";"155 623 505";"B01";"2";"10";"0";"2";"3";"1";"1";""
"202300032184";"155 623 498";"Z01";"2";"7";"0";"2";"3";"15";"0";""
"202300032184";"155 623 501";"B01";"1";"50";"0";"2";"7";"1";"3";""
"202300032185";"155 623 500";"A01";"1";"7";"6";"2";"1";"0";"1";""
"202300032185";"155 623 502";"B01";"2";"7";"0";"2";"1";"0";"1";""
"202300032186";"155 623 497";"A01";"3";"50";"0";"0";"0";"26";"3";""
"202300032187";"155 623 496";"A01";"2";"7";"0";"2";"3";"9";"1";""
"202300032187";"155 623 499";"B01";"2";"1";"0";"2";"2";"1";"5";""
"202300032188";"155 623 494";"A01";"2";"33";"3";"0";"7";"1";"1";""
"202300032189";"155 623 495";"A01";"2";"1";"8";"0";"1";"21";"5";""
"202300032190";"155 623 492";"B01";"2";"7";"0";"2";"8";"9";"1";""
"202300032190";"155 623 493";"A01";"1";"30";"0";"2";"1";"9";"1";""
"202300032191";"155 623 491";"A01";"2";"7";"13";"0";"8";"1";"1";""
"202300032192";"155 623 488";"A01";"2";"33";"2";"0";"1";"1";"1";""
"202300032193";"155 623 489";"A01";"2";"50";"0";"2";"0";"21";"3";""
"202300032194";"155 623 486";"A01";"2";"7";"0";"2";"3";"15";"1";""
"202300032194";"155 623 487";"B01";"1";"50";"0";"2";"1";"19";"3";""
"202300032195";"155 623 485";"Z01";"1";"7";"0";"2";"7";"1";"2";""
"202300032195";"155 623 490";"A01";"1";"31";"0";"2";"8";"1";"1";""
"202300032196";"155 623 483";"A01";"2";"7";"8";"2";"1";"17";"1";""
"202300032196";"155 623 484";"B01";"2";"7";"0";"2";"3";"15";"1";""
"202300032197";"155 623 482";"A01";"2";"34";"0";"2";"0";"1";"1";""
"202300032198";"155 623 478";"B01";"1";"7";"0";"0";"4";"23";"1";""