"Num_Acc";"id_vehicule";"num_veh";"senc";"catv";"obs";"obsm";"choc";"manv";"motor";"occutc"
"202300032198";"155 623 481";"A01";"1";"10";"0";"2";"1";"2";"1";""
"202300032199";"155 623 475";"A01";"1";"7";"0";"2";"8";"15";"1";""
"202300032199";"155 623 479";"B01";"1";"7";"0";"2";"1";"17";"1";""
"202300032200";"155 623 474";"B01";"2";"31";"0";"2";"1";"1";"1";""
"202300032200";"155 623 476";"A01";"1";"7";"0";"2";"3";"9";"1";""
"202300032201";"155 623 477";"B01";"1";"1";"0";"2";"0";"1";"5";""
"202300032201";"155 623 480";"A01";"1";"7";"0";"2";"7";"20";"1";""
"202300032202";"155 623 472";"Z01";"1";"33";"0";"1";"1";"1";"1";""
"202300032203";"155 623 468";"A01";"1";"1";"12";"0";"2";"14";"5";""
"202300032204";"155 623 469";"A01";"0";"7";"0";"2";"3";"13";"0";""
"202300032204";"155 623 471";"B01";"0";"7";"0";"2";"3";"1";"0";""
"202300032205";"155 623 466";"B01";"1";"7";"0";"2";"1";"1";"1";""
"202300032205";"155 623 467";"A01";"1";"7";"0";"2";"4";"2";"1";""
"202300032206";"155 623 463";"A01";"1";"7";"0";"2";"5";"22";"2";""
"202300032206";"155 623 465";"B01";"1";"50";"1";"0";"3";"1";"3";""
"202300032207";"155 623 462";"A01";"3";"7";"15";"0";"2";"1";"1";""
"202300032208";"155 623 460";"A01";"0";"50";"0";"0";"0";"1";"3";""
"202300032209";"155 623 457";"B01";"1";"33";"0";"2";"3";"1";"0";""
"202300032209";"155 623 459";"A01";"1";"7";"0";"2";"2";"11";"1";""
"202300032210";"155 623 455";"A01";"2";"15";"0";"1";"3";"20";"1";""
"202300032211";"155 623 458";"A01";"1";"7";"0";"2";"2";"1";"1";""
"202300032211";"155 623 464";"B01";"1";"50";"0";"2";"4";"1";"3";""
"202300032212";"155 623 456";"A01";"3";"33";"0";"2";"7";"5";"1";""
"202300032212";"155 623 461";"B01";"3";"7";"0";"2";"3";"15";"1";""
"202300032213";"155 623 453";"A01";"1";"10";"8";"2";"1";"7";"1";""
"202300032213";"155 623 454";"B01";"1";"10";"0";"2";"7";"16";"1";""
"202300032214";"155 623 452";"A01";"2";"7";"0";"1";"1";"1";"1";""
"202300032215";"155 623 451";"A01";"1";"7";"0";"1";"1";"1";"1";""
"202300032216";"155 623 449";"A01";"1";"7";"0";"1";"2";"1";"1";""
"202300032217";"155 623 450";"A01";"3";"30";"0";"0";"1";"26";"0";""
"202300032218";"155 623 446";"A01";"1";"7";"0";"2";"3";"1";"1";""
"202300032218";"155 623 448";"B01";"2";"10";"0";"2";"8";"1";"1";""
"202300032219";"155 623 445";"B01";"1";"7";"0";"2";"6";"1";"1";""
"202300032219";"155 623 447";"A01";"1";"7";"0";"2";"2";"17";"1";""
"202300032220";"155 623 442";"A01";"3";"7";"0";"1";"1";"1";"1";""
"202300032221";"155 623 443";"A01";"3";"7";"0";"2";"3";"9";"1";""
"202300032221";"155 623 444";"B01";"3";"1";"0";"2";"7";"1";"5";""
"202300032222";"155 623 441";"A01";"1";"7";"0";"1";"2";"16";"1";""
"202300032223";"155 623 437";"A01";"2";"14";"0";"9";"1";"21";"1";""
"202300032223";"155 623 440";"B01";"2";"1";"0";"2";"4";"1";"5";""
"202300032224";"155 623 436";"A01";"2";"7";"0";"2";"3";"1";"1";""
"202300032224";"155 623 438";"B01";"1";"7";"0";"2";"3";"21";"1";""
"202300032225";"155 623 434";"A01";"3";"7";"0";"2";"1";"0";"3";""
"202300032225";"155 623 439";"B01";"3";"7";"0";"2";"4";"26";"1";""
"202300032226";"155 623 432";"A01";"1";"7";"0";"2";"7";"15";"1";""
"202300032226";"155 623 435";"B01";"2";"2";"0";"2";"1";"1";"1";""
"202300032227";"155 623 431";"A01";"2";"7";"0";"0";"1";"1";"1";""
"202300032228";"155 623 429";"A01";"0";"7";"0";"1";"1";"1";"0";""
"202300032229";"155 623 428";"A01";"3";"50";"0";"2";"1";"1";"3";""
"202300032229";"155 623 430";"B01";"3";"7";"0";"2";"1";"1";"1";""
"202300032230";"155 623 423";"A01";"2";"7";"0";"2";"3";"17";"1";""
"202300032230";"155 623 426";"B01";"2";"7";"0";"2";"1";"1";"1";""
"202300032231";"155 623 422";"B01";"0";"7";"0";"2";"2";"0";"0";""
"202300032231";"155 623 425";"A01";"2";"7";"0";"2";"5";"1";"1";""
"202300032232";"155 623 424";"A01";"2";"7";"0";"2";"0";"13";"1";""
"202300032232";"155 623 427";"B01";"1";"33";"0";"2";"1";"1";"1";""
"202300032233";"155 623 417";"B01";"1";"1";"1";"0";"1";"26";"5";""
"202300032234";"155 623 419";"A01";"0";"7";"0";"2";"0";"0";"1";""
"202300032234";"155 623 421";"B01";"3";"30";"0";"2";"3";"16";"1";""
"202300032235";"155 623 416";"B01";"2";"7";"0";"2";"4";"1";"1";""
"202300032235";"155 623 418";"A01";"2";"7";"0";"2";"1";"1";"1";""
"202300032236";"155 623 415";"A01";"3";"7";"0";"2";"1";"1";"0";""
"202300032236";"155 623 420";"B01";"3";"7";"0";"2";"4";"23";"0";""
"202300032237";"155 623 414";"A01";"1";"7";"0";"1";"1";"25";"1";""
"202300032238";"155 623 412";"A01";"1";"7";"8";"0";"2";"1";"1";""
"202300032239";"155 623 408";"A01";"2";"7";"1";"0";"9";"1";"1";""
"202300032240";"155 623 407";"A01";"2";"7";"6";"0";"2";"1";"1";""
"202300032241";"155 623 410";"A01";"1";"7";"0";"2";"8";"15";"1";""
"202300032241";"155 623 411";"B01";"1";"34";"0";"2";"1";"1";"1";""
"202300032242";"155 623 404";"A01";"3";"7";"0";"2";"1";"26";"0";""
"202300032242";"155 623 405";"B01";"3";"7";"0";"2";"1";"23";"6";""
"202300032243";"155 623 402";"A01";"2";"32";"12";"0";"0";"16";"1";""
"202300032244";"155 623 399";"D01";"2";"10";"0";"2";"1";"1";"1";""
"202300032244";"155 623 403";"A01";"1";"7";"0";"2";"1";"5";"1";""
"202300032244";"155 623 406";"C01";"2";"7";"0";"2";"6";"1";"1";""
"202300032244";"155 623 409";"E01";"2";"7";"0";"2";"1";"2";"1";""
"202300032244";"155 623 413";"B01";"1";"7";"1";"0";"6";"1";"1";""
"202300032245";"155 623 398";"B01";"2";"7";"0";"2";"4";"2";"1";""
"202300032245";"155 623 401";"A01";"2";"7";"0";"2";"1";"2";"1";""
"202300032246";"155 623 397";"A01";"2";"7";"0";"2";"3";"13";"1";""
"202300032246";"155 623 400";"B01";"1";"7";"0";"2";"3";"1";"1";""
"202300032247";"155 623 395";"A01";"2";"7";"0";"1";"1";"1";"1";""
"202300032248";"155 623 394";"A01";"2";"7";"6";"1";"1";"0";"1";""
"202300032249";"155 623 393";"B01";"2";"7";"0";"2";"1";"1";"1";""
"202300032249";"155 623 396";"A01";"1";"7";"0";"2";"1";"13";"1";""
"202300032250";"155 623 391";"A01";"2";"7";"11";"0";"1";"1";"1";""
"202300032251";"155 623 390";"A01";"2";"7";"0";"2";"2";"15";"1";""
"202300032251";"155 623 392";"B01";"1";"33";"0";"2";"1";"1";"1";""
"202300032252";"155 623 389";"A01";"1";"7";"0";"1";"1";"9";"1";""
"202300032253";"155 623 386";"A01";"1";"3";"0";"2";"0";"0";"1";""
"202300032253";"155 623 388";"B01";"2";"10";"0";"2";"3";"1";"1";""
"202300032254";"155 623 387";"A01";"0";"50";"0";"1";"8";"1";"3";""
"202300032255";"155 623 383";"A01";"2";"32";"0";"2";"1";"17";"1";""
"202300032255";"155 623 384";"B01";"1";"7";"0";"2";"3";"1";"1";""
"202300032256";"155 623 382";"Z01";"1";"7";"0";"2";"1";"1";"1";""
"202300032256";"155 623 385";"A01";"1";"7";"0";"2";"6";"2";"1";""
"202300032257";"155 623 378";"A01";"3";"33";"0";"2";"2";"15";"1";""
"202300032257";"155 623 381";"B01";"3";"7";"0";"2";"3";"15";"0";""
"202300032258";"155 623 377";"A01";"0";"33";"0";"2";"1";"1";"1";""
"202300032258";"155 623 379";"B01";"0";"7";"0";"2";"7";"0";"1";""
"202300032259";"155 623 376";"Z01";"1";"7";"0";"1";"1";"1";"0";""
"202300032260";"155 623 373";"A01";"2";"7";"0";"2";"2";"1";"1";""
"202300032260";"155 623 380";"B01";"2";"7";"0";"2";"3";"1";"1";""
"202300032261";"155 623 369";"A01";"2";"32";"0";"2";"1";"26";"1";""
"202300032261";"155 623 372";"B01";"3";"7";"0";"0";"0";"0";"1";""
"202300032262";"155 623 366";"A01";"1";"33";"0";"2";"2";"21";"1";""
"202300032262";"155 623 368";"B01";"1";"7";"0";"2";"3";"15";"1";""
"202300032263";"155 623 365";"A01";"1";"7";"0";"2";"4";"2";"1";""
"202300032263";"155 623 371";"B01";"1";"7";"0";"2";"4";"2";"1";""
"202300032263";"155 623 375";"C01";"1";"10";"0";"2";"1";"2";"1";""
"202300032264";"155 623 367";"A01";"1";"7";"0";"2";"8";"15";"1";""
"202300032264";"155 623 370";"B01";"1";"7";"0";"2";"1";"17";"1";""
"202300032265";"155 623 364";"A01";"3";"7";"0";"1";"1";"15";"2";""
"202300032266";"155 623 362";"A01";"3";"50";"0";"2";"8";"19";"3";""
"202300032266";"155 623 363";"B01";"3";"7";"0";"9";"1";"0";"1";""
"202300032267";"155 623 355";"A01";"3";"7";"0";"2";"3";"1";"0";""
"202300032267";"155 623 361";"B01";"3";"7";"0";"2";"6";"15";"0";""
"202300032268";"155 623 356";"A01";"1";"7";"0";"9";"1";"15";"6";""
"202300032268";"155 623 360";"B01";"2";"50";"0";"2";"7";"1";"3";""
"202300032269";"155 623 353";"A01";"2";"7";"0";"1";"2";"17";"1";""
"202300032270";"155 623 352";"A01";"1";"30";"0";"2";"1";"1";"1";""
"202300032270";"155 623 358";"B01";"2";"7";"0";"2";"3";"16";"1";""
"202300032271";"155 623 351";"C01";"1";"7";"0";"2";"4";"2";"1";""
"202300032271";"155 623 354";"B01";"1";"7";"0";"2";"4";"2";"2";""
"202300032271";"155 623 357";"A01";"1";"10";"0";"2";"3";"2";"1";""
"202300032271";"155 623 359";"D01";"1";"7";"0";"2";"4";"2";"1";""
"202300032272";"155 623 348";"A01";"2";"7";"0";"2";"3";"15";"1";""
"202300032272";"155 623 350";"B01";"2";"33";"0";"2";"2";"17";"1";""
"202300032273";"155 623 347";"A01";"2";"7";"0";"1";"3";"1";"1";""
"202300032274";"155 623 349";"A01";"1";"33";"0";"0";"0";"0";"1";""
"202300032275";"155 623 345";"B01";"1";"7";"0";"2";"1";"1";"1";""
"202300032275";"155 623 346";"A01";"1";"50";"0";"2";"1";"5";"3";""
"202300032276";"155 623 344";"A01";"1";"7";"9";"0";"2";"14";"1";""
"202300032277";"155 623 343";"A01";"1";"7";"3";"0";"3";"1";"1";""
"202300032278";"155 623 336";"A01";"1";"7";"0";"2";"2";"14";"1";""
"202300032278";"155 623 340";"B01";"1";"32";"0";"2";"3";"1";"1";""
"202300032279";"155 623 335";"B01";"2";"7";"0";"2";"2";"1";"1";""
"202300032279";"155 623 339";"A01";"2";"1";"0";"2";"8";"1";"5";""
"202300032280";"155 623 337";"A01";"1";"10";"0";"1";"1";"1";"1";""
"202300032281";"155 623 334";"A01";"2";"7";"0";"2";"1";"2";"1";""
"202300032281";"155 623 338";"B01";"2";"10";"0";"2";"4";"2";"1";""
"202300032282";"155 623 333";"A01";"1";"7";"0";"1";"1";"1";"1";""
"202300032283";"155 623 331";"A01";"1";"32";"0";"0";"0";"0";"1";""
"202300032284";"155 623 330";"A01";"3";"7";"0";"1";"3";"20";"1";""
"202300032285";"155 623 327";"A01";"1";"7";"0";"2";"1";"1";"1";""
"202300032285";"155 623 332";"B01";"1";"7";"0";"2";"4";"1";"1";""
"202300032286";"155 623 326";"A01";"3";"7";"0";"2";"6";"9";"1";""
"202300032286";"155 623 328";"B01";"3";"33";"0";"2";"1";"1";"1";""
"202300032287";"155 623 323";"A01";"2";"7";"1";"0";"2";"1";"1";""
"202300032288";"155 623 324";"A01";"3";"7";"0";"1";"1";"0";"0";""
"202300032289";"155 623 322";"C01";"2";"10";"0";"2";"4";"2";"0";""
"202300032289";"155 623 325";"A01";"2";"7";"0";"2";"1";"2";"0";""
"202300032289";"155 623 329";"B01";"2";"7";"0";"2";"4";"2";"0";""
"202300032290";"155 623 320";"A01";"1";"10";"0";"1";"1";"1";"1";""
"202300032291";"155 623 315";"A01";"1";"7";"0";"2";"4";"1";"1";""
"202300032291";"155 623 319";"B01";"1";"7";"0";"2";"4";"2";"1";""
"202300032291";"155 623 321";"C01";"1";"7";"0";"2";"1";"2";"1";""
"202300032292";"155 623 316";"A01";"2";"33";"0";"0";"1";"21";"1";""
"202300032293";"155 623 313";"B01";"1";"10";"0";"2";"4";"15";"1";""
"202300032293";"155 623 318";"A01";"1";"7";"0";"2";"1";"15";"1";""
"202300032294";"155 623 312";"A01";"1";"34";"0";"2";"7";"17";"1";""
"202300032294";"155 623 317";"B01";"1";"7";"0";"2";"8";"15";"1";""
"202300032295";"155 623 310";"A01";"2";"43";"0";"0";"0";"3";"1";""
"202300032296";"155 623 309";"B01";"1";"7";"0";"2";"5";"1";"1";""
"202300032296";"155 623 314";"A01";"1";"50";"0";"2";"1";"1";"3";""
"202300032297";"155 623 307";"P01";"1";"1";"0";"2";"5";"15";"5";""
"202300032297";"155 623 311";"B01";"1";"7";"0";"2";"2";"1";"1";""
"202300032298";"155 623 305";"A01";"1";"2";"0";"2";"1";"26";"0";""
"202300032298";"155 623 308";"B01";"1";"7";"0";"2";"3";"1";"1";""
"202300032299";"155 623 301";"C01";"1";"7";"0";"2";"4";"1";"0";""
"202300032299";"155 623 304";"B01";"1";"10";"0";"2";"4";"0";"0";""
"202300032299";"155 623 306";"A01";"1";"7";"0";"2";"1";"1";"6";""
"202300032300";"155 623 295";"B01";"1";"7";"0";"2";"4";"1";"1";""
"202300032300";"155 623 300";"A01";"1";"7";"0";"2";"1";"2";"1";""
"202300032300";"155 623 303";"C01";"1";"7";"0";"2";"1";"2";"1";""
"202300032301";"155 623 294";"A01";"1";"7";"0";"2";"1";"2";"1";""
"202300032301";"155 623 298";"B01";"1";"7";"0";"2";"4";"2";"1";""
"202300032301";"155 623 302";"C01";"1";"7";"0";"2";"4";"2";"1";""
"202300032302";"155 623 292";"C01";"2";"7";"0";"2";"4";"23";"1";""
"202300032302";"155 623 296";"Z01";"2";"7";"0";"2";"1";"2";"1";""
"202300032302";"155 623 299";"B01";"2";"7";"0";"2";"5";"23";"1";""
"202300032303";"155 623 291";"A01";"1";"7";"0";"2";"3";"19";"1";""
"202300032303";"155 623 297";"B01";"2";"7";"0";"2";"1";"1";"1";""
"202300032304";"155 623 290";"A01";"2";"10";"0";"2";"5";"15";"1";""
"202300032304";"155 623 293";"B01";"1";"33";"0";"2";"1";"1";"1";""
"202300032305";"155 623 288";"A01";"0";"7";"0";"1";"1";"2";"1";""
"202300032306";"155 623 287";"B01";"2";"7";"0";"2";"5";"2";"3";""
"202300032306";"155 623 289";"A01";"2";"7";"0";"2";"1";"2";"1";""
"202300032307";"155 623 284";"A01";"1";"7";"1";"0";"2";"14";"1";""
"202300032308";"155 623 282";"A01";"1";"7";"0";"2";"8";"15";"1";""
"202300032308";"155 623 285";"B01";"1";"33";"0";"2";"1";"1";"1";""
"202300032309";"155 623 283";"B01";"1";"7";"0";"2";"1";"1";"1";""
"202300032309";"155 623 286";"A01";"2";"7";"0";"2";"2";"1";"1";""
"202300032310";"155 623 279";"A01";"2";"7";"0";"1";"3";"1";"1";""
"202300032311";"155 623 277";"A01";"2";"7";"0";"2";"5";"15";"1";""
"202300032311";"155 623 280";"B01";"1";"10";"0";"2";"2";"1";"1";""
"202300032312";"155 623 275";"B01";"3";"2";"0";"2";"1";"2";"1";""
"202300032312";"155 623 278";"A01";"3";"10";"0";"2";"5";"15";"1";""
"202300032313";"155 623 276";"A01";"1";"7";"2";"0";"7";"17";"1";""
"202300032314";"155 623 272";"A01";"1";"7";"0";"2";"2";"15";"1";""
"202300032314";"155 623 274";"B01";"2";"7";"0";"2";"1";"1";"1";""
"202300032315";"155 623 271";"A01";"1";"50";"0";"2";"1";"1";"3";""
"202300032315";"155 623 273";"B01";"1";"7";"0";"2";"1";"1";"1";""
"202300032316";"155 623 267";"B01";"1";"30";"0";"2";"1";"3";"1";""
"202300032316";"155 623 270";"A01";"1";"7";"0";"2";"4";"15";"1";""
"202300032317";"155 623 265";"B01";"3";"50";"0";"2";"7";"19";"3";""
"202300032317";"155 623 268";"A01";"1";"7";"0";"2";"1";"1";"1";""
"202300032318";"155 623 266";"A01";"2";"31";"0";"2";"1";"2";"1";""
"202300032318";"155 623 269";"B01";"2";"7";"0";"2";"2";"15";"6";""
"202300032319";"155 623 262";"A01";"1";"7";"0";"2";"2";"15";"1";""
"202300032319";"155 623 263";"B01";"1";"2";"0";"2";"1";"1";"1";""
"202300032320";"155 623 260";"A01";"1";"31";"0";"0";"0";"0";"1";""
"202300032321";"155 623 261";"A01";"1";"7";"0";"2";"7";"17";"1";""
"202300032321";"155 623 264";"B01";"1";"80";"0";"2";"8";"15";"3";""
"202300032322";"155 623 259";"A01";"2";"7";"0";"1";"1";"19";"1";""
"202300032323";"155 623 258";"A01";"3";"32";"1";"0";"1";"1";"1";""
"202300032324";"155 623 255";"A01";"0";"33";"0";"0";"8";"1";"1";""
"202300032325";"155 623 256";"A01";"2";"10";"0";"2";"2";"2";"1";""
"202300032325";"155 623 257";"B01";"2";"7";"0";"0";"4";"23";"1";""
"202300032326";"155 623 249";"A01";"1";"7";"0";"2";"7";"15";"1";""
"202300032326";"155 623 250";"B01";"2";"2";"0";"2";"1";"1";"1";""
"202300032327";"155 623 248";"A01";"2";"7";"0";"2";"3";"11";"1";""
"202300032327";"155 623 251";"B01";"2";"7";"0";"2";"7";"1";"1";""
"202300032328";"155 623 253";"A01";"2";"7";"0";"2";"1";"2";"1";""
"202300032328";"155 623 254";"B01";"2";"7";"0";"0";"4";"2";"1";""
"202300032329";"155 623 245";"A01";"1";"7";"0";"2";"3";"13";"1";""
"202300032329";"155 623 247";"B01";"2";"2";"0";"2";"0";"1";"1";""
"202300032330";"155 623 243";"B01";"3";"7";"0";"2";"3";"1";"1";""
"202300032330";"155 623 244";"C01";"3";"7";"0";"2";"8";"1";"1";""
"202300032330";"155 623 252";"A01";"3";"7";"0";"2";"1";"17";"1";""
"202300032331";"155 623 239";"A01";"1";"10";"0";"9";"7";"15";"1";""
"202300032331";"155 623 242";"B01";"2";"50";"0";"2";"1";"1";"3";""
"202300032332";"155 623 238";"A01";"3";"37";"0";"1";"7";"1";"1";"1"
"202300032333";"155 623 237";"A01";"3";"1";"0";"2";"1";"5";"5";""
"202300032333";"155 623 240";"B01";"3";"7";"0";"2";"1";"1";"1";""
"202300032334";"155 623 236";"A01";"1";"7";"9";"2";"7";"1";"1";""
"202300032334";"155 623 241";"C01";"2";"7";"9";"2";"8";"0";"1";""
"202300032334";"155 623 246";"B01";"2";"7";"9";"2";"1";"1";"1";""
"202300032335";"155 623 233";"A01";"1";"34";"0";"1";"7";"3";"1";""
"202300032336";"155 623 234";"A01";"0";"30";"0";"2";"1";"7";"1";""
"202300032336";"155 623 235";"B01";"0";"10";"0";"2";"2";"0";"1";""
"202300032337";"155 623 229";"B01";"1";"7";"0";"2";"2";"1";"1";""
"202300032337";"155 623 231";"A01";"2";"7";"0";"2";"3";"13";"1";""
"202300032338";"155 623 228";"B01";"3";"50";"0";"2";"1";"7";"3";""
"202300032338";"155 623 232";"A01";"1";"7";"16";"2";"3";"15";"1";""
"202300032339";"155 623 227";"B01";"1";"1";"0";"0";"0";"0";"5";""
"202300032339";"155 623 230";"A01";"1";"7";"0";"2";"1";"26";"1";""
"202300032340";"155 623 224";"A01";"2";"99";"0";"9";"0";"0";"1";""
"202300032340";"155 623 226";"B01";"2";"32";"0";"0";"0";"0";"1";""
"202300032341";"155 623 223";"B01";"2";"7";"0";"2";"3";"1";"1";""
"202300032341";"155 623 225";"A01";"1";"7";"0";"2";"3";"13";"1";""
"202300032342";"155 623 220";"B01";"1";"38";"0";"0";"3";"1";"1";"1"
"202300032342";"155 623 222";"A01";"2";"7";"0";"0";"3";"13";"1";""
"202300032343";"155 623 219";"A01";"2";"7";"0";"1";"1";"1";"0";""
"202300032344";"155 623 218";"A01";"1";"10";"1";"0";"1";"1";"1";""
"202300032345";"155 623 217";"A01";"1";"7";"0";"2";"2";"1";"1";""
"202300032345";"155 623 221";"B01";"1";"1";"0";"2";"6";"1";"0";""
"202300032346";"155 623 215";"B01";"2";"7";"0";"2";"4";"1";"1";""
"202300032346";"155 623 216";"A01";"2";"10";"0";"2";"1";"1";"1";""
"202300032347";"155 623 213";"A01";"1";"7";"0";"1";"2";"14";"0";""
"202300032348";"155 623 212";"A01";"2";"7";"0";"2";"7";"19";"1";""
"202300032348";"155 623 214";"B01";"2";"7";"0";"2";"3";"0";"1";""
"202300032349";"155 623 208";"A01";"1";"7";"0";"2";"4";"11";"1";""
"202300032349";"155 623 211";"B01";"1";"33";"0";"2";"1";"3";"1";""
"202300032350";"155 623 204";"B01";"2";"7";"0";"2";"4";"2";"1";""
"202300032350";"155 623 207";"C01";"2";"10";"0";"2";"4";"2";"1";""
"202300032350";"155 623 209";"A01";"2";"7";"0";"2";"1";"2";"1";""
"202300032351";"155 623 203";"A01";"3";"7";"0";"1";"3";"20";"1";""
"202300032352";"155 623 200";"A01";"2";"7";"0";"2";"3";"1";"1";""
"202300032352";"155 623 205";"B01";"1";"7";"0";"2";"6";"15";"1";""
"202300032353";"155 623 198";"A01";"1";"17";"13";"0";"2";"13";"1";""
"202300032354";"155 623 199";"C01";"3";"7";"0";"2";"1";"1";"1";""
"202300032354";"155 623 201";"B01";"3";"7";"0";"2";"4";"1";"1";""
"202300032354";"155 623 206";"D01";"3";"7";"0";"2";"1";"1";"1";""
"202300032354";"155 623 210";"A01";"3";"7";"0";"2";"4";"1";"1";""
"202300032355";"155 623 197";"A01";"1";"31";"0";"2";"1";"26";"1";""
"202300032355";"155 623 202";"B01";"2";"7";"0";"2";"8";"15";"1";""
"202300032356";"155 623 195";"A01";"2";"50";"0";"2";"1";"5";"3";""
"202300032356";"155 623 196";"Y01";"1";"1";"0";"2";"1";"1";"5";""
"202300032357";"155 623 193";"A01";"1";"7";"9";"1";"4";"20";"1";""
"202300032358";"155 623 192";"A01";"3";"7";"0";"1";"3";"15";"1";""
"202300032359";"155 623 190";"A01";"3";"7";"0";"2";"3";"0";"1";""
"202300032359";"155 623 194";"B01";"0";"7";"0";"2";"3";"0";"1";""
"202300032360";"155 623 188";"B01";"2";"7";"0";"2";"2";"1";"1";""
"202300032360";"155 623 191";"A01";"1";"31";"0";"2";"1";"9";"1";""
"202300032361";"155 623 187";"B01";"2";"31";"0";"2";"1";"1";"1";""
"202300032361";"155 623 189";"A01";"1";"7";"0";"2";"7";"15";"1";""
"202300032362";"155 623 185";"A01";"3";"7";"0";"1";"2";"1";"1";""
"202300032363";"155 623 184";"A01";"1";"7";"0";"1";"2";"0";"1";""
"202300032364";"155 623 183";"A01";"3";"7";"0";"2";"3";"26";"1";""
"202300032364";"155 623 186";"B01";"2";"30";"0";"2";"5";"1";"0";""
"202300032365";"155 623 182";"A01";"2";"80";"0";"0";"7";"15";"3";""
"202300032366";"155 623 181";"A01";"2";"7";"1";"0";"9";"1";"1";""
"202300032367";"155 623 178";"B01";"2";"7";"0";"2";"1";"1";"1";""
"202300032367";"155 623 180";"A01";"1";"33";"0";"2";"1";"1";"1";""
"202300032368";"155 623 175";"A01";"2";"1";"9";"0";"1";"1";"5";""
"202300032369";"155 623 176";"B01";"3";"2";"0";"2";"1";"1";"1";""
"202300032369";"155 623 179";"A01";"3";"7";"0";"2";"3";"15";"1";""
"202300032370";"155 623 174";"A01";"3";"7";"0";"1";"2";"1";"1";""
"202300032371";"155 623 173";"A01";"0";"7";"0";"2";"4";"26";"1";""
"202300032371";"155 623 177";"B01";"0";"7";"0";"1";"4";"2";"1";""
"202300032372";"155 623 166";"B01";"2";"50";"1";"0";"2";"1";"3";""
"202300032372";"155 623 170";"A01";"2";"7";"0";"2";"0";"0";"1";""
"202300032373";"155 623 169";"A01";"1";"7";"1";"0";"1";"20";"3";""
"202300032374";"155 623 168";"B01";"1";"33";"0";"2";"3";"1";"1";""
"202300032374";"155 623 172";"A01";"1";"7";"0";"2";"3";"15";"1";""
"202300032375";"155 623 165";"A01";"1";"10";"0";"2";"1";"2";"1";""
"202300032375";"155 623 167";"B01";"1";"7";"0";"2";"4";"2";"1";""
"202300032375";"155 623 171";"C01";"2";"10";"3";"2";"3";"1";"1";""
"202300032376";"155 623 162";"A01";"1";"7";"0";"9";"2";"15";"2";""
"202300032376";"155 623 164";"B01";"2";"50";"0";"2";"3";"1";"3";""
"202300032377";"155 623 161";"A01";"3";"31";"0";"0";"8";"1";"1";""
"202300032378";"155 623 159";"A01";"1";"7";"0";"1";"1";"1";"1";""
"202300032379";"155 623 158";"A01";"1";"10";"0";"2";"7";"14";"1";""
"202300032379";"155 623 160";"B01";"1";"7";"0";"2";"8";"26";"1";""
"202300032379";"155 623 163";"C01";"1";"7";"1";"2";"8";"26";"1";""
"202300032380";"155 623 153";"B01";"1";"7";"0";"0";"0";"15";"1";""
"202300032380";"155 623 156";"C01";"2";"7";"0";"2";"1";"1";"1";""
"202300032380";"155 623 157";"A01";"1";"7";"0";"2";"1";"17";"1";""
"202300032381";"155 623 150";"B01";"3";"50";"0";"2";"0";"19";"3";""
"202300032381";"155 623 154";"A01";"1";"3";"0";"2";"1";"7";"1";""
"202300032382";"155 623 151";"A01";"2";"43";"3";"2";"1";"2";"1";""
"202300032382";"155 623 155";"B01";"2";"7";"0";"0";"0";"2";"1";""
"202300032383";"155 623 148";"B01";"1";"30";"0";"2";"2";"1";"1";""
"202300032383";"155 623 152";"A01";"1";"7";"0";"2";"6";"20";"1";""
"202300032384";"155 623 147";"B01";"2";"7";"0";"2";"8";"15";"1";""
"202300032384";"155 623 149";"A01";"2";"30";"0";"2";"5";"17";"1";""
"202300032385";"155 623 143";"A01";"1";"7";"0";"1";"1";"1";"1";""
"202300032386";"155 623 144";"A01";"1";"7";"0";"1";"5";"20";"1";""
"202300032387";"155 623 140";"B01";"1";"34";"0";"2";"1";"0";"1";""
"202300032387";"155 623 142";"A01";"2";"7";"0";"2";"5";"15";"1";""
"202300032388";"155 623 139";"A01";"2";"2";"13";"0";"0";"1";"1";""
"202300032389";"155 623 136";"B01";"0";"7";"0";"2";"3";"23";"1";""
"202300032389";"155 623 141";"A01";"2";"32";"0";"2";"1";"1";"1";""
"202300032390";"155 623 137";"A01";"2";"31";"4";"0";"0";"1";"1";""
"202300032391";"155 623 134";"B01";"3";"1";"0";"2";"1";"19";"5";""
"202300032391";"155 623 138";"A01";"2";"7";"0";"2";"2";"26";"1";""
"202300032392";"155 623 133";"A01";"1";"21";"6";"0";"5";"14";"1";""
"202300032393";"155 623 132";"A01";"1";"7";"13";"0";"8";"1";"1";""
"202300032394";"155 623 131";"A01";"2";"10";"0";"2";"1";"1";"1";""
"202300032394";"155 623 135";"B01";"3";"1";"0";"2";"4";"1";"5";""
"202300032395";"155 623 129";"A01";"2";"33";"4";"0";"1";"14";"1";""
"202300032396";"155 623 125";"A01";"3";"7";"0";"1";"3";"21";"1";""
"202300032397";"155 623 124";"A01";"3";"10";"0";"2";"7";"1";"1";""
"202300032397";"155 623 128";"B01";"3";"7";"0";"2";"1";"1";"1";""
"202300032398";"155 623 123";"A01";"1";"43";"0";"2";"1";"1";"1";""
"202300032398";"155 623 126";"B01";"1";"7";"0";"2";"4";"1";"1";""
"202300032399";"155 623 122";"A01";"2";"7";"0";"2";"5";"23";"1";""