"Num_Acc";"id_vehicule";"num_veh";"senc";"catv";"obs";"obsm";"choc";"manv";"motor";"occutc"
"202300032798";"155 622 408";"C01";"2";"7";"0";"2";"1";"1";"0";""
"202300032798";"155 622 409";"A01";"2";"7";"0";"2";"4";"1";"0";""
"202300032798";"155 622 411";"B01";"2";"7";"0";"2";"4";"1";"0";""
"202300032799";"155 622 407";"A01";"1";"7";"3";"0";"3";"1";"1";""
"202300032800";"155 622 403";"A01";"2";"33";"0";"2";"2";"3";"1";""
"202300032800";"155 622 406";"B01";"2";"7";"0";"2";"3";"12";"1";""
"202300032801";"155 622 404";"A01";"1";"17";"0";"2";"3";"1";"1";""
"202300032801";"155 622 405";"B01";"1";"7";"0";"2";"7";"12";"1";""
"202300032802";"155 622 399";"A01";"2";"31";"0";"2";"3";"12";"1";""
"202300032802";"155 622 401";"B01";"2";"7";"0";"2";"0";"0";"1";""
"202300032803";"155 622 400";"B01";"2";"7";"0";"2";"4";"2";"1";""
"202300032803";"155 622 402";"A01";"2";"7";"0";"2";"1";"2";"1";""
"202300032804";"155 622 396";"A01";"1";"33";"0";"2";"7";"3";"1";""
"202300032804";"155 622 398";"B01";"1";"7";"0";"2";"8";"11";"1";""
"202300032805";"155 622 394";"C01";"1";"7";"0";"2";"5";"2";"1";""
"202300032805";"155 622 395";"A01";"1";"32";"0";"2";"1";"2";"1";""
"202300032805";"155 622 397";"B01";"1";"7";"0";"2";"5";"2";"3";""
"202300032806";"155 622 390";"A01";"2";"14";"0";"2";"1";"1";"1";""
"202300032806";"155 622 392";"B01";"2";"10";"0";"2";"4";"1";"1";""
"202300032806";"155 622 393";"C01";"2";"7";"0";"2";"4";"1";"0";""
"202300032807";"155 622 389";"A01";"1";"7";"0";"2";"5";"1";"1";""
"202300032807";"155 622 391";"B01";"1";"32";"0";"2";"1";"2";"1";""
"202300032808";"155 622 384";"B01";"1";"7";"1";"0";"1";"9";"1";""
"202300032808";"155 622 386";"A01";"1";"15";"0";"2";"6";"24";"1";""
"202300032809";"155 622 385";"A01";"2";"14";"0";"2";"3";"1";"1";""
"202300032809";"155 622 387";"B01";"2";"7";"0";"2";"8";"9";"1";""
"202300032809";"155 622 388";"C01";"2";"7";"0";"2";"5";"1";"1";""
"202300032810";"155 622 379";"A01";"2";"7";"0";"2";"1";"1";"1";""
"202300032810";"155 622 381";"B01";"2";"7";"0";"2";"1";"1";"1";""
"202300032810";"155 622 383";"C01";"2";"7";"0";"2";"4";"1";"1";""
"202300032811";"155 622 378";"A01";"2";"7";"0";"2";"1";"2";"1";""
"202300032811";"155 622 380";"B01";"2";"7";"0";"2";"4";"2";"1";""
"202300032811";"155 622 382";"C01";"2";"7";"0";"2";"4";"2";"1";""
"202300032812";"155 622 373";"A01";"1";"10";"0";"2";"1";"2";"1";""
"202300032812";"155 622 376";"B01";"1";"7";"0";"2";"1";"2";"1";""
"202300032812";"155 622 377";"C01";"1";"10";"0";"2";"0";"0";"1";""
"202300032813";"155 622 374";"A01";"2";"7";"0";"2";"4";"2";"1";""
"202300032813";"155 622 375";"Z01";"2";"37";"0";"2";"1";"0";"1";"1"
"202300032814";"155 622 370";"A01";"1";"34";"0";"2";"1";"2";"1";""
"202300032814";"155 622 372";"B01";"1";"10";"0";"2";"6";"2";"1";""
"202300032815";"155 622 369";"A01";"2";"10";"0";"2";"2";"12";"1";""
"202300032815";"155 622 371";"B01";"2";"33";"0";"2";"8";"3";"1";""
"202300032816";"155 622 367";"A01";"2";"32";"0";"0";" -1";"26";"3";""
"202300032816";"155 622 368";"B01";"2";"7";"0";"0";" -1";"0";"0";""
"202300032817";"155 622 363";"A01";"2";"14";"0";"2";"4";"13";"1";""
"202300032817";"155 622 364";"C01";"2";"10";"0";"2";"4";"1";"1";""
"202300032817";"155 622 365";"D01";"2";"7";"0";"2";"1";"1";"1";""
"202300032817";"155 622 366";"B01";"2";"7";"0";"2";"1";"1";"1";""
"202300032818";"155 622 362";"A01";"0";"7";"9";"1";"1";"23";"1";""
"202300032819";"155 622 358";"A01";"3";"7";"0";"1";"1";"1";" -1";""
"202300032820";"155 622 359";"B01";"2";"7";"0";"2";"3";"15";"1";""
"202300032820";"155 622 360";"C01";"3";"7";"0";"2";"5";"24";"1";""
"202300032820";"155 622 361";"A01";"1";"33";"1";"2";"3";"1";"1";""
"202300032821";"155 622 354";"A01";"1";"7";"0";"2";"3";"21";"1";""
"202300032821";"155 622 355";"B01";"2";"3";"0";"2";"2";"1";"1";""
"202300032822";"155 622 350";"A01";"1";"7";"0";"2";"1";"19";"1";""
"202300032822";"155 622 351";"B01";"1";"50";"0";"2";"7";"1";"3";""
"202300032823";"155 622 346";"A01";"0";"31";"0";"2";"1";"10";"0";""
"202300032823";"155 622 348";"B01";"0";"7";"0";"9";"1";"1";"0";""
"202300032824";"155 622 344";"A01";"3";"7";"0";"2";"1";"9";"1";""
"202300032824";"155 622 345";"B01";"3";"7";"0";"2";"7";"2";"1";""
"202300032825";"155 622 342";"A01";"0";"7";"0";"2";"1";"9";"0";""
"202300032825";"155 622 343";"B01";"3";"1";"0";"0";"1";"0";"5";""
"202300032826";"155 622 340";"A01";"1";"7";"0";"0";"1";"9";"0";""
"202300032826";"155 622 341";"B01";"2";"7";"15";"0";"7";"1";"0";""
"202300032827";"155 622 339";"A01";"0";"7";"0";"1";"4";"4";"1";""
"202300032828";"155 622 337";"A01";"1";"7";"0";"2";"1";"1";"1";""
"202300032828";"155 622 338";"B01";"1";"7";"0";"2";"5";"1";"1";""
"202300032829";"155 622 334";"A01";"3";"7";"0";"2";"1";"2";"1";""
"202300032829";"155 622 335";"C01";"3";"7";"0";"2";"4";"2";"3";""
"202300032829";"155 622 336";"B01";"3";"7";"0";"2";"1";"2";"1";""
"202300032830";"155 622 333";"A01";"1";"7";"13";"0";"2";"14";"1";""
"202300032831";"155 622 332";"A01";"1";"37";"0";"1";"1";"1";"1";"1"
"202300032832";"155 622 329";"B01";"0";"10";"0";"2";"6";"19";"1";""
"202300032832";"155 622 331";"A01";"3";"50";"0";"2";"6";"1";"3";""
"202300032833";"155 622 327";"A01";"0";"10";"0";"2";"1";"1";"1";""
"202300032833";"155 622 328";"B01";"0";"10";"0";"2";"6";"1";"1";""
"202300032833";"155 622 330";"C01";"0";"10";"0";"0";"4";"1";"1";""
"202300032834";"155 622 325";"A01";"2";"7";"0";"9";"1";"9";"1";""
"202300032834";"155 622 326";"B01";"1";"2";"0";"2";"4";"14";"3";""
"202300032835";"155 622 322";"B01";"2";"7";"0";"2";"1";"19";"1";""
"202300032835";"155 622 324";"A01";"1";"32";"0";"2";"1";"1";"1";""
"202300032836";"155 622 321";"A01";"3";"7";"0";"2";"7";"1";"1";""
"202300032836";"155 622 323";"B01";"3";"7";"0";"2";"1";"1";"1";""
"202300032837";"155 622 319";"A01";"1";"7";"0";"1";"1";"1";"1";""
"202300032838";"155 622 317";"A01";"2";"7";"0";"2";"7";"16";"1";""
"202300032838";"155 622 318";"B01";"3";"50";"0";"2";"1";"19";"3";""
"202300032839";"155 622 316";"A01";"1";"7";"0";"0";"0";"0";"0";""
"202300032839";"155 622 320";"B01";"1";"7";"0";"2";"8";"1";"0";""
"202300032840";"155 622 314";"A01";"2";"7";"0";"2";"5";"16";"1";""
"202300032840";"155 622 315";"B01";"2";"80";"0";"2";"8";"7";"3";""
"202300032841";"155 622 311";"A01";"3";"7";"0";"2";"1";"26";"1";""
"202300032841";"155 622 313";"B01";"3";"30";"0";"2";"7";"15";"1";""
"202300032842";"155 622 310";"B01";"0";"7";"0";"2";"8";"23";"0";""
"202300032842";"155 622 312";"A01";"1";"43";"0";"2";"8";"14";"1";""
"202300032843";"155 622 309";"A01";"2";"33";"5";"0";"0";"26";"1";""
"202300032844";"155 622 305";"A01";"1";"7";"0";"2";"8";"11";"1";""
"202300032844";"155 622 308";"B01";"1";"33";"0";"2";"7";"1";"1";""
"202300032845";"155 622 306";"A01";"3";"7";"0";"2";"0";"0";"1";""
"202300032845";"155 622 307";"B01";"0";"33";"0";"2";"0";"0";"1";""
"202300032846";"155 622 302";"B01";"1";"50";"0";"2";"8";"19";"3";""
"202300032846";"155 622 304";"A01";"1";"7";"0";"2";"1";"11";"1";""
"202300032847";"155 622 303";"A01";"1";"32";"0";"0";"0";"1";"1";""
"202300032848";"155 622 300";"A01";"1";"0";"0";"2";"8";"11";"0";""
"202300032848";"155 622 301";"B01";"1";"34";"0";"2";"7";"1";"1";""
"202300032849";"155 622 297";"A01";"3";"7";"0";"2";"1";"1";"1";""
"202300032849";"155 622 298";"B01";"3";"30";"0";"2";"1";"5";"3";""
"202300032850";"155 622 296";"A01";"3";"7";"0";"2";"2";"1";"1";""
"202300032850";"155 622 299";"B01";"3";"50";"0";"2";"1";"15";"3";""
"202300032851";"155 622 293";"B01";"2";"15";"0";"2";"8";"15";"1";""
"202300032851";"155 622 295";"A01";"1";"7";"0";"2";"1";"17";"4";""
"202300032852";"155 622 294";"A01";"1";"1";"0";"0";"4";"1";"5";""
"202300032853";"155 622 291";"B01";"1";"31";"0";"2";"1";"1";"1";""
"202300032853";"155 622 292";"A01";"1";"7";"0";"9";"3";"15";"1";""
"202300032854";"155 622 289";"B01";"2";"1";"0";"1";"1";"1";"5";""
"202300032855";"155 622 288";"A01";"1";"7";"0";"2";"2";"1";"0";""
"202300032855";"155 622 290";"B01";"1";"50";"0";"2";"1";"10";"3";""
"202300032856";"155 622 286";"A01";"3";"0";"0";"1";"0";"0";"0";""
"202300032857";"155 622 285";"A01";"3";"10";"0";"1";"3";"9";"0";""
"202300032858";"155 622 284";"B01";"2";"1";"0";"2";"1";"1";"5";""
"202300032858";"155 622 287";"A01";"1";"10";"9";"2";"2";"16";"1";""
"202300032859";"155 622 282";"A01";"2";"7";"0";"2";"2";"26";"1";""
"202300032859";"155 622 283";"B01";"2";"7";"0";"2";"6";"2";"1";""
"202300032860";"155 622 281";"A01";"3";"50";"0";"0";"0";"19";"3";""
"202300032861";"155 622 280";"A01";"2";"7";"0";"1";"2";"1";"1";""
"202300032862";"155 622 278";"B01";"3";"7";"0";"2";"1";"1";"1";""
"202300032862";"155 622 279";"A01";"3";"7";"14";"2";"1";"1";"1";""
"202300032863";"155 622 276";"A01";"1";"7";"0";"2";"3";"16";"1";""
"202300032863";"155 622 277";"B01";"2";"7";"0";"2";"2";"1";"1";""
"202300032864";"155 622 274";"A01";"3";"37";"0";"2";"7";"15";"1";"1"
"202300032864";"155 622 275";"B01";"3";"33";"0";"2";"8";"1";"1";""
"202300032865";"155 622 273";"A01";"1";"10";"0";"1";"3";"0";"1";""
"202300032866";"155 622 271";"A01";"1";"7";"0";"2";"3";"15";"1";""
"202300032866";"155 622 272";"B01";"1";"32";"0";"2";"2";"1";"1";""
"202300032867";"155 622 268";"A01";"1";"7";"0";"2";"1";"1";"1";""
"202300032867";"155 622 270";"B01";"1";"7";"0";"2";"8";"1";"1";""
"202300032868";"155 622 267";"A01";"1";"3";"0";"2";"3";"13";"1";""
"202300032868";"155 622 269";"B01";"2";"7";"0";"2";"6";"1";"1";""
"202300032869";"155 622 265";"B01";"1";"33";"0";"2";"0";"1";"1";""
"202300032869";"155 622 266";"A01";"3";"7";"0";"2";"3";"9";"1";""
"202300032870";"155 622 262";"A01";"2";"7";"0";"2";"2";"15";"1";""
"202300032870";"155 622 264";"B01";"1";"2";"0";"2";"1";"1";"1";""
"202300032871";"155 622 261";"A01";"1";"7";"0";"2";"5";"1";"1";""
"202300032871";"155 622 263";"B01";"1";"1";"0";"2";"5";"19";"5";""
"202300032872";"155 622 259";"B01";"1";"7";"0";"2";"3";"20";"1";""
"202300032872";"155 622 260";"A01";"1";"7";"0";"2";"3";"1";"1";""
"202300032873";"155 622 257";"A01";"1";"7";"0";"2";"4";"23";"0";""
"202300032873";"155 622 258";"B01";"1";"7";"4";"2";"1";"21";"0";""
"202300032874";"155 622 256";"A01";"1";"7";"0";"1";"1";"15";"1";""
"202300032875";"155 622 253";"A01";"1";"7";"0";"2";"3";"15";"1";""
"202300032875";"155 622 255";"B01";"2";"2";"0";"2";"1";"17";"1";""
"202300032876";"155 622 254";"A01";"1";"7";"0";"1";"3";"1";"2";""
"202300032877";"155 622 251";"A01";"3";"2";"0";"2";"1";"17";"1";""
"202300032877";"155 622 252";"B01";"3";"7";"0";"2";"3";"20";"1";""
"202300032878";"155 622 247";"A01";"0";"7";"0";"0";"1";"0";"0";""
"202300032878";"155 622 249";"B01";"0";"33";"0";"0";"0";"0";"0";""
"202300032879";"155 622 248";"A01";"2";"7";"0";"2";"6";"11";"1";""
"202300032879";"155 622 250";"B01";"2";"50";"0";"2";"1";"3";"3";""
"202300032880";"155 622 245";"A01";"1";"30";"0";"2";"1";"16";"1";""
"202300032880";"155 622 246";"B01";"2";"1";"0";"2";"1";"5";"5";""
"202300032881";"155 622 244";"A01";"2";"1";"0";"1";"1";"1";"5";""
"202300032882";"155 622 242";"A01";"2";"7";"0";"2";"1";"26";"1";""
"202300032882";"155 622 243";"B01";"2";"7";"0";"2";"7";"11";"1";""
"202300032883";"155 622 241";"A01";"1";"50";"12";"0";"1";"1";"3";""
"202300032884";"155 622 240";"A01";"3";"40";"0";"1";"7";"1";"3";""
"202300032885";"155 622 239";"A01";"1";"7";"0";"1";"3";"15";"6";""
"202300032886";"155 622 238";"A01";"2";"30";"0";"0";"0";"10";"1";""
"202300032887";"155 622 235";"A01";"1";"7";"0";"9";"3";"17";"1";""
"202300032887";"155 622 237";"B01";"1";"50";"0";"2";"1";"1";"3";""
"202300032888";"155 622 234";"A01";"1";"1";"0";"2";"8";"21";"5";""
"202300032888";"155 622 236";"B01";"2";"7";"0";"2";"5";"23";"1";""
"202300032889";"155 622 230";"A01";"1";"7";"0";"2";"3";"1";"1";""
"202300032889";"155 622 233";"B01";"2";"7";"0";"2";"0";"0";"1";""
"202300032890";"155 622 231";"B01";"1";"2";"0";"0";"6";"1";"1";""
"202300032890";"155 622 232";"A01";"1";"7";"0";"2";"3";"1";"1";""
"202300032891";"155 622 227";"B01";"2";"50";"0";"2";"7";"19";"3";""
"202300032891";"155 622 229";"A01";"1";"7";"0";"2";"3";"2";"1";""
"202300032892";"155 622 223";"B01";"1";"50";"0";"0";"0";"0";"3";""
"202300032892";"155 622 225";"A01";"1";"7";"2";"0";"2";"16";"1";""
"202300032893";"155 622 221";"A01";"1";"33";"14";"0";"4";"23";"1";""
"202300032894";"155 622 216";"A01";"2";"1";"0";"2";"1";"1";"5";""
"202300032894";"155 622 218";"B01";"1";"7";"0";"2";"3";"15";"1";""
"202300032895";"155 622 214";"A01";"2";"50";"0";"2";"1";"2";"3";""
"202300032895";"155 622 215";"B01";"2";"7";"0";"2";"5";"23";"1";""
"202300032896";"155 622 210";"A01";"1";"30";"0";"2";"1";"13";"1";""
"202300032896";"155 622 212";"B01";"3";"7";"0";"2";"3";"1";"1";""
"202300032897";"155 622 211";"B01";"1";"32";"0";"2";"1";"1";"1";""
"202300032897";"155 622 213";"A01";"3";"7";"0";"2";"7";"15";"1";""
"202300032898";"155 622 208";"A01";"3";"7";"0";"2";"1";"1";"1";""
"202300032899";"155 622 207";"A01";"0";"10";"0";"2";"2";"1";"1";""
"202300032899";"155 622 209";"B01";"0";"7";"0";"2";"8";"15";"1";""
"202300032900";"155 622 206";"A01";"1";"7";"0";"1";"1";"1";"1";""
"202300032901";"155 622 204";"A01";"1";"32";"0";"2";"3";"1";"1";""
"202300032901";"155 622 205";"B01";"2";"15";"0";"2";"3";"15";"1";""
"202300032902";"155 622 202";"A01";"1";"7";"0";"2";"1";"15";"1";""
"202300032902";"155 622 203";"B01";"2";"50";"0";"2";"8";"1";"3";""
"202300032903";"155 622 200";"A01";"1";"7";"0";"2";"8";"0";"1";""
"202300032903";"155 622 201";"B01";"0";"80";"0";"2";"1";"0";"3";""
"202300032904";"155 622 199";"A01";"0";"7";"0";"1";"1";"26";"1";""
"202300032905";"155 622 198";"B01";"1";"10";"0";"1";"2";"1";"1";""
"202300032906";"155 622 196";"B01";"3";"2";"0";"2";"1";"1";"1";""
"202300032906";"155 622 197";"A01";"3";"7";"0";"2";"3";"15";"1";""
"202300032907";"155 622 192";"A01";"1";"50";"0";"2";"1";"1";"3";""
"202300032907";"155 622 193";"B01";"2";"7";"0";"2";"3";"15";"3";""
"202300032908";"155 622 194";"A01";"1";"2";"0";"2";"1";"1";"1";""
"202300032908";"155 622 195";"B01";"1";"7";"0";"2";"6";"23";"1";""
"202300032909";"155 622 188";"A01";"3";"1";"0";"2";"1";"9";"5";""
"202300032909";"155 622 191";"B01";"1";"7";"0";"2";"1";"1";"1";""
"202300032910";"155 622 189";"A01";"3";"0";"0";"2";"1";"0";"0";""
"202300032910";"155 622 190";"B01";"3";"1";"0";"2";"4";"1";"5";""
"202300032911";"155 622 187";"A01";"1";"7";"0";"1";"2";"26";"0";""
"202300032912";"155 622 184";"A01";"2";"7";"0";"2";"1";"1";"1";""
"202300032912";"155 622 186";"B01";"1";"7";"0";"2";"7";"1";"1";""
"202300032913";"155 622 180";"A01";"0";"10";"8";"0";"1";"1";"0";""
"202300032914";"155 622 181";"D01";"2";"33";"0";"2";"1";"3";"1";""
"202300032914";"155 622 182";"A01";"2";"7";"0";"2";"1";"2";"1";""
"202300032914";"155 622 183";"B01";"2";"7";"0";"2";"4";"2";"1";""
"202300032914";"155 622 185";"C01";"2";"10";"0";"2";"4";"2";"3";""
"202300032915";"155 622 179";"A01";"2";"7";"0";"1";"2";"1";"1";""
"202300032916";"155 622 176";"A01";"2";"7";"0";"1";"2";"14";"1";""
"202300032917";"155 622 177";"A01";"1";"7";"0";"2";"7";"12";"1";""
"202300032917";"155 622 178";"B01";"1";"33";"0";"2";"8";"3";"1";""
"202300032918";"155 622 172";"A01";"2";"7";"0";"2";"1";"14";"1";""
"202300032918";"155 622 175";"B01";"1";"7";"0";"2";"1";"1";"1";""
"202300032919";"155 622 173";"A01";"1";"33";"0";"2";"1";"17";"1";""
"202300032919";"155 622 174";"B01";"1";"7";"0";"2";"8";"15";"1";""
"202300032920";"155 622 168";"A01";"1";"14";"0";"1";"3";"1";"1";""
"202300032921";"155 622 169";"C01";"1";"7";"0";"2";"2";"2";"1";""
"202300032921";"155 622 170";"A01";"1";"10";"0";"2";"3";"22";"1";""
"202300032921";"155 622 171";"B01";"1";"50";"0";"2";"1";"1";"3";""
"202300032922";"155 622 167";"A01";"1";"1";"0";"1";"1";"1";"5";""
"202300032923";"155 622 166";"A01";"1";"34";"8";"1";"1";"21";"1";""
"202300032924";"155 622 164";"B01";"3";"7";"4";"2";"1";"1";"1";""
"202300032924";"155 622 165";"A01";"3";"7";"0";"2";"1";"13";"1";""
"202300032925";"155 622 163";"A01";"2";"7";"8";"0";"0";"12";"0";""
"202300032926";"155 622 161";"B01";"2";"1";"0";"2";"1";"1";"5";""
"202300032926";"155 622 162";"A01";"1";"7";"0";"2";"1";"15";"1";""
"202300032927";"155 622 159";"A01";"2";"1";"1";"1";"7";"1";"5";""
"202300032928";"155 622 158";"B01";"3";"99";"0";"2";"2";"1";"1";""
"202300032928";"155 622 160";"A01";"3";"7";"0";"2";"2";"9";"1";""
"202300032929";"155 622 157";"A01";"2";"2";"0";"0";"0";"1";"1";""
"202300032930";"155 622 155";"B01";"1";"10";"0";"2";"2";"14";"1";""
"202300032930";"155 622 156";"A01";"1";"42";"0";"2";"3";"23";"1";""
"202300032931";"155 622 154";"A01";"2";"33";"13";"0";"1";"0";"1";""
"202300032932";"155 622 152";"A01";"3";"2";"0";"2";"3";"0";"0";""
"202300032932";"155 622 153";"B01";"3";"7";"0";"2";"3";"0";"0";""
"202300032933";"155 622 150";"B01";"1";"38";"0";"2";"3";"1";"1";"2"
"202300032933";"155 622 151";"A01";"2";"7";"0";"2";"1";"13";"1";""
"202300032934";"155 622 148";"A01";"1";"7";"0";"2";"1";"1";"1";""
"202300032934";"155 622 149";"B01";"1";"33";"0";"2";"4";"23";"1";""
"202300032935";"155 622 146";"A01";"1";"21";"0";"0";"3";"15";"1";""
"202300032935";"155 622 147";"B01";"2";"33";"0";"2";"1";"17";"1";""
"202300032936";"155 622 144";"A01";"2";"7";"0";"2";"1";"13";"1";""
"202300032936";"155 622 145";"B01";"1";"7";"0";"2";"1";"1";"1";""
"202300032937";"155 622 143";"A01";"2";"7";"13";"0";"1";"13";"1";""
"202300032938";"155 622 141";"B01";"2";"7";"0";"2";"1";"1";"1";""
"202300032938";"155 622 142";"A01";"1";"7";"0";"2";"1";"1";"1";""
"202300032939";"155 622 139";"A01";"3";"32";"0";"2";"1";"1";"1";""
"202300032939";"155 622 140";"B01";"3";"2";"0";"2";"1";"1";"1";""
"202300032940";"155 622 137";"A01";"2";"7";"0";"2";"7";"9";"1";""
"202300032940";"155 622 138";"B01";"2";"33";"0";"2";"1";"1";"1";""
"202300032941";"155 622 135";"A01";"2";"7";"0";"2";"8";"19";"3";""
"202300032941";"155 622 136";"B01";"2";"33";"0";"2";"1";"15";"1";""
"202300032942";"155 622 134";"A01";"2";"7";"0";"1";"2";"15";"1";""
"202300032943";"155 622 133";"A01";"1";"7";"2";"0";"2";"13";"0";""
"202300032944";"155 622 132";"A01";"2";"3";"8";"0";"5";"1";"0";""
"202300032945";"155 622 131";"A01";"2";"7";"15";"0";"9";"1";"1";""
"202300032946";"155 622 129";"A01";"1";"33";"0";"0";"7";"23";"1";""
"202300032947";"155 622 128";"A01";"2";"1";"0";"0";"0";"0";"5";""
"202300032948";"155 622 127";"A01";"1";"32";"0";"0";"0";"1";"1";""
"202300032949";"155 622 126";"A01";"2";"2";"1";"0";"1";"1";"1";""
"202300032950";"155 622 122";"C01";"2";"7";"0";"2";"1";"2";"1";""
"202300032950";"155 622 123";"A01";"2";"7";"0";"2";"1";"1";"0";""
"202300032950";"155 622 124";"B01";"2";"7";"0";"2";"4";"1";"0";""
"202300032951";"155 622 121";"A01";"2";"7";"2";"0";"9";"0";"1";""
"202300032952";"155 622 119";"B01";"1";"31";"0";"2";"1";"1";"1";""
"202300032952";"155 622 120";"A01";"2";"7";"0";"2";"1";"15";"0";""
"202300032953";"155 622 117";"A01";"2";"7";"0";"9";"2";"1";"1";""
"202300032953";"155 622 118";"B01";"1";"1";"0";"2";"0";"15";"5";""
"202300032954";"155 622 116";"A01";"1";"7";"0";"0";"9";"0";"1";""
"202300032955";"155 622 115";"A01";"1";"7";"0";"1";"0";"1";"0";""
"202300032956";"155 622 114";"A01";"2";"7";"13";"0";"0";"0";"1";""
"202300032957";"155 622 113";"A01";"2";"1";"0";"0";"0";"26";"5";""
"202300032958";"155 622 111";"A01";"1";"7";"0";"2";"3";"15";"1";""
"202300032958";"155 622 112";"B01";"1";"1";"0";"2";"1";"1";"5";""
"202300032959";"155 622 110";"A01";"2";"7";"2";"0";"1";"13";"0";""
"202300032960";"155 622 109";"A01";"0";"7";"0";"1";"3";"1";"6";""
"202300032961";"155 622 108";"A01";"2";"2";"0";"0";"0";"0";"1";""
"202300032962";"155 622 106";"A01";"2";"7";"0";"2";"8";"1";"0";""
"202300032962";"155 622 107";"B01";"1";"7";"0";"2";"3";"13";"1";""
"202300032963";"155 622 104";"A01";"2";"33";"8";"0";"1";"0";"1";""
"202300032963";"155 622 105";"B01";"1";"7";"0";"0";"0";"0";"0";""
"202300032964";"155 622 102";"A01";"2";"7";"0";"2";"6";"15";"1";""
"202300032964";"155 622 103";"B01";"2";"31";"0";"2";"5";"15";"1";""
"202300032965";"155 622 100";"A01";"1";"34";"0";"2";"1";"1";"1";""
"202300032965";"155 622 101";"B01";"2";"7";"0";"2";"3";"13";"2";""
"202300032966";"155 622 099";"A01";"1";"7";"2";"0";"3";"13";"1";""
"202300032967";"155 622 097";"A01";"2";"7";"4";"2";"1";"3";"1";""
"202300032967";"155 622 098";"B01";"2";"13";"0";"2";"6";"2";"1";""
"202300032968";"155 622 096";"A01";"1";"7";"2";"0";"1";"14";"1";""
"202300032969";"155 622 095";"A01";"2";"10";"0";"0";"0";"1";"0";""
"202300032970";"155 622 094";"A01";"2";"31";"0";"0";"7";"14";"1";""
"202300032971";"155 622 092";"A01";"2";"7";"0";"2";"3";"5";"1";""
"202300032971";"155 622 093";"B01";"1";"7";"0";"2";"3";"1";"1";""
"202300032972";"155 622 090";"A01";" -1";"2";"0";"2";"3";"17";"1";""
"202300032972";"155 622 091";"B01";" -1";"7";"0";"2";"3";"1";"1";""
"202300032973";"155 622 089";"A01";"2";"7";"2";"0";"3";"13";"1";""
"202300032974";"155 622 087";"A01";"1";"7";"0";"2";"2";"15";"1";""
"202300032974";"155 622 088";"B01";"2";"7";"0";"2";"2";"1";"1";""
"202300032975";"155 622 086";"A01";"2";"7";"13";"0";"3";"1";"1";""
"202300032976";"155 622 084";"B01";"2";"7";"0";"0";"1";"17";"1";""
"202300032976";"155 622 085";"A01";"2";"7";"0";"0";"6";"15";"1";""
"202300032977";"155 622 083";"A01";"1";"33";"13";"0";"0";"2";"1";""
"202300032978";"155 622 082";"A01";"3";"7";"0";"1";"1";"1";"1";""
"202300032979";"155 622 080";"A01";"2";"7";"6";"2";"7";"15";"1";""
"202300032979";"155 622 081";"B01";"2";"0";"0";"2";"3";"1";"0";""
"202300032980";"155 622 079";"A01";"1";"33";"0";"0";"6";"1";"1";""
"202300032981";"155 622 077";"A01";"2";"7";"0";"0";"7";"15";"1";""
"202300032981";"155 622 078";"B01";"1";"33";"0";"2";"8";"1";"1";""
"202300032982";"155 622 075";"B01";"2";"2";"0";"2";"1";"15";"1";""
"202300032982";"155 622 076";"A01";"1";"7";"0";"2";"2";"15";"1";""
"202300032983";"155 622 072";"C01";"2";"7";"0";"2";"1";"1";"1";""
"202300032983";"155 622 073";"A01";"2";"7";"0";"2";"8";"13";"1";""
"202300032983";"155 622 074";"B01";"1";"7";"0";"2";"1";"21";"1";""
"202300032984";"155 622 070";"B01";"2";"7";"0";"2";"1";"1";"1";""
"202300032984";"155 622 071";"A01";"2";"7";"0";"2";"3";"16";"1";""
"202300032985";"155 622 068";"A01";"1";"33";"0";"0";"4";"26";"1";""
"202300032985";"155 622 069";"B01";"1";"31";"0";"2";"1";"0";"1";""
"202300032986";"155 622 067";"A01";"2";"33";"0";"5";"1";"1";"1";""
"202300032987";"155 622 065";"B01";"0";"10";"0";"2";"8";"1";"1";""
"202300032987";"155 622 066";"A01";"0";"2";"0";"2";"1";"1";"1";""
"202300032988";"155 622 063";"A01";"0";"7";"0";"2";"3";"0";"1";""
"202300032988";"155 622 064";"B01";"0";"7";"0";"2";"7";"0";"1";""
"202300032989";"155 622 061";"A01";"1";"7";"0";"2";"4";"1";"1";""
"202300032989";"155 622 062";"B01";"1";"7";"0";"2";"1";"1";"1";""
"202300032990";"155 622 060";"A01";"2";"7";"4";"0";"1";"12";"1";""
"202300032991";"155 622 058";"A01";"1";"33";"0";"2";"1";"12";"1";""
"202300032991";"155 622 059";"B01";"1";"7";"0";"2";"3";"1";"1";""
"202300032992";"155 622 056";"A01";"1";"7";"0";"2";"4";"2";"1";""
"202300032992";"155 622 057";"B01";"1";"7";"0";"2";"1";"1";"1";""
"202300032993";"155 622 054";"A01";"2";"7";"0";"2";"1";"2";"1";""
"202300032993";"155 622 055";"B01";"2";"7";"0";"2";"4";"2";"1";""
"202300032994";"155 622 052";"A01";"2";"7";"0";"2";"1";"2";"1";""
"202300032994";"155 622 053";"B01";"2";"7";"0";"2";"4";"2";"1";""
"202300032995";"155 622 049";"C01";"1";"3";"0";"2";"4";"1";"1";""
"202300032995";"155 622 050";"B01";"1";"7";"0";"2";"3";"11";"1";""
"202300032995";"155 622 051";"Z01";"1";"7";"0";"2";"1";"26";"1";""
"202300032996";"155 622 047";"A01";"2";"7";"0";"2";"1";"1";"1";""