"Num_Acc";"id_vehicule";"num_veh";"senc";"catv";"obs";"obsm";"choc";"manv";"motor";"occutc"
"202300032996";"155 622 048";"B01";"2";"7";"0";"2";"4";"1";"1";""
"202300032997";"155 622 045";"B01";"2";"7";"0";"2";"8";"11";"1";""
"202300032997";"155 622 046";"A01";"2";"33";"0";"2";"7";"1";"1";""
"202300032998";"155 622 043";"A01";"2";"7";"0";"2";"4";"2";"0";""
"202300032998";"155 622 044";"B01";"2";"7";"0";"2";"1";"2";"0";""
"202300032999";"155 622 041";"A01";"1";"31";"0";"2";"8";"1";"1";""
"202300032999";"155 622 042";"B01";"1";"7";"0";"2";"7";"14";"1";""
"202300033000";"155 622 039";"B01";"1";"7";"3";"2";"4";"1";"1";""
"202300033000";"155 622 040";"A01";"1";"7";"0";"2";"1";"1";"1";""
"202300033001";"155 622 037";"A01";"2";"33";"0";"2";"1";"3";"1";""
"202300033001";"155 622 038";"B01";"2";"7";"0";"2";"5";"23";"1";""
"202300033002";"155 622 035";"A01";"2";"7";"0";"2";"1";"2";"1";""
"202300033002";"155 622 036";"B01";"2";"7";"0";"2";"4";"2";"1";""
"202300033003";"155 622 033";"B01";"1";"7";"0";"2";"8";"1";"1";""
"202300033003";"155 622 034";"A01";"1";"7";"0";"2";"3";"26";"1";""
"202300033004";"155 622 031";"A01";"2";"7";"0";"2";"0";"11";"1";""
"202300033004";"155 622 032";"B01";"2";"33";"0";"2";"0";"1";"1";""
"202300033005";"155 622 029";"A01";"2";"7";"0";"2";"1";"1";"1";""
"202300033005";"155 622 030";"B01";"1";"10";"0";"2";"1";"13";"1";""
"202300033006";"155 622 027";"B01";"1";"10";"0";"2";"4";"1";"1";""
"202300033006";"155 622 028";"A01";"1";"7";"9";"2";"1";"2";"1";""
"202300033007";"155 622 024";"A01";"2";"7";"0";"0";"4";"23";"1";""
"202300033007";"155 622 025";"B01";"2";"7";"1";"0";"6";"2";"1";""
"202300033007";"155 622 026";"C01";"2";"7";"0";"2";"2";"21";"1";""
"202300033008";"155 622 023";"A01";"1";"7";"0";"1";"1";"1";"1";""
"202300033009";"155 622 022";"A01";"3";"34";"0";"2";"1";"2";"1";""
"202300033010";"155 622 021";"A01";"2";"32";"0";"1";"1";"1";"1";""
"202300033011";"155 622 019";"A01";"1";"7";"0";"2";"1";"1";"1";""
"202300033011";"155 622 020";"B01";"1";"7";"0";"2";"4";"1";"1";""
"202300033012";"155 622 017";"A01";"1";"7";"1";"2";"1";"1";"1";""
"202300033012";"155 622 018";"B01";"1";"50";"0";"2";"8";"1";"3";""
"202300033013";"155 622 015";"A01";"1";"7";"0";"2";"3";"15";"2";""
"202300033013";"155 622 016";"B01";"1";"33";"0";"2";"1";"1";"1";""
"202300033014";"155 622 012";"C01";"2";"10";"0";"2";"4";"2";"2";""
"202300033014";"155 622 013";"A01";"2";"10";"0";"2";"1";"0";"1";""
"202300033014";"155 622 014";"B01";"2";"10";"0";"2";"1";"2";"1";""
"202300033015";"155 622 011";"A01";"1";"7";"0";"1";"2";"20";"1";""
"202300033016";"155 622 009";"A01";"1";"7";"0";"2";"4";"1";"1";""
"202300033016";"155 622 010";"B01";"1";"7";"0";"2";"1";"1";"1";""
"202300033017";"155 622 007";"A01";"3";"31";"0";"2";"8";"17";"1";""
"202300033017";"155 622 008";"B01";"3";"7";"0";"2";"3";"15";"2";""
"202300033018";"155 622 005";"B01";"3";"7";"0";"2";"2";"9";"1";""
"202300033018";"155 622 006";"A01";"3";"7";"0";"2";"6";"1";"1";""
"202300033019";"155 622 002";"A01";"1";"7";"0";"1";"2";"1";"1";""
"202300033020";"155 622 001";"A01";"0";"7";"0";"9";"1";"1";"1";""
"202300033021";"155 621 999";"A01";"3";"7";"0";"2";"1";"1";"1";""
"202300033021";"155 622 000";"B01";"3";"1";"0";"2";"7";"19";"5";""
"202300033022";"155 621 998";"A01";"3";"7";"0";"1";"3";"1";"1";""
"202300033023";"155 621 997";"A01";"1";"7";"0";"1";"1";"1";"1";""
"202300033024";"155 621 995";"A01";"3";"7";"0";"2";"3";"26";"1";""
"202300033024";"155 621 996";"B01";"3";"7";"0";"2";"2";"26";"1";""
"202300033025";"155 621 993";"A01";"1";"7";"0";"2";"1";"1";"1";""
"202300033025";"155 621 994";"B01";"2";"50";"0";"2";"1";"1";"3";""
"202300033026";"155 621 991";"B01";"2";"7";"0";"2";"1";"1";"1";""
"202300033026";"155 621 992";"A01";"1";"50";"0";"2";"1";"12";"3";""
"202300033027";"155 621 990";"A01";"1";"7";"0";"1";"1";"1";"1";""
"202300033028";"155 621 989";"A01";"1";"34";"14";"0";"1";"26";"1";""
"202300033029";"155 621 988";"A01";"1";"7";"0";"0";"7";"16";"0";""
"202300033030";"155 621 987";"A01";"1";"10";"0";"1";"1";"1";"1";""
"202300033031";"155 621 985";"A01";"1";"7";"0";"2";"3";"15";"1";""
"202300033031";"155 621 986";"B01";"2";"1";"0";"2";"7";"15";"5";""
"202300033032";"155 621 983";"A01";"2";"7";"1";"2";"3";"13";"1";""
"202300033032";"155 621 984";"B01";"1";"38";"0";"2";"3";"1";"1";"3"
"202300033033";"155 621 981";"A01";"2";"7";"0";"2";"3";"12";"1";""
"202300033033";"155 621 982";"B01";"2";"33";"0";"2";"7";"1";"1";""
"202300033034";"155 621 980";"A01";"1";"7";"4";"0";"1";"26";"1";""
"202300033035";"155 621 979";"A01";"3";"7";"0";"2";"0";"14";"1";""
"202300033036";"155 621 978";"A01";"2";"7";"0";"1";"2";"2";"1";""
"202300033037";"155 621 976";"B01";"3";"1";"0";"2";"8";"19";"5";""
"202300033037";"155 621 977";"A01";"2";"7";"0";"2";"3";"1";"1";""
"202300033038";"155 621 974";"A01";"3";"7";"0";"2";"1";"2";"1";""
"202300033038";"155 621 975";"B01";"3";"7";"0";"2";"4";"2";"1";""
"202300033039";"155 621 972";"A01";"1";"7";"0";"2";"1";"1";"1";""
"202300033039";"155 621 973";"B01";"1";"7";"0";"2";"4";"1";"1";""
"202300033040";"155 621 971";"A01";"1";"33";"0";"0";"0";"1";"1";""
"202300033041";"155 621 969";"A01";"0";"7";"0";"2";"2";"1";"1";""
"202300033041";"155 621 970";"B01";"1";"1";"0";"2";"1";"1";"5";""
"202300033042";"155 621 968";"A01";"1";"7";"6";"0";"1";"1";"1";""
"202300033043";"155 621 967";"A01";"1";"50";"0";"1";"1";"1";"3";""
"202300033044";"155 621 965";"A01";"1";"7";"0";"2";"1";"1";"1";""
"202300033044";"155 621 966";"B01";"1";"7";"0";"2";"4";"23";"1";""
"202300033045";"155 621 963";"A01";"2";"7";"0";"2";"3";"20";"1";""
"202300033045";"155 621 964";"B01";"2";"50";"0";"2";"7";"1";"3";""
"202300033046";"155 621 959";"B01";"2";"10";"0";"2";"8";"23";"1";""
"202300033046";"155 621 961";"A01";"1";"7";"0";"2";"1";"1";"1";""
"202300033047";"155 621 957";"B01";"3";"7";"0";"2";"1";"1";"1";""
"202300033047";"155 621 958";"A01";"3";"7";"0";"2";"2";"15";"1";""
"202300033048";"155 621 960";"B01";"1";"50";"0";"2";"3";"1";"3";""
"202300033048";"155 621 962";"A01";"1";"7";"0";"2";"2";"14";"1";""
"202300033049";"155 621 956";"A01";"3";"32";"0";"0";"7";"16";"1";""
"202300033050";"155 621 954";"B01";"2";"7";"0";"2";"3";"1";"1";""
"202300033050";"155 621 955";"A01";"1";"7";"0";"2";"3";"13";"1";""
"202300033051";"155 621 953";"A01";"1";"33";"4";"0";"8";"13";"1";""
"202300033052";"155 621 951";"A01";"2";"32";"0";"1";"3";"1";"3";""
"202300033053";"155 621 950";"B01";"2";"7";"0";"9";"3";"1";"1";""
"202300033053";"155 621 952";"A01";"1";"1";"0";"2";"1";"1";"5";""
"202300033054";"155 621 947";"A01";"2";"30";"0";"2";"2";"13";"1";""
"202300033054";"155 621 949";"B01";"1";"7";"0";"2";"8";"1";"1";""
"202300033055";"155 621 948";"A01";"3";"32";"0";"0";"9";"26";"1";""
"202300033056";"155 621 945";"B01";"2";"30";"0";"2";"1";"1";"1";""
"202300033056";"155 621 946";"A01";"2";"1";"0";"2";"1";"15";"5";""
"202300033057";"155 621 944";"A01";"2";"34";"0";"1";"1";"17";"1";""
"202300033058";"155 621 940";"A01";"1";"7";"0";"2";"3";"22";"1";""
"202300033058";"155 621 941";"B01";"1";"1";"0";"2";"1";"1";"5";""
"202300033059";"155 621 939";"A01";"2";"7";"0";"1";"6";"15";"1";""
"202300033060";"155 621 935";"A01";"0";"7";"0";"0";"0";"0";"0";""
"202300033060";"155 621 938";"B01";"0";"2";"0";"2";"4";"1";"1";""
"202300033061";"155 621 936";"B01";"1";"1";"0";"2";"1";"1";"5";""
"202300033061";"155 621 937";"A01";"2";"30";"0";"2";"1";"9";"3";""
"202300033062";"155 621 933";"A01";"0";"7";"0";"1";"1";"1";"1";""
"202300033063";"155 621 934";"A01";"3";"32";"14";"0";"1";"1";"1";""
"202300033064";"155 621 931";"A01";"1";"30";"0";"2";"1";"17";"1";""
"202300033064";"155 621 932";"B01";"1";"7";"0";"2";"8";"15";"1";""
"202300033065";"155 621 930";"A01";"3";"7";"0";"1";"4";"26";"1";""
"202300033066";"155 621 929";"A01";"2";"33";"0";"0";"8";"15";"1";""
"202300033067";"155 621 926";"C01";"1";"10";"0";"2";"1";"2";"1";""
"202300033067";"155 621 928";"A01";"1";"7";"1";"2";"2";"14";"1";""
"202300033068";"155 621 925";"B01";"1";"33";"0";"2";"2";"0";"1";""
"202300033068";"155 621 927";"A01";"2";"7";"0";"2";"3";"10";"1";""
"202300033069";"155 621 923";"A01";"1";"10";"15";"0";"1";"14";"1";""
"202300033070";"155 621 922";"A01";"1";"7";"0";"2";"5";"12";"1";""
"202300033070";"155 621 924";"B01";"1";"37";"0";"2";"3";"1";"1";"3"
"202300033071";"155 621 920";"B01";"1";"80";"0";"2";"3";"1";"3";""
"202300033071";"155 621 921";"A01";"1";"13";"0";"2";"5";"15";"3";""
"202300033072";"155 621 919";"A01";"3";"7";"0";"1";"1";"1";"1";""
"202300033073";"155 621 916";"A01";"1";"7";"0";"2";"1";"1";"1";""
"202300033073";"155 621 918";"B01";"1";"50";"0";"2";"7";"1";"3";""
"202300033074";"155 621 915";"A01";"1";"7";"0";"2";"4";"2";"1";""
"202300033074";"155 621 917";"B01";"1";"80";"14";"0";"4";"1";"3";""
"202300033075";"155 621 914";"A01";"1";"34";"0";"1";"6";"17";"1";""
"202300033076";"155 621 913";"A01";"2";"1";"0";"0";"2";"15";"5";""
"202300033077";"155 621 909";"A01";"1";"10";"0";"2";"1";"2";"1";""
"202300033077";"155 621 911";"B01";"1";"32";"0";"2";"8";"15";"1";""
"202300033078";"155 621 908";"A01";"1";"14";"0";"2";"1";"1";"1";""
"202300033078";"155 621 910";"C01";"1";"7";"0";"2";"1";"16";"1";""
"202300033078";"155 621 912";"B01";"2";"7";"0";"2";"1";"15";"1";""
"202300033079";"155 621 905";"B01";"2";"41";"0";"2";"6";"18";"3";""
"202300033079";"155 621 907";"A01";"2";"7";"0";"2";"2";"16";"1";""
"202300033080";"155 621 902";"A01";"0";"10";"0";"1";"2";"0";"0";""
"202300033081";"155 621 903";"A01";"2";"33";"0";"2";"1";"0";"1";""
"202300033081";"155 621 904";"B01";"1";"7";"0";"2";"3";"1";"1";""
"202300033081";"155 621 906";"C01";"2";"7";"0";"2";"6";"1";"1";""
"202300033082";"155 621 899";"B01";"2";"7";"0";"2";"4";"2";"1";""
"202300033082";"155 621 901";"A01";"2";"7";"0";"2";"1";"2";"1";""
"202300033083";"155 621 900";"A01";"2";"7";"0";"1";"1";"15";"1";""
"202300033084";"155 621 896";"A01";"1";"33";"1";"2";"6";"1";"1";""
"202300033084";"155 621 897";"B01";"1";"7";"0";"2";"5";"12";"1";""
"202300033085";"155 621 895";"A01";"3";"7";"0";"2";"2";"15";"1";""
"202300033085";"155 621 898";"B01";"3";"43";"0";"2";"1";"1";"1";""
"202300033086";"155 621 893";"A01";"0";"7";"0";"2";"7";"19";"1";""
"202300033086";"155 621 894";"B01";"1";"43";"0";"2";"1";"2";"1";""
"202300033087";"155 621 891";"Z01";"2";"0";"0";"1";"0";"0";"0";""
"202300033088";"155 621 889";"A01";"1";"7";"0";"2";"3";"17";"1";""
"202300033088";"155 621 890";"B01";"1";"7";"16";"0";"3";"1";"3";""
"202300033088";"155 621 892";"C01";"0";"7";"0";"2";"1";"1";"1";""
"202300033089";"155 621 887";"B01";"1";"7";"0";"0";"3";"1";"1";""
"202300033089";"155 621 888";"A01";"2";"7";"0";"2";"2";"21";"1";""
"202300033090";"155 621 885";"A01";"3";"7";"0";"1";"3";"1";"1";""
"202300033091";"155 621 884";"B01";"1";"1";"0";"2";"4";"14";"5";""
"202300033091";"155 621 886";"A01";"1";"7";"0";"2";"4";"14";"1";""
"202300033092";"155 621 881";"B01";"0";"7";"0";"2";"0";"0";"1";""
"202300033092";"155 621 883";"A01";"0";"32";"0";"2";"1";"1";"1";""
"202300033093";"155 621 880";"A01";"1";"7";"0";"2";"5";"1";"1";""
"202300033093";"155 621 882";"B01";"3";"1";"0";"2";"1";"1";"5";""
"202300033094";"155 621 879";"A01";"2";"1";"0";"1";"1";"2";"5";""
"202300033095";"155 621 878";"A01";"2";"7";"0";"1";"5";"26";"1";""
"202300033096";"155 621 876";"A01";"2";"7";"0";"2";"7";"15";"1";""
"202300033096";"155 621 877";"B01";"1";"33";"0";"2";"1";"1";"1";""
"202300033097";"155 621 875";"A01";"2";"30";"0";"0";"7";"1";"1";""
"202300033098";"155 621 874";"A01";"2";"30";"14";"0";"3";"1";"1";""
"202300033099";"155 621 872";"A01";"3";"7";"0";"2";"2";"10";"1";""
"202300033099";"155 621 873";"B01";"3";"33";"0";"2";"1";"1";"1";""
"202300033100";"155 621 870";"A01";"3";"33";"8";"2";"9";"18";"1";""
"202300033100";"155 621 871";"B01";"3";"7";"0";"2";"2";"16";"1";""
"202300033101";"155 621 867";"C01";"2";"7";"12";"0";"8";"1";"1";""
"202300033101";"155 621 868";"A01";"2";"7";"1";"0";"2";"1";"2";""
"202300033102";"155 621 866";"B01";"1";"7";"0";"2";"4";"2";"1";""
"202300033102";"155 621 869";"A01";"1";"33";"0";"2";"1";"2";"1";""
"202300033103";"155 621 865";"Z01";"2";"0";"0";"1";"1";"1";"0";""
"202300033104";"155 621 862";"A01";"1";"34";"0";"2";"0";"0";"1";""
"202300033105";"155 621 863";"B01";"2";"10";"0";"2";"1";"11";"1";""
"202300033105";"155 621 864";"A01";"2";"33";"0";"2";"1";"3";"1";""
"202300033106";"155 621 861";"A01";"2";"7";"4";"0";"3";"1";"1";""
"202300033107";"155 621 857";"Z01";"1";"7";"0";"2";"3";"11";"0";""
"202300033107";"155 621 858";"A01";"1";"10";"3";"2";"2";"17";"1";""
"202300033108";"155 621 855";"D01";"1";"10";"0";"2";"4";"1";"1";""
"202300033108";"155 621 856";"A01";"1";"31";"0";"2";"1";"3";"1";""
"202300033108";"155 621 859";"B01";"1";"7";"0";"2";"4";"12";"1";""
"202300033108";"155 621 860";"C01";"1";"7";"0";"2";"1";"1";"2";""
"202300033109";"155 621 853";"A01";"1";"7";"0";"2";"1";"1";"1";""
"202300033109";"155 621 854";"B01";"1";"7";"0";"2";"4";"2";"1";""
"202300033110";"155 621 851";"A01";"2";"17";"3";"0";"3";"12";"1";""
"202300033111";"155 621 850";"A01";"2";"33";"8";"2";"2";"1";"1";""
"202300033111";"155 621 852";"B01";"1";"7";"0";"2";"2";"1";"1";""
"202300033112";"155 621 848";"B01";"2";"7";"4";"2";"3";"2";"1";""
"202300033112";"155 621 849";"A01";"2";"17";"4";"2";"7";"14";"1";""
"202300033113";"155 621 846";"A01";"1";"30";"0";"0";"0";"21";"3";""
"202300033114";"155 621 844";"A01";"3";"1";"0";"1";"1";"1";"5";""
"202300033115";"155 621 842";"A01";"2";"32";"0";"1";"1";"1";"1";""
"202300033116";"155 621 843";"A01";"1";"7";"0";"2";"1";"2";"1";""
"202300033116";"155 621 845";"B01";"1";"7";"0";"2";"4";"2";"1";""
"202300033116";"155 621 847";"C01";"1";"7";"0";"2";"4";"2";"2";""
"202300033117";"155 621 840";"A01";"2";"7";"0";"2";"3";"15";"1";""
"202300033117";"155 621 841";"B01";"2";"32";"0";"2";"2";"17";"1";""
"202300033118";"155 621 836";"A01";"3";"7";"0";"2";"1";"1";"1";""
"202300033118";"155 621 837";"Z01";"3";"2";"0";"2";"1";"5";"1";""
"202300033119";"155 621 838";"A01";"2";"10";"0";"2";"5";"12";"1";""
"202300033119";"155 621 839";"B01";"2";"31";"0";"2";"1";"3";"1";""
"202300033120";"155 621 834";"B01";"2";"43";"0";"2";"8";"1";"1";""
"202300033120";"155 621 835";"A01";"2";"7";"0";"2";"2";"1";"1";""
"202300033121";"155 621 831";"A01";"2";"32";"0";"2";"7";"18";"1";""
"202300033121";"155 621 832";"B01";"2";"10";"0";"2";"8";"16";"1";""
"202300033122";"155 621 833";"A01";"1";"33";"4";"0";"1";"26";"1";""
"202300033123";"155 621 830";"A01";"1";"7";"0";"1";"5";"4";"1";""
"202300033124";"155 621 828";"A01";"1";"7";"0";"1";"8";"1";"1";""
"202300033125";"155 621 827";"B01";"2";"7";"0";"2";"3";"11";"1";""
"202300033125";"155 621 829";"A01";"2";"33";"0";"0";"4";"1";"1";""
"202300033126";"155 621 825";"B01";"1";"10";"0";"2";"2";"16";"1";""
"202300033126";"155 621 826";"A01";"1";"33";"0";"2";"8";"1";"1";""
"202300033127";"155 621 822";"A01";"1";"32";"0";"2";"1";"2";"1";""
"202300033127";"155 621 823";"B01";"1";"7";"0";"2";"6";"2";"1";""
"202300033128";"155 621 821";"A01";"2";"7";"0";"1";"1";"16";"1";""
"202300033129";"155 621 824";"A01";"1";"7";"4";"0";"5";"1";"1";""
"202300033130";"155 621 819";"A01";"2";"7";"0";"2";"4";"4";"1";""
"202300033130";"155 621 820";"B01";"1";"1";"0";"2";"1";"1";"5";""
"202300033131";"155 621 818";"A01";"3";"50";"12";"0";"1";"25";"3";""
"202300033132";"155 621 816";"A01";"1";"50";"12";"0";"1";"14";"3";""
"202300033133";"155 621 813";"A01";"1";"7";"0";"1";"2";"14";"3";""
"202300033134";"155 621 812";"A01";"1";"7";"8";"0";"1";"0";"1";""
"202300033135";"155 621 814";"C01";"1";"7";"0";"2";"8";"1";"1";""
"202300033135";"155 621 815";"B01";"1";"7";"0";"2";"6";"2";"1";""
"202300033135";"155 621 817";"A01";"1";"7";"0";"2";"2";"1";"1";""
"202300033136";"155 621 810";"A01";"1";"7";"0";"2";"1";"0";"1";""
"202300033136";"155 621 811";"B01";"1";"7";"0";"2";"4";"2";"1";""
"202300033137";"155 621 807";"A01";"2";"30";"0";"2";"1";"18";"1";""
"202300033137";"155 621 808";"B01";"2";"10";"0";"2";"7";"16";"1";""
"202300033138";"155 621 804";"B01";"1";"7";"0";"2";"3";"1";"1";""
"202300033138";"155 621 806";"A01";"1";"7";"0";"2";"2";"1";"1";""
"202300033139";"155 621 802";"A01";"0";"43";"0";"1";"1";"1";"1";""
"202300033140";"155 621 803";"B01";"2";"7";"0";"2";"4";"1";"1";""
"202300033140";"155 621 805";"C01";"2";"7";"0";"2";"1";"1";"1";""
"202300033140";"155 621 809";"A01";"2";"7";"0";"2";"4";"1";"2";""
"202300033141";"155 621 800";"B01";"3";"1";"0";"2";"0";"19";"5";""
"202300033141";"155 621 801";"A01";"2";"7";"0";"2";"7";"2";"1";""
"202300033142";"155 621 798";"A01";"0";"7";"0";"1";"3";"1";"1";""
"202300033143";"155 621 797";"A01";"1";"10";"0";"2";"1";"2";"1";""
"202300033143";"155 621 799";"B01";"1";"10";"0";"2";"4";"2";"1";""
"202300033144";"155 621 795";"B01";"1";"7";"0";"2";"4";"2";"1";""
"202300033144";"155 621 796";"A01";"1";"7";"0";"2";"1";"1";"1";""
"202300033145";"155 621 794";"A01";"0";"7";"0";"0";"3";"2";"1";""
"202300033146";"155 621 792";"A01";"0";"10";"6";"1";"1";"1";"1";""
"202300033147";"155 621 789";"A01";"1";"7";"0";"2";"5";"9";"1";""
"202300033147";"155 621 791";"B01";"1";"31";"0";"2";"1";"1";"1";""
"202300033148";"155 621 788";"A01";"0";"30";"12";"0";"2";"1";"1";""
"202300033149";"155 621 787";"A01";"1";"7";"0";"1";"1";"1";"1";""
"202300033150";"155 621 786";"A01";"3";"7";"0";"2";"2";"9";"1";""
"202300033150";"155 621 790";"B01";"3";"7";"0";"2";"3";"1";"1";""
"202300033151";"155 621 784";"B01";"1";"50";"0";"2";"1";"1";"3";""
"202300033151";"155 621 785";"A01";"1";"32";"0";"2";"2";"1";"1";""
"202300033152";"155 621 782";"A01";"3";"7";"0";"2";"1";"15";"1";""
"202300033152";"155 621 783";"B01";"3";"32";"0";"2";"8";"16";"1";""
"202300033153";"155 621 779";"A01";"3";"7";"0";"2";"1";"15";"0";""
"202300033153";"155 621 780";"B01";"2";"30";"0";"2";"8";"1";"1";""
"202300033154";"155 621 781";"A01";"3";"7";"1";"1";"2";"1";"1";""
"202300033155";"155 621 776";"B01";"1";"10";"0";"2";"3";"1";"1";""
"202300033155";"155 621 778";"A01";"1";"50";"0";"2";"2";"5";"3";""
"202300033156";"155 621 774";"A01";"2";"10";"0";"1";"2";"1";"1";""
"202300033157";"155 621 775";"A01";"2";"2";"1";"2";"1";"13";"1";""
"202300033157";"155 621 777";"B01";"1";"7";"0";"2";"7";"15";"1";""
"202300033158";"155 621 771";"A01";"2";"7";"0";"2";"2";"15";"1";""
"202300033158";"155 621 773";"B01";"2";"7";"0";"2";"3";"1";"1";""
"202300033159";"155 621 770";"B01";"3";"7";"0";"2";"3";"26";"1";""
"202300033159";"155 621 772";"A01";"3";"7";"0";"2";"1";"26";"1";""
"202300033160";"155 621 768";"A01";"1";"7";"0";"2";"1";"2";"6";""
"202300033160";"155 621 769";"B01";"1";"7";"0";"0";"4";"1";"6";""
"202300033161";"155 621 766";"A01";"2";"2";"0";"1";"1";"1";"3";""
"202300033162";"155 621 764";"A01";"1";"2";"0";"2";"8";"13";"1";""
"202300033162";"155 621 765";"B01";"2";"21";"0";"2";"8";"1";"1";""
"202300033163";"155 621 760";"B01";"1";"1";"0";"2";"7";"15";"5";""
"202300033163";"155 621 762";"A01";"1";"7";"0";"2";"1";"9";"0";""
"202300033164";"155 621 761";"A01";"2";"10";"0";"2";"1";"1";"1";""
"202300033164";"155 621 763";"B01";"2";"10";"0";"0";"4";"1";"0";""
"202300033165";"155 621 756";"B01";"2";"1";"0";"2";"8";"1";"5";""
"202300033165";"155 621 758";"A01";"1";"7";"0";"9";"1";"15";"1";""
"202300033166";"155 621 754";"A01";"1";"31";"14";"0";"7";"1";"1";""
"202300033167";"155 621 753";"B01";"2";"7";"0";"2";"4";"2";"1";""
"202300033167";"155 621 755";"C01";"1";"7";"0";"2";"4";"0";"1";""
"202300033167";"155 621 757";"D01";"1";"7";"0";"2";"4";"2";"0";""
"202300033167";"155 621 759";"A01";"2";"7";"0";"2";"1";"2";"1";""
"202300033168";"155 621 749";"A01";"2";"7";"0";"2";"1";"2";"1";""
"202300033168";"155 621 751";"B01";"2";"7";"0";"2";"4";"1";"1";""
"202300033169";"155 621 747";"A01";"1";"7";"0";"2";"1";"1";"1";""
"202300033169";"155 621 750";"B01";"1";"7";"0";"2";"2";"19";"0";""
"202300033170";"155 621 745";"B01";"2";"7";"0";"2";"5";"23";"1";""
"202300033170";"155 621 746";"C01";"2";"7";"0";"2";"2";"0";"1";""
"202300033170";"155 621 748";"A01";"2";"7";"1";"0";"3";"1";"1";""
"202300033171";"155 621 743";"B01";"1";"1";"0";"2";"7";"1";"5";""
"202300033171";"155 621 744";"A01";"1";"7";"0";"2";"2";"14";"1";""
"202300033172";"155 621 738";"A01";"3";"15";"0";"2";"0";"1";"1";""
"202300033172";"155 621 741";"B01";"3";"7";"0";"2";"8";"1";"1";""
"202300033172";"155 621 742";"C01";"3";"7";"0";"2";"3";"1";"1";""
"202300033173";"155 621 735";"A01";"1";"7";"0";"2";"5";"26";"1";""
"202300033173";"155 621 737";"B01";"2";"7";"0";"2";"2";"21";"1";""
"202300033174";"155 621 734";"B01";"2";"7";"0";"2";"6";"16";"1";""
"202300033174";"155 621 736";"A01";"2";"7";"0";"2";"1";"2";"1";""
"202300033175";"155 621 731";"A01";"2";"7";"3";"0";"1";"0";"1";""
"202300033175";"155 621 732";"B01";"2";"7";"0";"0";"6";"23";"1";""
"202300033175";"155 621 733";"C01";"2";"7";"14";"0";"2";"2";"1";""
"202300033176";"155 621 728";"A01";"3";"7";"0";"9";"5";"1";"1";""
"202300033176";"155 621 729";"B01";"3";"1";"0";"2";"1";"1";"5";""
"202300033177";"155 621 727";"A01";"2";"37";"0";"0";"0";"1";"0";"3"
"202300033178";"155 621 725";"A01";"1";"7";"0";"2";"3";"13";"1";""
"202300033178";"155 621 726";"B01";"2";"7";"0";"2";"3";"1";"1";""
"202300033179";"155 621 721";"A01";"2";"7";"0";"2";"3";"15";"1";""
"202300033179";"155 621 723";"B01";"1";"7";"0";"2";"3";"1";"1";""
"202300033180";"155 621 719";"C01";"2";"7";"0";"2";"9";"14";"1";""
"202300033180";"155 621 720";"B01";"2";"7";"0";"2";"1";"1";"1";""
"202300033180";"155 621 722";"A01";"2";"7";"4";"0";"3";"1";"1";""
"202300033180";"155 621 724";"D01";"2";"10";"0";"2";"9";"14";"1";""
"202300033181";"155 621 717";"A01";"2";"7";"0";"2";"3";"1";"1";""
"202300033181";"155 621 718";"B01";"1";"2";"0";"2";"7";"15";"1";""
"202300033182";"155 621 715";"A01";"2";"1";"12";"0";"0";"25";"5";""
"202300033183";"155 621 713";"B01";"1";"50";"0";"2";"7";"1";"3";""
"202300033183";"155 621 716";"A01";"1";"7";"0";"2";"1";"9";"0";""
"202300033184";"155 621 707";"D01";"3";"21";"0";"0";"0";"1";"1";""
"202300033184";"155 621 708";"E01";"3";"20";"0";"0";"0";"1";"1";""
"202300033184";"155 621 709";"F01";"3";"21";"0";"0";"0";"1";"1";""
"202300033184";"155 621 711";"B01";"3";"7";"0";"2";"3";"1";"1";""
"202300033184";"155 621 712";"C01";"3";"7";"0";"2";"1";"1";"1";""
"202300033184";"155 621 714";"A01";"0";"33";"0";"2";"3";"17";"1";""
"202300033185";"155 621 705";"A01";"1";"7";"0";"2";"2";"15";"1";""
"202300033185";"155 621 706";"B01";"2";"7";"0";"2";"1";"1";"1";""
"202300033185";"155 621 710";"C01";"3";"7";"0";"2";"1";"23";"1";""
"202300033186";"155 621 704";"A01";"0";"7";"6";"0";"1";"14";"0";""
"202300033187";"155 621 702";"A01";"1";"7";"13";"0";"1";"1";"2";""
"202300033188";"155 621 700";"A01";"1";"7";"2";"0";"3";"1";"1";""
"202300033189";"155 621 699";"B01";"1";"7";"6";"2";"4";"23";"1";""
"202300033189";"155 621 701";"C01";"1";"7";"0";"2";"1";"1";"1";""
"202300033189";"155 621 703";"A01";"1";"7";"14";"0";"1";"12";"1";""
"202300033190";"155 621 696";"A01";"2";"7";"0";"2";"1";"1";"1";""
"202300033190";"155 621 697";"B01";"2";"7";"8";"2";"4";"1";"1";""
"202300033190";"155 621 698";"C01";"2";"1";"13";"2";"4";"1";"5";""
"202300033191";"155 621 694";"A01";"2";"7";"0";"1";"2";"19";"1";""
"202300033192";"155 621 695";"A01";"0";"7";"4";"0";"1";"26";"1";""
"202300033193";"155 621 693";"A01";"1";"7";"6";"0";"1";"13";"1";""
"202300033194";"155 621 692";"A01";"1";"34";"0";"1";"1";"1";"1";""
"202300033195";"155 621 690";"A01";"0";"7";"0";"2";"3";"15";"1";""