"Num_Acc";"id_vehicule";"num_veh";"senc";"catv";"obs";"obsm";"choc";"manv";"motor";"occutc"
"202300035656";"155 617 344";"A01";"0";"7";"0";"2";"3";"9";"1";""
"202300035656";"155 617 347";"B01";"0";"30";"0";"0";"0";"0";"1";""
"202300035657";"155 617 343";"B01";"2";"7";"0";"0";"3";"1";"0";""
"202300035657";"155 617 346";"A01";"1";"80";"0";"0";"0";"13";"3";""
"202300035658";"155 617 338";"A01";"2";"32";"0";"0";"0";"2";"1";""
"202300035659";"155 617 339";"A01";"0";"33";"6";"0";"7";"1";"1";""
"202300035660";"155 617 337";"A01";"1";"7";"1";"0";"1";"26";"1";""
"202300035660";"155 617 341";"B01";"2";"7";"0";"0";"1";"24";"1";""
"202300035661";"155 617 335";"A01";"2";"99";"0";"2";"1";"2";"1";""
"202300035661";"155 617 340";"B01";"2";"17";"0";"2";"3";"2";"2";""
"202300035662";"155 617 336";"B01";"1";"1";"0";"2";"1";"0";"5";""
"202300035662";"155 617 342";"A01";"1";"7";"0";"9";"3";"1";"1";""
"202300035663";"155 617 333";"A01";"2";"2";"13";"0";"7";"14";"1";""
"202300035664";"155 617 332";"B01";"1";"7";"0";"2";"7";"1";"2";""
"202300035664";"155 617 334";"A01";"1";"33";"0";"2";"8";"18";"1";""
"202300035665";"155 617 331";"A01";"2";"7";"4";"0";"3";"9";"1";""
"202300035666";"155 617 327";"A01";"3";"7";"0";"1";"1";"1";"1";""
"202300035667";"155 617 325";"A01";"1";"7";"0";"2";"6";"4";"1";""
"202300035667";"155 617 329";"B01";"1";"1";"0";"2";"1";"1";"5";""
"202300035668";"155 617 324";"A01";"1";"7";"0";"2";"2";"12";"1";""
"202300035668";"155 617 328";"B01";"1";"31";"0";"2";"3";"3";"1";""
"202300035669";"155 617 322";"B01";"1";"7";"0";"2";"4";"2";"1";""
"202300035669";"155 617 323";"A01";"1";"42";"0";"2";"1";"2";"1";""
"202300035670";"155 617 320";"A01";"1";"7";"0";"0";"0";"1";"1";""
"202300035671";"155 617 317";"B01";"1";"50";"0";"2";"8";"1";"3";""
"202300035671";"155 617 321";"A01";"1";"7";"0";"2";"7";"1";"1";""
"202300035672";"155 617 316";"A01";"3";"7";"0";"2";"1";"1";"1";""
"202300035672";"155 617 319";"B01";"3";"31";"0";"2";"5";"23";"1";""
"202300035673";"155 617 314";"A01";"1";"33";"0";"0";"0";"2";"1";""
"202300035674";"155 617 313";"A01";"2";"33";"0";"2";"8";"3";"1";""
"202300035674";"155 617 315";"C01";"2";"7";"0";"2";"4";"1";"1";""
"202300035674";"155 617 318";"B01";"2";"7";"0";"2";"2";"1";"1";""
"202300035675";"155 617 309";"B01";"3";"7";"0";"2";"1";"26";"1";""
"202300035675";"155 617 311";"A01";"3";"7";"0";"2";"4";"16";"1";""
"202300035676";"155 617 307";"A01";"2";"7";"8";"0";"0";"0";"1";""
"202300035677";"155 617 310";"A01";"0";"7";"0";"1";"2";"1";"2";""
"202300035678";"155 617 303";"C01";"1";"7";"0";"2";"4";"1";"1";""
"202300035678";"155 617 304";"A01";"1";"7";"0";"2";"1";"1";"2";""
"202300035678";"155 617 306";"B01";"1";"10";"0";"2";"4";"1";"1";""
"202300035679";"155 617 299";"A01";"3";"33";"1";"0";"4";"14";"1";""
"202300035680";"155 617 300";"A01";"2";"7";"3";"0";"9";"1";"1";""
"202300035681";"155 617 302";"A01";"2";"7";"0";"2";"2";"9";"1";""
"202300035681";"155 617 305";"B01";"2";"7";"0";"2";"4";"9";"1";""
"202300035681";"155 617 308";"C01";"2";"17";"0";"0";"0";"0";"1";""
"202300035682";"155 617 298";"A01";"2";"7";"0";"2";"1";"2";"1";""
"202300035682";"155 617 301";"B01";"2";"14";"0";"2";"4";"2";"1";""
"202300035683";"155 617 292";"B01";"1";"33";"0";"2";"1";"1";"1";""
"202300035683";"155 617 297";"A01";"2";"7";"0";"0";"8";"1";"1";""
"202300035684";"155 617 290";"B01";"2";"7";"0";"2";"8";"1";"1";""
"202300035684";"155 617 294";"A01";"1";"3";"0";"2";"1";"1";"1";""
"202300035685";"155 617 289";"A01";"1";"10";"0";"2";"1";"1";"1";""
"202300035685";"155 617 293";"C01";"1";"7";"0";"2";"4";"2";"1";""
"202300035685";"155 617 296";"B01";"1";"7";"0";"2";"1";"2";"1";""
"202300035686";"155 617 287";"A01";"3";"40";"0";"1";"2";"1";"3";""
"202300035687";"155 617 288";"A01";"1";"33";"0";"2";"3";"3";"1";""
"202300035687";"155 617 291";"B01";"1";"33";"0";"2";"5";"3";"1";""
"202300035687";"155 617 295";"C01";"1";"7";"0";"2";"5";"1";"1";""
"202300035688";"155 617 285";"A01";"2";"7";"0";"2";"8";"1";"1";""
"202300035688";"155 617 286";"B01";"2";"7";"0";"2";"1";"16";"1";""
"202300035689";"155 617 281";"A01";"2";"7";"0";"1";"1";"15";"1";""
"202300035690";"155 617 279";"A01";"0";"7";"0";"2";"7";"1";"1";""
"202300035690";"155 617 282";"B01";"0";"7";"0";"2";"1";"1";"1";""
"202300035691";"155 617 280";"B01";"1";"31";"0";"2";"3";"2";"1";""
"202300035691";"155 617 283";"A01";"1";"7";"0";"2";"7";"12";"1";""
"202300035692";"155 617 278";"B01";"1";"32";"0";"2";"7";"3";"1";""
"202300035692";"155 617 284";"A01";"1";"7";"0";"2";"8";"11";"1";""
"202300035693";"155 617 276";"B01";"2";"7";"0";"0";"6";"2";"0";""
"202300035693";"155 617 277";"A01";"2";"33";"0";"2";"1";"2";"0";""
"202300035694";"155 617 272";"A01";"1";"33";"0";"0";"7";"3";"1";""
"202300035695";"155 617 271";"A01";"1";"43";"0";"2";"1";"1";"1";""
"202300035695";"155 617 275";"B01";"1";"7";"0";"2";"4";"1";"1";""
"202300035696";"155 617 269";"A01";"1";"33";"0";"0";"9";"1";"1";""
"202300035697";"155 617 270";"A01";"2";"10";"0";"2";"2";"1";"1";""
"202300035697";"155 617 274";"B01";"2";"7";"0";"2";"8";"11";"1";""
"202300035698";"155 617 268";"A01";"1";"30";"0";"2";"1";"17";"1";""
"202300035698";"155 617 273";"B01";"1";"7";"0";"0";"6";"15";"1";""
"202300035699";"155 617 266";"A01";"2";"31";"0";"1";"1";"0";"1";""
"202300035700";"155 617 263";"A01";"1";"10";"0";"2";"8";"1";"1";""
"202300035700";"155 617 267";"Z01";"1";"7";"0";"2";"1";"1";"0";""
"202300035701";"155 617 261";"A01";"1";"7";"0";"2";"4";"0";"1";""
"202300035701";"155 617 265";"B01";"1";"33";"0";"2";"0";"0";"1";""
"202300035702";"155 617 260";"A01";"1";"33";"4";"2";"2";"18";"1";""
"202300035702";"155 617 264";"B01";"1";"10";"0";"2";"3";"1";"1";""
"202300035703";"155 617 258";"A01";"2";"33";"0";"6";"1";"1";"1";""
"202300035704";"155 617 259";"B01";"2";"7";"0";"2";"5";"15";"0";""
"202300035704";"155 617 262";"A01";"1";"32";"0";"2";"2";"1";"1";""
"202300035705";"155 617 253";"A01";"1";"10";"0";"2";"7";"16";"3";""
"202300035705";"155 617 257";"B01";"1";"1";"0";"2";"1";"1";"5";""
"202300035706";"155 617 249";"A01";"2";"7";"0";"2";"2";"15";"1";""
"202300035706";"155 617 254";"B01";"1";"7";"7";"2";"3";"1";"1";""
"202300035707";"155 617 250";"B01";"2";"99";"0";"0";"0";"26";"1";""
"202300035707";"155 617 256";"A01";"2";"33";"14";"0";"1";"1";"1";""
"202300035708";"155 617 247";"B01";"1";"7";"0";"2";"4";"2";"1";""
"202300035708";"155 617 251";"A01";"1";"7";"0";"2";"4";"2";"1";""
"202300035708";"155 617 255";"C01";"1";"17";"0";"2";"1";"2";"1";""
"202300035709";"155 617 248";"A01";"3";"33";"0";"2";"3";"1";"1";""
"202300035709";"155 617 252";"B01";"3";"99";"0";"2";"3";"13";"0";""
"202300035710";"155 617 245";"A01";"1";"7";"2";"0";"1";"1";"1";""
"202300035711";"155 617 244";"A01";"3";"33";"0";"2";"1";"1";"1";""
"202300035711";"155 617 246";"B01";"3";"7";"0";"2";"2";"1";"1";""
"202300035712";"155 617 241";"A01";"1";"7";"0";"1";"2";"1";"1";""
"202300035713";"155 617 240";"B01";"2";"7";"0";"2";"6";"11";"1";""
"202300035713";"155 617 242";"A01";"2";"15";"0";"2";"2";"12";"1";""
"202300035714";"155 617 239";"B01";"3";"7";"0";"2";"6";"20";"0";""
"202300035714";"155 617 243";"A01";"3";"7";"0";"2";"1";"2";"0";""
"202300035715";"155 617 238";"A01";"2";"7";"0";"2";"3";"1";"1";""
"202300035716";"155 617 236";"A01";"1";"14";"0";"2";"5";"2";"1";""
"202300035716";"155 617 237";"B01";"1";"7";"0";"2";"6";"2";"1";""
"202300035717";"155 617 233";"A01";"2";"7";"5";"9";"9";"19";"6";""
"202300035718";"155 617 234";"B01";"2";"7";"0";"2";"1";"2";"1";""
"202300035718";"155 617 235";"A01";"2";"7";"0";"2";"5";"19";"1";""
"202300035719";"155 617 230";"A01";"1";"7";"0";"2";"4";"14";"1";""
"202300035719";"155 617 232";"B01";"1";"33";"0";"2";"1";"3";"1";""
"202300035720";"155 617 227";"A01";"2";"7";"0";"2";"6";"1";"1";""
"202300035720";"155 617 231";"B01";"1";"7";"0";"2";"1";"1";"1";""
"202300035721";"155 617 226";"A01";"2";"80";"0";"2";"8";"15";"3";""
"202300035721";"155 617 229";"B01";"1";"7";"0";"2";"1";"1";"3";""
"202300035722";"155 617 224";"A01";"1";"7";"0";"2";"8";"11";"2";""
"202300035722";"155 617 225";"B01";"1";"33";"0";"2";"2";"1";"1";""
"202300035723";"155 617 222";"A01";"3";"7";"13";"1";"4";"26";"6";""
"202300035724";"155 617 223";"A01";"1";"7";"0";"2";"1";"1";"1";""
"202300035724";"155 617 228";"B01";"1";"7";"0";"2";"1";"0";"1";""
"202300035725";"155 617 221";"A01";"2";"7";"9";"0";"2";"13";"3";""
"202300035726";"155 617 220";"A01";" -1";"7";" -1";" -1";" -1";" -1";" -1";""
"202300035727";"155 617 214";"A01";"1";"7";"0";"2";"4";"14";"1";""
"202300035727";"155 617 218";"B01";"1";"1";"0";"2";"1";"1";"5";""
"202300035728";"155 617 213";"B01";"1";"31";"0";"2";"2";"17";"1";""
"202300035728";"155 617 217";"A01";"1";"7";"0";"2";"3";"11";"1";""
"202300035729";"155 617 212";"B01";"2";"2";"0";"2";"3";"1";"1";""
"202300035729";"155 617 216";"A01";"2";"7";"0";"2";"1";"10";"2";""
"202300035730";"155 617 211";"A01";"0";"7";"0";"1";"3";"1";"3";""
"202300035731";"155 617 209";"A01";"2";"7";"8";"0";"1";"1";"1";""
"202300035732";"155 617 210";"B01";"1";"7";"0";"2";"4";"2";"1";""
"202300035732";"155 617 215";"C01";"1";"10";"0";"2";"4";"1";"1";""
"202300035732";"155 617 219";"A01";"1";"7";"0";"2";"1";"2";"1";""
"202300035733";"155 617 206";"B01";"2";"31";"0";"0";"8";"1";"1";""
"202300035733";"155 617 208";"A01";"1";"7";"0";"0";"6";"4";"1";""
"202300035734";"155 617 202";"A01";"1";"7";"13";"0";"2";"14";"1";""
"202300035735";"155 617 205";"B01";"3";"1";"0";"2";"1";"1";"5";""
"202300035735";"155 617 207";"A01";"3";"7";"0";"2";"2";"15";"1";""
"202300035736";"155 617 203";"A01";"1";"7";"0";"1";"2";"1";"1";""
"202300035737";"155 617 201";"A01";"2";"7";"0";"2";"4";"8";"1";""
"202300035737";"155 617 204";"B01";"2";"1";"0";"2";"1";"2";"5";""
"202300035738";"155 617 198";"A01";"2";"35";"0";"2";"1";"9";"1";""
"202300035738";"155 617 200";"B01";"2";"7";"0";"2";"3";"1";"1";""
"202300035739";"155 617 196";"Z01";"3";"50";"0";"1";"1";"7";"3";""
"202300035740";"155 617 199";"A01";"2";"30";"0";"0";"0";"1";"1";""
"202300035741";"155 617 197";"A01";"1";"7";"13";"0";"8";"13";"1";""
"202300035742";"155 617 190";"A01";"2";"50";"0";"1";"1";"1";"3";""
"202300035743";"155 617 192";"A01";"1";"7";"0";"2";"2";"1";"3";""
"202300035743";"155 617 195";"B01";"1";"1";"0";"2";"3";"15";"5";""
"202300035744";"155 617 188";"A01";"2";"33";"0";"6";"1";"1";"1";""
"202300035745";"155 617 189";"B01";"2";"1";"0";"2";"3";"1";"5";""
"202300035745";"155 617 191";"A01";"1";"10";"0";"9";"3";"11";"1";""
"202300035746";"155 617 187";"A01";"3";"14";"0";"4";"2";"15";"1";""
"202300035746";"155 617 193";"B01";"3";"40";"16";"2";"2";"0";"3";""
"202300035747";"155 617 184";"A01";"3";"43";"0";"1";"1";"26";"1";""
"202300035748";"155 617 185";"A01";"1";"33";"0";"2";"0";"26";"1";""
"202300035749";"155 617 183";"A01";"2";"7";"0";"2";"3";"1";"1";""
"202300035749";"155 617 186";"B01";"1";"33";"0";"2";"1";"13";"1";""
"202300035750";"155 617 181";"A01";"3";"7";"1";"1";"3";"13";"1";""
"202300035751";"155 617 179";"A01";"2";"33";"13";"0";"1";"14";"1";""
"202300035752";"155 617 180";"B01";"3";"33";"0";"2";"9";"11";"1";""
"202300035752";"155 617 182";"A01";"3";"7";"0";"2";"3";"2";"1";""
"202300035753";"155 617 177";"A01";"3";"7";"0";"1";"2";"16";"1";""
"202300035754";"155 617 176";"A01";"1";"7";"0";"2";"3";"1";"1";""
"202300035754";"155 617 178";"B01";"2";"7";"0";"2";"3";"1";"1";""
"202300035755";"155 617 174";"A01";"1";"1";"1";"2";"3";"9";"5";""
"202300035755";"155 617 175";"B01";"2";"1";"0";"2";"1";"1";"5";""
"202300035756";"155 617 171";"A01";"1";"33";"0";"0";"8";"15";"1";""
"202300035756";"155 617 173";"B01";"1";"7";"0";"2";"8";"15";"1";""
"202300035757";"155 617 168";"A01";"2";"7";"0";"2";"1";"13";"1";""
"202300035757";"155 617 172";"B01";"1";"7";"0";"2";"8";"0";"1";""
"202300035758";"155 617 167";"A01";"1";"7";"0";"2";"4";"26";"1";""
"202300035758";"155 617 169";"B01";"1";"34";"0";"2";"1";"1";"1";""
"202300035759";"155 617 166";"B01";"1";"33";"0";"2";"3";"21";"1";""
"202300035759";"155 617 170";"A01";"1";"7";"0";"2";"7";"21";"1";""
"202300035760";"155 617 163";"B01";"2";"7";"0";"2";"1";"1";"0";""
"202300035760";"155 617 165";"A01";"1";"7";"0";"2";"3";"1";"0";""
"202300035761";"155 617 162";"A01";"3";"32";"0";"2";"0";"2";"1";""
"202300035761";"155 617 164";"B01";"3";"7";"0";"2";"5";"1";"0";""
"202300035762";"155 617 159";"A01";"1";"7";"0";"2";"2";"16";"0";""
"202300035762";"155 617 160";"B01";"1";"1";"0";"0";"0";"0";"5";""
"202300035763";"155 617 157";"A01";"3";"21";"0";"0";"0";"1";"1";""
"202300035764";"155 617 156";"A01";"2";"7";"0";"2";"3";"15";"1";""
"202300035764";"155 617 158";"B01";"1";"7";"9";"2";"5";"9";"1";""
"202300035765";"155 617 155";"A01";"2";"7";"0";"2";"2";"1";"1";""
"202300035765";"155 617 161";"B01";"3";"7";"0";"2";"5";"19";"2";""
"202300035766";"155 617 153";"A01";"1";"7";"0";"1";"4";"4";"1";""
"202300035767";"155 617 152";"A01";"1";"10";"13";"0";"1";"13";"1";""
"202300035768";"155 617 151";"A01";"1";"7";"0";"2";"3";"13";"2";""
"202300035768";"155 617 154";"B01";"1";"33";"0";"2";"7";"17";"1";""
"202300035769";"155 617 146";"A01";"2";"7";"0";"2";"6";"15";"3";""
"202300035769";"155 617 148";"B01";"2";"33";"0";"2";"1";"17";"1";""
"202300035770";"155 617 147";"A01";"1";"7";"0";"2";"7";"15";"1";""
"202300035770";"155 617 150";"B01";"1";"33";"0";"2";"1";"1";"1";""
"202300035771";"155 617 143";"B01";"2";"99";"0";"2";"8";"1";"1";""
"202300035771";"155 617 149";"A01";"1";"7";"0";"2";"3";"19";"1";""
"202300035772";"155 617 141";"B01";"1";"7";"0";"9";"1";"15";"1";""
"202300035772";"155 617 144";"A01";"2";"2";"0";"2";"7";"2";"1";""
"202300035773";"155 617 142";"B01";"3";"7";"0";"2";"1";"1";"1";""
"202300035773";"155 617 145";"A01";"3";"50";"0";"2";"7";"1";"3";""
"202300035774";"155 617 138";"A01";"0";"50";"0";"2";"8";"19";"3";""
"202300035774";"155 617 140";"B01";"0";"7";"0";"2";"1";"1";"1";""
"202300035775";"155 617 135";"A01";"2";"7";"0";"2";"4";"1";"1";""
"202300035775";"155 617 139";"B01";"2";"7";"0";"2";"1";"1";"1";""
"202300035776";"155 617 134";"A01";"2";"7";"0";"0";"1";"17";"1";""
"202300035776";"155 617 137";"B01";"1";"7";"0";"0";"1";"1";"1";""
"202300035777";"155 617 131";"A01";"2";"15";"0";"1";"7";"12";"1";""
"202300035778";"155 617 130";"A01";"1";"30";"0";"2";"0";"15";"3";""
"202300035778";"155 617 133";"B01";"1";"50";"0";"2";"0";"15";"3";""
"202300035779";"155 617 129";"A01";"3";"50";"0";"0";"0";"1";"3";""
"202300035780";"155 617 126";"B01";"1";"7";"0";"2";"3";"10";"1";""
"202300035780";"155 617 128";"A01";"1";"32";"1";"2";"2";"17";"1";""
"202300035781";"155 617 123";"A01";"2";"1";"0";"1";"1";"1";"5";""
"202300035782";"155 617 121";"A01";"1";"7";"0";"2";"1";"9";"0";""
"202300035782";"155 617 125";"B01";"2";"7";"14";"2";"1";"1";"0";""
"202300035783";"155 617 120";"A01";"2";"7";"0";"1";"1";"1";"1";""
"202300035784";"155 617 118";"B01";"3";"7";"0";"2";"8";"1";"1";""
"202300035784";"155 617 124";"A01";"3";"7";"0";"2";"1";"19";"1";""
"202300035785";"155 617 119";"A01";"3";"7";"0";"2";"3";"9";"1";""
"202300035785";"155 617 122";"B01";"3";"1";"0";"2";"1";"1";"5";""
"202300035786";"155 617 114";"B01";"1";"2";"0";"0";"2";"2";"0";""
"202300035786";"155 617 117";"A01";"1";"10";"0";"0";"3";"9";"1";""
"202300035787";"155 617 115";"A01";"2";"43";"8";"0";"1";"14";"1";""
"202300035788";"155 617 113";"A01";"1";"7";"13";"0";"2";"1";"1";""
"202300035789";"155 617 112";"B01";"1";"7";"0";"0";"4";"0";"1";""
"202300035789";"155 617 116";"A01";"1";"7";"0";"2";"1";"2";"1";""
"202300035790";"155 617 108";"A01";"1";"1";"14";"0";"7";"14";"5";""
"202300035791";"155 617 107";"A01";"1";"32";"0";"0";"1";"0";"1";""
"202300035792";"155 617 106";"C01";"3";"7";"0";"2";"4";"23";"0";""
"202300035792";"155 617 109";"A01";"3";"7";"0";"2";"1";"2";"0";""
"202300035792";"155 617 110";"B01";"3";"7";"0";"2";"4";"23";"0";""
"202300035793";"155 617 103";"A01";"1";"7";"0";"1";"1";"1";"1";""
"202300035794";"155 617 099";"B01";"0";"33";"0";"0";"2";"1";"1";""
"202300035794";"155 617 102";"A01";"0";"7";"0";"2";"6";"21";"1";""
"202300035795";"155 617 096";"B01";"1";"99";"8";"2";"3";"1";"1";""
"202300035795";"155 617 100";"A01";"2";"7";"14";"2";"7";"1";"1";""
"202300035796";"155 617 095";"B01";"2";"7";"0";"2";"1";"1";"3";""
"202300035796";"155 617 098";"A01";"1";"7";"0";"2";"3";"13";"1";""
"202300035796";"155 617 101";"C01";"2";"7";"0";"2";"8";"1";"1";""
"202300035797";"155 617 093";"A01";"2";"31";"0";"1";"1";"1";"0";""
"202300035798";"155 617 092";"A01";"1";"10";"1";"0";"4";"0";"1";""
"202300035798";"155 617 094";"B01";"1";"10";"0";"2";"0";"0";"1";""
"202300035799";"155 617 090";"B01";"2";"80";"1";"0";"1";"1";"5";""
"202300035800";"155 617 087";"A01";"1";"10";"0";"1";"8";"21";"1";""
"202300035801";"155 617 086";"A01";"1";"7";"0";"2";"1";"19";"1";""
"202300035801";"155 617 089";"B01";"2";"33";"13";"0";"5";"1";"1";""
"202300035802";"155 617 084";"A01";"1";"7";"0";"2";"3";"15";"2";""
"202300035802";"155 617 085";"B01";"2";"34";"0";"2";"0";"0";"6";""
"202300035803";"155 617 080";"A01";"1";"7";"0";"2";"1";"2";"1";""
"202300035803";"155 617 083";"B01";"1";"7";"0";"2";"4";"2";"1";""
"202300035804";"155 617 077";"A01";"1";"7";"7";"0";"1";"14";"1";""
"202300035805";"155 617 076";"B01";"0";"7";"0";"2";"1";"1";"1";""
"202300035805";"155 617 079";"A01";"0";"30";"0";"2";"8";"1";"1";""
"202300035806";"155 617 078";"A01";"2";"7";"0";"2";"2";"16";"1";""
"202300035806";"155 617 081";"B01";"2";"32";"0";"2";"3";"17";"1";""
"202300035807";"155 617 075";"A01";"3";"7";"0";"0";"3";"15";"1";""
"202300035807";"155 617 082";"B01";"0";"99";"0";"2";"1";"1";"0";""
"202300035808";"155 617 074";"A01";"1";"35";"0";"0";"1";"23";"1";""
"202300035809";"155 617 073";"A01";"1";"2";"13";"0";"1";"14";"1";""
"202300035810";"155 617 070";"A01";"2";"34";"0";"2";"1";"17";"1";""
"202300035810";"155 617 072";"B01";"2";"10";"0";"2";"3";"4";"1";""
"202300035811";"155 617 066";"A01";"3";"7";"0";"1";"2";"1";"1";""
"202300035812";"155 617 063";"B01";"1";"7";"1";"2";"3";"1";"0";""
"202300035812";"155 617 067";"A01";"2";"7";"0";"2";"3";"1";"0";""
"202300035813";"155 617 060";"A01";"1";"7";"0";"2";"1";"2";"1";""
"202300035813";"155 617 062";"B01";"1";"7";"0";"2";"4";"2";"1";""
"202300035813";"155 617 064";"C01";"1";"7";"0";"2";"4";"2";"1";""
"202300035814";"155 617 059";"B01";"3";"7";"0";"2";"3";"1";"1";""
"202300035814";"155 617 068";"A01";"3";"10";"0";"2";"2";"1";"1";""
"202300035815";"155 617 061";"D01";"1";"7";"0";"2";"4";"23";"1";""
"202300035815";"155 617 065";"A01";"0";"7";"0";"2";"3";"11";"1";""
"202300035815";"155 617 069";"B01";"1";"7";"0";"2";"7";"23";"1";""
"202300035815";"155 617 071";"C01";"1";"7";"0";"2";"8";"23";"1";""
"202300035816";"155 617 056";"B01";"2";"7";"0";"2";"8";"1";"1";""
"202300035816";"155 617 058";"A01";"2";"15";"0";"2";"7";"14";"1";""
"202300035817";"155 617 054";"A01";"1";"37";"0";"1";"2";"21";"1";"1"
"202300035818";"155 617 055";"A01";"3";"7";"0";"2";"6";"19";"1";""
"202300035818";"155 617 057";"B01";"1";"7";"0";"2";"3";"1";"1";""
"202300035819";"155 617 051";"A01";"1";"7";"0";"1";"2";"1";"1";""
"202300035820";"155 617 052";"B01";"3";"33";"0";"2";"7";"1";"1";""
"202300035820";"155 617 053";"A01";"3";"7";"0";"2";"3";"9";"1";""
"202300035821";"155 617 048";"A01";"0";"7";"0";"1";"3";"1";"1";""
"202300035822";"155 617 046";"A01";"3";"10";"0";"2";"2";"16";"1";""
"202300035822";"155 617 050";"B01";"3";"1";"0";"2";"0";"1";"5";""
"202300035823";"155 617 043";"A01";"2";"7";"0";"2";"3";"5";"1";""
"202300035823";"155 617 047";"B01";"1";"7";"0";"2";"3";"1";"1";""
"202300035823";"155 617 049";"C01";"1";"7";"0";"2";"2";"1";"1";""
"202300035824";"155 617 042";"A01";"1";"31";"14";"2";"1";"14";"1";""
"202300035824";"155 617 045";"B01";"1";"10";"0";"2";"4";"2";"3";""
"202300035825";"155 617 040";"B01";"3";"7";"0";"2";"3";"26";"1";""
"202300035825";"155 617 044";"A01";"3";"50";"0";"2";"1";"1";"3";""
"202300035826";"155 617 039";"A01";"3";"33";"0";"2";"3";"16";"0";""
"202300035826";"155 617 041";"B01";"1";"7";"0";"2";"0";"16";"0";""
"202300035827";"155 617 037";"A01";"3";"7";"6";"0";"1";"0";"0";""
"202300035828";"155 617 036";"A01";"2";"7";"0";"2";"4";"4";"1";""
"202300035828";"155 617 038";"B01";"2";"1";"0";"2";"1";"15";"5";""
"202300035829";"155 617 035";"A01";"3";"1";"0";"1";"1";"15";"5";""
"202300035830";"155 617 034";"A01";"3";"7";"0";"1";"3";"1";"1";""
"202300035831";"155 617 032";"A01";"1";"7";"9";"0";"3";"13";"1";""
"202300035832";"155 617 030";"A01";"3";"33";"13";"0";"1";"1";"1";""
"202300035833";"155 617 029";"A01";"3";"10";"1";"0";"1";"2";"0";""
"202300035834";"155 617 031";"B01";"3";"32";"0";"2";"7";"17";"1";""
"202300035834";"155 617 033";"A01";"3";"10";"0";"2";"3";"15";"1";""
"202300035835";"155 617 027";"B01";"1";"32";"0";"2";"1";"1";"0";""
"202300035835";"155 617 028";"A01";"1";"7";"0";"2";"3";"15";"1";""
"202300035836";"155 617 023";"A01";"2";"50";"1";"0";"1";"1";"3";""
"202300035837";"155 617 021";"A01";"1";"7";"0";"2";"3";"1";"1";""
"202300035837";"155 617 025";"B01";"1";"34";"0";"2";"1";"2";"1";""
"202300035838";"155 617 022";"A01";"1";"7";"0";"2";"6";"15";"1";""
"202300035838";"155 617 026";"B01";"1";"33";"0";"2";"1";"1";"1";""
"202300035839";"155 617 020";"A01";"1";"7";"0";"2";"1";"1";"1";""
"202300035839";"155 617 024";"B01";"0";"7";"0";"2";"6";"1";"1";""
"202300035840";"155 617 015";"A01";"3";"7";"0";"2";"0";"1";"1";""
"202300035840";"155 617 018";"B01";"3";"2";"0";"2";"0";"13";"1";""
"202300035841";"155 617 016";"B01";"3";"32";"0";"2";"1";"12";"1";""
"202300035841";"155 617 019";"A01";"3";"7";"0";"0";"3";"15";"1";""
"202300035842";"155 617 014";"A01";"3";"32";"13";"0";"0";"0";"1";""
"202300035843";"155 617 012";"A01";"2";"33";"0";"2";"1";"1";"1";""
"202300035843";"155 617 017";"B01";"2";"7";"0";"2";"4";"1";"1";""
"202300035844";"155 617 009";"B01";"2";"7";"0";"2";"1";"21";"1";""
"202300035844";"155 617 011";"C01";"1";"7";"0";"2";"3";"1";"1";""
"202300035844";"155 617 013";"Z01";"1";"7";"0";"2";"0";"13";"0";""
"202300035845";"155 617 007";"A01";"2";"7";"0";"1";"1";"16";"1";""
"202300035846";"155 617 006";"B01";"2";"30";"0";"2";"1";"5";"1";""
"202300035846";"155 617 010";"A01";"1";"31";"0";"2";"1";"1";"1";""
"202300035847";"155 617 003";"A01";"2";"7";"0";"1";"1";"1";"1";""
"202300035848";"155 617 004";"A01";"1";"7";"9";"0";"1";"1";"1";""
"202300035849";"155 617 001";"A01";"1";"1";"0";"2";"3";"1";"5";""
"202300035849";"155 617 002";"B01";"1";"7";"0";"2";"1";"9";"1";""
"202300035850";"155 616 999";"A01";"3";"33";"0";"1";"1";"3";"1";""
"202300035851";"155 616 996";"A01";"3";"7";"0";"2";"2";"13";"1";""
"202300035851";"155 617 000";"B01";"0";"7";"0";"0";"0";"0";"3";""
"202300035852";"155 616 994";"B01";"2";"30";"0";"2";"1";"1";"1";""
"202300035852";"155 616 997";"A01";"1";"7";"0";"2";"3";"15";"1";""
"202300035853";"155 616 992";"C01";"1";"7";"0";"2";"1";"1";"1";""
"202300035853";"155 616 995";"B01";"1";"7";"0";"2";"1";"1";"1";""
"202300035853";"155 616 998";"A01";"2";"7";"0";"2";"1";"5";"1";""
"202300035854";"155 616 990";"A01";"2";"7";"0";"2";"7";"19";"1";""
"202300035854";"155 616 993";"B01";"1";"33";"0";"2";"1";"1";"1";""
"202300035855";"155 616 989";"A01";"1";"7";"0";"0";"0";"0";"1";""
"202300035855";"155 616 991";"B01";"1";"10";"0";"2";"1";"2";"0";""
"202300035856";"155 616 987";"A01";"2";"33";"8";"9";"1";"13";"1";""
"202300035857";"155 616 988";"A01";"1";"7";"0";"1";"1";"2";"1";""
"202300035858";"155 616 985";"A01";"2";"7";"0";"1";"2";"1";"1";""
"202300035859";"155 616 984";"A01";"2";"7";"0";"2";"2";"19";"1";""
"202300035859";"155 616 986";"B01";"1";"7";"0";"2";"3";"1";"1";""