"Num_Acc";"id_vehicule";"num_veh";"senc";"catv";"obs";"obsm";"choc";"manv";"motor";"occutc"
"202300035860";"155 616 983";"A01";"0";"36";"0";"0";"0";"10";"0";""
"202300035861";"155 616 979";"A01";"3";"7";"0";"9";"3";"0";"6";""
"202300035861";"155 616 982";"B01";"3";"1";"0";"2";"7";"0";"5";""
"202300035862";"155 616 980";"A01";"2";"7";"0";"1";"2";"1";"1";""
"202300035863";"155 616 977";"A01";"1";"7";"13";"0";"2";"1";"1";""
"202300035864";"155 616 973";"B01";"3";"7";"0";"2";"6";"1";"1";""
"202300035864";"155 616 978";"A01";"3";"7";"0";"2";"1";"9";"1";""
"202300035865";"155 616 972";"A01";"0";"7";"0";"2";"8";"18";"1";""
"202300035865";"155 616 976";"B01";"2";"7";"0";"2";"7";"1";"1";""
"202300035865";"155 616 981";"C01";"1";"7";"0";"2";"8";"1";"1";""
"202300035866";"155 616 969";"A01";"1";"7";"0";"1";"1";"26";"1";""
"202300035867";"155 616 971";"A01";"1";"33";"0";"2";"1";"17";"1";""
"202300035867";"155 616 975";"B01";"1";"7";"0";"2";"8";"11";"1";""
"202300035868";"155 616 970";"B01";"2";"7";"0";"9";"8";"1";"1";""
"202300035868";"155 616 974";"A01";"2";"30";"0";"2";"1";"17";"1";""
"202300035869";"155 616 965";"A01";"1";"7";"0";"2";"1";"13";"1";""
"202300035869";"155 616 968";"B01";"2";"7";"0";"2";"1";"1";"1";""
"202300035870";"155 616 964";"A01";"2";"7";"0";"1";"2";"1";"1";""
"202300035871";"155 616 961";"A01";"0";"1";"0";"2";"0";"1";"5";""
"202300035871";"155 616 967";"B01";"3";"1";"0";"0";"0";"0";"5";""
"202300035872";"155 616 962";"A01";"1";"7";"0";"2";"2";"2";"1";""
"202300035872";"155 616 966";"B01";"1";"1";"0";"0";"4";"2";"5";""
"202300035873";"155 616 960";"B01";"1";"50";"0";"2";"7";"1";"3";""
"202300035873";"155 616 963";"A01";"0";"7";"0";"2";"1";"15";"1";""
"202300035874";"155 616 958";"A01";"1";"7";"0";"1";"1";"1";"1";""
"202300035875";"155 616 956";"A01";"2";"7";"0";"2";"1";"13";"1";""
"202300035875";"155 616 959";"B01";"1";"14";"0";"2";"2";"21";"1";""
"202300035876";"155 616 955";"B01";"2";"7";"0";"2";"1";"1";"1";""
"202300035876";"155 616 957";"A01";"1";"50";"0";"2";"8";"19";"3";""
"202300035877";"155 616 952";"B01";"0";"10";"0";"2";"3";"15";"1";""
"202300035877";"155 616 954";"A01";"0";"43";"0";"2";"2";"17";"1";""
"202300035878";"155 616 951";"A01";"0";"7";"1";"2";"0";"22";"1";""
"202300035878";"155 616 953";"B01";"0";"1";"1";"0";"0";"1";"5";""
"202300035879";"155 616 950";"A01";"2";"7";"0";"1";"1";"1";"1";""
"202300035880";"155 616 949";"A01";"2";"7";"16";"0";"2";"14";"1";""
"202300035881";"155 616 944";"A01";"0";"10";"0";"1";"1";"15";"1";""
"202300035882";"155 616 945";"A01";"1";"2";"12";"0";"1";"1";"1";""
"202300035883";"155 616 941";"C01";"1";"7";"0";"2";"1";"5";"5";""
"202300035883";"155 616 943";"D01";"2";"7";"0";"2";"1";"1";"5";""
"202300035883";"155 616 946";"A01";"1";"1";"0";"2";"1";"5";"5";""
"202300035883";"155 616 948";"B01";"1";"1";"0";"2";"1";"5";"5";""
"202300035884";"155 616 940";"A01";"0";"7";"8";"0";"1";"1";"1";""
"202300035885";"155 616 936";"A01";"1";"2";"0";"0";"0";"1";"0";""
"202300035886";"155 616 934";"A01";"0";"7";"0";"2";"1";"1";"1";""
"202300035886";"155 616 938";"B01";"0";"33";"0";"1";"4";"23";"1";""
"202300035887";"155 616 932";"A01";"2";"7";"0";"0";"4";"0";"2";""
"202300035887";"155 616 937";"E01";"2";"7";"0";"2";"2";"2";"1";""
"202300035887";"155 616 939";"C01";"2";"7";"0";"0";"5";"2";"1";""
"202300035887";"155 616 942";"D01";"2";"7";"0";"2";"9";"2";"1";""
"202300035887";"155 616 947";"B01";"2";"7";"0";"2";"1";"2";"1";""
"202300035888";"155 616 931";"A01";"1";"7";"0";"2";"1";"2";"1";""
"202300035888";"155 616 935";"B01";"1";"33";"0";"2";"4";"2";"1";""
"202300035889";"155 616 933";"A01";"2";"7";"15";"0";"1";"14";"1";""
"202300035890";"155 616 930";"A01";"3";"1";"0";"0";"2";"1";"5";""
"202300035891";"155 616 926";"A01";"1";"7";"0";"2";"2";"1";"1";""
"202300035891";"155 616 929";"B01";"1";"2";"0";"0";"4";"1";"1";""
"202300035892";"155 616 924";"A01";"3";"1";"0";"9";"0";"0";"5";""
"202300035892";"155 616 928";"B01";"2";"50";"0";"9";"0";"0";"3";""
"202300035893";"155 616 923";"A01";"1";"3";"0";"1";"1";"1";"3";""
"202300035894";"155 616 921";"B01";"2";"2";"0";"2";"2";"1";"1";""
"202300035894";"155 616 927";"A01";"1";"7";"0";"2";"3";"9";"1";""
"202300035895";"155 616 922";"A01";"2";"7";"0";"2";"3";"13";"1";""
"202300035895";"155 616 925";"B01";"1";"7";"0";"2";"3";"1";"1";""
"202300035896";"155 616 920";"A01";"2";"7";"6";"0";"7";"1";"1";""
"202300035897";"155 616 919";"A01";"1";"37";"0";"1";"2";"1";"0";"1"
"202300035898";"155 616 918";"A01";"3";"7";"0";"1";"3";"1";"1";""
"202300035899";"155 616 916";"A01";"1";"7";"0";"1";"1";"1";"1";""
"202300035900";"155 616 914";"A01";"3";"1";"0";"1";"1";"0";"5";""
"202300035901";"155 616 915";"A01";"1";"2";"0";"2";"1";"15";"1";""
"202300035901";"155 616 917";"B01";"2";"7";"0";"2";"8";"1";"1";""
"202300035902";"155 616 913";"A01";"3";"1";"0";"1";"1";"25";"5";""
"202300035903";"155 616 910";"A01";"1";"7";"5";"0";"1";"2";"1";""
"202300035904";"155 616 911";"A01";"1";"7";"0";"2";"1";"1";"1";""
"202300035905";"155 616 909";"A01";"2";"10";"0";"2";"8";"1";"1";""
"202300035905";"155 616 912";"B01";"1";"3";"0";"2";"1";"1";"3";""
"202300035906";"155 616 905";"A01";"2";"7";"3";"0";"1";"16";"1";""
"202300035907";"155 616 906";"A01";"3";"7";"0";"2";"5";"1";"1";""
"202300035907";"155 616 908";"B01";"3";"31";"0";"2";"1";"1";"1";""
"202300035908";"155 616 903";"A01";"1";"7";"0";"2";"1";"2";"1";""
"202300035908";"155 616 907";"B01";"1";"7";"0";"2";"4";"2";"1";""
"202300035909";"155 616 900";"B01";"1";"60";"1";"9";"8";"1";"5";""
"202300035909";"155 616 902";"A01";"1";"10";"1";"2";"8";"24";"1";""
"202300035910";"155 616 901";"A01";"1";"30";"0";"2";"3";"1";"1";""
"202300035910";"155 616 904";"Z01";"2";"7";"0";"2";"2";"15";"1";""
"202300035911";"155 616 899";"A01";"1";"7";"8";"0";"1";"1";"1";""
"202300035912";"155 616 890";"B01";"1";"7";"0";"2";"4";"1";"1";""
"202300035912";"155 616 895";"A01";"1";"7";"0";"2";"1";"1";"1";""
"202300035912";"155 616 897";"C01";"1";"7";"0";"2";"4";"1";"1";""
"202300035913";"155 616 893";"A01";"1";"2";"0";"0";"3";"1";"1";""
"202300035913";"155 616 896";"B01";"1";"15";"0";"2";"0";"1";"1";""
"202300035913";"155 616 898";"C01";"1";"99";"0";"2";"3";"1";"6";""
"202300035914";"155 616 887";"B01";"1";"7";"0";"2";"3";"1";"1";""
"202300035914";"155 616 894";"A01";"1";"32";"0";"2";"1";"1";"1";""
"202300035915";"155 616 889";"A01";"1";"7";"0";"2";"3";"13";"1";""
"202300035915";"155 616 891";"B01";"2";"7";"0";"2";"6";"1";"1";""
"202300035916";"155 616 888";"B01";"0";"7";"0";"0";"4";"2";"1";""
"202300035916";"155 616 892";"A01";"0";"7";"0";"2";"1";"1";"1";""
"202300035917";"155 616 885";"A01";"2";"7";"0";"1";"1";"2";"1";""
"202300035918";"155 616 880";"A01";"1";"7";"0";"2";"3";"1";"1";""
"202300035918";"155 616 883";"B01";"2";"2";"0";"2";"1";"13";"1";""
"202300035919";"155 616 881";"A01";"1";"7";"0";"2";"1";"1";"1";""
"202300035919";"155 616 886";"B01";"2";"7";"0";"2";"1";"1";"1";""
"202300035920";"155 616 879";"A01";"2";"7";"0";"2";"1";"19";"1";""
"202300035920";"155 616 884";"B01";"2";"7";"13";"0";"8";"1";"1";""
"202300035921";"155 616 878";"A01";"2";"7";"0";"2";"0";"0";"1";""
"202300035922";"155 616 877";"B01";"0";"30";"0";"2";"7";"1";"1";""
"202300035922";"155 616 882";"A01";"0";"7";"0";"2";"1";"15";"1";""
"202300035923";"155 616 875";"A01";"1";"7";"2";"0";"3";"13";"1";""
"202300035924";"155 616 874";"A01";"3";"7";"0";"9";"2";"2";"1";""
"202300035924";"155 616 876";"B01";"3";"80";"0";"0";"8";"13";"3";""
"202300035925";"155 616 873";"A01";"2";"10";"0";"1";"7";"1";"1";""
"202300035926";"155 616 865";"A01";"3";"10";"0";"2";"3";"19";"1";""
"202300035926";"155 616 871";"B01";"1";"7";"0";"2";"2";"1";"1";""
"202300035927";"155 616 864";"A01";"2";"7";"0";"2";"1";"1";"1";""
"202300035927";"155 616 867";"B01";"2";"7";"0";"2";"4";"1";"1";""
"202300035927";"155 616 870";"C01";"2";"17";"0";"2";"2";"21";"1";""
"202300035928";"155 616 863";"A01";"1";"7";"4";"0";"6";"14";"0";""
"202300035929";"155 616 860";"A01";"1";"7";"3";"0";"0";"13";"1";""
"202300035930";"155 616 858";"A01";"1";"7";"0";"1";"2";"1";"1";""
"202300035931";"155 616 857";"B01";"2";"7";"0";"2";"1";"1";"1";""
"202300035931";"155 616 861";"A01";"1";"7";"0";"2";"2";"0";"1";""
"202300035932";"155 616 856";"A01";"2";"7";"0";"2";"3";"16";"1";""
"202300035932";"155 616 859";"B01";"1";"1";"0";"0";"1";"1";"5";""
"202300035933";"155 616 853";"A01";"1";"33";"0";"0";"0";"1";"1";""
"202300035934";"155 616 852";"B01";"2";"7";"15";"0";"5";"1";"1";""
"202300035934";"155 616 855";"A01";"1";"7";"14";"2";"1";"19";"1";""
"202300035935";"155 616 848";"A01";"0";"7";"10";"0";"1";"14";"1";""
"202300035936";"155 616 849";"B01";"3";"50";"0";"2";"2";"0";"3";""
"202300035936";"155 616 854";"A01";"3";"7";"0";"9";"1";"19";"1";""
"202300035937";"155 616 847";"A01";"2";"10";"0";"2";"3";"19";"1";""
"202300035937";"155 616 851";"B01";"1";"2";"0";"2";"1";"1";"1";""
"202300035938";"155 616 846";"A01";"1";"10";"0";"2";"8";"2";"1";""
"202300035938";"155 616 850";"B01";"1";"10";"0";"2";"2";"2";"1";""
"202300035939";"155 616 845";"A01";"1";"7";"9";"1";"2";"9";"1";""
"202300035940";"155 616 840";"A01";"2";"7";"0";"1";"6";"1";"1";""
"202300035941";"155 616 841";"A01";"3";"2";"0";"0";"0";"0";"1";""
"202300035942";"155 616 839";"A01";"1";"7";"0";"2";"3";"15";"1";""
"202300035942";"155 616 843";"B01";"1";"33";"0";"2";"1";"0";"1";""
"202300035943";"155 616 838";"B01";"1";"33";"0";"2";"1";"1";"1";""
"202300035943";"155 616 842";"A01";"1";"7";"0";"0";"6";"15";"1";""
"202300035944";"155 616 837";"A01";"1";"7";"0";"1";"1";"1";"1";""
"202300035945";"155 616 833";"A01";"1";"7";"0";"2";"1";"1";"1";""
"202300035945";"155 616 835";"B01";"2";"7";"0";"2";"1";"1";"1";""
"202300035946";"155 616 832";"A01";"1";"14";"0";"2";"3";"1";"1";""
"202300035946";"155 616 836";"B01";"2";"7";"0";"2";"3";"0";"1";""
"202300035947";"155 616 831";"A01";"1";"7";"16";"0";"1";"14";"1";""
"202300035948";"155 616 830";"A01";"2";"10";"9";"0";"1";"16";"1";""
"202300035949";"155 616 829";"A01";"1";"33";"14";"0";"1";"1";"1";""
"202300035950";"155 616 825";"A01";"1";"7";"0";"2";"3";"9";"1";""
"202300035950";"155 616 827";"B01";"1";"7";"0";"2";"2";"1";"1";""
"202300035951";"155 616 826";"A01";"1";"7";"0";"2";"3";"0";"1";""
"202300035951";"155 616 828";"B01";"2";"2";"0";"2";"1";"5";"1";""
"202300035952";"155 616 822";"A01";"1";"7";"0";"1";"2";"1";"1";""
"202300035953";"155 616 820";"B01";"2";"7";"0";"2";"1";"1";"1";""
"202300035953";"155 616 824";"A01";"1";"7";"0";"2";"1";"13";"1";""
"202300035954";"155 616 817";"A01";"1";"7";"13";"0";"3";"13";"1";""
"202300035955";"155 616 821";"B01";"0";"7";"0";"2";"1";"26";"0";""
"202300035955";"155 616 823";"A01";"0";"7";"0";"2";"1";"19";"0";""
"202300035956";"155 616 816";"A01";"2";"7";"0";"2";"1";"13";"1";""
"202300035956";"155 616 818";"B01";"1";"7";"0";"2";"1";"1";"1";""
"202300035957";"155 616 815";"B01";"1";"7";"0";"2";"3";"1";"1";""
"202300035957";"155 616 819";"A01";"3";"7";"0";"2";"1";"1";"1";""
"202300035958";"155 616 814";"A01";"2";"10";"0";"1";"1";"21";"1";""
"202300035959";"155 616 812";"A01";"2";"3";"13";"0";"8";"14";"1";""
"202300035960";"155 616 810";"A01";"2";"7";"0";"2";"3";"19";"1";""
"202300035960";"155 616 813";"B01";"1";"32";"0";"2";"1";"3";"1";""
"202300035961";"155 616 809";"A01";"2";"2";"0";"2";"4";"1";"1";""
"202300035961";"155 616 811";"B01";"2";"7";"0";"2";"1";"1";"1";""
"202300035962";"155 616 806";"A01";"3";"1";"0";"2";"1";"13";"5";""
"202300035962";"155 616 807";"B01";"3";"10";"0";"9";"1";"1";"1";""
"202300035963";"155 616 805";"B01";"2";"7";"0";"2";"8";"1";"1";""
"202300035963";"155 616 808";"A01";"1";"3";"0";"2";"3";"13";"1";""
"202300035964";"155 616 803";"B01";"1";"7";"0";"0";"2";"1";"1";""
"202300035964";"155 616 804";"A01";"2";"7";"0";"0";"3";"15";"1";""
"202300035965";"155 616 802";"A01";"1";"7";"0";"1";"2";"1";"1";""
"202300035966";"155 616 801";"A01";"2";"32";"0";"1";"1";"26";"1";""
"202300035967";"155 616 799";"B01";"2";"34";"0";"2";"1";"1";"1";""
"202300035967";"155 616 800";"A01";"1";"7";"0";"2";"2";"15";"1";""
"202300035968";"155 616 797";"A01";"1";"7";"0";"1";"1";"1";"1";""
"202300035969";"155 616 796";"B01";"2";"33";"0";"2";"9";"1";"1";""
"202300035969";"155 616 798";"A01";"3";"10";"0";"2";"1";"1";"1";""
"202300035970";"155 616 795";"A01";"2";"7";"0";"1";"1";"1";"1";""
"202300035971";"155 616 794";"A01";"3";"7";"1";"0";"1";"1";"1";""
"202300035972";"155 616 792";"A01";"1";"2";"1";"0";"4";"0";"1";""
"202300035972";"155 616 793";"B01";"1";"2";"0";"2";"0";"0";"1";""
"202300035973";"155 616 787";"A01";"1";"7";"0";"1";"1";"1";"1";""
"202300035974";"155 616 786";"A01";"1";"33";"5";"0";"1";"0";"1";""
"202300035975";"155 616 788";"B01";"1";"7";"0";"2";"1";"9";"1";""
"202300035975";"155 616 790";"A01";"1";"31";"0";"2";"1";"5";"1";""
"202300035976";"155 616 784";"A01";"1";"7";"0";"2";"1";"13";"1";""
"202300035976";"155 616 789";"B01";"2";"7";"0";"2";"3";"1";"1";""
"202300035977";"155 616 785";"A01";"1";"7";"0";"2";"1";"1";"1";""
"202300035977";"155 616 791";"B01";"3";"7";"0";"0";"8";"19";"1";""
"202300035978";"155 616 783";"A01";"1";"7";"6";"0";"0";"0";"1";""
"202300035979";"155 616 782";"A01";"1";"1";"0";"0";"1";"1";"5";""
"202300035980";"155 616 779";"B01";"1";"7";"0";"1";"0";"0";"0";""
"202300035980";"155 616 781";"A01";"1";"7";"0";"1";"0";"0";"0";""
"202300035981";"155 616 777";"A01";"3";"7";"0";"1";"3";"15";"1";""
"202300035982";"155 616 775";"B01";"3";"7";"0";"2";"3";"1";"0";""
"202300035982";"155 616 778";"A01";"3";"7";"0";"2";"1";"17";"0";""
"202300035983";"155 616 773";"B01";"3";"7";"0";"2";"7";"16";"3";""
"202300035983";"155 616 774";"A01";"3";"33";"0";"2";"7";"18";"1";""
"202300035984";"155 616 771";"A01";"1";"33";"0";"1";"7";"1";"1";""
"202300035985";"155 616 776";"A01";"1";"7";"0";"2";"5";"16";"1";""
"202300035985";"155 616 780";"B01";"1";"1";"0";"2";"1";"1";"5";""
"202300035986";"155 616 770";"B01";"2";"99";"0";"2";"3";"15";"1";""
"202300035986";"155 616 772";"A01";"2";"33";"0";"2";"1";"17";"1";""
"202300035987";"155 616 766";"B01";"3";"1";"0";"2";"8";"9";"5";""
"202300035987";"155 616 769";"A01";"2";"7";"0";"2";"2";"1";"1";""
"202300035988";"155 616 767";"A01";"1";"32";"1";"0";"5";"14";"1";""
"202300035989";"155 616 765";"B01";"3";"7";"0";"2";"8";"1";"1";""
"202300035989";"155 616 768";"A01";"3";"7";"0";"2";"3";"13";"1";""
"202300035990";"155 616 763";"A01";"3";"7";"0";"1";"2";"1";"1";""
"202300035991";"155 616 761";"A01";"3";"10";"0";"2";"2";"15";"1";""
"202300035991";"155 616 764";"B01";"3";"33";"0";"2";"1";"1";"1";""
"202300035992";"155 616 760";"B01";"1";"7";"0";"2";"1";"1";"1";""
"202300035992";"155 616 762";"A01";"1";"3";"8";"0";"4";"1";"1";""
"202300035993";"155 616 757";"A01";"3";"10";"0";"1";"2";"9";"3";""
"202300035994";"155 616 756";"B01";"1";"7";"0";"2";"4";"2";"1";""
"202300035994";"155 616 759";"A01";"1";"1";"0";"2";"1";"2";"5";""
"202300035995";"155 616 754";"A01";"2";"7";"8";"2";"1";"13";"1";""
"202300035995";"155 616 758";"B01";"1";"31";"0";"2";"1";"1";"1";""
"202300035996";"155 616 752";"B01";"2";"1";"0";"2";"1";"15";"5";""
"202300035996";"155 616 755";"A01";"1";"7";"0";"2";"1";"1";"1";""
"202300035997";"155 616 750";"A01";"2";"7";"0";"2";"1";"11";"2";""
"202300035997";"155 616 753";"B01";"1";"7";"0";"2";"1";"1";"2";""
"202300035998";"155 616 747";"A01";"1";"7";"2";"0";"3";"13";"1";""
"202300035999";"155 616 748";"A01";"1";"7";"0";"2";"3";"10";"1";""
"202300035999";"155 616 751";"B01";"2";"34";"0";"2";"1";"17";"1";""
"202300036000";"155 616 745";"A01";"1";"1";"0";"0";"7";"1";"5";""
"202300036001";"155 616 743";"A01";"1";"7";"0";"1";"2";"1";"1";""
"202300036002";"155 616 741";"A01";"1";"7";"0";"0";"4";"2";"1";""
"202300036002";"155 616 746";"B01";"1";"1";"0";"2";"1";"2";"5";""
"202300036003";"155 616 742";"A01";"2";"7";"1";"0";"4";"4";"1";""
"202300036004";"155 616 740";"B01";"1";"7";"0";"2";"4";"1";"1";""
"202300036004";"155 616 744";"C01";"2";"7";"0";"2";"4";"1";"1";""
"202300036004";"155 616 749";"A01";"1";"10";"0";"2";"1";"1";"1";""
"202300036005";"155 616 739";"A01";"3";"80";"6";"0";"1";"1";"3";""
"202300036006";"155 616 737";"A01";"2";"7";"0";"1";"1";"1";"1";""
"202300036007";"155 616 734";"Z01";"1";"50";"0";"1";"1";"1";"3";""
"202300036008";"155 616 731";"B01";"1";"32";"0";"2";"8";"18";"1";""
"202300036008";"155 616 735";"A01";"2";"7";"0";"2";"1";"15";"1";""
"202300036009";"155 616 730";"C01";"2";"7";"0";"0";"6";"24";"1";""
"202300036009";"155 616 733";"A01";"1";"7";"2";"2";"1";"6";"1";""
"202300036009";"155 616 738";"B01";"2";"7";"1";"0";"6";"1";"1";""
"202300036010";"155 616 732";"A01";"2";"7";"0";"2";"1";"9";"1";""
"202300036010";"155 616 736";"B01";"1";"1";"0";"2";"5";"1";"5";""
"202300036011";"155 616 726";"B01";"1";"7";"0";"0";"0";"9";"1";""
"202300036011";"155 616 729";"A01";"1";"80";"0";"0";"0";"21";"3";""
"202300036012";"155 616 724";"A01";"0";"7";"0";"2";"1";"14";"2";""
"202300036012";"155 616 727";"B01";"0";"7";"0";"2";"1";"13";"1";""
"202300036013";"155 616 728";"A01";"3";"1";"0";"1";"1";"1";"5";""
"202300036014";"155 616 720";"A01";"2";"33";"0";"2";"1";"17";"1";""
"202300036014";"155 616 723";"B01";"1";"7";"0";"2";"2";"1";"1";""
"202300036015";"155 616 721";"A01";"1";"7";"0";"2";"2";"12";"1";""
"202300036015";"155 616 722";"B01";"1";"32";"0";"2";"3";"1";"1";""
"202300036015";"155 616 725";"C01";"1";"7";"0";"2";"1";"2";"1";""
"202300036016";"155 616 719";"A01";"1";"7";"2";"0";"1";"14";"1";""
"202300036017";"155 616 717";"A01";"3";"7";"0";"1";"2";"15";"1";""
"202300036018";"155 616 713";"B01";"2";"80";"0";"2";"4";"2";"3";""
"202300036018";"155 616 716";"A01";"2";"7";"0";"2";"3";"9";"1";""
"202300036019";"155 616 714";"B01";"1";"7";"0";"0";"4";"23";"1";""
"202300036019";"155 616 718";"A01";"1";"10";"0";"2";"1";"2";"1";""
"202300036020";"155 616 712";"A01";"3";"7";"0";"0";"0";"16";"1";""
"202300036021";"155 616 711";"B01";"2";"33";"0";"2";"1";"0";"1";""
"202300036021";"155 616 715";"A01";"2";"7";"0";"2";"5";"23";"2";""
"202300036022";"155 616 708";"B01";"1";"1";"0";"2";"8";"19";"5";""
"202300036022";"155 616 710";"A01";"1";"7";"0";"2";"2";"1";"1";""
"202300036023";"155 616 709";"A01";"3";"7";"0";"1";"1";"1";"0";""
"202300036024";"155 616 707";"A01";"2";"33";"0";"6";"7";"1";"1";""
"202300036025";"155 616 703";"B01";"2";"7";"0";"2";"6";"2";"1";""
"202300036025";"155 616 705";"A01";"2";"7";"0";"2";"2";"13";"1";""
"202300036026";"155 616 704";"A01";"1";"31";"12";"2";"2";"13";"1";""
"202300036026";"155 616 706";"B01";"2";"7";"0";"2";"3";"1";"1";""
"202300036027";"155 616 700";"A01";"3";"7";"0";"1";"1";"14";"1";""
"202300036028";"155 616 697";"A01";"2";"33";"0";"2";"1";"17";"1";""
"202300036028";"155 616 701";"B01";"1";"33";"0";"2";"1";"1";"1";""
"202300036029";"155 616 695";"A01";"1";"7";"0";"2";"7";"2";"1";""
"202300036029";"155 616 698";"B01";"1";"33";"0";"2";"8";"0";"1";""
"202300036030";"155 616 694";"A01";"1";"50";"0";"0";"4";"2";"3";""
"202300036031";"155 616 696";"A01";"1";"7";"0";"1";"1";"9";"1";""
"202300036032";"155 616 693";"A01";"3";"7";"6";"0";"1";"1";"0";""
"202300036033";"155 616 692";"A01";"0";"33";"12";"0";"1";"14";"1";""
"202300036034";"155 616 689";"A01";"2";"33";"2";"0";"0";"1";"1";""
"202300036035";"155 616 688";"A01";"1";"33";"0";"2";"1";"21";"1";""
"202300036035";"155 616 691";"B01";"1";"33";"0";"2";"8";"0";"1";""
"202300036036";"155 616 686";"A01";"1";"10";"0";"2";"4";"1";"1";""
"202300036036";"155 616 690";"B01";"2";"7";"0";"2";"2";"15";"1";""
"202300036037";"155 616 687";"A01";"3";"10";"0";"1";"4";"20";"1";""
"202300036038";"155 616 683";"A01";"0";"1";"0";"2";"1";"2";"5";""
"202300036038";"155 616 684";"B01";"0";"7";"0";"9";"6";"2";"0";""
"202300036039";"155 616 681";"A01";"2";"33";"0";"6";"1";"0";"1";""
"202300036040";"155 616 680";"A01";"0";"7";"0";"2";"1";"19";"1";""
"202300036040";"155 616 685";"B01";"3";"7";"0";"2";"3";"26";"1";""
"202300036041";"155 616 678";"A01";"2";"7";"4";"0";"3";"1";"1";""
"202300036042";"155 616 679";"B01";"2";"32";"0";"2";"1";"1";"1";""
"202300036042";"155 616 682";"A01";"2";"10";"0";"2";"5";"9";"1";""
"202300036043";"155 616 677";"A01";"1";"7";"15";"0";"0";"1";"1";""
"202300036044";"155 616 674";"A01";"2";"33";"7";"0";"1";"1";"1";""
"202300036045";"155 616 676";"A01";"1";"31";"0";"0";"9";"19";"1";""
"202300036046";"155 616 672";"A01";"2";"7";"0";"2";"7";"13";"1";""
"202300036046";"155 616 675";"B01";"1";"7";"0";"2";"2";"1";"1";""
"202300036047";"155 616 671";"A01";"2";"7";"0";"1";"1";"1";"1";""
"202300036048";"155 616 669";"A01";"1";"7";"10";"0";"7";"1";"1";""
"202300036049";"155 616 668";"B01";"1";"7";"0";"2";"3";"1";"1";""
"202300036049";"155 616 673";"A01";"1";"50";"0";"2";"1";"1";"3";""
"202300036050";"155 616 667";"A01";"1";"2";"0";"2";"1";"5";"1";""
"202300036050";"155 616 670";"B01";"2";"7";"0";"2";"1";"1";"1";""
"202300036051";"155 616 666";"A01";"1";"33";"0";"0";"8";"1";"1";""
"202300036052";"155 616 664";"B01";"1";"33";"0";"2";"4";"1";"1";""
"202300036052";"155 616 665";"A01";"1";"7";"0";"2";"3";"1";"1";""
"202300036053";"155 616 659";"A01";"1";"7";"0";"1";"3";"1";"1";""
"202300036054";"155 616 662";"A01";"1";"7";"0";"2";"5";"16";"1";""
"202300036054";"155 616 663";"B01";"1";"33";"0";"2";"1";"3";"1";""
"202300036055";"155 616 656";"A01";"2";"7";"0";"0";"1";"1";"1";""
"202300036055";"155 616 660";"B01";"1";"7";"0";"0";"8";"1";"1";""
"202300036056";"155 616 654";"A01";"2";"7";"13";"0";"3";"1";"0";""
"202300036057";"155 616 655";"A01";"1";"7";"4";"0";"7";"1";"6";""
"202300036057";"155 616 658";"B01";"1";"7";"0";"2";"8";"18";"1";""
"202300036058";"155 616 653";"A01";"1";"7";"0";"2";"1";"13";"1";""
"202300036058";"155 616 657";"C01";"2";"7";"0";"2";"1";"2";"1";""
"202300036058";"155 616 661";"B01";"2";"7";"0";"2";"1";"1";"1";""
"202300036059";"155 616 649";"B01";"2";"31";"0";"2";"0";"1";"1";""
"202300036059";"155 616 652";"A01";"1";"7";"0";"2";"7";"15";"1";""
"202300036060";"155 616 647";"B01";"3";"1";"0";"2";"8";"19";"5";""
"202300036060";"155 616 651";"A01";"2";"7";"0";"9";"1";"1";"1";""
"202300036061";"155 616 646";"A01";"1";"7";"15";"0";"7";"1";"1";""
"202300036061";"155 616 650";"B01";"2";"7";"16";"0";"3";"1";"1";""
"202300036062";"155 616 644";"A01";"2";"7";"0";"0";"3";"9";"1";""
"202300036062";"155 616 648";"B01";"1";"50";"0";"0";"7";"1";"3";""
"202300036063";"155 616 642";"A01";"3";"7";"2";"0";"3";"1";"1";""
"202300036064";"155 616 643";"A01";"1";"7";"0";"9";"1";"15";"0";""
"202300036065";"155 616 640";"A01";"2";"7";"0";"2";"1";"1";"1";""
"202300036065";"155 616 645";"B01";"3";"7";"0";"2";"3";"15";"1";""
"202300036066";"155 616 639";"A01";"1";"10";"4";"0";"2";"0";"1";""
"202300036067";"155 616 633";"A01";"2";"7";"13";"0";"1";"1";"1";""
"202300036068";"155 616 632";"A01";"3";"7";"0";"2";"2";"15";"1";""
"202300036068";"155 616 637";"B01";"3";"34";"0";"2";"1";"1";"1";""
"202300036069";"155 616 631";"A01";"2";"7";"0";"1";"1";"15";"1";""
"202300036070";"155 616 634";"A01";"2";"7";"0";"2";"7";"15";"1";""
"202300036070";"155 616 635";"B01";"1";"2";"0";"2";"1";"1";"1";""
"202300036071";"155 616 625";"A01";"1";"30";"14";"0";"1";"14";"1";""
"202300036072";"155 616 621";"D01";"1";"7";"0";"0";"4";"2";"0";""
"202300036072";"155 616 623";"A01";"1";"7";"0";"2";"3";"11";"1";""
"202300036072";"155 616 627";"B01";"1";"7";"0";"2";"5";"2";"0";""
"202300036072";"155 616 629";"C01";"1";"7";"0";"2";"4";"2";"0";""
"202300036073";"155 616 622";"A01";"1";"32";"0";"2";"1";"1";"1";""
"202300036073";"155 616 626";"Z01";"2";"7";"0";"2";"4";"4";"0";""