"Num_Acc";"id_vehicule";"num_veh";"senc";"catv";"obs";"obsm";"choc";"manv";"motor";"occutc"
"202300037492";"155 614 101";"B01";"2";"7";"0";"2";"5";"2";"1";""
"202300037493";"155 614 099";"A01";"2";"7";"0";"2";"8";"15";"1";""
"202300037493";"155 614 102";"B01";"2";"37";"0";"2";"2";"7";"6";"1"
"202300037494";"155 614 096";"B01";"3";"7";"0";"2";"4";"0";"1";""
"202300037494";"155 614 097";"A01";"3";"7";"0";"2";"1";"2";"1";""
"202300037495";"155 614 095";"A01";"3";"1";"0";"2";"8";"9";"5";""
"202300037495";"155 614 098";"B01";"3";"7";"0";"2";"2";"2";"1";""
"202300037496";"155 614 094";"A01";"2";"7";"0";"1";"3";"1";"1";""
"202300037497";"155 614 092";"B01";"3";"7";"0";"2";"3";"26";"1";""
"202300037497";"155 614 093";"A01";"2";"2";"0";"2";"2";"1";"1";""
"202300037498";"155 614 090";"A01";"2";"10";"0";"2";"3";"17";"1";""
"202300037498";"155 614 091";"B01";"1";"80";"0";"2";"1";"1";"3";""
"202300037499";"155 614 089";"A01";"2";"33";"0";"0";"0";"3";"1";""
"202300037500";"155 614 086";"A01";"0";"30";"1";"0";"6";"2";"1";""
"202300037500";"155 614 087";"B01";"0";"10";"1";"0";"1";"2";"1";""
"202300037501";"155 614 085";"A01";"2";"7";"0";"2";"1";"15";"1";""
"202300037501";"155 614 088";"B01";"2";"33";"0";"2";"8";"1";"1";""
"202300037502";"155 614 083";"B01";"2";"7";"0";"2";"6";"2";"1";""
"202300037502";"155 614 084";"A01";"2";"31";"0";"2";"1";"2";"1";""
"202300037503";"155 614 082";"A01";"3";"99";"0";"1";"1";"19";"1";""
"202300037504";"155 614 079";"A01";"1";"10";"0";"2";"7";"17";"0";""
"202300037504";"155 614 081";"B01";"1";"1";"0";"2";"8";"2";"5";""
"202300037505";"155 614 078";"A01";"2";"1";"0";"2";"1";"1";"5";""
"202300037505";"155 614 080";"B01";"1";"1";"0";"2";"8";"15";"5";""
"202300037506";"155 614 075";"A01";"1";"7";"0";"2";"1";"1";"1";""
"202300037506";"155 614 077";"B01";"1";"7";"0";"2";"4";"1";"1";""
"202300037507";"155 614 073";"B01";"2";"7";"0";"2";"2";"15";"1";""
"202300037507";"155 614 074";"A01";"2";"32";"0";"2";"5";"17";"1";""
"202300037508";"155 614 072";"B01";"3";"1";"0";"2";"0";"1";"5";""
"202300037508";"155 614 076";"A01";"1";"7";"0";"2";"2";"9";"0";""
"202300037509";"155 614 070";"A01";"0";"31";"0";"1";"1";"0";"0";""
"202300037510";"155 614 066";"A01";"1";"7";"0";"1";"0";"0";"2";""
"202300037511";"155 614 067";"A01";"2";"7";"0";"2";"1";"2";"1";""
"202300037511";"155 614 068";"B01";"2";"7";"0";"2";"4";"2";"1";""
"202300037511";"155 614 071";"C01";"2";"7";"0";"2";"4";"2";"1";""
"202300037512";"155 614 065";"B01";"3";"7";"0";"2";"1";"2";"1";""
"202300037512";"155 614 069";"A01";"3";"7";"0";"2";"3";"2";"1";""
"202300037513";"155 614 061";"A01";"2";"38";"8";"4";"8";"26";"1";"1"
"202300037513";"155 614 064";"B01";" -1";"39";"0";"2";"1";"1";"3";""
"202300037514";"155 614 060";"A01";"3";"7";"0";"2";"2";"2";"1";""
"202300037514";"155 614 062";"B01";"1";"7";"0";"9";"4";"1";"1";""
"202300037515";"155 614 059";"A01";"3";"7";"0";"2";"1";"26";"1";""
"202300037515";"155 614 063";"B01";"3";"7";"0";"2";"8";"26";"1";""
"202300037516";"155 614 056";"B01";"1";"33";"0";"9";"4";"2";"1";""
"202300037516";"155 614 058";"A01";"1";"34";"0";"2";"1";"2";"1";""
"202300037517";"155 614 057";"A01";"1";"7";"0";"1";"1";"19";"1";""
"202300037518";"155 614 055";"A01";"0";"7";"0";"0";"3";"0";"1";""
"202300037519";"155 614 050";"B01";"2";"7";"0";"2";"3";"2";"1";""
"202300037519";"155 614 054";"A01";"1";"7";"0";"2";"1";"1";"1";""
"202300037520";"155 614 051";"A01";"1";"80";"0";"1";"1";"1";"3";""
"202300037521";"155 614 049";"B01";"3";"7";"12";"2";"5";"2";"1";""
"202300037521";"155 614 052";"C01";"3";"7";"12";"2";"4";"2";"1";""
"202300037521";"155 614 053";"A01";"3";"7";"12";"2";"2";"2";"1";""
"202300037522";"155 614 048";"A01";"1";"50";"0";"0";"0";"0";"3";""
"202300037523";"155 614 047";"A01";"3";"7";"0";"1";"2";"0";"0";""
"202300037524";"155 614 044";"B01";"1";"33";"0";"2";"6";"1";"1";""
"202300037524";"155 614 045";"A01";"1";"14";"0";"2";"2";"12";"1";""
"202300037525";"155 614 046";"A01";"1";"38";"0";"1";"1";"1";"0";"1"
"202300037526";"155 614 041";"B01";"2";"99";"14";"0";"4";"2";"1";""
"202300037526";"155 614 043";"A01";"2";"32";"14";"0";"1";"2";"1";""
"202300037527";"155 614 040";"A01";"3";"7";"0";"1";"0";"1";"1";""
"202300037528";"155 614 039";"A01";"2";"7";"0";"2";"2";"16";"1";""
"202300037528";"155 614 042";"B01";"2";"1";"0";"2";"1";"1";"5";""
"202300037529";"155 614 037";"A01";"3";"32";"0";"2";"5";"2";"1";""
"202300037529";"155 614 038";"B01";"3";"7";"0";"2";"3";"2";"1";""
"202300037530";"155 614 036";"A01";"1";"7";"0";"1";"1";"9";"2";""
"202300037531";"155 614 033";"A01";"0";"7";"1";"0";"4";"24";"2";""
"202300037531";"155 614 034";"B01";"0";"1";"0";"0";"1";"0";"5";""
"202300037532";"155 614 029";"A01";"1";"7";"1";"0";"1";"1";"1";""
"202300037532";"155 614 032";"B01";"1";"10";"1";"0";"4";"26";"1";""
"202300037532";"155 614 035";"C01";"1";"7";"0";"2";"4";"26";"1";""
"202300037533";"155 614 027";"A01";"3";"7";"0";"2";"1";"2";"1";""
"202300037533";"155 614 030";"B01";"3";"7";"0";"2";"9";"2";"1";""
"202300037533";"155 614 031";"C01";"3";"7";"0";"2";"4";"2";"1";""
"202300037534";"155 614 026";"A01";"2";"30";"8";"2";"7";"1";"1";""
"202300037534";"155 614 028";"B01";"1";"99";"0";"2";"1";"1";"1";""
"202300037535";"155 614 023";"B01";"1";"7";"0";"2";"3";"1";"0";""
"202300037536";"155 614 022";"B01";"2";"7";"0";"1";"3";"2";"1";""
"202300037536";"155 614 024";"A01";"2";"7";"0";"2";"1";"2";"1";""
"202300037537";"155 614 021";"B01";"3";"1";"0";"2";"1";"21";"5";""
"202300037537";"155 614 025";"A01";"3";"10";"0";"2";"7";"1";"1";""
"202300037538";"155 614 020";"A01";"1";"1";"1";"0";"0";"0";"5";""
"202300037539";"155 614 016";"A01";"1";"7";"0";"1";"1";"1";"1";""
"202300037540";"155 614 018";"A01";"1";"30";"14";"0";"0";"26";"1";""
"202300037541";"155 614 017";"A01";"1";"7";"0";"2";"2";"15";"1";""
"202300037541";"155 614 019";"B01";"2";"31";"0";"2";"1";"1";"1";""
"202300037542";"155 614 014";"A01";"1";"7";"4";"0";"2";"1";"1";""
"202300037543";"155 614 012";"A01";"2";"7";"0";"2";"3";"15";"1";""
"202300037543";"155 614 015";"B01";"1";"1";"0";"2";"8";"1";"5";""
"202300037544";"155 614 013";"A01";"2";"7";"14";"1";"0";"1";"1";""
"202300037545";"155 614 008";"B01";"2";"10";"0";"2";"6";"2";"1";""
"202300037545";"155 614 010";"A01";"2";"30";"0";"2";"2";"17";"3";""
"202300037546";"155 614 009";"A01";"2";"0";"0";"0";"0";"0";"0";""
"202300037547";"155 614 006";"A01";"3";"80";"0";"1";"7";"1";"3";""
"202300037548";"155 614 007";"A01";"2";"7";"0";"2";"3";"9";"1";""
"202300037548";"155 614 011";"B01";"1";"7";"8";"2";"2";"2";"1";""
"202300037549";"155 614 004";"A01";"3";"7";"8";"0";"2";"2";"1";""
"202300037550";"155 614 003";"A01";"2";"2";"0";"2";"1";"5";"3";""
"202300037550";"155 614 005";"B01";"2";"7";"0";"2";"2";"1";"1";""
"202300037551";"155 614 000";"A01";"3";"7";"0";"2";"1";"1";"1";""
"202300037551";"155 614 002";"B01";"3";"7";"0";"2";"4";"23";"1";""
"202300037552";"155 613 999";"A01";"1";"7";"8";"2";"1";"17";"1";""
"202300037552";"155 614 001";"B01";"1";"7";"0";"2";"8";"15";"1";""
"202300037553";"155 613 995";"A01";"2";"7";"0";"0";"9";"1";"0";""
"202300037554";"155 613 994";"A01";"1";"7";"0";"2";"3";"15";"1";""
"202300037554";"155 613 997";"B01";"1";"2";"0";"2";"1";"1";"1";""
"202300037555";"155 613 992";"B01";"0";"7";"0";"2";"3";"16";"1";""
"202300037555";"155 613 996";"A01";"1";"34";"0";"2";"1";"1";"1";""
"202300037555";"155 613 998";"C01";"2";"7";"0";"2";"3";"1";"1";""
"202300037556";"155 613 989";"B01";"2";"32";"0";"0";"7";"9";"1";""
"202300037556";"155 613 991";"A01";"1";"7";"0";"2";"1";"9";"1";""
"202300037557";"155 613 990";"A01";"0";"2";"0";"1";"1";"1";"1";""
"202300037558";"155 613 986";"A01";"1";"10";"0";"2";"4";"26";"0";""
"202300037558";"155 613 988";"B01";"1";"3";"0";"2";"1";"0";"0";""
"202300037559";"155 613 985";"B01";"2";"7";"0";"0";"4";"2";"1";""
"202300037559";"155 613 987";"A01";"2";"7";"0";"2";"1";"2";"1";""
"202300037560";"155 613 982";"A01";"2";"7";"0";"2";"1";"1";"1";""
"202300037560";"155 613 983";"B01";"2";"7";"0";"2";"4";"23";"1";""
"202300037560";"155 613 984";"C01";"2";"7";"0";"2";"4";"23";"1";""
"202300037561";"155 613 978";"B01";"1";"33";"0";"2";"2";"1";"1";""
"202300037561";"155 613 980";"A01";"1";"7";"0";"2";"8";"19";"1";""
"202300037562";"155 613 977";"A01";"2";"7";"0";"1";"1";"1";"1";""
"202300037563";"155 613 975";"B01";"3";"7";"0";"2";"1";"1";"0";""
"202300037563";"155 613 976";"A01";"3";"32";"0";"2";"1";"13";"1";""
"202300037564";"155 613 973";"A01";"3";"37";"0";"0";"0";"1";"1";"5"
"202300037565";"155 613 974";"A01";"1";"7";"0";"1";"1";"1";"1";""
"202300037566";"155 613 971";"A01";"3";"37";"0";"0";"0";"1";"1";"1"
"202300037567";"155 613 969";"A01";"1";"7";"0";"2";"4";"17";"1";""
"202300037567";"155 613 970";"B01";"1";"7";"0";"2";"1";"1";"1";""
"202300037568";"155 613 964";"B01";"1";"7";"0";"2";"1";"17";"1";""
"202300037568";"155 613 966";"C01";"1";"15";"0";"2";"6";"1";"1";""
"202300037568";"155 613 967";"A01";"2";"7";"0";"2";"1";"5";"1";""
"202300037569";"155 613 963";"B01";"1";"7";"0";"2";"4";"23";"1";""
"202300037569";"155 613 965";"A01";"1";"2";"0";"2";"1";"1";"1";""
"202300037570";"155 613 960";"A01";"1";"10";"0";"9";"3";"13";"1";""
"202300037570";"155 613 962";"B01";"2";"1";"0";"2";"1";"13";"5";""
"202300037571";"155 613 956";"A01";"1";"7";"13";"0";"1";"1";"1";""
"202300037572";"155 613 957";"A01";"3";"7";"0";"2";"1";"2";"1";""
"202300037572";"155 613 959";"B01";"1";"10";"0";"2";"4";"2";"1";""
"202300037573";"155 613 955";"C01";"1";"7";"0";"2";"4";"1";"1";""
"202300037573";"155 613 958";"B01";"1";"7";"0";"2";"4";"1";"1";""
"202300037573";"155 613 961";"A01";"1";"7";"0";"2";"1";"1";"1";""
"202300037574";"155 613 953";"A01";"1";"7";"0";"2";"3";"15";"0";""
"202300037574";"155 613 954";"B01";"1";"33";"0";"2";"1";"17";"0";""
"202300037575";"155 613 950";"A01";"2";"33";"0";"0";"7";"17";"1";""
"202300037576";"155 613 949";"B01";"1";"33";"0";"2";"1";"1";"1";""
"202300037576";"155 613 951";"A01";"2";"7";"0";"2";"1";"15";"1";""
"202300037577";"155 613 952";"A01";"1";"7";"6";"1";"4";"20";"1";""
"202300037578";"155 613 947";"B01";"1";"7";"0";"2";"1";"1";"1";""
"202300037578";"155 613 948";"A01";"1";"7";"8";"2";"2";"1";"1";""
"202300037579";"155 613 946";"A01";"2";"7";"6";"0";"9";"1";"1";""
"202300037580";"155 613 943";"A01";"2";"7";"8";"0";"2";"1";"1";""
"202300037581";"155 613 944";"A01";"1";"7";"0";"2";"1";"1";"1";""
"202300037581";"155 613 945";"B01";"1";"7";"0";"2";"4";"23";"1";""
"202300037582";"155 613 940";"A01";"1";"31";"0";"2";"0";"0";"1";""
"202300037582";"155 613 942";"B01";"3";"30";"0";"2";"1";"5";"1";""
"202300037583";"155 613 938";"A01";"1";"10";"0";"2";"7";"2";"1";""
"202300037583";"155 613 941";"B01";"1";"1";"0";"2";"4";"1";"5";""
"202300037584";"155 613 937";"A01";"2";"7";"0";"2";"2";"1";"3";""
"202300037584";"155 613 939";"B01";"3";"50";"0";"2";"8";"19";"3";""
"202300037585";"155 613 933";"B01";"1";"10";"0";"0";"1";"1";"1";""
"202300037585";"155 613 935";"A01";"1";"15";"0";"0";"2";"9";"1";""
"202300037586";"155 613 932";"A01";"0";"10";"0";"1";"2";"1";"1";""
"202300037587";"155 613 930";"A01";"2";"10";"0";"2";"3";"11";"1";""
"202300037587";"155 613 934";"B01";"2";"33";"0";"2";"1";"1";"1";""
"202300037588";"155 613 931";"B01";"3";"50";"0";"2";"8";"26";"3";""
"202300037588";"155 613 936";"A01";"1";"7";"0";"2";"1";"1";"1";""
"202300037589";"155 613 927";"A01";"2";"2";"0";"0";"1";"1";"1";""
"202300037589";"155 613 929";"B01";"1";"10";"0";"0";"3";"15";"1";""
"202300037590";"155 613 926";"A01";"3";"1";"0";"2";"1";"19";"5";""
"202300037590";"155 613 928";"B01";"2";"7";"0";"2";"3";"1";"1";""
"202300037591";"155 613 923";"A01";"1";"7";"0";"1";"2";"1";"1";""
"202300037592";"155 613 924";"B01";"2";"7";"0";"2";"1";"15";"1";""
"202300037592";"155 613 925";"A01";"1";"33";"0";"2";"8";"1";"1";""
"202300037593";"155 613 921";"A01";"1";"7";"13";"0";"2";"14";"1";""
"202300037594";"155 613 920";"A01";"2";"7";"0";"2";"3";"19";"1";""
"202300037594";"155 613 922";"B01";"1";"7";"0";"2";"2";"1";"1";""
"202300037595";"155 613 918";"B01";"3";"30";"0";"2";"0";"0";"0";""
"202300037595";"155 613 919";"A01";"3";"7";"0";"5";"4";"0";"6";""
"202300037596";"155 613 916";"A01";"2";"7";"2";"0";"1";"1";"1";""
"202300037597";"155 613 915";"B01";"0";"10";"0";"0";"0";"0";"0";""
"202300037597";"155 613 917";"A01";"1";"7";"0";"2";"8";"1";"1";""
"202300037598";"155 613 913";"A01";"2";"7";"13";"0";"3";"1";"1";""
"202300037599";"155 613 912";"B01";"3";"10";"0";"2";"7";"1";"0";""
"202300037599";"155 613 914";"A01";"3";"7";"0";"2";"1";"1";"1";""
"202300037600";"155 613 911";"A01";"1";"7";"0";"1";"2";"1";"1";""
"202300037601";"155 613 909";"A01";"0";"0";"0";"0";"0";"0";"0";""
"202300037601";"155 613 910";"B01";"3";"1";"0";"0";"0";"0";"5";""
"202300037602";"155 613 908";"A01";"2";"7";"2";"0";"3";"14";"1";""
"202300037603";"155 613 905";"A01";"3";"7";"0";"2";"7";"19";"1";""
"202300037603";"155 613 906";"B01";"3";"33";"0";"2";"1";"1";"1";""
"202300037604";"155 613 907";"A01";"1";"7";"0";"1";"2";"1";"1";""
"202300037605";"155 613 903";"A01";"0";"7";"0";"2";"3";"10";"1";""
"202300037605";"155 613 904";"B01";"0";"33";"0";"2";"1";"1";"1";""
"202300037606";"155 613 900";"B01";"2";"7";"0";"2";"3";"19";"1";""
"202300037606";"155 613 902";"A01";"1";"31";"0";"2";"2";"21";"1";""
"202300037607";"155 613 896";"A01";"1";"7";"0";"2";"1";"15";"1";""
"202300037607";"155 613 898";"B01";"2";"1";"0";"2";"1";"1";"5";""
"202300037608";"155 613 897";"A01";"1";"7";"0";"2";"5";"17";"1";""
"202300037608";"155 613 899";"B01";"1";"2";"0";"2";"8";"13";"1";""
"202300037609";"155 613 895";"A01";"2";"7";"0";"2";"2";"19";"1";""
"202300037609";"155 613 901";"B01";"2";"1";"0";"2";"8";"1";"5";""
"202300037610";"155 613 894";"A01";"3";"7";"0";"1";"3";"1";"1";""
"202300037611";"155 613 893";"A01";"1";"7";"0";"1";"8";"1";"1";""
"202300037612";"155 613 889";"B01";"1";"7";"0";"2";"5";"2";"1";""
"202300037612";"155 613 890";"A01";"1";"2";"0";"2";"1";"1";"1";""
"202300037613";"155 613 888";"A01";"2";"7";"0";"9";"1";"15";"1";""
"202300037613";"155 613 892";"B01";"3";"60";"0";"0";"0";"0";"5";""
"202300037614";"155 613 887";"A01";"1";"7";"0";"2";"2";"15";"1";""
"202300037614";"155 613 891";"B01";"2";"10";"0";"2";"3";"1";"1";""
"202300037615";"155 613 884";"A01";"1";"33";"13";"2";"5";"17";"1";""
"202300037615";"155 613 886";"B01";"1";"3";"0";"2";"3";"15";"1";""
"202300037616";"155 613 881";"A01";"2";"2";"0";"2";"3";"9";"1";""
"202300037616";"155 613 883";"B01";"1";"2";"0";"2";"1";"3";"1";""
"202300037616";"155 613 885";"C01";"1";"7";"0";"2";"6";"23";"1";""
"202300037617";"155 613 880";"A01";"2";"7";"0";"2";"1";"2";"1";""
"202300037617";"155 613 882";"B01";"2";"7";"0";"0";"4";"1";"1";""
"202300037618";"155 613 879";"A01";"3";"33";"8";"0";"1";"17";"1";""
"202300037619";"155 613 877";"A01";"1";"7";"0";"2";"1";"15";"1";""
"202300037619";"155 613 878";"B01";"2";"7";"0";"2";"1";"1";"1";""
"202300037620";"155 613 874";"A01";"0";"2";"0";"2";"7";"5";"1";""
"202300037620";"155 613 876";"B01";"0";"7";"0";"2";"1";"1";"1";""
"202300037621";"155 613 873";"A01";"2";"80";"0";"2";"1";"5";"3";""
"202300037621";"155 613 875";"B01";"1";"80";"0";"2";"1";"17";"3";""
"202300037622";"155 613 872";"A01";"2";"7";"6";"0";"1";"0";"1";""
"202300037623";"155 613 869";"A01";"1";"2";"0";"2";"3";"17";"1";""
"202300037623";"155 613 871";"B01";"1";"7";"0";"2";"3";"15";"1";""
"202300037624";"155 613 868";"B01";"2";"40";"0";"2";"2";"1";"3";""
"202300037624";"155 613 870";"A01";"1";"1";"0";"4";"1";"15";"5";""
"202300037625";"155 613 866";"A01";"1";"7";"0";"2";"1";"9";"1";""
"202300037625";"155 613 867";"B01";"2";"33";"0";"2";"1";"1";"1";""
"202300037626";"155 613 862";"B01";"2";"7";"0";"0";"6";"15";"1";""
"202300037626";"155 613 863";"A01";"2";"2";"0";"2";"3";"17";"1";""
"202300037627";"155 613 860";"A01";"1";"32";"0";"2";"1";"5";"1";""
"202300037627";"155 613 864";"B01";"1";"7";"0";"2";"8";"1";"1";""
"202300037628";"155 613 858";"B01";"3";"7";"0";"2";"3";"1";"0";""
"202300037628";"155 613 861";"A01";"3";"7";"0";"2";"2";"0";"0";""
"202300037629";"155 613 857";"B01";"2";"7";"0";"2";"1";"1";"1";""
"202300037629";"155 613 859";"A01";"1";"7";"0";"2";"3";"15";"1";""
"202300037630";"155 613 856";"Z01";"2";"7";"0";"1";"1";"1";"0";""
"202300037631";"155 613 855";"B01";"2";"1";"0";"1";"3";"1";"5";""
"202300037632";"155 613 854";"A01";"3";"2";"12";"0";"2";"1";"1";""
"202300037633";"155 613 853";"A01";"2";"7";"0";"1";"1";"1";"1";""
"202300037634";"155 613 852";"A01";"2";"33";"0";"0";"7";"12";"1";""
"202300037635";"155 613 850";"A01";"1";"13";"1";"0";"1";"1";"1";""
"202300037635";"155 613 851";"B01";"1";"7";"1";"0";"6";"23";"1";""
"202300037636";"155 613 847";"A01";"0";"2";"0";"2";"1";"1";"1";""
"202300037636";"155 613 849";"B01";"0";"7";"0";"2";"3";"1";"1";""
"202300037637";"155 613 846";"A01";"1";"50";"0";"2";"1";"1";"3";""
"202300037637";"155 613 848";"Z01";"2";"7";"0";"9";"2";"15";"0";""
"202300037638";"155 613 842";"A01";"2";"10";"0";"2";"1";"2";"1";""
"202300037638";"155 613 844";"B01";"2";"50";"0";"0";"8";"15";"3";""
"202300037639";"155 613 843";"A01";"2";"7";"0";"2";"3";"15";"1";""
"202300037639";"155 613 845";"B01";"1";"7";"0";"2";"3";"1";"1";""
"202300037640";"155 613 838";"A01";"2";"7";"15";"0";"1";"1";"1";""
"202300037641";"155 613 837";"B01";"1";"7";"0";"2";"2";"21";"1";""
"202300037641";"155 613 840";"A01";"2";"2";"0";"2";"8";"19";"1";""
"202300037642";"155 613 836";"B01";"1";"7";"0";"2";"1";"2";"1";""
"202300037642";"155 613 839";"A01";"1";"7";"0";"2";"4";"2";"1";""
"202300037642";"155 613 841";"C01";"1";"7";"0";"2";"1";"2";"1";""
"202300037643";"155 613 832";"A01";"2";"7";"0";"0";"0";"15";"1";""
"202300037644";"155 613 833";"B01";"3";"7";"0";"2";"4";"23";"1";""
"202300037644";"155 613 835";"A01";"3";"7";"0";"2";"1";"2";"1";""
"202300037645";"155 613 827";"A01";"2";"7";"0";"2";"1";"26";"1";""
"202300037645";"155 613 830";"B01";"2";"1";"0";"2";"2";"19";"5";""
"202300037646";"155 613 829";"A01";"3";"7";"0";"0";"4";"23";"1";""
"202300037646";"155 613 831";"B01";"3";"7";"1";"0";"4";"2";"1";""
"202300037646";"155 613 834";"C01";"3";"10";"1";"0";"1";"2";"1";""
"202300037647";"155 613 826";"A01";"3";"7";"0";"9";"3";"9";"1";""
"202300037647";"155 613 828";"B01";"3";"1";"0";"2";"7";"1";"5";""
"202300037648";"155 613 824";"B01";"3";"7";"0";"2";"8";"1";"1";""
"202300037648";"155 613 825";"A01";"3";"30";"0";"2";"7";"14";"1";""
"202300037649";"155 613 823";"A01";"1";"7";"2";"0";"2";"1";"1";""
"202300037650";"155 613 821";"A01";"1";"7";"0";"1";"3";"1";"1";""
"202300037651";"155 613 818";"B01";"1";"1";"0";"2";"0";"1";"5";""
"202300037651";"155 613 822";"A01";"2";"13";"0";"9";"1";"1";"1";""
"202300037652";"155 613 816";"B01";"0";"7";"0";"0";"6";"20";"0";""
"202300037652";"155 613 819";"C01";"0";"7";"0";"2";"8";"1";"0";""
"202300037652";"155 613 820";"A01";"3";"7";"0";"2";"3";"1";"0";""
"202300037653";"155 613 814";"A01";"1";"7";"0";"1";"4";"20";"1";""
"202300037654";"155 613 812";"A01";"2";"7";"0";"2";"7";"1";"1";""
"202300037654";"155 613 813";"B01";"1";"7";"0";"2";"1";"1";"1";""
"202300037655";"155 613 809";"A01";"1";"7";"0";"1";"1";"14";"1";""
"202300037656";"155 613 807";"A01";"3";"33";"14";"0";"1";"0";"0";""
"202300037657";"155 613 806";"B01";"1";"7";"0";"2";"4";"1";"1";""
"202300037657";"155 613 808";"A01";"1";"10";"0";"2";"1";"2";"1";""
"202300037658";"155 613 803";"B01";"2";"2";"0";"2";"1";"1";"1";""
"202300037658";"155 613 805";"A01";"2";"10";"0";"2";"4";"4";"1";""
"202300037659";"155 613 802";"A01";"2";"7";"0";"2";"1";"1";"1";""
"202300037659";"155 613 804";"B01";"1";"7";"0";"2";"1";"5";"1";""
"202300037660";"155 613 801";"A01";"1";"7";"0";"1";"1";"1";"1";""
"202300037661";"155 613 798";"A01";"1";"7";"0";"2";"4";"9";"1";""
"202300037661";"155 613 800";"B01";"1";"1";"0";"0";"4";"0";"5";""
"202300037662";"155 613 797";"B01";"1";"10";"0";"2";"3";"15";"1";""
"202300037662";"155 613 799";"A01";"1";"7";"0";"2";"1";"1";"1";""
"202300037663";"155 613 795";"A01";"2";"7";"0";"2";"1";"1";"1";""
"202300037663";"155 613 796";"B01";"2";"7";"0";"2";"8";"19";"1";""
"202300037664";"155 613 793";"A01";"1";"7";"0";"1";"1";"1";"1";""
"202300037665";"155 613 792";"A01";"3";"10";"0";"2";"1";"1";"3";""
"202300037665";"155 613 794";"B01";"3";"33";"0";"2";"2";"19";"1";""
"202300037666";"155 613 788";"B01";"3";"33";"0";"2";"1";"0";"1";""
"202300037666";"155 613 791";"A01";"3";"7";"0";"2";"1";"13";"1";""
"202300037667";"155 613 787";"B01";"2";"7";"0";"2";"6";"2";"3";""
"202300037667";"155 613 790";"A01";"1";"7";"0";"2";"1";"14";"1";""
"202300037668";"155 613 789";"A01";"1";"7";"0";"1";"1";"1";"1";""
"202300037669";"155 613 786";"A01";"3";"7";"2";"0";"1";"20";"1";""
"202300037670";"155 613 784";"A01";"1";"31";"0";"0";"6";"1";"1";""
"202300037671";"155 613 783";"B01";"3";"33";"0";"2";"3";"18";"1";""
"202300037671";"155 613 785";"A01";"3";"7";"0";"2";"2";"1";"1";""
"202300037672";"155 613 779";"A01";"2";"7";"0";"2";"1";"26";"1";""
"202300037672";"155 613 781";"B01";"2";"10";"0";"2";"1";"26";"1";""
"202300037673";"155 613 780";"A01";"1";"7";"0";"1";"1";"1";"1";""
"202300037674";"155 613 778";"A01";"3";"7";"0";"2";"5";"15";"1";""
"202300037674";"155 613 782";"B01";"3";"7";"0";"2";"1";"2";"1";""
"202300037675";"155 613 776";"A01";"3";"7";"1";"0";"2";"14";"1";""
"202300037676";"155 613 774";"A01";"1";"7";"0";"2";"1";"15";"1";""
"202300037676";"155 613 777";"B01";"2";"50";"0";"2";"1";"1";"3";""
"202300037677";"155 613 772";"A01";"1";"7";"0";"1";"1";"2";"1";""
"202300037678";"155 613 771";"A01";"2";"1";"0";"2";"0";"1";"5";""
"202300037678";"155 613 773";"Z01";"2";"10";"0";"2";"5";"22";"0";""
"202300037679";"155 613 770";"A01";"1";"7";"0";"1";"1";"9";"6";""
"202300037680";"155 613 769";"A01";"3";"50";"0";"0";"0";"1";"3";""
"202300037681";"155 613 768";"A01";"1";"7";"0";"1";"2";"15";"1";""
"202300037682";"155 613 767";"A01";"1";"7";"2";"0";"3";"1";"1";""
"202300037683";"155 613 765";"B01";"2";"7";"0";"2";"4";"1";"1";""
"202300037683";"155 613 766";"A01";"2";"7";"0";"2";"1";"1";"1";""
"202300037684";"155 613 763";"A01";"3";"7";"0";"1";"1";"1";"1";""
"202300037685";"155 613 762";"B01";"1";"7";"0";"2";"3";"15";"1";""
"202300037685";"155 613 764";"A01";"2";"32";"0";"2";"6";"1";"1";""
"202300037686";"155 613 759";"B01";"2";"7";"0";"2";"4";"1";"0";""
"202300037686";"155 613 761";"A01";"1";"7";"0";"2";"1";"1";"0";""
"202300037687";"155 613 757";"B01";"1";"7";"0";"2";"4";"2";"1";""
"202300037687";"155 613 760";"A01";"1";"7";"0";"2";"1";"2";"1";""
"202300037688";"155 613 756";"A01";"2";"50";"0";"2";"4";"1";"3";""
"202300037688";"155 613 758";"Z01";"2";"50";"0";"2";"1";"1";"3";""
"202300037689";"155 613 752";"B01";"3";"7";"0";"2";"4";"1";"1";""
"202300037689";"155 613 755";"A01";"3";"7";"0";"2";"1";"1";"1";""
"202300037690";"155 613 749";"A01";"1";"7";"0";"2";"1";"2";"2";""
"202300037690";"155 613 751";"B01";"1";"7";"0";"2";"4";"2";"0";""
"202300037691";"155 613 747";"A01";"3";"2";"8";"0";"3";"1";"1";""
"202300037692";"155 613 745";"A01";"1";"7";"12";"0";"1";"1";"3";""
"202300037693";"155 613 743";"B01";"2";"1";"0";"2";"1";"1";"5";""
"202300037693";"155 613 744";"C01";"2";"1";"0";"2";"1";"1";"5";""
"202300037693";"155 613 746";"A01";"1";"7";"0";"2";"1";"13";"1";""
"202300037694";"155 613 740";"B01";"1";"37";"0";"2";"3";"1";"1";"1"
"202300037694";"155 613 742";"A01";"2";"34";"0";"2";"1";"5";"1";""
"202300037695";"155 613 739";"B01";"1";"1";"0";"2";"3";"1";"5";""
"202300037695";"155 613 741";"A01";"1";"7";"0";"2";"5";"20";"1";""
"202300037696";"155 613 736";"A01";"1";"7";"0";"2";"4";"23";"1";""