"Num_Acc";"id_vehicule";"num_veh";"senc";"catv";"obs";"obsm";"choc";"manv";"motor";"occutc"
"202300038089";"155 613 034";"D01";"2";"7";"0";"2";"6";"24";"1";""
"202300038090";"155 613 024";"A01";"2";"7";"0";"2";"3";"1";"2";""
"202300038090";"155 613 026";"B01";"1";"7";"1";"2";"3";"13";"1";""
"202300038091";"155 613 021";"A01";"2";"7";"0";"2";"2";"15";"1";""
"202300038091";"155 613 025";"B01";"1";"7";"0";"2";"0";"0";"1";""
"202300038092";"155 613 019";"B01";"2";"7";"14";"0";"4";"23";"1";""
"202300038092";"155 613 023";"A01";"2";"7";"0";"2";"1";"23";"1";""
"202300038093";"155 613 015";"B01";"2";"31";"0";"2";"1";"2";"0";""
"202300038093";"155 613 017";"A01";"1";"99";"0";"0";"8";"26";"0";""
"202300038094";"155 613 010";"A01";"1";"7";"0";"2";"1";"21";"1";""
"202300038094";"155 613 011";"B01";"1";"7";"0";"2";"0";"1";"1";""
"202300038094";"155 613 014";"C01";"1";"31";"0";"2";"1";"21";"1";""
"202300038095";"155 613 009";"B01";"1";"43";"0";"2";"3";"1";"1";""
"202300038095";"155 613 013";"A01";"1";"7";"0";"2";"3";"15";"1";""
"202300038096";"155 613 008";"A01";"2";"14";"0";"1";"7";"16";"1";""
"202300038097";"155 613 004";"A01";"2";"34";"0";"2";"1";"1";"1";""
"202300038097";"155 613 007";"B01";"1";"7";"0";"2";"5";"15";"0";""
"202300038098";"155 613 001";"A01";"3";"10";"0";"0";"0";"0";"0";""
"202300038098";"155 613 006";"B01";"3";"2";"0";"2";"0";"0";"1";""
"202300038099";"155 613 003";"B01";"1";"15";"0";"2";"1";"1";"1";""
"202300038099";"155 613 005";"A01";"2";"2";"0";"2";"1";"17";"1";""
"202300038100";"155 613 000";"B01";"2";"2";"0";"2";"8";"1";"1";""
"202300038100";"155 613 002";"A01";"2";"7";"0";"2";"2";"9";"1";""
"202300038101";"155 612 997";"A01";"1";"31";"1";"1";"3";"13";"1";""
"202300038102";"155 612 996";"A01";"1";"7";"0";"2";"7";"9";"1";""
"202300038102";"155 612 998";"B01";"2";"34";"4";"2";"1";"1";"1";""
"202300038103";"155 612 995";"B01";"2";"7";"0";"0";"6";"1";"1";""
"202300038103";"155 612 999";"A01";"2";"7";"0";"2";"1";"1";"1";""
"202300038104";"155 612 992";"A01";"2";"7";"6";"1";"3";"13";"1";""
"202300038105";"155 612 991";"B01";"3";"39";"0";"2";"1";"1";"3";""
"202300038105";"155 612 994";"A01";"3";"80";"0";"4";"7";"19";"5";""
"202300038106";"155 612 989";"A01";"2";"10";"1";"0";"3";"13";"1";""
"202300038107";"155 612 990";"A01";"3";"7";"0";"2";"3";"13";"1";""
"202300038107";"155 612 993";"B01";"3";"7";"0";"2";"3";"1";"1";""
"202300038108";"155 612 985";"B01";"2";"2";"0";"2";"7";"1";"1";""
"202300038108";"155 612 988";"A01";"2";"7";"0";"2";"1";"9";"1";""
"202300038109";"155 612 983";"A01";"2";"2";"1";"0";"1";"1";"1";""
"202300038110";"155 612 982";"A01";"1";"2";"0";"2";"1";"2";"3";""
"202300038110";"155 612 986";"B01";"1";"7";"0";"2";"4";"2";"1";""
"202300038111";"155 612 981";"C01";"1";"7";"0";"2";"1";"1";"1";""
"202300038111";"155 612 984";"A01";"1";"10";"0";"2";"1";"1";"1";""
"202300038111";"155 612 987";"B01";"1";"33";"0";"2";"1";"1";"1";""
"202300038112";"155 612 979";"A01";"1";"7";"0";"2";"1";"13";"1";""
"202300038112";"155 612 980";"B01";"2";"7";"0";"2";"1";"1";"1";""
"202300038113";"155 612 978";"A01";"1";"80";"0";"0";"0";"1";"3";""
"202300038114";"155 612 973";"A01";"1";"7";"0";"1";"1";"1";"1";""
"202300038115";"155 612 974";"A01";"1";"10";"0";"2";"0";"20";"1";""
"202300038115";"155 612 976";"B01";"1";"60";"0";"2";"0";"1";"5";""
"202300038116";"155 612 975";"A01";"0";"30";"0";"2";"1";"2";"1";""
"202300038116";"155 612 977";"B01";"0";"7";"0";"2";"6";"2";"1";""
"202300038117";"155 612 972";"A01";"2";"36";"0";"0";"0";"1";"1";""
"202300038118";"155 612 966";"C01";"1";"17";"0";"2";"7";"1";"1";""
"202300038118";"155 612 968";"A01";"1";"7";"0";"2";"1";"2";"1";""
"202300038118";"155 612 970";"B01";"1";"7";"3";"2";"4";"1";"1";""
"202300038119";"155 612 969";"B01";"3";"1";"0";"2";"8";"19";"5";""
"202300038119";"155 612 971";"A01";"3";"7";"0";"9";"1";"16";"1";""
"202300038120";"155 612 965";"A01";"2";"7";"0";"2";"3";"1";"2";""
"202300038120";"155 612 967";"B01";"1";"7";"0";"2";"1";"1";"1";""
"202300038121";"155 612 964";"A01";"1";"7";"6";"0";"1";"16";"1";""
"202300038122";"155 612 960";"A01";"1";"7";"0";"2";"4";"1";"1";""
"202300038122";"155 612 962";"B01";"1";"7";"0";"2";"4";"1";"1";""
"202300038122";"155 612 963";"C01";"1";"7";"0";"2";"4";"1";"1";""
"202300038123";"155 612 957";"B01";"2";"50";"0";"2";"1";"1";"3";""
"202300038123";"155 612 958";"A01";"1";"7";"0";"9";"8";"9";"1";""
"202300038124";"155 612 955";"A01";"3";"7";"0";"0";"9";"14";"1";""
"202300038125";"155 612 954";"A01";"1";"7";"0";"2";"3";"2";"1";""
"202300038125";"155 612 956";"B01";"1";"37";"0";"0";"6";"2";"1";"1"
"202300038126";"155 612 952";"B01";"1";"30";"0";"2";"1";"1";"1";""
"202300038126";"155 612 953";"A01";"2";"7";"0";"2";"5";"15";"1";""
"202300038127";"155 612 948";"B01";"1";"1";"0";"2";"2";"17";"5";""
"202300038127";"155 612 950";"A01";"1";"7";"0";"9";"3";"1";"1";""
"202300038128";"155 612 946";"A01";"2";"7";"0";"1";"1";"1";"1";""
"202300038129";"155 612 945";"A01";"1";"7";"0";"2";"3";"13";"1";""
"202300038129";"155 612 947";"B01";"2";"7";"0";"2";"3";"1";"1";""
"202300038130";"155 612 944";"A01";"1";"7";"2";"0";"9";"1";"1";""
"202300038131";"155 612 943";"A01";"1";"33";"0";"0";"8";"1";"1";""
"202300038132";"155 612 938";"A01";"2";"7";"0";"2";"1";"19";"1";""
"202300038132";"155 612 942";"B01";"2";"37";"0";"2";"3";"1";"1";"8"
"202300038133";"155 612 937";"A01";"2";"33";"14";"0";"0";"1";"0";""
"202300038134";"155 612 936";"A01";"1";"1";"0";"2";"0";"16";"5";""
"202300038134";"155 612 939";"B01";"1";"14";"0";"2";"1";"1";"1";""
"202300038135";"155 612 931";"A01";"2";"1";"0";"2";"1";"1";"5";""
"202300038135";"155 612 934";"B01";"2";"7";"0";"2";"7";"16";"1";""
"202300038136";"155 612 930";"A01";"3";"7";"0";"2";"7";"14";"0";""
"202300038136";"155 612 933";"B01";"3";"7";"0";"2";"1";"1";"0";""
"202300038137";"155 612 929";"C01";"2";"7";"4";"0";"2";"1";"1";""
"202300038137";"155 612 932";"B01";"2";"7";"0";"2";"4";"26";"1";""
"202300038137";"155 612 935";"A01";"2";"7";"0";"2";"1";"1";"1";""
"202300038138";"155 612 928";"A01";"2";"7";"7";"0";"1";"1";"1";""
"202300038139";"155 612 927";"A01";"1";"10";"8";"0";"2";"1";"1";""
"202300038140";"155 612 924";"A01";"1";"7";"13";"0";"2";"2";"1";""
"202300038141";"155 612 925";"B01";"2";"7";"0";"2";"3";"15";"1";""
"202300038141";"155 612 926";"A01";"2";"7";"2";"2";"2";"17";"1";""
"202300038142";"155 612 922";"B01";"1";"7";"0";"2";"1";"0";"1";""
"202300038142";"155 612 923";"A01";"2";"7";"0";"2";"1";"0";"1";""
"202300038143";"155 612 921";"A01";"1";"7";"13";"0";"7";"14";"1";""
"202300038144";"155 612 920";"A01";"1";"2";"13";"0";"1";"1";"1";""
"202300038145";"155 612 919";"A01";"2";"7";"16";"0";"1";"13";"1";""
"202300038146";"155 612 918";"A01";"1";"7";"6";"0";"4";"1";"1";""
"202300038147";"155 612 915";"B01";"1";"7";"2";"2";"3";"9";"1";""
"202300038147";"155 612 916";"A01";"1";"7";"0";"2";"1";"1";"1";""
"202300038148";"155 612 917";"A01";"1";"7";"2";"0";"7";"14";"1";""
"202300038149";"155 612 913";"B01";"2";"1";"0";"0";"4";"2";"5";""
"202300038149";"155 612 914";"A01";"2";"2";"0";"9";"2";"2";"1";""
"202300038150";"155 612 911";"A01";"2";"7";"2";"0";"1";"19";"1";""
"202300038151";"155 612 912";"A01";"1";"7";"4";"0";"1";"1";"1";""
"202300038152";"155 612 910";"A01";"2";"7";"2";"0";"1";"13";"1";""
"202300038153";"155 612 908";"A01";"1";"7";"0";"0";"9";"1";"1";""
"202300038154";"155 612 907";"B01";"2";"31";"0";"2";"2";"1";"1";""
"202300038154";"155 612 909";"A01";"3";"7";"0";"2";"3";"1";"1";""
"202300038155";"155 612 906";"A01";"1";"2";"12";"0";"6";"1";"1";""
"202300038156";"155 612 904";"B01";"1";"50";"0";"2";"4";"0";"3";""
"202300038156";"155 612 905";"A01";"1";"10";"0";"2";"2";"1";"1";""
"202300038157";"155 612 903";"A01";"2";"33";"0";"0";"8";"15";"1";""
"202300038158";"155 612 901";"A01";"1";"7";"0";"0";"1";"1";"1";""
"202300038159";"155 612 900";"A01";"3";"33";"0";"2";"4";"23";"1";""
"202300038159";"155 612 902";"B01";"3";"14";"0";"2";"3";"1";"1";""
"202300038160";"155 612 899";"A01";"1";"7";"13";"0";"2";"14";"1";""
"202300038161";"155 612 898";"A01";"3";"7";"0";"1";"1";"1";"1";""
"202300038162";"155 612 895";"A01";"2";"7";"0";"0";"1";"1";"1";""
"202300038163";"155 612 896";"A01";"3";"33";"0";"1";"1";"17";"1";""
"202300038163";"155 612 897";"B01";"3";"1";"0";"2";"1";"1";"5";""
"202300038164";"155 612 892";"A01";"1";"10";"0";"2";"2";"16";"1";""
"202300038164";"155 612 894";"B01";"1";"50";"8";"2";"3";"1";"3";""
"202300038165";"155 612 891";"A01";"2";"7";"0";"2";"1";"13";"0";""
"202300038165";"155 612 893";"B01";"1";"7";"0";"2";"1";"1";"0";""
"202300038166";"155 612 890";"A01";"2";"7";"0";"0";"0";"1";"1";""
"202300038167";"155 612 889";"A01";"2";"7";"16";"0";"3";"2";"1";""
"202300038168";"155 612 888";"A01";"3";"7";"0";"0";"2";"15";"1";""
"202300038169";"155 612 887";"A01";"1";"33";"2";"0";"1";"17";"1";""
"202300038170";"155 612 886";"A01";"2";"7";"0";"1";"1";"1";"1";""
"202300038171";"155 612 883";"B01";"1";"1";"1";"0";"1";"1";"5";""
"202300038171";"155 612 885";"A01";"1";"10";"0";"9";"3";"23";"1";""
"202300038172";"155 612 882";"A01";"1";"7";"0";"2";"1";"10";"0";""
"202300038172";"155 612 884";"B01";"2";"33";"0";"2";"2";"1";"0";""
"202300038173";"155 612 881";"A01";"2";"7";"15";"0";"1";"14";"1";""
"202300038174";"155 612 878";"A01";"2";"7";"2";"0";"1";"21";"1";""
"202300038174";"155 612 879";"B01";"2";"7";"2";"0";"6";"1";"1";""
"202300038175";"155 612 877";"B01";"1";"10";"0";"2";"3";"1";"0";""
"202300038175";"155 612 880";"A01";"2";"7";"0";"2";"1";"13";"0";""
"202300038176";"155 612 876";"A01";"2";"7";"2";"0";"1";"13";"1";""
"202300038177";"155 612 874";"A01";"1";"33";"0";"0";"9";"1";"1";""
"202300038178";"155 612 875";"A01";"1";"33";"0";"0";"0";"15";"1";""
"202300038179";"155 612 873";"A01";"3";"33";"12";"0";"1";"15";"1";""
"202300038180";"155 612 871";"A01";"2";"7";"0";"0";"8";"19";"1";""
"202300038180";"155 612 872";"B01";"2";"33";"0";"2";"2";"26";"1";""
"202300038181";"155 612 868";"A01";"2";"7";"8";"0";"0";"1";"1";""
"202300038182";"155 612 869";"A01";"2";"10";"0";"1";"3";"15";"1";""
"202300038183";"155 612 867";"B01";"2";"7";"0";"2";"1";"1";"1";""
"202300038183";"155 612 870";"A01";"3";"7";"0";"2";"2";"19";"1";""
"202300038184";"155 612 865";"A01";"2";"7";"9";"0";"2";"1";"1";""
"202300038185";"155 612 864";"A01";"1";"7";"0";"2";"3";"23";"1";""
"202300038185";"155 612 866";"B01";"2";"33";"0";"2";"2";"1";"1";""
"202300038186";"155 612 862";"A01";"0";"33";"2";"0";"1";"10";"0";""
"202300038187";"155 612 861";"A01";"1";"34";"0";"0";"0";"0";"1";""
"202300038187";"155 612 863";"B01";"2";"7";"9";"0";"0";"0";"1";""
"202300038188";"155 612 856";"A01";"0";"7";"0";"2";"7";"1";"1";""
"202300038188";"155 612 859";"B01";"0";"7";"0";"2";"1";"26";"1";""
"202300038189";"155 612 857";"A01";"1";"7";"0";"2";"1";"17";"1";""
"202300038189";"155 612 860";"B01";"1";"21";"0";"0";"5";"15";"1";""
"202300038190";"155 612 855";"B01";"1";"33";"0";"2";"3";"1";"1";""
"202300038190";"155 612 858";"A01";"2";"7";"0";"2";"6";"15";"1";""
"202300038191";"155 612 853";"A01";"0";"7";"0";"2";"3";"6";"0";""
"202300038191";"155 612 854";"B01";"0";"7";"0";"2";"2";"21";"0";""
"202300038192";"155 612 849";"A01";"1";"30";"0";"2";"1";"10";"1";""
"202300038192";"155 612 852";"B01";"1";"32";"0";"2";"8";"1";"1";""
"202300038193";"155 612 847";"A01";"3";"7";"0";"2";"3";"26";"1";""
"202300038193";"155 612 851";"B01";"3";"1";"0";"2";"3";"16";"5";""
"202300038194";"155 612 846";"A01";"2";"7";"0";"2";"1";"13";"1";""
"202300038194";"155 612 848";"C01";"1";"7";"0";"2";"1";"0";"1";""
"202300038194";"155 612 850";"B01";"1";"7";"0";"2";"6";"0";"1";""
"202300038195";"155 612 844";"B01";"0";"7";"0";"9";"3";"1";"0";""
"202300038195";"155 612 845";"A01";"0";"99";"0";"2";"1";"0";"3";""
"202300038196";"155 612 842";"A01";"1";"7";"6";"0";"1";"1";"1";""
"202300038197";"155 612 839";"A01";"3";"14";"0";"0";"7";"1";"1";""
"202300038198";"155 612 841";"B01";"1";"1";"0";"2";"4";"2";"5";""
"202300038198";"155 612 843";"A01";"1";"1";"0";"2";"1";"2";"5";""
"202300038199";"155 612 838";"B01";"0";"1";"0";"2";"1";"14";"5";""
"202300038199";"155 612 840";"A01";"0";"7";"0";"2";"2";"15";"1";""
"202300038200";"155 612 836";"B01";"1";"7";"0";"2";"5";"14";"1";""
"202300038200";"155 612 837";"A01";"1";"33";"0";"2";"1";"1";"1";""
"202300038201";"155 612 835";"A01";"1";"7";"2";"0";"8";"1";"1";""
"202300038202";"155 612 834";"A01";"1";"43";"0";"1";"1";"1";"1";""
"202300038203";"155 612 830";"B01";"1";"10";"0";"2";"4";"2";"1";""
"202300038203";"155 612 832";"A01";"1";"15";"0";"2";"1";"2";"1";""
"202300038203";"155 612 833";"C01";"1";"15";"0";"2";"4";"2";"0";""
"202300038204";"155 612 828";"A01";"1";"7";"0";"2";"5";"1";"1";""
"202300038204";"155 612 831";"B01";"1";"1";"0";"2";"3";"1";"5";""
"202300038205";"155 612 829";"A01";"1";"7";"0";"0";"9";"19";"1";""
"202300038206";"155 612 826";"B01";"2";"7";"0";"2";"6";"2";"1";""
"202300038206";"155 612 827";"A01";"2";"17";"6";"2";"7";"12";"1";""
"202300038207";"155 612 823";"A01";"1";"7";"0";"9";"7";"2";"1";""
"202300038207";"155 612 825";"B01";"1";"1";"0";"0";"4";"2";"5";""
"202300038208";"155 612 824";"A01";"2";"33";"3";"0";"1";"17";"1";""
"202300038209";"155 612 821";"A01";"2";"10";"0";"2";"1";"2";"1";""
"202300038209";"155 612 822";"B01";"2";"7";"0";"2";"4";"2";"1";""
"202300038210";"155 612 820";"A01";"0";"7";"0";"1";"1";"1";"6";""
"202300038211";"155 612 817";"B01";"2";"32";"0";"2";"4";"2";"1";""
"202300038211";"155 612 819";"A01";"2";"7";"0";"2";"1";"2";"1";""
"202300038212";"155 612 816";"A01";"0";"33";"0";"6";"1";"1";"0";""
"202300038213";"155 612 814";"A01";"2";"7";"4";"0";"1";"1";"1";""
"202300038214";"155 612 813";"A01";"3";"7";"0";"9";"2";"0";"1";""
"202300038214";"155 612 815";"B01";"3";"1";"0";"0";"4";"0";"5";""
"202300038215";"155 612 812";"B01";"2";"7";"0";"2";"8";"1";"1";""
"202300038215";"155 612 818";"A01";"1";"7";"0";"2";"1";"1";"1";""
"202300038216";"155 612 810";"A01";"1";"1";"0";"0";"0";"1";"5";""
"202300038217";"155 612 809";"B01";"2";"10";"0";"2";"9";"11";"1";""
"202300038217";"155 612 811";"A01";"2";"7";"0";"2";"2";"1";"1";""
"202300038218";"155 612 807";"A01";"3";"7";"13";"0";"9";"1";"1";""
"202300038219";"155 612 804";"B01";"1";"7";"3";"2";"4";"1";"1";""
"202300038219";"155 612 806";"A01";"1";"7";"0";"2";"1";"17";"1";""
"202300038220";"155 612 805";"B01";"1";"7";"0";"2";"6";"1";"1";""
"202300038220";"155 612 808";"A01";"1";"30";"0";"2";"1";"13";"1";""
"202300038221";"155 612 803";"A01";"1";"10";"0";"1";"2";"2";"1";""
"202300038222";"155 612 800";"A01";"1";"7";"0";"2";"3";"1";"1";""
"202300038222";"155 612 801";"B01";"2";"7";"0";"2";"3";"1";"1";""
"202300038223";"155 612 802";"A01";"1";"7";"4";"0";"3";"9";"1";""
"202300038224";"155 612 799";"A01";"1";"30";"0";"1";"1";"25";"3";""
"202300038225";"155 612 798";"A01";"1";"33";"0";"6";"1";"0";"1";""
"202300038226";"155 612 796";"A01";"1";"33";"15";"0";"2";"1";"1";""
"202300038227";"155 612 795";"A01";"2";"50";"0";"2";"8";"15";"3";""
"202300038227";"155 612 797";"B01";"2";"1";"0";"2";"8";"1";"5";""
"202300038228";"155 612 793";"A01";"1";"7";"6";"0";"1";"1";"1";""
"202300038229";"155 612 792";"A01";"2";"7";"3";"2";"3";"26";"1";""
"202300038229";"155 612 794";"B01";"2";"15";"0";"2";"8";"1";"1";""
"202300038230";"155 612 791";"A01";"3";"50";"12";"0";"7";"14";"3";""
"202300038231";"155 612 789";"B01";"2";"15";"0";"0";"6";"2";"1";""
"202300038231";"155 612 790";"A01";"2";"7";"4";"0";"2";"11";"0";""
"202300038232";"155 612 786";"A01";"1";"3";"0";"0";"5";"0";"0";""
"202300038232";"155 612 788";"B01";"1";"7";"0";"0";"2";"0";"1";""
"202300038233";"155 612 785";"A01";"1";"7";"0";"2";"2";"1";"1";""
"202300038233";"155 612 787";"B01";"1";"10";"0";"2";"3";"13";"1";""
"202300038234";"155 612 784";"A01";"2";"3";"0";"1";"1";"1";"1";""
"202300038235";"155 612 780";"C01";"1";"7";"0";"2";"3";"1";"1";""
"202300038235";"155 612 782";"A01";"1";"7";"0";"2";"1";"15";"1";""
"202300038235";"155 612 783";"B01";"2";"7";"0";"2";"1";"1";"1";""
"202300038236";"155 612 779";"A01";"1";"2";"0";"9";"0";"0";"1";""
"202300038237";"155 612 778";"A01";"1";"7";"0";"1";"2";"1";"1";""
"202300038238";"155 612 777";"Z01";"1";"10";"0";"1";"0";"0";"0";""
"202300038239";"155 612 775";"B01";"2";"7";"0";"2";"1";"13";"1";""
"202300038239";"155 612 776";"A01";"1";"7";"0";"2";"1";"1";"0";""
"202300038240";"155 612 774";"A01";"3";"7";"0";"1";"3";"15";"1";""
"202300038241";"155 612 773";"A01";"1";"10";"1";"0";"3";"1";"1";""
"202300038242";"155 612 769";"B01";"1";"33";"0";"2";"5";"1";"1";""
"202300038242";"155 612 772";"A01";"3";"99";"0";"2";"2";"1";"1";""
"202300038243";"155 612 765";"A01";"1";"7";"0";"1";"7";"1";"1";""
"202300038244";"155 612 759";"H01";"1";"1";"0";"2";"4";"1";"5";""
"202300038244";"155 612 761";"D01";"1";"1";"0";"2";"4";"1";"5";""
"202300038244";"155 612 763";"F01";"1";"1";"0";"2";"4";"1";"5";""
"202300038244";"155 612 764";"I01";"1";"1";"0";"2";"4";"1";"5";""
"202300038244";"155 612 766";"G01";"1";"1";"0";"2";"4";"1";"5";""
"202300038244";"155 612 767";"A01";"1";"7";"0";"2";"1";"1";"1";""
"202300038244";"155 612 768";"B01";"1";"1";"0";"2";"4";"1";"5";""
"202300038244";"155 612 770";"C01";"1";"1";"0";"2";"4";"1";"5";""
"202300038244";"155 612 771";"E01";"1";"1";"0";"2";"4";"1";"5";""
"202300038245";"155 612 756";"A01";"2";"31";"0";"2";"1";"26";"1";""
"202300038245";"155 612 758";"B01";"0";"7";"0";"9";"3";"19";"1";""
"202300038246";"155 612 755";"B01";"1";"7";"0";"2";"1";"1";"1";""
"202300038246";"155 612 757";"A01";"0";"36";"0";"2";"5";"9";"1";""
"202300038247";"155 612 753";"B01";"2";"34";"0";"2";"1";"1";"1";""
"202300038247";"155 612 754";"A01";"1";"7";"0";"2";"3";"15";"1";""
"202300038248";"155 612 752";"A01";"1";"33";"0";"0";"1";"0";"1";""
"202300038249";"155 612 750";"A01";"1";"33";"15";"0";"1";"1";"0";""
"202300038250";"155 612 751";"A01";"3";"1";"0";"9";"1";"1";"5";""
"202300038251";"155 612 749";"A01";"1";"33";"8";"0";"1";"0";"0";""
"202300038252";"155 612 748";"A01";"1";"7";"0";"1";"2";"1";"0";""
"202300038253";"155 612 745";"A01";"2";"7";"0";"2";"1";"2";"1";""
"202300038253";"155 612 746";"B01";"1";"7";"0";"2";"1";"1";"1";""
"202300038254";"155 612 744";"A01";"1";"7";"0";"2";"7";"1";"1";""
"202300038254";"155 612 747";"B01";"1";"14";"0";"2";"3";"1";"1";""
"202300038255";"155 612 741";"A01";"1";"7";"0";"0";"1";"1";"1";""
"202300038256";"155 612 742";"B01";"0";"7";"0";"2";"2";"1";"1";""
"202300038256";"155 612 743";"A01";"0";"7";"0";"2";"3";"16";"1";""
"202300038257";"155 612 740";"A01";"1";"33";"0";"0";"9";"1";"1";""
"202300038258";"155 612 738";"A01";"1";"7";"0";"2";"4";"2";"1";""
"202300038258";"155 612 739";"B01";"1";"7";"0";"2";"4";"2";"1";""
"202300038259";"155 612 737";"A01";"1";"33";"0";"0";"9";"14";"1";""
"202300038260";"155 612 733";"A01";"3";"7";"0";"2";"1";"17";"1";""
"202300038260";"155 612 736";"B01";"0";"7";"0";"2";"1";"1";"1";""
"202300038261";"155 612 734";"B01";"0";"7";"0";"9";"1";"16";"1";""
"202300038261";"155 612 735";"A01";"1";"1";"0";"2";"1";"9";"5";""
"202300038262";"155 612 732";"A01";"1";"10";"13";"0";"2";"1";"6";""
"202300038263";"155 612 728";"A01";"1";"33";"0";"2";"1";"2";"1";""
"202300038263";"155 612 730";"B01";"1";"7";"0";"2";"4";"2";"1";""
"202300038264";"155 612 729";"A01";"2";"7";"0";"2";"1";"1";"1";""
"202300038264";"155 612 731";"B01";"2";"7";"0";"2";"8";"16";"1";""
"202300038265";"155 612 725";"A01";"2";"30";"13";"0";"1";"26";"1";""
"202300038266";"155 612 726";"A01";"1";"33";"0";"2";"1";"13";"1";""
"202300038266";"155 612 727";"B01";"2";"7";"0";"2";"2";"1";"1";""
"202300038267";"155 612 724";"A01";"2";"33";"13";"0";"1";"16";"1";""
"202300038268";"155 612 722";"B01";"3";"7";"0";"2";"1";"1";"1";""
"202300038268";"155 612 723";"A01";"3";"7";"1";"2";"2";"15";"1";""
"202300038269";"155 612 720";"A01";"2";"2";"0";"2";"1";"13";"1";""
"202300038269";"155 612 721";"B01";"1";"7";"0";"2";"1";"1";"1";""
"202300038270";"155 612 718";"B01";"0";"7";"0";"2";"6";"1";"1";""
"202300038270";"155 612 719";"A01";"0";"7";"0";"2";"1";"19";"1";""
"202300038271";"155 612 717";"A01";"1";"32";"0";"0";"0";"1";"1";""
"202300038272";"155 612 716";"A01";"1";"7";"2";"0";"1";"26";"6";""
"202300038273";"155 612 713";"A01";"0";"7";"0";"2";"3";"19";"1";""
"202300038273";"155 612 715";"B01";"1";"7";"0";"2";"2";"1";"1";""
"202300038274";"155 612 712";"A01";"2";"7";"0";"2";"3";"2";"1";""
"202300038274";"155 612 714";"B01";"1";"7";"0";"2";"3";"16";"1";""
"202300038275";"155 612 709";"A01";"0";"50";"8";"0";"0";"25";"3";""
"202300038276";"155 612 710";"A01";"3";"7";"0";"0";"2";"1";"1";""
"202300038276";"155 612 711";"B01";"3";"31";"0";"0";"8";"0";"1";""
"202300038277";"155 612 707";"Z01";"2";"7";"0";"2";"1";"1";"0";""
"202300038277";"155 612 708";"B01";"2";"7";"1";"0";"4";"1";"1";""
"202300038278";"155 612 706";"A01";"1";"33";"0";"0";"7";"1";"1";""
"202300038279";"155 612 705";"A01";"2";"7";"8";"0";"3";"1";"1";""
"202300038280";"155 612 703";"A01";"3";"33";"14";"0";"1";"1";"1";""
"202300038281";"155 612 702";"B01";"0";"7";"0";"2";"6";"9";"1";""
"202300038281";"155 612 704";"A01";"3";"7";"0";"2";"2";"1";"1";""
"202300038282";"155 612 699";"B01";"3";"7";"0";"2";"1";"1";"1";""
"202300038282";"155 612 701";"A01";"3";"1";"0";"2";"8";"19";"5";""
"202300038283";"155 612 696";"A01";"0";"7";"14";"0";"8";"11";"1";""
"202300038283";"155 612 698";"B01";"3";"7";"0";"0";"7";"1";"1";""
"202300038284";"155 612 694";"B01";"3";"7";"0";"2";"3";"15";"1";""
"202300038284";"155 612 697";"A01";"1";"7";"0";"2";"1";"21";"1";""
"202300038285";"155 612 695";"A01";"2";"7";"9";"0";"1";"13";"1";""
"202300038286";"155 612 689";"B01";"2";"30";"0";"2";"1";"1";"1";""
"202300038286";"155 612 691";"C01";"1";"7";"0";"2";"2";"1";"1";""
"202300038286";"155 612 693";"A01";"1";"10";"0";"2";"6";"13";"1";""
"202300038287";"155 612 688";"A01";"0";"7";"14";"0";"3";"1";"0";""
"202300038288";"155 612 684";"A01";"1";"7";"0";"2";"3";"15";"0";""
"202300038288";"155 612 686";"B01";"2";"33";"0";"2";"1";"1";"1";""
"202300038289";"155 612 685";"A01";"1";"7";"0";"2";"6";"19";"1";""
"202300038289";"155 612 687";"B01";"2";"33";"0";"2";"3";"1";"1";""
"202300038290";"155 612 682";"B01";"3";"7";"0";"2";"2";"1";"1";""
"202300038290";"155 612 683";"A01";"3";"7";"0";"2";"8";"15";"1";""
"202300038291";"155 612 681";"A01";"2";"33";"8";"0";"1";"1";"1";""
"202300038292";"155 612 679";"A01";"1";"7";"8";"0";"5";"1";"1";""
"202300038293";"155 612 675";"A01";"2";"33";"0";"2";"1";"2";"1";""
"202300038293";"155 612 676";"B01";"2";"7";"0";"2";"3";"2";"1";""
"202300038294";"155 612 674";"A01";"3";"7";"15";"0";"0";"16";"1";""
"202300038295";"155 612 672";"A01";"1";"7";"16";"0";"9";"14";"1";""
"202300038296";"155 612 673";"A01";"1";"7";"0";"0";"1";"15";"1";""
"202300038297";"155 612 670";"A01";"3";"7";"0";"2";"2";"2";"0";""
"202300038297";"155 612 671";"B01";"3";"7";"0";"2";"8";"15";"0";""
"202300038298";"155 612 669";"A01";"2";"7";"6";"0";"2";"14";"0";""
"202300038299";"155 612 666";"B01";"1";"7";"0";"2";"4";"1";"1";""
"202300038299";"155 612 668";"A01";"0";"7";"0";"2";"1";"1";"1";""
"202300038300";"155 612 665";"B01";"3";"7";"0";"2";"4";"1";"0";""
"202300038300";"155 612 667";"A01";"3";"14";"0";"2";"2";"1";"0";""
"202300038301";"155 612 660";"A01";"0";"33";"0";"2";"1";"26";"1";""
"202300038301";"155 612 662";"B01";"0";"7";"0";"2";"0";"0";"1";""
"202300038302";"155 612 661";"B01";"3";"7";"0";"2";"1";"1";"1";""
"202300038302";"155 612 664";"A01";"1";"36";"0";"2";"7";"1";"1";""
"202300038303";"155 612 659";"A01";"2";"7";"0";"2";"1";"13";"1";""