"Num_Acc";"id_vehicule";"num_veh";"senc";"catv";"obs";"obsm";"choc";"manv";"motor";"occutc"
"202300038303";"155 612 663";"B01";"1";"7";"0";"2";"1";"2";"1";""
"202300038304";"155 612 657";"A01";"0";"34";"0";"0";"0";"0";"0";""
"202300038305";"155 612 655";"A01";"1";"7";"0";"2";"1";"0";"1";""
"202300038305";"155 612 658";"B01";"1";"2";"0";"2";"5";"0";"1";""
"202300038306";"155 612 656";"A01";"1";"33";"0";"0";"0";"1";"1";""
"202300038307";"155 612 652";"B01";"2";"3";"0";"2";"5";"1";"1";""
"202300038307";"155 612 654";"Z01";"2";"0";"0";"2";"0";"0";"0";""
"202300038308";"155 612 650";"A01";"1";"7";"0";"0";"6";"26";"1";""
"202300038308";"155 612 651";"B01";"1";"15";"0";"2";"2";"21";"1";""
"202300038309";"155 612 649";"A01";"1";"7";"0";"2";"5";"1";"1";""
"202300038309";"155 612 653";"B01";"2";"7";"0";"2";"1";"1";"1";""
"202300038310";"155 612 647";"A01";"0";"0";"0";"2";"1";"1";"0";""
"202300038310";"155 612 648";"B01";"3";"7";"0";"2";"3";"1";"1";""
"202300038311";"155 612 644";"B01";"1";"32";"0";"2";"1";"1";"1";""
"202300038311";"155 612 646";"A01";"2";"7";"0";"2";"1";"15";"1";""
"202300038312";"155 612 642";"A01";"1";"7";"0";"2";"2";"17";"0";""
"202300038312";"155 612 645";"B01";"2";"7";"0";"2";"1";"1";"0";""
"202300038313";"155 612 641";"A01";"1";"7";"0";"2";"2";"1";"1";""
"202300038313";"155 612 643";"B01";"1";"30";"0";"2";"8";"1";"1";""
"202300038314";"155 612 640";"A01";"1";"7";"0";"1";"1";"26";"1";""
"202300038315";"155 612 638";"A01";"1";"7";"10";"0";"2";"13";"1";""
"202300038316";"155 612 633";"B01";"1";"7";"0";"2";"5";"1";"1";""
"202300038316";"155 612 635";"A01";"1";"31";"0";"2";"1";"3";"1";""
"202300038317";"155 612 634";"A01";"2";"7";"0";"2";"2";"1";"1";""
"202300038317";"155 612 636";"B01";"1";"7";"0";"2";"1";"1";"1";""
"202300038318";"155 612 631";"A01";"1";"7";"0";"2";"5";"26";"1";""
"202300038318";"155 612 632";"B01";"1";"7";"0";"2";"4";"2";"1";""
"202300038318";"155 612 637";"C01";"1";"7";"0";"2";"1";"2";"1";""
"202300038318";"155 612 639";"D01";"1";"7";"0";"2";"1";"2";"1";""
"202300038319";"155 612 628";"A01";"2";"7";"1";"0";"3";"20";"1";""
"202300038319";"155 612 629";"B01";"2";"80";"0";"2";"2";"1";"3";""
"202300038320";"155 612 625";"A01";"2";"7";"0";"2";"1";"2";"1";""
"202300038320";"155 612 627";"C01";"2";"7";"0";"2";"5";"2";"1";""
"202300038320";"155 612 630";"B01";"2";"7";"0";"2";"4";"2";"1";""
"202300038321";"155 612 622";"A01";"2";"14";"0";"2";"0";"2";"1";""
"202300038321";"155 612 624";"B01";"2";"1";"0";"2";"0";"0";"5";""
"202300038322";"155 612 621";"A01";"1";"10";"0";"2";"1";"13";"1";""
"202300038322";"155 612 623";"B01";"2";"7";"0";"9";"3";"1";"1";""
"202300038322";"155 612 626";"C01";"2";"7";"0";"9";"1";"1";"1";""
"202300038323";"155 612 617";"A01";"1";"30";"0";"2";"1";"1";"1";""
"202300038323";"155 612 619";"B01";"1";"7";"0";"2";"3";"19";"1";""
"202300038324";"155 612 618";"A01";"2";"7";"0";"2";"8";"11";"1";""
"202300038324";"155 612 620";"B01";"2";"32";"0";"2";"7";"1";"1";""
"202300038325";"155 612 616";"A01";"1";"32";"0";"0";"0";"1";"1";""
"202300038326";"155 612 612";"A01";"1";"7";"0";"2";"1";"1";"1";""
"202300038326";"155 612 614";"B01";"1";"7";"0";"2";"8";"15";"1";""
"202300038327";"155 612 613";"B01";"2";"1";"0";"2";"0";"1";"5";""
"202300038327";"155 612 615";"A01";"1";"1";"0";"0";"0";"13";"5";""
"202300038328";"155 612 608";"A01";"1";"7";"0";"2";"4";"4";"1";""
"202300038328";"155 612 610";"B01";"2";"7";"0";"2";"1";"2";"1";""
"202300038329";"155 612 611";"A01";"1";"2";"1";"0";"1";"1";"1";""
"202300038330";"155 612 607";"A01";"1";"7";"0";"0";"0";"22";"1";""
"202300038330";"155 612 609";"B01";"1";"31";"0";"0";"0";"1";"1";""
"202300038331";"155 612 606";"A01";"3";"7";"2";"0";"1";"21";"1";""
"202300038332";"155 612 605";"A01";"2";"7";"0";"0";"0";"0";"0";""
"202300038333";"155 612 603";"A01";"1";"7";"0";"1";"3";"1";"1";""
"202300038334";"155 612 602";"A01";"1";"7";"0";"2";"8";"22";"1";""
"202300038334";"155 612 604";"B01";"1";"1";"1";"0";"1";"1";"5";""
"202300038335";"155 612 599";"B01";"1";"21";"0";"2";"6";"1";"0";""
"202300038335";"155 612 601";"A01";"1";"10";"0";"2";"2";"2";"1";""
"202300038336";"155 612 596";"A01";"1";"7";"2";"0";"1";"1";"1";""
"202300038337";"155 612 597";"A01";"1";"7";"0";"2";"3";"15";"1";""
"202300038337";"155 612 598";"B01";"1";"7";"0";"2";"3";"1";"1";""
"202300038338";"155 612 595";"A01";"1";"7";"0";"2";"1";"19";"1";""
"202300038338";"155 612 600";"B01";"2";"7";"0";"2";"8";"1";"1";""
"202300038339";"155 612 594";"A01";"2";"33";"6";"0";"0";"0";"1";""
"202300038340";"155 612 592";"A01";"1";"7";"1";"0";"8";"22";"1";""
"202300038340";"155 612 593";"B01";"1";"80";"1";"0";"1";"21";"3";""
"202300038341";"155 612 590";"A01";"0";"7";"0";"2";"7";"15";"1";""
"202300038341";"155 612 591";"B01";"0";"2";"0";"2";"1";"1";"1";""
"202300038342";"155 612 587";"A01";"2";"7";"0";"0";"1";"1";"1";""
"202300038343";"155 612 585";"B01";"2";"7";"0";"2";"6";"15";"1";""
"202300038343";"155 612 588";"A01";"1";"2";"0";"2";"1";"5";"1";""
"202300038344";"155 612 584";"C01";"2";"7";"13";"0";"1";"21";"1";""
"202300038344";"155 612 586";"A01";"2";"7";"13";"2";"8";"19";"1";""
"202300038344";"155 612 589";"B01";"1";"15";"0";"2";"1";"1";"1";""
"202300038345";"155 612 582";"B01";"1";"1";"13";"2";"3";"1";"5";""
"202300038345";"155 612 583";"A01";"2";"7";"0";"2";"3";"13";"1";""
"202300038346";"155 612 581";"A01";"3";"7";"9";"1";"1";"26";"1";""
"202300038347";"155 612 580";"A01";"1";"1";"0";"0";"0";"1";"5";""
"202300038348";"155 612 577";"B01";"0";"7";"0";"9";"2";"16";"1";""
"202300038348";"155 612 579";"A01";"0";"60";"0";"2";"1";"1";"5";""
"202300038349";"155 612 575";"B01";"3";"7";"0";"2";"3";"1";"1";""
"202300038349";"155 612 578";"A01";"3";"7";"0";"2";"1";"1";"1";""
"202300038350";"155 612 573";"A01";"2";"7";"2";"0";"1";"1";"1";""
"202300038351";"155 612 574";"B01";"1";"1";"0";"2";"6";"16";"5";""
"202300038351";"155 612 576";"A01";"1";"7";"0";"0";"5";"9";"1";""
"202300038352";"155 612 571";"A01";"2";"33";"16";"0";"1";"1";"1";""
"202300038353";"155 612 570";"B01";"1";"7";"0";"2";"3";"1";"1";""
"202300038353";"155 612 572";"A01";"3";"7";"0";"2";"2";"1";"1";""
"202300038354";"155 612 569";"A01";"1";"33";"3";"0";"1";"13";"1";""
"202300038355";"155 612 567";"A01";"1";"7";"0";"2";"3";"15";"1";""
"202300038355";"155 612 568";"B01";"2";"2";"0";"2";"8";"1";"1";""
"202300038356";"155 612 566";"A01";"1";"7";"0";"1";"4";"1";"1";""
"202300038357";"155 612 564";"B01";"3";"2";"0";"2";"1";"1";"1";""
"202300038357";"155 612 565";"A01";"3";"7";"0";"2";"2";"13";"1";""
"202300038358";"155 612 563";"A01";"2";"7";"4";"0";"1";"9";"1";""
"202300038359";"155 612 560";"A01";"2";"7";"0";"9";"3";"21";"1";""
"202300038359";"155 612 562";"B01";"2";"50";"0";"2";"4";"15";"3";""
"202300038360";"155 612 558";"A01";"2";"7";"0";"1";"5";"1";"1";""
"202300038361";"155 612 559";"A01";"1";"33";"0";"0";"4";"2";"1";""
"202300038361";"155 612 561";"B01";"1";"33";"0";"2";"1";"2";"1";""
"202300038362";"155 612 554";"B01";"3";"7";"0";"2";"4";"23";"1";""
"202300038362";"155 612 557";"A01";"3";"7";"0";"2";"1";"2";"0";""
"202300038363";"155 612 551";"A01";"2";"10";"0";"2";"1";"0";"0";""
"202300038363";"155 612 553";"B01";"1";"7";"0";"2";"1";"1";"0";""
"202300038364";"155 612 552";"A01";"1";"7";"0";"1";"1";"1";"1";""
"202300038365";"155 612 550";"A01";"1";"50";"0";"0";"0";"25";"3";""
"202300038366";"155 612 548";"A01";"1";"33";"3";"0";"1";"13";"1";""
"202300038367";"155 612 547";"A01";"2";"7";"0";"2";"1";"13";"1";""
"202300038367";"155 612 549";"B01";"1";"7";"0";"2";"1";"1";"1";""
"202300038368";"155 612 546";"A01";"1";"33";"0";"0";"9";"1";"1";""
"202300038369";"155 612 543";"B01";"1";"3";"0";"2";"7";"1";"1";""
"202300038369";"155 612 544";"A01";"1";"7";"0";"2";"1";"1";"1";""
"202300038370";"155 612 541";"B01";"2";"7";"0";"2";"2";"1";"1";""
"202300038370";"155 612 545";"A01";"1";"2";"0";"2";"8";"9";"1";""
"202300038371";"155 612 542";"A01";"1";"7";"1";"0";"8";"0";"1";""
"202300038372";"155 612 540";"A01";"3";"7";"0";"1";"2";"5";"1";""
"202300038373";"155 612 537";"A01";"1";"7";"2";"0";"2";"0";"1";""
"202300038374";"155 612 536";"B01";"2";"7";"0";"2";"3";"21";"1";""
"202300038374";"155 612 539";"A01";"1";"10";"0";"2";"1";"5";"1";""
"202300038375";"155 612 531";"B01";"2";"39";"0";"2";"3";"19";"3";""
"202300038375";"155 612 533";"A01";"2";"7";"0";"4";"2";"23";"1";""
"202300038376";"155 612 534";"C01";"1";"33";"0";"2";"1";"1";"1";""
"202300038376";"155 612 535";"A01";"2";"7";"0";"2";"1";"15";"1";""
"202300038376";"155 612 538";"B01";"1";"33";"0";"2";"8";"1";"1";""
"202300038377";"155 612 527";"A01";"2";"7";"0";"2";"3";"13";"1";""
"202300038377";"155 612 530";"B01";"1";"7";"0";"2";"3";"1";"1";""
"202300038378";"155 612 526";"A01";"1";"7";"3";"2";"2";"5";"1";""
"202300038378";"155 612 528";"B01";"2";"7";"0";"2";"2";"1";"1";""
"202300038378";"155 612 529";"C01";"2";"14";"0";"2";"2";"1";"1";""
"202300038379";"155 612 525";"A01";"1";"7";"0";"1";"2";"2";"1";""
"202300038380";"155 612 523";"A01";"1";"7";"4";"0";"2";"0";"1";""
"202300038381";"155 612 521";"A01";"2";"7";"0";"0";"6";"15";"1";""
"202300038381";"155 612 524";"B01";"2";"33";"0";"2";"1";"1";"1";""
"202300038382";"155 612 519";"A01";"0";"33";"0";"0";"8";"10";"1";""
"202300038383";"155 612 518";"A01";"0";"7";"0";"1";"4";"4";"1";""
"202300038384";"155 612 520";"B01";"2";"33";"0";"2";"8";"2";"1";""
"202300038384";"155 612 522";"A01";"2";"33";"1";"2";"7";"1";"1";""
"202300038385";"155 612 515";"B01";"3";"7";"0";"2";"2";"15";"1";""
"202300038385";"155 612 517";"A01";"2";"43";"0";"2";"3";"1";"1";""
"202300038386";"155 612 514";"A01";"2";"7";"13";"0";"1";"26";"1";""
"202300038387";"155 612 516";"A01";"3";"7";"2";"0";"1";"1";"1";""
"202300038388";"155 612 509";"B01";"2";"7";"0";"2";"1";"1";"1";""
"202300038388";"155 612 512";"A01";"1";"10";"0";"2";"3";"13";"1";""
"202300038389";"155 612 510";"A01";"2";"7";"0";"2";"2";"13";"1";""
"202300038389";"155 612 513";"B01";"1";"7";"0";"2";"7";"1";"1";""
"202300038390";"155 612 506";"A01";"1";"10";"8";"0";"9";"1";"1";""
"202300038391";"155 612 504";"D01";"1";"1";"0";"2";"8";"19";"5";""
"202300038391";"155 612 507";"A01";"2";"7";"0";"0";"0";"0";"0";""
"202300038391";"155 612 508";"B01";"2";"7";"0";"0";"0";"2";"0";""
"202300038391";"155 612 511";"C01";"2";"10";"0";"0";"0";"2";"0";""
"202300038392";"155 612 502";"A01";"1";"7";"0";"2";"1";"13";"1";""
"202300038392";"155 612 505";"B01";"2";"10";"0";"2";"1";"1";"1";""
"202300038393";"155 612 501";"A01";"2";"7";"0";"2";"3";"1";"1";""
"202300038393";"155 612 503";"B01";"1";"33";"0";"2";"1";"0";"1";""
"202300038394";"155 612 500";"A01";"3";"10";"2";"0";"1";"1";"1";""
"202300038395";"155 612 498";"A01";"1";"33";"0";"0";"7";"1";"1";""
"202300038396";"155 612 496";"A01";"1";"31";"1";"0";"1";"1";"0";""
"202300038397";"155 612 495";"A01";"1";"13";"0";"2";"3";"15";"1";""
"202300038397";"155 612 497";"B01";"2";"30";"0";"2";"1";"1";"1";""
"202300038398";"155 612 494";"A01";"2";"7";"8";"2";"3";"9";"1";""
"202300038398";"155 612 499";"B01";"2";"7";"0";"2";"2";"1";"1";""
"202300038399";"155 612 492";"A01";"3";"2";"1";"0";"7";"1";"1";""
"202300038400";"155 612 491";"B01";"2";"7";"6";"2";"1";"1";"1";""
"202300038400";"155 612 493";"A01";"1";"7";"3";"2";"2";"13";"1";""
"202300038401";"155 612 486";"A01";"1";"7";"0";"2";"1";"19";"1";""
"202300038401";"155 612 489";"B01";"2";"7";"0";"2";"1";"1";"1";""
"202300038402";"155 612 488";"A01";"2";"2";"0";"2";"1";"9";"1";""
"202300038402";"155 612 490";"B01";"1";"7";"0";"2";"2";"1";"1";""
"202300038403";"155 612 485";"A01";"1";"33";"0";"2";"1";"1";"1";""
"202300038403";"155 612 487";"B01";"2";"7";"0";"2";"1";"1";"1";""
"202300038404";"155 612 481";"A01";"1";"10";"13";"0";"1";"1";"1";""
"202300038405";"155 612 480";"A01";"1";"7";"13";"0";"2";"1";"1";""
"202300038406";"155 612 479";"A01";"2";"7";"0";"2";"1";"13";"1";""
"202300038406";"155 612 483";"B01";"1";"7";"0";"2";"1";"1";"1";""
"202300038407";"155 612 476";"A01";"3";"10";"0";"2";"6";"15";"1";""
"202300038407";"155 612 478";"B01";"1";"1";"0";"2";"1";"1";"5";""
"202300038408";"155 612 474";"A01";"1";"10";"0";"2";"1";"13";"1";""
"202300038408";"155 612 477";"B01";"2";"10";"0";"2";"3";"1";"1";""
"202300038409";"155 612 473";"A01";"3";"7";"0";"9";"3";"9";"1";""
"202300038409";"155 612 475";"B01";"3";"50";"0";"2";"1";"9";"3";""
"202300038410";"155 612 471";"A01";"2";"7";"2";"0";"2";"1";"1";""
"202300038411";"155 612 469";"B01";"1";"7";"0";"2";"3";"1";"0";""
"202300038411";"155 612 472";"A01";"2";"30";"0";"2";"1";"1";"0";""
"202300038412";"155 612 468";"A01";"1";"7";"0";"2";"1";"13";"0";""
"202300038412";"155 612 470";"B01";"2";"7";"0";"2";"1";"1";"0";""
"202300038413";"155 612 466";"A01";"2";"2";"10";"0";"1";"0";"1";""
"202300038414";"155 612 465";"A01";"2";"7";"16";"0";"9";"1";"1";""
"202300038415";"155 612 461";"A01";"1";"10";"0";"2";"1";"1";"1";""
"202300038415";"155 612 463";"B01";"1";"2";"0";"2";"1";"1";"1";""
"202300038416";"155 612 464";"B01";"2";"7";"0";"2";"1";"1";"1";""
"202300038416";"155 612 467";"A01";"2";"7";"0";"2";"7";"1";"1";""
"202300038417";"155 612 462";"A01";"2";"7";"0";"1";"0";"1";"0";""
"202300038418";"155 612 460";"A01";"1";"7";"2";"0";"1";"1";"1";""
"202300038419";"155 612 457";"A01";"0";"7";"0";"2";"1";"1";"0";""
"202300038419";"155 612 458";"B01";"0";"2";"0";"2";"1";"1";"0";""
"202300038420";"155 612 456";"B01";"1";"7";"3";"2";"7";"1";"1";""
"202300038420";"155 612 459";"A01";"1";"7";"3";"2";"2";"19";"3";""
"202300038421";"155 612 453";"B01";"3";"2";"0";"2";"8";"15";"1";""
"202300038421";"155 612 455";"A01";"3";"2";"0";"2";"2";"17";"1";""
"202300038422";"155 612 452";"A01";"3";"10";"2";"0";"4";"23";"1";""
"202300038423";"155 612 448";"B01";"1";"33";"0";"2";"8";"1";"0";""
"202300038423";"155 612 450";"A01";"2";"10";"0";"2";"6";"19";"0";""
"202300038424";"155 612 447";"B01";"2";"7";"0";"2";"1";"1";"1";""
"202300038424";"155 612 449";"A01";"1";"33";"0";"2";"1";"1";"1";""
"202300038425";"155 612 451";"B01";"2";"2";"0";"2";"1";"1";"1";""
"202300038425";"155 612 454";"A01";"1";"7";"0";"2";"2";"19";"1";""
"202300038426";"155 612 444";"B01";"1";"1";"0";"2";"4";"1";"5";""
"202300038426";"155 612 445";"A01";"1";"7";"0";"2";"1";"1";"1";""
"202300038427";"155 612 441";"A01";"1";"33";"15";"0";"1";"17";"1";""
"202300038428";"155 612 438";"A01";"1";"10";"0";"2";"1";"1";"1";""
"202300038428";"155 612 440";"B01";"2";"7";"0";"2";"7";"15";"1";""
"202300038429";"155 612 437";"A01";"0";"36";"14";"9";"1";"1";"1";""
"202300038430";"155 612 439";"A01";"2";"7";"0";"2";"5";"1";"1";""
"202300038430";"155 612 442";"B01";"2";"2";"0";"2";"1";"15";"1";""
"202300038431";"155 612 436";"A01";"1";"7";"13";"0";"2";"13";"1";""
"202300038432";"155 612 435";"A01";"2";"33";"0";"0";"3";"1";"1";""
"202300038433";"155 612 432";"A01";"1";"10";"0";"2";"1";"1";"1";""
"202300038433";"155 612 434";"B01";"1";"7";"7";"2";"3";"1";"1";""
"202300038434";"155 612 431";"A01";"2";"7";"0";"2";"7";"13";"1";""
"202300038434";"155 612 433";"B01";"1";"7";"0";"2";"1";"1";"1";""
"202300038435";"155 612 426";"A01";"2";"33";"0";"0";"1";"2";"1";""
"202300038435";"155 612 430";"B01";"2";"7";"0";"0";"4";"2";"1";""
"202300038436";"155 612 424";"A01";"0";"7";"0";"2";"3";"15";"2";""
"202300038436";"155 612 428";"B01";"2";"33";"0";"2";"7";"17";"1";""
"202300038437";"155 612 423";"C01";"1";"7";"0";"2";"1";"2";"1";""
"202300038437";"155 612 425";"D01";"1";"7";"0";"2";"1";"2";"1";""
"202300038437";"155 612 427";"A01";"1";"7";"4";"2";"3";"13";"1";""
"202300038437";"155 612 429";"B01";"1";"7";"4";"2";"5";"17";"1";""
"202300038438";"155 612 420";"A01";"1";"7";"2";"0";"1";"1";"1";""
"202300038439";"155 612 421";"B01";"0";"17";"0";"2";"3";"1";"0";""
"202300038439";"155 612 422";"A01";"0";"10";"0";"2";"3";"13";"0";""
"202300038440";"155 612 418";"A01";"1";"33";"0";"2";"1";"1";"1";""
"202300038440";"155 612 419";"B01";"1";"7";"0";"2";"4";"1";"0";""
"202300038441";"155 612 417";"A01";"1";"7";"4";"0";"1";"0";"1";""
"202300038442";"155 612 415";"A01";"2";"10";"2";"0";"1";"1";"1";""
"202300038443";"155 612 416";"A01";"1";"33";"1";"0";"1";"1";"1";""
"202300038444";"155 612 413";"A01";"1";"7";"1";"1";"2";"1";"1";""
"202300038445";"155 612 411";"A01";"1";"7";"0";"2";"1";"2";"1";""
"202300038445";"155 612 412";"B01";"1";"7";"0";"2";"4";"2";"1";""
"202300038445";"155 612 414";"C01";"1";"7";"0";"2";"4";"2";"3";""
"202300038446";"155 612 410";"A01";"1";"33";"0";"0";"0";"0";"1";""
"202300038447";"155 612 408";"A01";"1";"42";"0";"2";"2";"2";"1";""
"202300038447";"155 612 409";"B01";"1";"7";"0";"2";"2";"2";"1";""
"202300038448";"155 612 407";"A01";"1";"7";"13";"0";"1";"1";"1";""
"202300038449";"155 612 403";"B01";"1";"7";"0";"2";"1";"1";"1";""
"202300038449";"155 612 406";"A01";"1";"7";"0";"2";"1";"5";"1";""
"202300038450";"155 612 402";"C01";"1";"7";"0";"2";"4";"2";"1";""
"202300038450";"155 612 404";"B01";"1";"7";"0";"2";"1";"2";"1";""
"202300038450";"155 612 405";"A01";"1";"10";"0";"2";"1";"2";"1";""
"202300038451";"155 612 400";"A01";"1";"10";"0";"2";"3";"15";"1";""
"202300038451";"155 612 401";"B01";"1";"7";"15";"2";"1";"17";"1";""
"202300038452";"155 612 397";"B01";"2";"7";"0";"2";"3";"0";"1";""
"202300038452";"155 612 398";"A01";"2";"33";"0";"2";"2";"0";"1";""
"202300038453";"155 612 395";"A01";"3";"7";"16";"0";"9";"1";"1";""
"202300038454";"155 612 394";"A01";"2";"32";"0";"2";"3";"3";"1";""
"202300038455";"155 612 393";"B01";"3";"2";"0";"0";"4";"2";"1";""
"202300038455";"155 612 396";"A01";"3";"7";"0";"2";"2";"2";"1";""
"202300038456";"155 612 392";"A01";"1";"7";"4";"0";"2";"1";"1";""
"202300038457";"155 612 391";"A01";"0";"2";"0";"1";"1";"21";"1";""
"202300038458";"155 612 388";"A01";"2";"2";"0";"2";"0";"17";"1";""
"202300038458";"155 612 390";"B01";"2";"7";"0";"2";"8";"15";"1";""
"202300038459";"155 612 389";"A01";"2";"7";"4";"0";"3";"2";"1";""
"202300038460";"155 612 386";"A01";"1";"7";"0";"2";"3";"13";"1";""
"202300038460";"155 612 387";"B01";"2";"10";"0";"2";"3";"1";"1";""
"202300038461";"155 612 385";"A01";"1";"31";"3";"0";"8";"1";"1";""
"202300038462";"155 612 382";"A01";"2";"7";"13";"0";"2";"1";"1";""
"202300038463";"155 612 379";"C01";"2";"7";"0";"2";"2";"2";"1";""
"202300038463";"155 612 381";"A01";"2";"43";"0";"2";"1";"3";"1";""
"202300038463";"155 612 383";"B01";"2";"7";"0";"2";"6";"2";"1";""
"202300038464";"155 612 380";"A01";"3";"7";"0";"0";"7";"1";"1";""
"202300038464";"155 612 384";"B01";"3";"2";"0";"2";"1";"1";"1";""
"202300038465";"155 612 375";"A01";"2";"7";"0";"2";"2";"11";"1";""
"202300038465";"155 612 378";"B01";"2";"15";"0";"2";"6";"1";"1";""
"202300038466";"155 612 374";"A01";"1";"10";"0";"2";"2";"1";"1";""
"202300038466";"155 612 377";"B01";"2";"7";"0";"2";"2";"13";"1";""
"202300038467";"155 612 376";"A01";"2";"33";"13";"0";"0";"14";"1";""
"202300038468";"155 612 371";"A01";"1";"30";"0";"0";"0";"26";"1";""
"202300038468";"155 612 372";"B01";"1";"7";"0";"2";"0";"26";"1";""
"202300038469";"155 612 368";"A01";"0";"7";"0";"0";"3";"16";"1";""
"202300038469";"155 612 370";"B01";"0";"32";"0";"0";"1";"1";"0";""
"202300038470";"155 612 369";"A01";"1";"33";"0";"0";"9";"0";"1";""
"202300038471";"155 612 366";"B01";"1";"30";"0";"2";"1";"17";" -1";""
"202300038471";"155 612 367";"A01";"2";"7";"0";"2";"3";"1";" -1";""
"202300038472";"155 612 364";"A01";"1";"31";"13";"0";"9";"1";"1";""
"202300038473";"155 612 362";"B01";"3";"60";"0";"2";"1";"16";"5";""
"202300038473";"155 612 365";"A01";"2";"7";"0";"2";"7";"1";"1";""
"202300038474";"155 612 361";"B01";"2";"7";"0";"2";"8";"0";"1";""
"202300038474";"155 612 363";"A01";"1";"7";"0";"2";"1";"1";"1";""
"202300038475";"155 612 359";"A01";"2";"33";"13";"0";"0";"17";"1";""
"202300038476";"155 612 358";"A01";"1";"7";"2";"0";"1";"14";"1";""
"202300038477";"155 612 357";"A01";"2";"33";"0";"2";"0";"13";"1";""
"202300038477";"155 612 360";"B01";"0";"7";"0";"2";"1";"1";"1";""
"202300038478";"155 612 356";"A01";"3";"7";"0";"1";"2";"20";"1";""
"202300038479";"155 612 355";"B01";"1";"7";"0";"1";"0";"0";"0";""
"202300038480";"155 612 354";"A01";"2";"2";"15";"0";"0";"1";"3";""
"202300038481";"155 612 353";"A01";"3";"2";"14";"0";"0";"1";"1";""
"202300038482";"155 612 352";"A01";"0";"50";"0";"0";"0";"0";"3";""
"202300038483";"155 612 351";"A01";"2";"33";"0";"6";"1";"1";"1";""
"202300038484";"155 612 348";"B01";"2";"33";"0";"2";"1";"0";"1";""
"202300038484";"155 612 349";"A01";"2";"7";"0";"2";"4";"0";"1";""
"202300038485";"155 612 347";"A01";"1";"36";"12";"0";"0";"17";"1";""
"202300038486";"155 612 345";"A01";"2";"50";"8";"0";"1";"1";"3";""
"202300038487";"155 612 343";"A01";"2";"7";"0";"2";"1";"5";"0";""
"202300038487";"155 612 346";"B01";"1";"33";"0";"2";"1";"1";"1";""
"202300038488";"155 612 342";"A01";"1";"31";"0";"0";"1";"14";"1";""
"202300038489";"155 612 341";"B01";"1";"7";"1";"2";"8";"1";"1";""
"202300038489";"155 612 344";"A01";"2";"7";"1";"2";"8";"1";"1";""
"202300038490";"155 612 340";"A01";"2";"7";"3";"0";"1";"14";"1";""
"202300038491";"155 612 338";"A01";"1";"7";"13";"0";"1";"13";"1";""
"202300038492";"155 612 335";"A01";"1";"7";"6";"2";"9";"13";"1";""
"202300038492";"155 612 336";"B01";"1";"7";"0";"2";"2";"2";"1";""
"202300038493";"155 612 337";"A01";"2";"1";"1";"2";"1";"1";"5";""
"202300038493";"155 612 339";"B01";"1";"7";"0";"2";"5";"23";"1";""
"202300038494";"155 612 331";"A01";"0";"99";"0";"0";"0";"0";"0";""
"202300038494";"155 612 333";"B01";"2";"3";"0";"2";"5";"1";"1";""
"202300038495";"155 612 330";"A01";"1";"7";"0";"2";"1";"2";"1";""
"202300038495";"155 612 334";"B01";"1";"7";"0";"2";"4";"2";"1";""
"202300038496";"155 612 327";"A01";"2";"7";"4";"2";"3";"14";"1";""
"202300038496";"155 612 328";"B01";"2";"43";"0";"2";"8";"1";"1";""
"202300038497";"155 612 326";"B01";"2";"7";"0";"2";"8";"1";"1";""
"202300038497";"155 612 329";"A01";"1";"7";"6";"2";"1";"1";"1";""
"202300038498";"155 612 325";"A01";"2";"33";"0";"2";"3";"2";"1";""
"202300038498";"155 612 332";"B01";"2";"33";"0";"0";"5";"2";"1";""
"202300038499";"155 612 321";"A01";"1";"7";"0";"2";"3";"1";"1";""
"202300038499";"155 612 323";"B01";"2";"33";"0";"2";"0";"13";"1";""
"202300038500";"155 612 320";"C01";"1";"7";"0";"2";"8";"1";"1";""
"202300038500";"155 612 322";"B01";"1";"7";"0";"2";"6";"1";"1";""
"202300038500";"155 612 324";"A01";"1";"7";"0";"2";"2";"21";"1";""
"202300038501";"155 612 314";"A01";"2";"14";"4";"0";"1";"13";"1";""
"202300038502";"155 612 312";"A01";"1";"7";"5";"0";"3";"13";"1";""
"202300038503";"155 612 310";"A01";"1";"7";"0";"1";"8";"1";"1";""
"202300038504";"155 612 304";"G01";"1";"7";"0";"2";"4";"1";"1";""
"202300038504";"155 612 306";"A01";"1";"7";"0";"2";"8";"1";"2";""
"202300038504";"155 612 308";"F01";"1";"7";"0";"2";"4";"1";"0";""
"202300038504";"155 612 309";"E01";"1";"7";"0";"2";"4";"1";"1";""
"202300038504";"155 612 311";"D01";"1";"7";"0";"2";"4";"1";"0";""
"202300038504";"155 612 313";"C01";"1";"7";"0";"2";"1";"3";"1";""
"202300038504";"155 612 316";"B01";"1";"7";"0";"2";"4";"1";"1";""
"202300038505";"155 612 305";"B01";"2";"15";"0";"0";"4";"0";"1";""
"202300038505";"155 612 307";"A01";"2";"7";"0";"2";"1";"0";"1";""
"202300038506";"155 612 302";"B01";"2";"7";"0";"2";"1";"1";"1";""
"202300038506";"155 612 303";"A01";"1";"10";"0";"2";"3";"1";"1";""
"202300038507";"155 612 297";"B01";"2";"1";"0";"2";"1";"5";"5";""
"202300038507";"155 612 299";"A01";"1";"7";"0";"2";"1";"1";"1";""
"202300038508";"155 612 294";"A01";"2";"17";"0";"1";"2";"1";"0";""
"202300038508";"155 612 298";"C01";"2";"7";"0";"0";"3";"24";"0";""