"Num_Acc";"id_vehicule";"num_veh";"senc";"catv";"obs";"obsm";"choc";"manv";"motor";"occutc"
"202300038717";"155 611 939";"B01";"2";"7";"0";"2";"8";"15";"1";""
"202300038717";"155 611 942";"A01";"1";"30";"0";"2";"1";"17";"1";""
"202300038718";"155 611 938";"B01";"2";"7";"0";"2";"1";"1";"1";""
"202300038718";"155 611 940";"C01";"2";"32";"0";"2";"1";"1";"1";""
"202300038718";"155 611 941";"A01";"2";"7";"0";"2";"4";"1";"1";""
"202300038719";"155 611 933";"A01";"1";"31";"0";"0";"1";"0";"0";""
"202300038719";"155 611 935";"B01";"1";"7";"0";"0";"3";"20";"0";""
"202300038720";"155 611 929";"A01";"3";"7";"0";"2";"1";"15";"1";""
"202300038720";"155 611 931";"B01";"3";"2";"0";"2";"1";"1";"1";""
"202300038721";"155 611 930";"A01";"2";"7";"0";"2";"4";"1";"1";""
"202300038721";"155 611 932";"B01";"2";"7";"0";"2";"4";"0";"1";""
"202300038721";"155 611 934";"C01";"2";"7";"3";"2";"3";"0";"1";""
"202300038722";"155 611 926";"A01";"2";"7";"0";"0";"8";"1";"1";""
"202300038722";"155 611 928";"B01";"1";"33";"0";"0";"1";"1";"1";""
"202300038723";"155 611 927";"A01";"1";"7";"4";"0";"1";"1";"1";""
"202300038724";"155 611 925";"A01";"1";"7";"5";"0";"1";"14";"1";""
"202300038725";"155 611 922";"B01";"2";"7";"0";"2";"5";"1";"1";""
"202300038725";"155 611 924";"A01";"2";"33";"0";"2";"3";"3";"1";""
"202300038726";"155 611 918";"B01";"2";"32";"0";"2";"2";"1";"3";""
"202300038726";"155 611 919";"A01";"2";"7";"0";"2";"3";"11";"1";""
"202300038726";"155 611 920";"C01";"2";"32";"0";"2";"1";"11";"3";""
"202300038727";"155 611 921";"A01";"1";"10";"0";"2";"1";"1";"1";""
"202300038727";"155 611 923";"B01";"1";"7";"0";"2";"4";"1";"1";""
"202300038728";"155 611 917";"A01";"2";"7";"0";"1";"2";"16";"1";""
"202300038729";"155 611 916";"A01";"2";"7";"0";"1";"3";"1";"2";""
"202300038730";"155 611 914";"B01";"1";"7";"0";"2";"8";"22";"1";""
"202300038730";"155 611 915";"A01";"1";"80";"0";"2";"2";"2";"3";""
"202300038731";"155 611 913";"A01";"1";"7";"0";"1";"1";"1";"1";""
"202300038732";"155 611 909";"A01";"2";"7";"0";"2";"2";"16";"1";""
"202300038732";"155 611 910";"B01";"2";"1";"0";"2";"1";"1";"5";""
"202300038733";"155 611 907";"A01";"1";"7";"0";"2";"7";"22";"1";""
"202300038733";"155 611 908";"B01";"1";"1";"0";"2";"1";"1";"5";""
"202300038734";"155 611 905";"A01";"1";"7";"0";"2";"2";"15";"1";""
"202300038734";"155 611 906";"B01";"2";"43";"0";"2";"1";"1";"1";""
"202300038735";"155 611 903";"A01";"3";"7";"0";"2";"5";"22";"1";""
"202300038735";"155 611 904";"B01";"3";"1";"0";"2";"1";"1";"5";""
"202300038736";"155 611 902";"A01";"1";"1";"0";"1";"1";"1";"5";""
"202300038737";"155 611 901";"A01";"1";"7";"0";"1";"1";"1";"1";""
"202300038738";"155 611 900";"A01";"1";"7";"0";"1";"1";"15";"0";""
"202300038739";"155 611 899";"A01";"1";"7";"0";"1";"2";"1";"1";""
"202300038740";"155 611 897";"A01";"1";"7";"0";"2";"1";"1";"1";""
"202300038740";"155 611 898";"B01";"2";"7";"0";"2";"3";"15";"1";""
"202300038741";"155 611 896";"A01";"2";"31";"0";"6";"1";"1";"1";""
"202300038742";"155 611 895";"A01";"2";"7";"0";"1";"1";"1";"0";""
"202300038743";"155 611 894";"A01";"2";"7";"13";"0";"3";"1";"1";""
"202300038744";"155 611 892";"A01";"2";"7";"0";"2";"3";"13";"1";""
"202300038744";"155 611 893";"B01";"2";"43";"0";"2";"0";"0";"1";""
"202300038745";"155 611 891";"A01";"1";"33";"13";"0";"1";"1";"1";""
"202300038746";"155 611 887";"C01";"1";"7";"0";"2";"4";"1";"1";""
"202300038746";"155 611 889";"B01";"1";"7";"0";"2";"4";"1";"1";""
"202300038746";"155 611 890";"A01";"1";"10";"0";"2";"1";"1";"1";""
"202300038747";"155 611 886";"A01";"1";"13";"0";"2";"3";"1";"1";""
"202300038747";"155 611 888";"B01";"2";"7";"0";"2";"1";"13";"1";""
"202300038748";"155 611 885";"A01";"1";"32";"0";"0";"0";"1";"1";""
"202300038749";"155 611 884";"A01";"1";"7";"12";"0";"9";"1";"1";""
"202300038750";"155 611 882";"A01";"0";"0";"0";"1";"1";"0";"0";""
"202300038751";"155 611 883";"A01";"2";"7";"3";"0";"0";"0";"1";""
"202300038752";"155 611 881";"A01";"0";"0";"0";"1";"1";"1";"0";""
"202300038753";"155 611 879";"A01";"1";"7";"0";"2";"3";"13";"1";""
"202300038753";"155 611 880";"B01";"2";"7";"0";"2";"3";"1";"1";""
"202300038754";"155 611 878";"A01";"0";"7";"0";"1";"4";"4";"1";""
"202300038755";"155 611 876";"A01";"1";"7";"0";"0";"6";"15";"1";""
"202300038755";"155 611 877";"B01";"1";"33";"0";"2";"1";"2";"1";""
"202300038756";"155 611 874";"A01";"2";"7";"0";"2";"8";"1";"1";""
"202300038756";"155 611 875";"B01";"1";"10";"0";"2";"1";"1";"1";""
"202300038757";"155 611 871";"A01";"1";"7";"0";"2";"1";"12";"1";""
"202300038757";"155 611 872";"B01";"1";"7";"0";"2";"4";"1";"1";""
"202300038757";"155 611 873";"C01";"1";"10";"0";"0";"5";"1";"1";""
"202300038758";"155 611 869";"A01";"1";"7";"0";"2";"8";"20";"1";""
"202300038758";"155 611 870";"B01";"1";"30";"0";"2";"7";"1";"1";""
"202300038759";"155 611 866";"A01";"0";"7";"0";"1";"1";"1";"1";""
"202300038760";"155 611 867";"B01";"1";"33";"0";"2";"1";"1";"1";""
"202300038760";"155 611 868";"A01";"1";"7";"0";"2";"3";"19";"1";""
"202300038761";"155 611 865";"A01";"2";"43";"0";"1";"1";"2";"1";""
"202300038762";"155 611 864";"A01";"1";"2";"0";"0";"8";"1";"1";""
"202300038763";"155 611 861";"A01";"2";"7";"0";"2";"7";"24";"0";""
"202300038763";"155 611 863";"B01";"2";"99";"1";"0";"1";"1";"0";""
"202300038764";"155 611 860";"A01";"2";"10";"0";"2";"8";"17";"1";""
"202300038764";"155 611 862";"B01";"2";"33";"3";"2";"7";"17";"1";""
"202300038765";"155 611 859";"A01";"1";"7";"0";"1";"2";"1";"1";""
"202300038766";"155 611 858";"A01";"2";"33";"6";"0";"2";"1";"1";""
"202300038767";"155 611 855";"A01";"1";"7";"0";"2";"1";"2";"1";""
"202300038767";"155 611 857";"B01";"1";"7";"3";"0";"4";"2";"1";""
"202300038768";"155 611 854";"A01";"1";"7";"0";"2";"1";"1";"0";""
"202300038768";"155 611 856";"B01";"2";"7";"0";"2";"1";"13";"0";""
"202300038769";"155 611 853";"A01";"1";"2";"0";"0";"9";"1";"1";""
"202300038770";"155 611 851";"A01";"1";"7";"2";"5";"1";"1";"0";""
"202300038771";"155 611 850";"A01";"3";"10";"0";"2";"1";"9";"1";""
"202300038771";"155 611 852";"B01";"3";"1";"0";"2";"7";"9";"5";""
"202300038772";"155 611 849";"A01";"1";"7";"13";"0";"1";"1";"1";""
"202300038773";"155 611 845";"B01";"3";"7";"0";"2";"1";"1";"1";""
"202300038773";"155 611 846";"A01";"3";"7";"0";"2";"1";"5";"1";""
"202300038774";"155 611 844";"A01";"2";"7";"0";"2";"3";"13";"1";""
"202300038774";"155 611 847";"B01";"1";"10";"0";"2";"3";"1";"1";""
"202300038774";"155 611 848";"C01";"1";"14";"0";"2";"1";"2";"1";""
"202300038775";"155 611 842";"A01";"2";"15";"0";"2";"1";"2";"1";""
"202300038775";"155 611 843";"B01";"1";"7";"0";"2";"7";"19";"1";""
"202300038776";"155 611 840";"A01";"2";"7";"0";"2";"7";"17";"1";""
"202300038776";"155 611 841";"B01";"2";"1";"0";"0";"6";"1";"5";""
"202300038777";"155 611 839";"A01";"2";"10";"0";"1";"3";"1";"1";""
"202300038778";"155 611 834";"A01";"1";"7";"0";"2";"1";"1";"1";""
"202300038778";"155 611 836";"B01";"1";"7";"0";"0";"4";"1";"1";""
"202300038778";"155 611 837";"C01";"1";"7";"0";"0";"4";"1";"1";""
"202300038778";"155 611 838";"D01";"1";"7";"0";"0";"4";"1";"1";""
"202300038779";"155 611 833";"A01";"2";"7";"0";"2";"2";"19";"1";""
"202300038779";"155 611 835";"B01";"2";"10";"0";"2";"1";"1";"1";""
"202300038780";"155 611 830";"A01";"2";"7";"0";"2";"3";"1";"1";""
"202300038780";"155 611 832";"B01";"1";"7";"0";"2";"3";"1";"1";""
"202300038781";"155 611 829";"A01";"1";"7";"0";"0";"0";"23";"1";""
"202300038782";"155 611 825";"A01";"1";"7";"0";"2";"2";"15";"1";""
"202300038782";"155 611 827";"B01";"2";"7";"0";"2";"1";"1";"1";""
"202300038783";"155 611 824";"A01";"2";"7";"0";"9";"2";"17";"1";""
"202300038783";"155 611 826";"B01";"2";"1";"0";"0";"4";"1";"5";""
"202300038784";"155 611 823";"A01";"1";"2";"0";"0";"8";"14";"1";""
"202300038785";"155 611 819";"B01";"3";"7";"0";"2";"1";"15";"1";""
"202300038785";"155 611 821";"A01";"3";"2";"0";"2";"8";"1";"1";""
"202300038786";"155 611 818";"A01";"2";"7";"8";"0";"3";"1";"1";""
"202300038787";"155 611 820";"B01";"3";"7";"0";"2";"6";"0";"1";""
"202300038787";"155 611 822";"A01";"3";"33";"0";"2";"1";"1";"1";""
"202300038788";"155 611 817";"A01";"1";"43";"3";"0";"3";"1";"1";""
"202300038789";"155 611 814";"A01";"3";"7";"0";"2";"8";"9";"1";""
"202300038789";"155 611 816";"B01";"2";"10";"0";"2";"1";"1";"1";""
"202300038790";"155 611 813";"A01";"1";"2";"0";"2";"7";"1";"1";""
"202300038790";"155 611 815";"B01";"2";"7";"0";"2";"3";"16";"2";""
"202300038791";"155 611 812";"A01";"2";"7";"2";"0";"1";"0";"1";""
"202300038792";"155 611 811";"A01";"1";"7";"0";"1";"2";"0";"1";""
"202300038793";"155 611 810";"A01";"3";"1";"0";"0";"0";"0";"5";""
"202300038794";"155 611 809";"A01";"2";"7";"13";"0";"9";"1";"1";""
"202300038795";"155 611 808";"A01";"2";"7";"13";"0";"2";"1";"1";""
"202300038796";"155 611 807";"A01";"3";"7";"6";"0";"7";"1";"1";""
"202300038797";"155 611 803";"A01";"3";"7";"0";"2";"1";"1";"1";""
"202300038797";"155 611 804";"B01";"3";"10";"0";"2";"8";"1";"1";""
"202300038798";"155 611 805";"B01";"3";"7";"0";"2";"8";"1";"1";""
"202300038798";"155 611 806";"A01";"3";"33";"0";"2";"3";"15";"1";""
"202300038799";"155 611 801";"B01";"1";"1";"0";"0";"7";"1";"5";""
"202300038799";"155 611 802";"A01";"1";"7";"0";"9";"3";"9";"1";""
"202300038800";"155 611 797";"B01";"2";"1";"0";"2";"4";"1";"5";""
"202300038800";"155 611 798";"A01";"2";"7";"0";"2";"0";"14";"0";""
"202300038801";"155 611 799";"A01";"0";"2";"0";"2";"2";"17";"1";""
"202300038801";"155 611 800";"B01";"3";"7";"0";"2";"3";"15";"1";""
"202300038802";"155 611 796";"A01";"1";"7";"0";"1";"1";"2";"1";""
"202300038803";"155 611 795";"A01";"1";"33";"0";"6";"1";"2";"1";""
"202300038804";"155 611 794";"A01";"2";"10";"13";"0";"3";"1";"1";""
"202300038805";"155 611 793";"A01";"2";"33";"0";"0";"8";"1";"1";""
"202300038806";"155 611 790";"B01";"1";"7";"0";"2";"3";"15";"1";""
"202300038806";"155 611 792";"A01";"2";"33";"9";"2";"3";"1";"1";""
"202300038807";"155 611 789";"A01";"2";"7";"0";"2";"2";"1";"1";""
"202300038807";"155 611 791";"B01";"2";"1";"0";"2";"0";"19";"5";""
"202300038808";"155 611 786";"A01";"1";"7";"0";"2";"3";"17";"1";""
"202300038808";"155 611 788";"B01";"2";"7";"0";"2";"1";"1";"1";""
"202300038809";"155 611 785";"C01";"1";"7";"0";"2";"3";"19";"1";""
"202300038809";"155 611 787";"B01";"2";"33";"0";"2";"8";"1";"1";""
"202300038810";"155 611 779";"A01";"2";"31";"0";"0";"1";"17";"0";""
"202300038810";"155 611 781";"B01";"2";"7";"0";"0";"8";"15";"0";""
"202300038811";"155 611 777";"A01";"2";"7";"3";"2";"3";"1";"1";""
"202300038811";"155 611 778";"F01";"1";"7";"0";"2";"1";"1";"1";""
"202300038811";"155 611 780";"D01";"2";"7";"0";"2";"1";"13";"1";""
"202300038811";"155 611 782";"B01";"2";"7";"0";"2";"1";"2";"1";""
"202300038811";"155 611 783";"E01";"1";"7";"0";"2";"1";"1";"1";""
"202300038811";"155 611 784";"C01";"2";"7";"0";"2";"1";"11";"1";""
"202300038812";"155 611 774";"A01";"1";"31";"0";"6";"8";"13";"1";""
"202300038812";"155 611 776";"B01";"2";"7";"0";"2";"6";"1";"1";""
"202300038813";"155 611 773";"A01";"1";"10";"3";"2";"1";"2";"1";""
"202300038813";"155 611 775";"B01";"1";"17";"0";"0";"4";"2";"1";""
"202300038814";"155 611 769";"A01";"1";"7";"0";"2";"2";"2";"1";""
"202300038814";"155 611 772";"B01";"2";"17";"0";"0";"5";"2";"1";""
"202300038815";"155 611 766";"A01";"2";"10";"4";"0";"3";"21";"1";""
"202300038815";"155 611 767";"E01";"2";"7";"0";"2";"5";"21";"1";""
"202300038815";"155 611 768";"D01";"2";"7";"4";"2";"4";"21";"1";""
"202300038815";"155 611 770";"C01";"2";"7";"3";"2";"1";"21";"1";""
"202300038815";"155 611 771";"B01";"2";"7";"3";"2";"6";"21";"1";""
"202300038816";"155 611 763";"A01";"1";"7";"3";"0";"0";"1";"0";""
"202300038817";"155 611 762";"A01";"1";"7";"0";"2";"4";"2";"1";""
"202300038817";"155 611 764";"B01";"1";"7";"0";"2";"1";"2";"1";""
"202300038817";"155 611 765";"C01";"2";"15";"0";"2";"3";"1";"1";""
"202300038818";"155 611 758";"B01";"2";"7";"0";"2";"4";"2";"1";""
"202300038818";"155 611 760";"C01";"2";"7";"3";"0";"3";"2";"1";""
"202300038818";"155 611 761";"A01";"2";"7";"3";"2";"1";"2";"1";""
"202300038819";"155 611 755";"B01";"2";"7";"0";"2";"1";"1";"1";""
"202300038819";"155 611 756";"A01";"1";"7";"0";"2";"1";"13";"1";""
"202300038820";"155 611 754";"A01";"2";"10";"1";"0";"1";"2";"1";""
"202300038820";"155 611 757";"B01";"2";"10";"0";"2";"4";"2";"1";""
"202300038820";"155 611 759";"C01";"2";"15";"0";"0";"6";"1";"1";""
"202300038821";"155 611 753";"A01";"2";"7";"16";"0";"0";"1";"1";""
"202300038822";"155 611 751";"A01";"1";"7";"0";"0";"0";"16";"0";""
"202300038822";"155 611 752";"B01";"1";"31";"0";"0";"9";"1";"1";""
"202300038823";"155 611 750";"A01";"1";"31";"0";"0";"9";"1";"1";""
"202300038824";"155 611 747";"A01";"2";"7";"14";"0";"9";"1";"1";""
"202300038825";"155 611 745";"B01";"1";"7";"0";"2";"4";"2";"1";""
"202300038825";"155 611 746";"C01";"1";"7";"0";"2";"4";"1";"1";""
"202300038825";"155 611 748";"D01";"1";"7";"0";"2";"6";"1";"1";""
"202300038825";"155 611 749";"A01";"1";"7";"0";"2";"2";"1";"1";""
"202300038826";"155 611 741";"A01";"2";"1";"0";"0";"0";"2";"5";""
"202300038827";"155 611 740";"A01";"2";"7";"0";"2";"2";"2";"2";""
"202300038827";"155 611 742";"B01";"2";"7";"0";"0";"6";"2";"1";""
"202300038828";"155 611 738";"A01";"2";"7";"13";"0";"7";"1";"1";""
"202300038829";"155 611 737";"A01";"1";"15";"3";"2";"8";"1";"1";""
"202300038829";"155 611 739";"B01";"1";"10";"0";"2";"2";"1";"1";""
"202300038830";"155 611 735";"B01";"0";"10";"0";"2";"1";"9";"0";""
"202300038830";"155 611 736";"A01";"0";"10";"0";"0";"4";"9";"0";""
"202300038831";"155 611 732";"A01";"1";"7";"4";"0";"1";"1";"1";""
"202300038832";"155 611 733";"A01";"3";"7";"0";"2";"3";"19";"1";""
"202300038832";"155 611 734";"B01";"2";"7";"0";"2";"3";"1";"1";""
"202300038833";"155 611 729";"A01";"1";"7";"0";"2";"8";"15";"0";""
"202300038833";"155 611 730";"B01";"1";"31";"0";"2";"0";"17";"0";""
"202300038834";"155 611 728";"A01";"3";"80";"0";"1";"8";"1";"3";""
"202300038835";"155 611 724";"A01";"1";"7";"0";"2";"3";"13";"1";""
"202300038835";"155 611 726";"B01";"1";"31";"0";"2";"3";"1";"1";""
"202300038836";"155 611 725";"A01";"1";"7";"0";"2";"1";"16";"1";""
"202300038836";"155 611 727";"B01";"2";"33";"0";"2";"7";"1";"1";""
"202300038837";"155 611 722";"A01";"1";"33";"0";"5";"1";"1";"1";""
"202300038838";"155 611 721";"A01";"3";"7";"0";"2";"3";"15";"1";""
"202300038838";"155 611 723";"B01";"3";"34";"0";"2";"1";"1";"1";""
"202300038839";"155 611 718";"B01";"3";"13";"1";"2";"8";"15";"1";""
"202300038839";"155 611 720";"A01";"0";"33";"0";"2";"1";"1";"1";""
"202300038840";"155 611 717";"B01";"1";"2";"0";"2";"1";"1";"1";""
"202300038840";"155 611 719";"A01";"2";"7";"0";"2";"3";"15";"1";""
"202300038841";"155 611 716";"A01";"2";"33";"0";"0";"0";"1";"1";""
"202300038842";"155 611 713";"B01";"2";"33";"0";"2";"0";"1";"1";""
"202300038842";"155 611 715";"A01";"1";"7";"0";"2";"3";"13";"1";""
"202300038843";"155 611 712";"B01";"2";"50";"0";"2";"4";"1";"3";""
"202300038843";"155 611 714";"A01";"2";"7";"0";"2";"1";"18";"1";""
"202300038844";"155 611 710";"A01";"1";"33";"0";"2";"1";"1";"0";""
"202300038845";"155 611 711";"A01";"1";"33";"13";"0";"1";"17";"1";""
"202300038846";"155 611 707";"A01";"2";"7";"0";"2";"1";"5";"1";""
"202300038846";"155 611 709";"B01";"1";"7";"0";"2";"2";"1";"1";""
"202300038847";"155 611 706";"A01";"2";"7";"12";"0";"3";"16";"1";""
"202300038848";"155 611 705";"A01";"0";"10";"0";"1";"8";"19";"1";""
"202300038849";"155 611 704";"A01";"2";"31";"0";"2";"1";"1";"1";""
"202300038850";"155 611 701";"B01";"1";"7";"0";"2";"3";"2";"1";""
"202300038850";"155 611 702";"A01";"1";"7";"0";"2";"2";"21";"1";""
"202300038851";"155 611 700";"B01";"2";"1";"0";"2";"6";"15";"5";""
"202300038851";"155 611 703";"A01";"2";"7";"0";"2";"2";"16";"1";""
"202300038852";"155 611 697";"B01";"1";"7";"0";"2";"2";"1";"1";""
"202300038852";"155 611 699";"A01";"1";"7";"0";"2";"3";"1";"1";""
"202300038853";"155 611 696";"A01";"2";"7";"0";"2";"3";"15";"1";""
"202300038853";"155 611 698";"B01";"2";"33";"0";"2";"7";"1";"6";""
"202300038854";"155 611 694";"A01";"3";"7";"9";"0";"1";"0";"1";""
"202300038855";"155 611 693";"A01";"2";"7";"0";"2";"3";"13";"0";""
"202300038855";"155 611 695";"B01";"1";"10";"0";"2";"1";"1";"1";""
"202300038856";"155 611 692";"A01";"1";"7";"3";"0";"1";"13";"1";""
"202300038857";"155 611 690";"A01";"2";"7";"0";"2";"3";"1";"1";""
"202300038857";"155 611 691";"B01";"1";"32";"0";"2";"0";"5";"0";""
"202300038858";"155 611 686";"C01";"1";"7";"0";"2";"4";"23";"1";""
"202300038858";"155 611 688";"B01";"1";"7";"0";"2";"4";"23";"1";""
"202300038858";"155 611 689";"A01";"1";"10";"0";"2";"1";"1";"1";""
"202300038859";"155 611 685";"A01";"1";"7";"0";"2";"3";"15";"1";""
"202300038859";"155 611 687";"B01";"2";"32";"0";"2";"1";"1";"1";""
"202300038860";"155 611 683";"A01";"1";"7";"0";"1";"1";"9";"1";""
"202300038861";"155 611 682";"A01";"1";"7";"0";"2";"3";"0";"1";""
"202300038861";"155 611 684";"B01";"2";"7";"0";"2";"7";"1";"0";""
"202300038862";"155 611 679";"A01";"1";"7";"0";"2";"3";"13";"1";""
"202300038862";"155 611 681";"B01";"2";"7";"0";"2";"3";"1";"1";""
"202300038863";"155 611 680";"A01";"1";"7";"0";"1";"1";"16";"1";""
"202300038864";"155 611 676";"A01";"1";"31";"0";"2";"7";"1";"1";""
"202300038864";"155 611 678";"B01";"1";"0";"0";"2";"8";"11";"0";""
"202300038865";"155 611 674";"A01";"2";"33";"4";"0";"3";"1";"1";""
"202300038866";"155 611 671";"B01";"1";"7";"0";"2";"7";"1";"1";""
"202300038866";"155 611 672";"A01";"1";"7";"0";"2";"7";"1";"1";""
"202300038867";"155 611 668";"A01";"2";"33";"0";"2";"1";"12";"1";""
"202300038867";"155 611 669";"B01";"2";"33";"0";"2";"4";"1";"1";""
"202300038868";"155 611 667";"A01";"3";"7";"2";"0";"2";"0";"1";""
"202300038869";"155 611 664";"A01";"2";"7";"0";"2";"1";"1";"0";""
"202300038869";"155 611 666";"B01";"2";"7";"0";"2";"4";"1";"0";""
"202300038870";"155 611 663";"A01";"3";"10";"0";"2";"7";"17";"1";""
"202300038870";"155 611 665";"B01";"3";"50";"0";"2";"1";"1";"3";""
"202300038871";"155 611 660";"A01";"2";"33";"0";"2";"4";"3";"1";""
"202300038871";"155 611 662";"B01";"2";"10";"0";"2";"3";"11";"1";""
"202300038872";"155 611 659";"B01";"2";"2";"0";"2";"1";"1";"1";""
"202300038872";"155 611 661";"A01";"2";"7";"0";"2";"3";"15";"1";""
"202300038873";"155 611 656";"A01";"2";"15";"0";"2";"3";"13";"1";""
"202300038873";"155 611 657";"B01";"2";"7";"0";"2";"7";"1";"1";""
"202300038873";"155 611 658";"C01";"2";"7";"0";"2";"7";"9";"1";""
"202300038874";"155 611 655";"A01";"1";"7";"0";"1";"1";"15";"1";""
"202300038875";"155 611 653";"A01";"2";"32";"0";"2";"3";"3";"1";""
"202300038875";"155 611 654";"B01";"2";"7";"0";"2";"2";"12";"1";""
"202300038876";"155 611 652";"A01";"2";"7";"0";"1";"1";"1";"1";""
"202300038877";"155 611 648";"A01";"2";"7";"0";"2";"8";"11";"0";""
"202300038877";"155 611 650";"B01";"2";"33";"0";"2";"1";"3";"0";""
"202300038877";"155 611 651";"C01";"2";"7";"0";"2";"5";"23";"3";""
"202300038878";"155 611 649";"A01";"1";"7";"0";"1";"0";"15";"0";""
"202300038879";"155 611 645";"A01";"1";"33";"0";"2";"3";"1";"1";""
"202300038879";"155 611 647";"B01";"1";"7";"0";"2";"7";"1";"1";""
"202300038880";"155 611 644";"B01";"1";"7";"0";"2";"1";"2";"1";""
"202300038880";"155 611 646";"A01";"1";"7";"0";"2";"4";"2";"1";""
"202300038881";"155 611 641";"C01";"2";"7";"0";"2";"3";"1";"1";""
"202300038881";"155 611 642";"A01";"2";"10";"0";"2";"5";"11";"1";""
"202300038881";"155 611 643";"B01";"2";"33";"0";"2";"3";"1";"1";""
"202300038882";"155 611 639";"A01";"1";"7";"0";"2";"3";"1";"1";""
"202300038882";"155 611 640";"B01";"2";"7";"0";"2";"8";"1";"1";""
"202300038883";"155 611 635";"A01";"2";"7";"0";"2";"3";"0";"1";""
"202300038883";"155 611 637";"B01";"2";"33";"0";"2";"1";"1";"1";""
"202300038883";"155 611 638";"C01";"2";"10";"0";"2";"5";"1";"1";""
"202300038884";"155 611 634";"B01";"1";"50";"0";"2";"0";"0";"3";""
"202300038884";"155 611 636";"A01";"1";"7";"0";"2";"1";"19";"0";""
"202300038885";"155 611 632";"A01";"1";"32";"0";"2";"1";"12";"1";""
"202300038885";"155 611 633";"B01";"1";"10";"0";"2";"6";"1";"0";""
"202300038886";"155 611 630";"A01";"2";"99";"0";"2";"7";"25";"3";""
"202300038886";"155 611 631";"B01";"3";"99";"0";"2";"1";"19";"5";""
"202300038887";"155 611 628";"B01";"1";"10";"0";"0";"4";"14";"1";""
"202300038887";"155 611 629";"A01";"1";"7";"0";"2";"2";"1";"2";""
"202300038888";"155 611 626";"A01";"1";"10";"0";"2";"1";"2";"1";""
"202300038888";"155 611 627";"B01";"1";"14";"0";"2";"4";"1";"1";""
"202300038889";"155 611 620";"A01";"1";"7";"0";"2";"1";"5";"1";""
"202300038889";"155 611 623";"B01";"2";"7";"0";"2";"1";"21";"1";""
"202300038890";"155 611 619";"C01";"2";"10";"0";"2";"4";"2";"1";""
"202300038890";"155 611 621";"D01";"2";"33";"0";"2";"2";"3";"1";""
"202300038890";"155 611 622";"E01";"2";"7";"0";"2";"7";"1";"1";""
"202300038890";"155 611 624";"A01";"2";"10";"0";"2";"1";"2";"1";""
"202300038890";"155 611 625";"B01";"2";"7";"0";"2";"4";"2";"1";""
"202300038891";"155 611 615";"A01";"1";"31";"0";"2";"8";"3";"1";""
"202300038891";"155 611 617";"B01";"1";"7";"0";"2";"5";"12";"1";""
"202300038892";"155 611 616";"A01";"2";"7";"0";"2";"1";"13";"1";""
"202300038892";"155 611 618";"B01";"1";"37";"0";"2";"3";"1";"2";"1"
"202300038893";"155 611 613";"A01";"1";"43";"0";"2";"2";"3";"1";""
"202300038893";"155 611 614";"B01";"1";"7";"0";"2";"6";"1";"1";""
"202300038894";"155 611 611";"B01";"1";"7";"0";"4";"1";"9";"0";""
"202300038894";"155 611 612";"A01";"2";"40";"0";"2";"3";"1";"3";""
"202300038895";"155 611 609";"A01";"2";"7";"0";"2";"4";"1";"1";""
"202300038895";"155 611 610";"B01";"2";"10";" -1";"2";"1";"1";"0";""
"202300038896";"155 611 605";"A01";"2";"33";"0";"2";"3";"3";"1";""
"202300038896";"155 611 607";"B01";"2";"33";"0";"2";"4";"1";"1";""
"202300038897";"155 611 606";"A01";"1";"7";"0";"2";"0";"15";"1";""
"202300038897";"155 611 608";"B01";"2";"7";"0";"2";"0";"1";"1";""
"202300038898";"155 611 602";"A01";"2";"20";"0";"2";"1";"3";"1";""
"202300038898";"155 611 604";"B01";"2";"7";"0";"2";"2";"12";"1";""
"202300038899";"155 611 601";"A01";"1";"14";"0";"2";"2";"12";"1";""
"202300038899";"155 611 603";"B01";"1";"7";"0";"2";"6";"1";"1";""
"202300038900";"155 611 598";"B01";"1";"7";"0";"2";"4";"2";"1";""
"202300038900";"155 611 600";"A01";"1";"7";"0";"2";"2";"26";"1";""
"202300038901";"155 611 597";"B01";"2";"7";"0";"2";"4";"1";"1";""
"202300038901";"155 611 599";"A01";"2";"7";"0";"2";"1";"1";"1";""
"202300038902";"155 611 595";"B01";"0";"10";"0";"0";"6";"11";"1";""
"202300038902";"155 611 596";"A01";"0";"33";"0";"2";"1";"1";"1";""
"202300038903";"155 611 593";"B01";"2";"34";"0";"0";"8";"21";"1";""
"202300038903";"155 611 594";"Z01";"1";"7";"0";"0";"0";"9";"0";""
"202300038904";"155 611 592";"A01";"1";"7";"0";"0";"0";"1";"1";""
"202300038905";"155 611 591";"A01";"3";"37";"0";"1";"2";"1";"1";"1"
"202300038906";"155 611 590";"A01";"1";"7";"0";"9";"0";"26";"1";""
"202300038907";"155 611 589";"A01";"2";"7";"0";"1";"7";"1";"1";""
"202300038908";"155 611 588";"A01";"2";"7";"0";"1";"2";"1";"1";""
"202300038909";"155 611 586";"A01";"1";"2";"0";"2";"1";"15";"1";""
"202300038909";"155 611 587";"B01";"1";"7";"0";"2";"7";"0";"1";""
"202300038910";"155 611 585";"A01";"3";"7";"8";"0";"1";"14";"1";""
"202300038911";"155 611 583";"A01";"1";"7";"0";"2";"1";"26";"1";""
"202300038911";"155 611 584";"B01";"2";"7";"0";"2";"1";"1";"1";""
"202300038912";"155 611 579";"B01";"1";"7";"0";"2";"4";"1";"1";""
"202300038912";"155 611 581";"C01";"1";"7";"0";"2";"0";"0";"1";""