"Num_Acc";"id_vehicule";"num_veh";"senc";"catv";"obs";"obsm";"choc";"manv";"motor";"occutc"
"202300038912";"155 611 582";"A01";"1";"7";"2";"0";"1";"0";"1";""
"202300038913";"155 611 580";"A01";"2";"7";"0";"1";"1";"15";"1";""
"202300038914";"155 611 577";"A01";"3";"7";"0";"1";"0";"25";"2";""
"202300038915";"155 611 574";"A01";"1";"7";"0";"2";"3";"13";"1";""
"202300038915";"155 611 575";"B01";"1";"10";"0";"2";"7";"1";"1";""
"202300038915";"155 611 576";"C01";"1";"43";"0";"2";"6";"1";"1";""
"202300038915";"155 611 578";"D01";"1";"1";"0";"2";"6";"1";"0";""
"202300038916";"155 611 573";"A01";"1";"7";"0";"1";"3";"0";"1";""
"202300038917";"155 611 571";"A01";"2";"7";"8";"2";"3";"16";"1";""
"202300038917";"155 611 572";"B01";"2";"14";"0";"2";"0";"16";"1";""
"202300038918";"155 611 570";"A01";"1";"38";"0";"1";"2";"1";"1";"1"
"202300038919";"155 611 567";"A01";"1";"7";"0";"2";"1";"2";"1";""
"202300038919";"155 611 568";"B01";"1";"7";"0";"2";"4";"2";"1";""
"202300038919";"155 611 569";"C01";"1";"7";"0";"2";"4";"2";"1";""
"202300038920";"155 611 566";"A01";"1";"10";"0";"1";"1";"15";"1";""
"202300038921";"155 611 562";"A01";"2";"37";"0";"1";"7";"26";"6";"1"
"202300038922";"155 611 560";"A01";"2";"31";"0";"2";"1";"17";"1";""
"202300038922";"155 611 561";"B01";"2";"10";"0";"2";"3";"9";"1";""
"202300038923";"155 611 559";"A01";"1";"7";"0";"1";"1";"15";"1";""
"202300038924";"155 611 557";"B01";"1";"7";"0";"2";"2";"1";"1";""
"202300038924";"155 611 558";"A01";"1";"7";"0";"2";"1";"1";"1";""
"202300038925";"155 611 556";"A01";"1";"50";"0";"1";"1";"17";"3";""
"202300038926";"155 611 555";"A01";"0";"7";"0";"1";"3";"1";"1";""
"202300038927";"155 611 552";"A01";"3";"7";"0";"1";"2";"15";"1";""
"202300038928";"155 611 553";"A01";"2";"17";"0";"2";"6";"13";"1";""
"202300038928";"155 611 554";"B01";"1";"7";"0";"2";"1";"1";"1";""
"202300038929";"155 611 550";"A01";"1";"7";"0";"2";"1";"1";"1";""
"202300038929";"155 611 551";"B01";"1";"7";"0";"2";"4";"23";"1";""
"202300038930";"155 611 549";"A01";"1";"30";"0";"1";"1";"1";"3";""
"202300038931";"155 611 547";"B01";"2";"2";"0";"2";"1";"0";"1";""
"202300038931";"155 611 548";"A01";"2";"7";"0";"2";"1";"9";"1";""
"202300038932";"155 611 545";"A01";"1";"7";"0";"2";"0";"26";"1";""
"202300038932";"155 611 546";"B01";"1";"33";"0";"2";"1";"1";"1";""
"202300038933";"155 611 541";"A01";"1";"7";"13";"0";"1";"1";"1";""
"202300038934";"155 611 540";"B01";"2";"7";"0";"2";"1";"1";"1";""
"202300038934";"155 611 542";"A01";"2";"7";"0";"2";"4";"1";"1";""
"202300038935";"155 611 537";"B01";"3";"50";"0";"2";"0";"1";"3";""
"202300038935";"155 611 539";"A01";"3";"7";"0";"9";"1";"16";"1";""
"202300038936";"155 611 536";"B01";"1";"80";"0";"2";"1";"0";"3";""
"202300038936";"155 611 538";"A01";"1";"7";"0";"2";"3";"26";"1";""
"202300038937";"155 611 534";"A01";"1";"10";"8";"2";"1";"1";"1";""
"202300038937";"155 611 535";"B01";"1";"7";"0";"2";"7";"1";"1";""
"202300038938";"155 611 532";"A01";"1";"7";"0";"2";"7";"15";"1";""
"202300038938";"155 611 533";"B01";"2";"33";"0";"2";"1";"1";"1";""
"202300038939";"155 611 531";"A01";"0";"7";"0";"1";"3";"15";"0";""
"202300038940";"155 611 529";"A01";"1";"30";"0";"2";"2";"9";"1";""
"202300038940";"155 611 530";"B01";"1";"7";"0";"2";"3";"1";"1";""
"202300038941";"155 611 527";"A01";"1";"7";"0";"2";"2";"15";"0";""
"202300038941";"155 611 528";"B01";"2";"50";"0";"2";"3";"2";"3";""
"202300038942";"155 611 525";"A01";"2";"7";"0";"2";"2";"15";"1";""
"202300038942";"155 611 526";"B01";"1";"34";"0";"2";"1";"1";"1";""
"202300038943";"155 611 523";"B01";"3";"33";"0";"2";"1";"2";"1";""
"202300038943";"155 611 524";"A01";"3";"1";"0";"2";"8";"15";"5";""
"202300038944";"155 611 522";"A01";"3";"7";"0";"1";"1";"16";"3";""
"202300038945";"155 611 515";"Z01";"1";"7";"0";"2";"1";"1";"1";""
"202300038945";"155 611 517";"A01";"1";"1";"0";"2";"4";"23";"5";""
"202300038945";"155 611 518";"B01";"1";"1";"0";"2";"4";"23";"5";""
"202300038946";"155 611 513";"A01";"2";"7";"0";"2";"1";"15";"1";""
"202300038946";"155 611 514";"B01";"1";"30";"0";"2";"3";"1";"1";""
"202300038947";"155 611 512";"A01";"1";"7";"1";"0";"1";"14";"1";""
"202300038948";"155 611 509";"B01";"3";"1";"0";"2";"1";"19";"5";""
"202300038948";"155 611 511";"A01";"3";"10";"0";"2";"2";"1";"6";""
"202300038949";"155 611 508";"A01";"0";"7";"0";"2";"2";"15";"1";""
"202300038949";"155 611 510";"B01";"0";"32";"0";"2";"1";"1";"1";""
"202300038950";"155 611 507";"A01";"3";"32";"0";"2";"0";"0";"1";""
"202300038951";"155 611 503";"A01";"2";"31";"0";"2";"7";"17";"1";""
"202300038951";"155 611 505";"C01";"1";"7";"0";"2";"1";"1";"1";""
"202300038951";"155 611 506";"B01";"2";"7";"0";"2";"8";"2";"1";""
"202300038952";"155 611 502";"A01";"3";"7";"0";"2";"1";"1";"1";""
"202300038952";"155 611 504";"B01";"3";"10";"0";"2";"1";"15";"1";""
"202300038953";"155 611 500";"B01";"3";"1";"0";"2";"8";"19";"5";""
"202300038953";"155 611 501";"A01";"1";"7";"0";"2";"2";"1";"2";""
"202300038954";"155 611 499";"A01";"1";"50";"0";"1";"1";"17";"3";""
"202300038955";"155 611 496";"A01";"1";"7";"0";"2";"2";"15";"1";""
"202300038955";"155 611 498";"B01";"2";"7";"0";"2";"1";"1";"1";""
"202300038956";"155 611 495";"A01";"2";"2";"0";"2";"1";"1";"1";""
"202300038956";"155 611 497";"B01";"1";"7";"0";"2";"2";"15";"1";""
"202300038957";"155 611 492";"A01";"3";"7";"0";"2";"3";"15";"1";""
"202300038957";"155 611 494";"B01";"3";"7";"0";"2";"1";"1";"1";""
"202300038958";"155 611 490";"A01";"3";"7";"0";"2";"2";"15";"1";""
"202300038958";"155 611 491";"B01";"3";"7";"0";"2";"1";"1";"1";""
"202300038958";"155 611 493";"C01";"3";"7";"0";"2";"1";"23";"1";""
"202300038959";"155 611 488";"A01";"2";"7";"9";"2";"2";"1";"1";""
"202300038959";"155 611 489";"B01";"2";"7";"0";"2";"6";"13";"1";""
"202300038960";"155 611 486";"A01";"3";"7";"9";"0";"2";"16";"1";""
"202300038961";"155 611 485";"A01";"1";"50";"0";"4";"1";"13";"3";""
"202300038961";"155 611 487";"B01";"2";"40";"0";"2";"3";"1";"3";""
"202300038962";"155 611 482";"A01";"1";"7";"0";"2";"1";"1";"1";""
"202300038962";"155 611 483";"B01";"1";"7";"0";"2";"4";"2";"1";""
"202300038963";"155 611 478";"A01";"1";"33";"0";"2";"1";"17";"1";""
"202300038963";"155 611 480";"B01";"1";"50";"0";"2";"1";"19";"3";""
"202300038964";"155 611 477";"B01";"1";"1";"0";"0";"1";"0";"5";""
"202300038964";"155 611 479";"A01";"0";"7";"0";"0";"0";"26";"2";""
"202300038965";"155 611 476";"A01";"2";"10";"0";"0";"1";"14";"1";""
"202300038966";"155 611 475";"A01";"3";"17";"0";"1";"2";"1";"1";""
"202300038967";"155 611 473";"A01";"2";"3";"0";"2";"2";"15";"1";""
"202300038967";"155 611 474";"B01";"1";"10";"0";"2";"3";"1";"1";""
"202300038968";"155 611 472";"A01";"1";"7";"0";"1";"1";"14";"0";""
"202300038969";"155 611 470";"A01";"3";"7";"14";"0";"9";"16";"1";""
"202300038970";"155 611 469";"A01";"1";"7";"0";"2";"2";"1";"1";""
"202300038970";"155 611 471";"B01";"1";"7";"0";"2";"5";"15";"1";""
"202300038971";"155 611 467";"A01";"1";"32";"0";"0";"6";"15";"1";""
"202300038972";"155 611 466";"B01";"1";"33";"0";"2";"1";"17";"1";""
"202300038972";"155 611 468";"A01";"1";"7";"0";"2";"1";"15";"1";""
"202300038973";"155 611 463";"A01";"3";"7";"0";"2";"1";"13";"1";""
"202300038973";"155 611 465";"B01";"3";"7";"0";"2";"1";"1";"1";""
"202300038974";"155 611 462";"B01";"1";"7";"0";"2";"0";"0";"1";""
"202300038974";"155 611 464";"A01";"3";"31";"0";"2";"1";"2";"0";""
"202300038975";"155 611 461";"A01";"3";"7";"0";"1";"1";"15";"1";""
"202300038976";"155 611 458";"A01";"2";"10";"0";"2";"2";"1";"1";""
"202300038976";"155 611 460";"B01";"1";"33";"0";"2";"2";"1";"1";""
"202300038977";"155 611 457";"A01";"3";"7";"0";"2";"1";"15";"1";""
"202300038977";"155 611 459";"B01";"1";"2";"0";"2";"8";"1";"1";""
"202300038978";"155 611 455";"A01";"0";"7";"0";"1";"1";"0";"1";""
"202300038979";"155 611 454";"B01";"2";"7";"0";"2";"3";"1";"1";""
"202300038979";"155 611 456";"A01";"2";"7";"3";"2";"2";"1";"1";""
"202300038980";"155 611 449";"A01";"1";"33";"0";"2";"1";"17";"1";""
"202300038980";"155 611 451";"B01";"1";"7";"0";"2";"8";"15";"1";""
"202300038981";"155 611 450";"B01";"1";"7";"0";"2";"4";"23";"1";""
"202300038981";"155 611 452";"A01";"1";"7";"0";"2";"1";"1";"1";""
"202300038982";"155 611 448";"A01";"1";"33";"0";"0";"0";"1";"1";""
"202300038983";"155 611 446";"B01";"1";"10";"0";"2";"1";"23";"1";""
"202300038983";"155 611 447";"A01";"2";"33";"0";"2";"1";"13";"1";""
"202300038984";"155 611 445";"A01";"0";"7";"0";"1";"3";"1";"1";""
"202300038985";"155 611 444";"A01";"1";"10";"0";"1";"2";"9";"1";""
"202300038986";"155 611 442";"A01";"2";"7";"0";"2";"1";"10";"1";""
"202300038986";"155 611 443";"B01";"1";"31";"0";"2";"8";"1";"1";""
"202300038987";"155 611 441";"A01";"1";"34";"0";"1";"1";"1";"1";""
"202300038988";"155 611 440";"A01";"3";"7";"0";"1";"2";"1";"1";""
"202300038989";"155 611 435";"A01";"3";"7";"7";"0";"1";"0";"1";""
"202300038990";"155 611 436";"B01";"1";"32";"0";"2";"7";"1";"1";""
"202300038990";"155 611 438";"A01";"2";"7";"0";"2";"3";"9";"1";""
"202300038991";"155 611 433";"A01";"2";"10";"0";"2";"1";"1";"1";""
"202300038991";"155 611 434";"B01";"2";"7";"0";"2";"4";"1";"1";""
"202300038992";"155 611 432";"A01";"1";"80";"0";"1";"1";"1";"3";""
"202300038993";"155 611 431";"A01";"3";"37";"0";"1";"2";"1";"1";"1"
"202300038994";"155 611 429";"A01";"0";"7";"0";"1";"3";"1";"3";""
"202300038995";"155 611 428";"B01";"1";"80";"0";"2";"4";"1";"3";""
"202300038995";"155 611 430";"A01";"1";"7";"0";"2";"1";"1";"2";""
"202300038996";"155 611 426";"A01";"2";"7";"0";"2";"1";"13";"1";""
"202300038996";"155 611 427";"B01";"1";"7";"0";"2";"3";"1";"1";""
"202300038997";"155 611 425";"A01";"1";"80";"0";"0";"0";"21";"3";""
"202300038998";"155 611 423";"A01";"1";"7";"0";"2";"1";"1";"1";""
"202300038998";"155 611 424";"B01";"1";"7";"0";"2";"1";"1";"1";""
"202300038999";"155 611 422";"Z01";"2";"80";"0";"1";"8";"1";"3";""
"202300039000";"155 611 420";"A01";"0";"7";"0";"9";"2";"16";"1";""
"202300039000";"155 611 421";"B01";"0";"1";"0";"2";"8";"1";"5";""
"202300039001";"155 611 418";"B01";"2";"33";"0";"2";"1";"1";"1";""
"202300039001";"155 611 419";"A01";"1";"7";"0";"2";"5";"15";"1";""
"202300039002";"155 611 417";"A01";"1";"30";"14";"0";"1";"26";"1";""
"202300039003";"155 611 413";"A01";"2";"7";"0";"2";"1";"1";"1";""
"202300039003";"155 611 415";"B01";"1";"7";"0";"2";"4";"2";"1";""
"202300039004";"155 611 414";"A01";"2";"7";"0";"2";"3";"26";"1";""
"202300039004";"155 611 416";"B01";"1";"33";"0";"2";"1";"21";"1";""
"202300039005";"155 611 409";"A01";"3";"7";"0";"2";"2";"1";"1";""
"202300039005";"155 611 411";"B01";"3";"32";"0";"2";"1";"1";"1";""
"202300039006";"155 611 407";"A01";"1";"7";"0";"2";"1";"26";"1";""
"202300039006";"155 611 408";"B01";"3";"7";"4";"2";"1";"1";"1";""
"202300039007";"155 611 404";"A01";"3";"7";"0";"1";"1";"2";"1";""
"202300039008";"155 611 405";"B01";"1";"32";"0";"2";"1";"7";"1";""
"202300039008";"155 611 406";"A01";"2";"7";"0";"2";"2";"15";"1";""
"202300039009";"155 611 402";"A01";"0";"43";"0";"2";"1";"18";"1";""
"202300039009";"155 611 403";"B01";"0";"7";"0";"0";"2";"0";"1";""
"202300039010";"155 611 401";"A01";"2";"33";"8";"0";"1";"16";"1";""
"202300039011";"155 611 399";"Z01";"1";"7";"0";"2";"0";"0";"0";""
"202300039011";"155 611 400";"B01";"1";"2";"0";"2";"1";"1";"1";""
"202300039012";"155 611 396";"A01";"2";"30";"0";"2";"3";"1";"1";""
"202300039012";"155 611 398";"C01";"2";"33";"0";"2";"3";"1";"1";""
"202300039013";"155 611 395";"B01";"0";"7";"0";"2";"2";"1";"1";""
"202300039013";"155 611 397";"A01";"0";"2";"0";"2";"1";"15";"1";""
"202300039014";"155 611 393";"A01";"2";"34";"0";"0";"0";"21";"1";""
"202300039015";"155 611 392";"A01";"1";"7";"0";"2";"3";"15";"1";""
"202300039015";"155 611 394";"B01";"1";"34";"0";"2";"1";"3";"1";""
"202300039016";"155 611 391";"A01";"1";"33";"0";"1";"1";"2";"1";""
"202300039017";"155 611 389";"B01";"2";"7";"0";"0";"6";"24";"1";""
"202300039017";"155 611 390";"A01";"2";"7";"0";"2";"2";"1";"1";""
"202300039018";"155 611 387";"A01";"3";"7";"0";"2";"1";"1";"1";""
"202300039018";"155 611 388";"B01";"0";"7";"0";"2";"6";"0";"1";""
"202300039019";"155 611 385";"B01";"2";"33";"0";"2";"1";"1";"0";""
"202300039019";"155 611 386";"A01";"2";"7";"0";"2";"1";"5";"0";""
"202300039020";"155 611 383";"B01";"2";"99";"0";"2";"3";"15";"1";""
"202300039020";"155 611 384";"A01";"2";"7";"0";"2";"2";"15";"1";""
"202300039021";"155 611 381";"Z01";"3";"7";"0";"2";"0";"26";"1";""
"202300039021";"155 611 382";"A01";"2";"50";"0";"2";"0";"2";"3";""
"202300039022";"155 611 379";"A01";"1";"33";"0";"2";"1";"18";"0";""
"202300039022";"155 611 380";"B01";"2";"7";"0";"2";"2";"16";"0";""
"202300039023";"155 611 375";"A01";"3";"30";"0";"2";"3";"9";"1";""
"202300039023";"155 611 377";"B01";"3";"30";"0";"2";"1";"1";"1";""
"202300039024";"155 611 373";"A01";"3";"7";"0";"1";"1";"17";"1";""
"202300039025";"155 611 374";"A01";"2";"7";"0";"2";"1";"5";"1";""
"202300039025";"155 611 376";"B01";"1";"7";"1";"2";"1";"1";"1";""
"202300039025";"155 611 378";"C01";"3";"7";"0";"2";"6";"26";"1";""
"202300039026";"155 611 372";"A01";"2";"1";"0";"0";"0";"26";"5";""
"202300039027";"155 611 369";"A01";"2";"10";"0";"2";"2";"2";"1";""
"202300039027";"155 611 371";"Y01";"1";"50";"0";"2";"7";"25";"3";""
"202300039028";"155 611 368";"B01";"3";"43";"0";"2";"1";"1";"1";""
"202300039028";"155 611 370";"A01";"3";"50";"0";"2";"1";"1";"3";""
"202300039029";"155 611 367";"A01";"1";"80";"0";"0";"1";"1";"3";""
"202300039030";"155 611 365";"B01";"0";"7";"0";"2";"3";"1";"2";""
"202300039030";"155 611 366";"A01";"0";"60";"0";"2";"3";"19";"5";""
"202300039031";"155 611 363";"B01";"2";"1";"0";"2";"1";"1";"5";""
"202300039031";"155 611 364";"A01";"1";"7";"0";"2";"2";"15";"1";""
"202300039032";"155 611 361";"B01";"1";"50";"0";"2";"2";"17";"3";""
"202300039032";"155 611 362";"A01";"1";"7";"0";"2";"3";"15";"1";""
"202300039033";"155 611 359";"B01";"1";"10";"0";"2";"3";"9";"1";""
"202300039033";"155 611 360";"A01";"1";"33";"0";"2";"1";"17";"1";""
"202300039034";"155 611 355";"A01";"2";"7";"0";"2";"3";"9";"1";""
"202300039034";"155 611 357";"B01";"2";"1";"0";"2";"1";"1";"5";""
"202300039035";"155 611 356";"B01";"1";"32";"0";"2";"7";"17";"1";""
"202300039035";"155 611 358";"A01";"1";"10";"0";"2";"3";"15";"1";""
"202300039036";"155 611 353";"A01";"1";"7";"0";"2";"3";"22";"1";""
"202300039036";"155 611 354";"B01";"1";"80";"0";"2";"1";"1";"3";""
"202300039037";"155 611 352";"A01";"1";"7";"0";"1";"3";"2";"1";""
"202300039038";"155 611 349";"A01";"1";"33";"0";"2";"1";"2";"1";""
"202300039038";"155 611 351";"B01";"1";"7";"0";"2";"4";"2";"1";""
"202300039039";"155 611 348";"B01";"1";"10";"0";"2";"1";"1";"1";""
"202300039039";"155 611 350";"A01";"1";"7";"0";"2";"3";"10";"1";""
"202300039040";"155 611 346";"A01";"1";"80";"0";"2";"7";"1";"3";""
"202300039040";"155 611 347";"Z01";"1";"43";"0";"2";"7";"1";"1";""
"202300039041";"155 611 344";"A01";"1";"7";"0";"1";"1";"1";"1";""
"202300039042";"155 611 343";"A01";"2";"32";"0";"2";"7";"1";"1";""
"202300039042";"155 611 345";"B01";"1";"7";"0";"2";"2";"15";"1";""
"202300039043";"155 611 342";"A01";"1";"1";"12";"0";"0";"14";"5";""
"202300039044";"155 611 339";"A01";"1";"1";"0";"2";"1";"2";"5";""
"202300039044";"155 611 341";"B01";"1";"80";"0";"2";"4";"23";"3";""
"202300039045";"155 611 338";"B01";"1";"7";"4";"0";"3";"1";"1";""
"202300039045";"155 611 340";"A01";"1";"10";"0";"2";"3";"13";"1";""
"202300039046";"155 611 336";"A01";"3";"7";"0";"2";"1";"1";"1";""
"202300039046";"155 611 337";"B01";"3";"34";"0";"2";"4";"23";"1";""
"202300039047";"155 611 334";"A01";"1";"3";"0";"2";"0";"0";"0";""
"202300039047";"155 611 335";"B01";"3";"60";"0";"2";"0";"0";"5";""
"202300039048";"155 611 333";"A01";"3";"1";"0";"1";"1";"25";"5";""
"202300039049";"155 611 331";"A01";"2";"10";"0";"2";"8";"22";"1";""
"202300039049";"155 611 332";"B01";"2";"80";"0";"2";"1";"1";"3";""
"202300039050";"155 611 328";"B01";"2";"1";"0";"2";"0";"1";"5";""
"202300039050";"155 611 330";"A01";"1";"7";"0";"9";"0";"15";"3";""
"202300039051";"155 611 327";"B01";"2";"30";"0";"2";"1";"1";"3";""
"202300039051";"155 611 329";"A01";"2";"7";"0";"2";"5";"10";"1";""
"202300039052";"155 611 325";"A01";"2";"37";"15";"0";"1";"2";"1";"1"
"202300039052";"155 611 326";"B01";"2";"7";"15";"0";"4";"2";"1";""
"202300039053";"155 611 323";"Z01";"1";"7";"0";"2";"2";"1";"0";""
"202300039053";"155 611 324";"A01";"1";"50";"0";"2";"8";"15";"3";""
"202300039054";"155 611 321";"A01";"1";"10";"0";"2";"1";"17";"1";""
"202300039054";"155 611 322";"B01";"1";"1";"0";"2";"6";"15";"5";""
"202300039055";"155 611 320";"A01";"3";"7";"0";"1";"2";"1";"1";""
"202300039056";"155 611 317";"A01";"1";"7";"0";"2";"8";"13";"1";""
"202300039056";"155 611 318";"B01";"1";"33";"0";"2";"7";"1";"1";""
"202300039057";"155 611 316";"A01";"3";"7";"0";"2";"5";"22";"1";""
"202300039057";"155 611 319";"B01";"3";"50";"0";"2";"1";"1";"3";""
"202300039058";"155 611 315";"A01";"0";"50";"12";"0";"1";"1";"3";""
"202300039059";"155 611 314";"A01";"2";"15";"0";"1";"0";"23";"0";""
"202300039060";"155 611 311";"A01";"1";"7";"0";"2";"8";"10";"1";""
"202300039060";"155 611 313";"B01";"1";"33";"0";"2";"7";"1";"1";""
"202300039061";"155 611 312";"A01";"3";"7";"0";"1";"2";"26";"1";""
"202300039062";"155 611 309";"A01";"0";"30";"0";"2";"1";"1";"1";""
"202300039062";"155 611 310";"B01";"0";"7";"0";"2";"4";"15";"1";""
"202300039063";"155 611 308";"A01";"1";"10";"6";"0";"1";"0";"1";""
"202300039064";"155 611 306";"B01";"0";"34";"1";"2";"9";"21";"1";""
"202300039064";"155 611 307";"A01";"0";"7";"0";"2";"3";"15";"1";""
"202300039065";"155 611 303";"A01";"1";"7";"0";"2";"2";"10";"1";""
"202300039065";"155 611 305";"B01";"1";"33";"0";"2";"1";"1";"1";""
"202300039066";"155 611 301";"A01";"1";"7";"0";"2";"2";"16";"1";""
"202300039066";"155 611 302";"B01";"2";"1";"0";"2";"1";"1";"5";""
"202300039067";"155 611 299";"A01";"1";"7";"0";"2";"1";"1";"1";""
"202300039067";"155 611 300";"B01";"2";"30";"0";"2";"1";"5";"1";""
"202300039068";"155 611 297";"B01";"3";"7";"0";"2";"2";"1";"1";""
"202300039068";"155 611 298";"A01";"3";"7";"0";"2";"1";"1";"1";""
"202300039069";"155 611 294";"A01";"1";"7";"0";"2";"0";"12";"1";""
"202300039069";"155 611 296";"B01";"1";"33";"0";"2";"2";"2";"1";""
"202300039070";"155 611 292";"A01";"1";"7";"0";"2";"2";"15";"1";""
"202300039070";"155 611 293";"B01";"2";"32";"0";"2";"1";"1";"1";""
"202300039071";"155 611 291";"A01";"1";"7";"9";"0";"2";"1";"1";""
"202300039072";"155 611 295";"A01";"3";"7";"1";"1";"1";"2";"1";""
"202300039073";"155 611 289";"A01";"1";"7";"1";"0";"1";"1";"1";""
"202300039073";"155 611 290";"B01";"2";"7";"1";"0";"3";"15";"1";""
"202300039074";"155 611 287";"A01";"3";"7";"0";"2";"1";"9";"1";""
"202300039074";"155 611 288";"B01";"3";"7";"0";"2";"2";"1";"1";""
"202300039075";"155 611 285";"A01";"3";"1";"0";"2";"4";"2";"5";""
"202300039075";"155 611 286";"B01";"3";"34";"0";"2";"1";"1";"1";""
"202300039076";"155 611 284";"A01";"2";"1";"0";"0";"0";"1";"5";""
"202300039077";"155 611 282";"A01";"1";"7";"0";"2";"2";"0";"1";""
"202300039077";"155 611 283";"B01";"1";"1";"0";"2";"6";"0";"5";""
"202300039078";"155 611 279";"B01";"2";"30";"0";"2";"1";"2";"1";""
"202300039078";"155 611 280";"A01";"2";"10";"0";"2";"4";"1";"3";""
"202300039078";"155 611 281";"C01";"1";"1";"0";"2";"0";"0";"5";""
"202300039079";"155 611 277";"A01";"0";"7";"0";"2";"3";"15";"0";""
"202300039079";"155 611 278";"B01";"0";"32";"0";"2";"2";"1";"0";""
"202300039080";"155 611 275";"B01";"3";"33";"0";"2";"3";"1";"1";""
"202300039080";"155 611 276";"A01";"3";"7";"0";"2";"3";"15";"1";""
"202300039081";"155 611 273";"A01";"2";"7";"0";"2";"1";"2";"1";""
"202300039081";"155 611 274";"B01";"2";"10";"0";"2";"4";"2";"1";""
"202300039082";"155 611 272";"A01";"1";"7";"0";"1";"3";"2";"1";""
"202300039083";"155 611 270";"B01";"1";"7";"0";"2";"6";"2";"1";""
"202300039083";"155 611 271";"A01";"1";"10";"0";"2";"1";"2";"1";""
"202300039084";"155 611 268";"B01";"2";"7";"0";"2";"5";"1";"1";""
"202300039084";"155 611 269";"A01";"1";"31";"0";"2";"1";"2";"1";""
"202300039085";"155 611 266";"B01";"1";"7";"0";"2";"1";"1";"1";""
"202300039085";"155 611 267";"A01";"2";"7";"0";"2";"5";"1";"1";""
"202300039086";"155 611 264";"A01";"0";"7";"0";"0";"0";"0";"0";""
"202300039086";"155 611 265";"B01";"1";"34";"0";"2";"1";"17";"1";""
"202300039087";"155 611 262";"A01";"1";"7";"0";"2";"3";"9";"1";""
"202300039087";"155 611 263";"B01";"2";"34";"0";"2";"1";"17";"1";""
"202300039088";"155 611 261";"A01";"2";"33";"12";"0";"1";"6";"1";""
"202300039089";"155 611 259";"A01";"1";"7";"0";"2";"8";"24";"0";""
"202300039089";"155 611 260";"B01";"2";"7";"1";"2";"2";"17";"0";""
"202300039090";"155 611 257";"B01";"0";"1";"0";"2";"1";"1";"5";""
"202300039090";"155 611 258";"A01";"3";"7";"0";"0";"4";"1";"1";""
"202300039091";"155 611 255";"B01";"1";"15";"0";"0";"2";"1";"1";""
"202300039091";"155 611 256";"A01";"3";"7";"6";"0";"8";"9";"1";""
"202300039092";"155 611 254";"A01";"1";"7";"0";"0";"9";"1";"1";""
"202300039093";"155 611 252";"A01";"2";"10";"0";"2";"5";"15";"1";""
"202300039093";"155 611 253";"B01";"1";"33";"0";"2";"1";"1";"1";""
"202300039094";"155 611 250";"A01";"3";"7";"0";"2";"1";"1";"1";""
"202300039094";"155 611 251";"B01";"3";"10";"0";"2";"2";"1";"1";""
"202300039095";"155 611 248";"A01";"1";"13";"0";"2";"4";"4";"1";""
"202300039095";"155 611 249";"B01";"1";"80";"0";"2";"1";"23";"3";""
"202300039096";"155 611 246";"B01";"1";"33";"0";"2";"1";"1";"1";""
"202300039096";"155 611 247";"A01";"1";"7";"0";"2";"6";"1";"1";""
"202300039097";"155 611 244";"A01";"2";"7";"0";"2";"5";"0";"1";""
"202300039097";"155 611 245";"B01";"2";"7";"0";"2";"1";"2";"1";""
"202300039098";"155 611 242";"B01";"2";"7";"0";"2";"4";"23";"1";""
"202300039098";"155 611 243";"A01";"2";"17";"0";"2";"3";"2";"1";""
"202300039099";"155 611 240";"B01";"1";"7";"0";"2";"4";"1";"2";""
"202300039099";"155 611 241";"A01";"1";"7";"0";"2";"1";"1";"1";""
"202300039100";"155 611 238";"A01";"2";"7";"0";"2";"7";"1";"1";""
"202300039100";"155 611 239";"B01";"2";"31";"0";"2";"1";"12";"1";""
"202300039101";"155 611 236";"A01";"2";"7";"0";"2";"0";"0";"1";""
"202300039101";"155 611 237";"B01";"2";"7";"0";"2";"0";"1";"1";""
"202300039102";"155 611 235";"A01";"2";"7";"4";"0";"1";"0";"1";""
"202300039103";"155 611 233";"B01";"2";"33";"0";"2";"6";"1";"1";""
"202300039103";"155 611 234";"A01";"2";"10";"0";"2";"7";"12";"1";""
"202300039104";"155 611 231";"A01";"2";"7";"0";"2";"1";"13";"1";""
"202300039104";"155 611 232";"B01";"1";"7";"0";"2";"1";"1";"1";""
"202300039105";"155 611 229";"B01";"3";"1";"0";"9";"0";"1";"5";""
"202300039105";"155 611 230";"A01";"3";"7";"0";"9";"0";"16";"0";""
"202300039106";"155 611 227";"A01";"1";"37";"0";"9";"2";"1";"1";"1"
"202300039106";"155 611 228";"B01";"2";"1";"0";"2";"7";"1";"5";""
"202300039107";"155 611 226";"A01";"1";"7";"0";"1";"1";"1";"0";""
"202300039108";"155 611 225";"A01";"2";"7";"0";"0";"0";"1";"2";""
"202300039109";"155 611 221";"A01";"1";"7";"6";"2";"1";"1";"1";""
"202300039109";"155 611 222";"B01";"2";"33";"0";"2";"3";"1";"1";""
"202300039109";"155 611 223";"C01";"2";"33";"0";"2";"3";"1";"1";""
"202300039109";"155 611 224";"D01";"2";"33";"0";"2";"3";"1";"1";""
"202300039110";"155 611 219";"A01";"1";"10";"0";"2";"1";"13";"1";""
"202300039110";"155 611 220";"B01";"2";"7";"0";"2";"3";"1";"1";""
"202300039111";"155 611 217";"B01";"2";"10";"0";"2";"1";"1";"1";""
"202300039111";"155 611 218";"A01";"1";"7";"0";"2";"1";"17";"1";""
"202300039112";"155 611 215";"A01";"1";"7";"0";"2";"3";"15";"1";""