"Num_Acc";"id_vehicule";"num_veh";"senc";"catv";"obs";"obsm";"choc";"manv";"motor";"occutc"
"202300039716";"155 610 122";"B01";"1";"7";"0";"2";"4";"16";"1";""
"202300039717";"155 610 119";"B01";"3";"7";"0";"2";"1";"16";"6";""
"202300039717";"155 610 123";"A01";"3";"7";"0";"2";"1";"15";"6";""
"202300039718";"155 610 118";"A01";"2";"7";"0";"1";"2";"1";"1";""
"202300039719";"155 610 115";"B01";"3";"1";"9";"2";"8";"26";"5";""
"202300039719";"155 610 117";"A01";"3";"7";"9";"2";"1";"15";"0";""
"202300039720";"155 610 114";"A01";"2";"7";"13";"0";"3";"13";"1";""
"202300039721";"155 610 113";"B01";"2";"7";"0";"2";"1";"1";"1";""
"202300039721";"155 610 116";"A01";"1";"7";"0";"2";"1";"5";"1";""
"202300039722";"155 610 110";"B01";"1";"1";"0";"2";"3";"14";"5";""
"202300039722";"155 610 112";"A01";"1";"7";"0";"2";"2";"3";"1";""
"202300039723";"155 610 109";"B01";"1";"7";"0";"2";"1";"1";"1";""
"202300039723";"155 610 111";"A01";"2";"7";"0";"2";"1";"17";"1";""
"202300039724";"155 610 107";"B01";"2";"10";"0";"2";"2";"2";"1";""
"202300039724";"155 610 108";"A01";"1";"32";"0";"2";"8";"10";"1";""
"202300039725";"155 610 104";"A01";"1";"7";"0";"2";"3";"1";"1";""
"202300039725";"155 610 105";"B01";"2";"7";"0";"2";"3";"1";"1";""
"202300039726";"155 610 103";"B01";"1";"7";"0";"2";"4";"1";"1";""
"202300039726";"155 610 106";"A01";"1";"10";"14";"0";"1";"1";"1";""
"202300039727";"155 610 098";"B01";"1";"7";"8";"2";"1";"1";"1";""
"202300039727";"155 610 100";"A01";"2";"7";"0";"2";"1";"15";"1";""
"202300039728";"155 610 099";"A01";"1";"7";"0";"2";"1";"1";"2";""
"202300039728";"155 610 102";"Y01";"3";"50";"0";"2";"8";"1";"3";""
"202300039729";"155 610 097";"B01";"2";"7";"0";"2";"4";"2";"1";""
"202300039729";"155 610 101";"A01";"2";"10";"0";"2";"1";"2";"0";""
"202300039730";"155 610 096";"A01";"2";"7";"0";"1";"2";"16";"1";""
"202300039731";"155 610 095";"A01";"1";"7";"0";"1";"3";"1";"2";""
"202300039732";"155 610 093";"A01";"2";"33";"0";"2";"2";"17";"0";""
"202300039732";"155 610 094";"B01";"1";"7";"0";"2";"3";"15";"0";""
"202300039733";"155 610 091";"A01";"2";"10";"15";"0";"3";"1";"6";""
"202300039734";"155 610 089";"A01";"2";"7";"0";"2";"1";"1";"1";""
"202300039734";"155 610 090";"B01";"2";"7";"0";"2";"4";"1";"1";""
"202300039735";"155 610 088";"A01";"2";"1";"0";"2";"6";"19";"5";""
"202300039735";"155 610 092";"Z01";"1";"7";"0";"2";"6";"16";"0";""
"202300039736";"155 610 084";"A01";"3";"33";"0";"2";"1";"21";"1";""
"202300039736";"155 610 086";"B01";"0";"33";"0";"2";"1";"26";"1";""
"202300039737";"155 610 083";"A01";"3";"30";"0";"2";"4";"0";"1";""
"202300039737";"155 610 087";"B01";"3";"10";"0";"2";"1";"0";"1";""
"202300039738";"155 610 082";"A01";"1";"1";"0";"2";"1";"15";"5";""
"202300039738";"155 610 085";"B01";"2";"7";"0";"2";"3";"9";"1";""
"202300039739";"155 610 081";"A01";"2";"17";"3";"0";"1";"1";"1";""
"202300039740";"155 610 078";"A01";"2";"7";"2";"0";"3";"0";"1";""
"202300039741";"155 610 077";"B01";"3";"7";"0";"2";"3";"0";"1";""
"202300039741";"155 610 080";"A01";"3";"1";"0";"2";"2";"19";"5";""
"202300039742";"155 610 076";"B01";"2";"2";"0";"2";"2";"1";"1";""
"202300039742";"155 610 079";"A01";"2";"10";"0";"2";"3";"9";"1";""
"202300039743";"155 610 075";"A01";"2";"33";"4";"0";"0";"1";"1";""
"202300039744";"155 610 074";"A01";"2";"7";"0";"1";"1";"1";"1";""
"202300039745";"155 610 071";"B01";"1";"10";"0";"2";"3";"1";"1";""
"202300039745";"155 610 073";"A01";"2";"1";"0";"2";"1";"1";"5";""
"202300039746";"155 610 068";"A01";"1";"7";"15";"1";"1";"25";"1";""
"202300039747";"155 610 066";"A01";"1";"7";"0";"1";"1";"1";"1";""
"202300039748";"155 610 067";"A01";"2";"7";"0";"2";"5";"18";"1";""
"202300039748";"155 610 069";"B01";"2";"1";"0";"2";"0";"0";"5";""
"202300039748";"155 610 070";"C01";"2";"1";"0";"2";"2";"1";"5";""
"202300039749";"155 610 062";"A01";"2";"7";"15";"0";"1";"1";"1";""
"202300039750";"155 610 060";"A01";"1";"7";"0";"2";"1";"2";"1";""
"202300039750";"155 610 061";"B01";"1";"7";"0";"2";"4";"2";"1";""
"202300039750";"155 610 064";"C01";"1";"7";"0";"2";"1";"2";"1";""
"202300039750";"155 610 065";"D01";"1";"10";"0";"2";"1";"2";"1";""
"202300039751";"155 610 059";"A01";"3";"2";"0";"2";"1";"15";"1";""
"202300039751";"155 610 063";"B01";"2";"7";"0";"2";"2";"1";"1";""
"202300039752";"155 610 055";"A01";"1";"7";"0";"2";"4";"1";"1";""
"202300039752";"155 610 057";"B01";"1";"33";"0";"2";"1";"2";"1";""
"202300039753";"155 610 054";"A01";"2";"7";"0";"9";"3";"1";"1";""
"202300039754";"155 610 052";"A01";"3";"7";"16";"0";"3";"0";"1";""
"202300039755";"155 610 050";"A01";"2";"7";"0";"1";"2";"9";"1";""
"202300039756";"155 610 049";"A01";"2";"43";"8";"0";"1";"26";"1";""
"202300039757";"155 610 047";"B01";"2";"7";"0";"2";"1";"0";"1";""
"202300039757";"155 610 048";"A01";"1";"7";"0";"2";"7";"0";"1";""
"202300039758";"155 610 046";"A01";"2";"7";"0";"1";"2";"1";"1";""
"202300039759";"155 610 044";"B01";"2";"7";"0";"2";"4";"1";"1";""
"202300039759";"155 610 045";"A01";"2";"7";"4";"2";"1";"13";"1";""
"202300039760";"155 610 041";"A01";"2";"7";"0";"2";"1";"13";"1";""
"202300039760";"155 610 042";"B01";"1";"10";"0";"0";"3";"1";"1";""
"202300039761";"155 610 040";"A01";"1";"7";"0";"2";"1";"2";"1";""
"202300039761";"155 610 043";"B01";"1";"1";"0";"2";"4";"2";"5";""
"202300039762";"155 610 039";"A01";"2";"30";"14";"0";"0";"26";"3";""
"202300039763";"155 610 038";"A01";"1";"33";"0";"1";"1";"26";"1";""
"202300039764";"155 610 037";"A01";"2";"32";"0";"1";"1";"0";"1";""
"202300039765";"155 610 035";"A01";"1";"7";"0";"0";"8";"15";"1";""
"202300039765";"155 610 036";"B01";"0";"33";"7";"2";"1";"0";"1";""
"202300039766";"155 610 034";"A01";"1";"7";"13";"0";"1";"0";"1";""
"202300039767";"155 610 032";"A01";"1";"10";"0";"2";"1";"13";"6";""
"202300039767";"155 610 033";"B01";"2";"7";"0";"2";"1";"1";"6";""
"202300039768";"155 610 027";"A01";"1";"50";"0";"2";"7";"1";"3";""
"202300039768";"155 610 028";"B01";"3";"7";"0";"2";"3";"1";"1";""
"202300039769";"155 610 026";"A01";"3";"7";"0";"2";"2";"0";"0";""
"202300039769";"155 610 030";"B01";"3";"7";"0";"2";"0";"0";"0";""
"202300039770";"155 610 022";"A01";"1";"7";"0";"2";"1";"2";"1";""
"202300039770";"155 610 025";"B01";"1";"7";"0";"2";"4";"2";"1";""
"202300039770";"155 610 029";"C01";"1";"7";"0";"2";"4";"2";"1";""
"202300039770";"155 610 031";"D01";"1";"7";"0";"0";"4";"2";"1";""
"202300039771";"155 610 021";"A01";"2";"30";"0";"2";"1";"1";"3";""
"202300039771";"155 610 024";"B01";"1";"7";"0";"2";"8";"1";"1";""
"202300039772";"155 610 023";"A01";"3";"1";"0";"0";"1";"1";"5";""
"202300039773";"155 610 019";"B01";"1";"7";"0";"2";"5";"17";"3";""
"202300039773";"155 610 020";"A01";"1";"7";"3";"2";"3";"13";"2";""
"202300039774";"155 610 017";"B01";"1";"7";"0";"2";"3";"1";"1";""
"202300039774";"155 610 018";"A01";"2";"30";"0";"2";"1";"13";"3";""
"202300039775";"155 610 016";"A01";"3";"7";"13";"0";"1";"26";"1";""
"202300039776";"155 610 015";"A01";"2";"7";"14";"0";"2";"14";"1";""
"202300039777";"155 610 012";"B01";"0";"7";"0";"2";"1";"0";"1";""
"202300039777";"155 610 014";"A01";"0";"7";"0";"2";"1";"26";"1";""
"202300039778";"155 610 011";"A01";"3";"7";"4";"0";"1";"14";"1";""
"202300039779";"155 610 010";"A01";"1";"7";"0";"9";"3";"15";"1";""
"202300039779";"155 610 013";"B01";"2";"1";"0";"0";"8";"1";"5";""
"202300039780";"155 610 006";"B01";"1";"1";"0";"2";"1";"1";"5";""
"202300039780";"155 610 009";"A01";"2";"7";"0";"2";"3";"13";"1";""
"202300039781";"155 610 005";"B01";"0";"33";"0";"2";"1";"1";"1";""
"202300039781";"155 610 007";"A01";"0";"7";"0";"2";"4";"26";"1";""
"202300039782";"155 610 004";"B01";"1";"2";"0";"2";"1";"1";"1";""
"202300039782";"155 610 008";"A01";"0";"7";"0";"2";"8";"15";"1";""
"202300039783";"155 610 001";"B01";"1";"7";"0";"0";"4";"2";"1";""
"202300039783";"155 610 003";"A01";"1";"7";"0";"2";"1";"2";"1";""
"202300039784";"155 609 998";"A01";"2";"7";"3";"0";"8";"2";"1";""
"202300039784";"155 610 000";"B01";"2";"7";"0";"0";"0";"0";"1";""
"202300039785";"155 609 996";"A01";"2";"2";"0";"2";"1";"5";"1";""
"202300039785";"155 609 999";"B01";"1";"7";"0";"2";"3";"1";"1";""
"202300039786";"155 609 995";"A01";"1";"7";"0";"2";"3";"9";"1";""
"202300039786";"155 609 997";"B01";"3";"2";"0";"2";"7";"1";"1";""
"202300039787";"155 609 994";"A01";"1";"7";"13";"0";"1";"2";"0";""
"202300039788";"155 609 993";"A01";"2";"7";"4";"0";"8";"1";"1";""
"202300039789";"155 609 991";"A01";"2";"7";"7";"0";"1";"9";"1";""
"202300039790";"155 609 988";"A01";"2";"7";"0";"2";"1";"1";"1";""
"202300039790";"155 609 992";"B01";"0";"3";"0";"2";"6";"0";"3";""
"202300039791";"155 609 986";"A01";"1";"33";"0";"2";"0";"3";"1";""
"202300039791";"155 609 989";"B01";"1";"7";"0";"2";"4";"11";"1";""
"202300039792";"155 609 987";"A01";"3";"7";"0";"2";"1";"1";"1";""
"202300039792";"155 609 990";"B01";"3";"7";"0";"2";"7";"15";"1";""
"202300039793";"155 609 984";"A01";"1";"7";"1";"0";"3";"13";"1";""
"202300039794";"155 609 981";"B01";"1";"10";"6";"2";"3";"1";"1";""
"202300039794";"155 609 983";"A01";"2";"7";"0";"2";"2";"19";"1";""
"202300039795";"155 609 982";"A01";"1";"33";"0";"2";"2";"26";"1";""
"202300039795";"155 609 985";"B01";"1";"7";"0";"2";"3";"11";"1";""
"202300039796";"155 609 980";"A01";"2";"7";"13";"0";"1";"14";"1";""
"202300039797";"155 609 977";"A01";"2";"7";"0";"2";"1";"2";"1";""
"202300039797";"155 609 978";"B01";"2";"7";"0";"2";"4";"0";"1";""
"202300039798";"155 609 975";"A01";"0";"7";"0";"2";"3";"1";"0";""
"202300039798";"155 609 979";"B01";"3";"7";"0";"2";"6";"1";"0";""
"202300039799";"155 609 974";"A01";"3";"7";"0";"9";"0";"15";"2";""
"202300039799";"155 609 976";"B01";"3";"1";"0";"2";"0";"0";"5";""
"202300039800";"155 609 970";"A01";"2";"7";"0";"2";"1";"1";"1";""
"202300039800";"155 609 972";"B01";"2";"7";"0";"2";"4";"1";"1";""
"202300039801";"155 609 968";"B01";"2";"7";"0";"2";"4";"2";"2";""
"202300039801";"155 609 971";"C01";"2";"10";"0";"2";"1";"2";"1";""
"202300039801";"155 609 973";"A01";"2";"38";"0";"2";"1";"12";"1";"1"
"202300039802";"155 609 967";"A01";"0";"7";"0";"2";"3";"20";"1";""
"202300039802";"155 609 969";"B01";"0";"30";"0";"2";"0";"1";"1";""
"202300039803";"155 609 964";"B01";"3";"32";"0";"2";"2";"1";"1";""
"202300039803";"155 609 966";"A01";"3";"7";"0";"2";"8";"9";"1";""
"202300039804";"155 609 963";"A01";"1";"7";"15";"0";"2";"26";"1";""
"202300039805";"155 609 962";"B01";"2";"34";"0";"2";"7";"12";"1";""
"202300039805";"155 609 965";"A01";"2";"15";"0";"2";"2";"2";"1";""
"202300039806";"155 609 961";"A01";"3";"7";"0";"5";"0";"1";"1";""
"202300039807";"155 609 959";"A01";"1";"7";"0";"1";"7";"19";"1";""
"202300039808";"155 609 960";"A01";"2";"7";"0";"1";"1";"1";"1";""
"202300039809";"155 609 958";"A01";"0";"7";"0";"1";"2";"15";"1";""
"202300039810";"155 609 955";"B01";"1";"7";"0";"2";"8";"1";"1";""
"202300039810";"155 609 957";"A01";"1";"7";"0";"2";"1";"1";"0";""
"202300039811";"155 609 954";"B01";"3";"7";"0";"2";"2";"19";"1";""
"202300039811";"155 609 956";"A01";"2";"7";"0";"2";"8";"1";"1";""
"202300039812";"155 609 949";"C01";"2";"7";"0";"2";"1";"26";"1";""
"202300039812";"155 609 952";"B01";"1";"7";"0";"2";"8";"19";"1";""
"202300039812";"155 609 953";"A01";"1";"7";"0";"2";"1";"19";"1";""
"202300039813";"155 609 950";"A01";"2";"80";"0";"1";"1";"1";"3";""
"202300039814";"155 609 948";"B01";"2";"7";"0";"2";"2";"1";"1";""
"202300039814";"155 609 951";"A01";"2";"7";"8";"0";"2";"1";"3";""
"202300039815";"155 609 946";"A01";"3";"7";"0";"1";"2";"15";"1";""
"202300039816";"155 609 943";"B01";"2";"1";"0";"2";"1";"21";"5";""
"202300039816";"155 609 945";"A01";"1";"7";"0";"2";"0";"1";"1";""
"202300039817";"155 609 944";"A01";"3";"33";"0";"2";"2";"17";"1";""
"202300039817";"155 609 947";"B01";"3";"10";"0";"2";"6";"15";"1";""
"202300039818";"155 609 938";"A01";"1";"17";"0";"2";"8";"2";"1";""
"202300039818";"155 609 939";"B01";"2";"7";"0";"2";"2";"2";"1";""
"202300039818";"155 609 942";"C01";"2";"7";"0";"2";"4";"2";"1";""
"202300039819";"155 609 937";"A01";"1";"1";"0";"2";"8";"10";"5";""
"202300039819";"155 609 940";"B01";"1";"30";"0";"2";"1";"21";"3";""
"202300039820";"155 609 936";"A01";"3";"7";"0";"2";"4";"1";"1";""
"202300039820";"155 609 941";"B01";"3";"7";"0";"2";"1";"26";"1";""
"202300039821";"155 609 934";"B01";"2";"2";"0";"2";"7";"15";"1";""
"202300039821";"155 609 935";"A01";"1";"7";"0";"2";"3";"1";"1";""
"202300039822";"155 609 932";"A01";"2";"7";"2";"0";"1";"14";"1";""
"202300039823";"155 609 933";"A01";"1";"7";"0";"1";"3";"4";"1";""
"202300039824";"155 609 930";"A01";"0";"38";"0";"2";"3";"16";"1";"1"
"202300039824";"155 609 931";"B01";"0";"33";"0";"2";"1";"26";"1";""
"202300039825";"155 609 928";"Z01";"3";"7";"0";"2";"8";"10";"1";""
"202300039825";"155 609 929";"B01";"3";"32";"0";"2";"1";"1";"1";""
"202300039826";"155 609 926";"A01";"2";"7";"0";"1";"1";"1";"1";""
"202300039827";"155 609 924";"A01";"1";"80";"0";"1";"1";"1";"3";""
"202300039828";"155 609 925";"A01";"1";"7";"0";"2";"8";"11";"1";""
"202300039828";"155 609 927";"B01";"1";"34";"0";"2";"2";"3";"1";""
"202300039829";"155 609 922";"A01";"2";"30";"0";"2";"8";"1";"1";""
"202300039829";"155 609 923";"B01";"2";"7";"1";"0";"8";"1";"1";""
"202300039830";"155 609 921";"A01";"3";"7";"0";"1";"1";"1";"1";""
"202300039831";"155 609 917";"A01";"0";"10";"0";"1";"4";"4";"1";""
"202300039832";"155 609 918";"A01";"2";"33";"0";"2";"1";"3";"1";""
"202300039832";"155 609 919";"B01";"2";"7";"0";"2";"3";"1";"1";""
"202300039832";"155 609 920";"C01";"2";"7";"0";"2";"5";"1";"1";""
"202300039833";"155 609 916";"A01";"1";"43";"0";"1";"1";"1";"1";""
"202300039834";"155 609 912";"A01";"3";"7";"0";"2";"2";"2";"1";""
"202300039834";"155 609 915";"B01";"3";"50";"0";"2";"1";"19";"3";""
"202300039835";"155 609 911";"A01";"2";"10";"0";"2";"4";"4";"3";""
"202300039835";"155 609 913";"B01";"2";"1";"0";"2";"1";"1";"5";""
"202300039836";"155 609 910";"A01";"2";"34";"0";"2";"1";"2";"3";""
"202300039836";"155 609 914";"B01";"2";"7";"0";"2";"5";"2";"1";""
"202300039837";"155 609 908";"A01";"1";"7";"0";"2";"3";"1";"1";""
"202300039837";"155 609 909";"B01";"1";"7";"0";"2";"3";"1";"1";""
"202300039838";"155 609 905";"A01";"2";"7";"0";"2";"3";"15";"1";""
"202300039838";"155 609 907";"B01";"1";"30";"0";"2";"1";"1";"1";""
"202300039839";"155 609 903";"B01";"1";"33";"0";"2";"1";"1";"1";""
"202300039839";"155 609 906";"A01";"1";"7";"0";"2";"8";"10";"1";""
"202300039840";"155 609 904";"A01";"1";"7";"9";"0";"1";"26";"1";""
"202300039841";"155 609 899";"A01";"2";"7";"0";"2";"1";"15";"1";""
"202300039841";"155 609 902";"B01";"2";"50";"0";"2";"2";"1";"3";""
"202300039842";"155 609 897";"A01";"2";"50";"0";"2";"7";"5";"3";""
"202300039842";"155 609 901";"B01";"1";"10";"0";"2";"7";"1";"1";""
"202300039843";"155 609 898";"A01";"2";"2";"0";"2";"2";"1";"1";""
"202300039843";"155 609 900";"B01";"2";"7";"0";"0";"3";"15";"1";""
"202300039844";"155 609 895";"A01";"1";"33";"12";"0";"7";"1";"1";""
"202300039845";"155 609 893";"B01";"2";"1";"0";"2";"1";"5";"5";""
"202300039845";"155 609 896";"A01";"2";"17";"0";"2";"6";"1";"1";""
"202300039846";"155 609 892";"A01";"3";"7";"0";"2";"5";"16";"1";""
"202300039846";"155 609 894";"B01";"3";"80";"0";"2";"1";"1";"3";""
"202300039847";"155 609 888";"C01";"3";"7";"0";"2";"3";"1";"1";""
"202300039847";"155 609 890";"B01";"3";"10";"0";"2";"3";"1";"3";""
"202300039847";"155 609 891";"A01";"3";"7";"0";"2";"3";"13";"1";""
"202300039848";"155 609 887";"B01";"2";"1";"0";"2";"7";"15";"5";""
"202300039848";"155 609 889";"A01";"1";"7";"0";"2";"1";"1";"2";""
"202300039849";"155 609 886";"A01";"1";"80";"9";"0";"1";"1";"3";""
"202300039850";"155 609 885";"A01";"3";"50";"0";"1";"1";"1";"3";""
"202300039851";"155 609 884";"A01";"1";"50";"0";"1";"1";"15";"3";""
"202300039852";"155 609 883";"A01";"2";"1";"12";"0";"1";"25";"5";""
"202300039853";"155 609 880";"A01";"1";"7";"0";"2";"7";"10";"1";""
"202300039853";"155 609 882";"B01";"2";"43";"0";"2";"1";"1";"1";""
"202300039854";"155 609 879";"B01";"1";"33";"0";"2";"2";"17";"1";""
"202300039854";"155 609 881";"A01";"1";"7";"0";"2";"3";"15";"2";""
"202300039855";"155 609 876";"A01";"2";"7";"0";"1";"3";"1";"1";""
"202300039856";"155 609 875";"B01";"3";"2";"0";"2";"1";"1";"3";""
"202300039856";"155 609 877";"A01";"3";"7";"0";"2";"3";"15";"1";""
"202300039857";"155 609 878";"A01";"1";"7";"0";"1";"1";"1";"1";""
"202300039858";"155 609 873";"A01";"1";"34";"0";"2";"7";"17";"1";""
"202300039858";"155 609 874";"B01";"0";"7";"0";"2";"2";"15";"1";""
"202300039859";"155 609 869";"A01";"1";"7";"0";"2";"1";"9";"1";""
"202300039859";"155 609 870";"B01";"1";"50";"0";"2";"8";"1";"3";""
"202300039860";"155 609 867";"A01";"2";"7";"0";"2";"3";"10";"1";""
"202300039860";"155 609 872";"B01";"2";"37";"0";"2";"2";"1";"1";"3"
"202300039861";"155 609 868";"A01";"2";"7";"0";"2";"2";"1";"1";""
"202300039861";"155 609 871";"B01";"2";"32";"0";"2";"4";"15";"1";""
"202300039862";"155 609 863";"A01";"0";"7";"0";"2";"3";"1";"1";""
"202300039862";"155 609 865";"B01";"1";"7";"0";"2";"2";"1";"1";""
"202300039863";"155 609 860";"A01";"3";"1";"0";"2";"1";"26";"5";""
"202300039863";"155 609 862";"B01";"3";"7";"0";"2";"5";"1";"1";""
"202300039864";"155 609 861";"A01";"2";"7";"6";"0";"1";"15";"2";""
"202300039865";"155 609 859";"A01";"0";"7";"0";"1";"1";"1";"1";""
"202300039866";"155 609 856";"A01";"1";"7";"0";"2";"1";"15";"1";""
"202300039866";"155 609 857";"B01";"2";"30";"0";"2";"1";"1";"0";""
"202300039867";"155 609 855";"A01";"1";"7";"0";"2";"3";"1";"1";""
"202300039867";"155 609 858";"B01";"1";"33";"0";"2";"0";"23";"1";""
"202300039868";"155 609 852";"B01";"1";"7";"0";"2";"3";"1";"1";""
"202300039868";"155 609 853";"A01";"1";"7";"0";"2";"5";"12";"1";""
"202300039869";"155 609 851";"B01";"1";"7";"0";"2";"1";"1";"1";""
"202300039869";"155 609 854";"A01";"1";"7";"0";"2";"2";"26";"1";""
"202300039870";"155 609 849";"Z01";"1";"7";"1";"0";"5";"17";"1";""
"202300039870";"155 609 850";"A01";"1";"7";"0";"2";"5";"24";"2";""
"202300039871";"155 609 847";"A01";"1";"7";"8";"0";"1";"14";"1";""
"202300039872";"155 609 846";"A01";"3";"7";"1";"0";"6";"24";"1";""
"202300039872";"155 609 848";"B01";"3";"7";"1";"0";"2";"1";"1";""
"202300039873";"155 609 844";"A01";"2";"7";"0";"2";"3";"21";"1";""
"202300039873";"155 609 845";"B01";"1";"1";"0";"2";"7";"19";"5";""
"202300039874";"155 609 843";"A01";"2";"7";"9";"0";"1";"13";"1";""
"202300039875";"155 609 841";"A01";"2";"33";"0";"2";"1";"17";"1";""
"202300039875";"155 609 842";"B01";"0";"80";"0";"2";"6";"19";"3";""
"202300039876";"155 609 840";"A01";"3";"30";"13";"0";"1";"15";"0";""
"202300039877";"155 609 837";"A01";"1";"1";"0";"2";"1";"1";"5";""
"202300039877";"155 609 839";"Z01";"1";"7";"0";"2";"2";"17";"1";""
"202300039878";"155 609 836";"B01";"1";"2";"0";"2";"3";"16";"1";""
"202300039878";"155 609 838";"A01";"2";"7";"0";"2";"3";"15";"1";""
"202300039879";"155 609 834";"A01";"2";"10";"0";"2";"3";"15";"1";""
"202300039879";"155 609 835";"B01";"2";"32";"0";"2";"8";"23";"1";""
"202300039880";"155 609 831";"B01";"3";"34";"0";"2";"1";"1";"0";""
"202300039880";"155 609 832";"A01";"0";"3";"0";"2";"1";"11";"0";""
"202300039881";"155 609 830";"B01";"1";"7";"0";"2";"3";"15";"1";""
"202300039881";"155 609 833";"A01";"1";"30";"0";"2";"1";"1";"1";""
"202300039882";"155 609 828";"B01";"1";"7";"0";"2";"3";"1";"3";""
"202300039882";"155 609 829";"A01";"1";"7";"0";"2";"3";"15";"1";""
"202300039883";"155 609 826";"A01";"2";"10";"0";"2";"8";"20";"1";""
"202300039883";"155 609 827";"B01";"2";"33";"0";"2";"1";"1";"1";""
"202300039884";"155 609 823";"B01";"1";"7";"0";"2";"4";"23";"1";""
"202300039884";"155 609 825";"A01";"1";"32";"14";"2";"1";"1";"1";""
"202300039885";"155 609 822";"A01";"2";"7";"0";"2";"1";"15";"0";""
"202300039885";"155 609 824";"B01";"1";"50";"0";"2";"1";"1";"3";""
"202300039886";"155 609 819";"A01";"1";"33";"0";"2";"1";"17";"1";""
"202300039886";"155 609 821";"B01";"2";"7";"0";"2";"7";"15";"2";""
"202300039887";"155 609 818";"A01";"3";"7";"0";"2";"3";"1";"1";""
"202300039887";"155 609 820";"B01";"1";"99";"0";"2";"1";"21";"3";""
"202300039888";"155 609 813";"A01";"1";"7";"0";"2";"2";"16";"1";""
"202300039888";"155 609 817";"B01";"2";"1";"0";"2";"1";"2";"5";""
"202300039889";"155 609 815";"A01";"1";"7";"0";"2";"1";"2";"1";""
"202300039889";"155 609 816";"B01";"1";"7";"0";"2";"4";"23";"1";""
"202300039890";"155 609 812";"A01";"3";"7";"0";"2";"2";"15";"1";""
"202300039890";"155 609 814";"B01";"3";"7";"0";"2";"1";"1";"1";""
"202300039891";"155 609 810";"A01";"3";"7";"1";"0";"3";"13";"1";""
"202300039892";"155 609 809";"B01";"1";"32";"0";"2";"1";"18";"1";""
"202300039892";"155 609 811";"A01";"1";"7";"0";"2";"7";"16";"1";""
"202300039893";"155 609 807";"B01";"3";"7";"0";"2";"1";"9";"0";""
"202300039893";"155 609 808";"A01";"3";"7";"0";"2";"1";"8";"0";""
"202300039894";"155 609 803";"C01";"2";"7";"0";"2";"3";"2";"1";""
"202300039894";"155 609 804";"B01";"2";"7";"0";"2";"5";"2";"1";""
"202300039894";"155 609 806";"A01";"2";"7";"0";"2";"4";"2";"2";""
"202300039895";"155 609 801";"B01";"1";"7";"0";"2";"8";"26";"1";""
"202300039895";"155 609 805";"A01";"2";"7";"0";"2";"1";"26";"1";""
"202300039896";"155 609 800";"B01";"3";"7";"0";"2";"7";"0";"1";""
"202300039896";"155 609 802";"A01";"3";"31";"0";"2";"7";"17";"1";""
"202300039897";"155 609 798";"A01";"1";"7";"0";"0";"8";"22";"1";""
"202300039897";"155 609 799";"B01";"1";"1";"1";"0";"1";"1";"5";""
"202300039898";"155 609 793";"A01";"2";"10";"0";"2";"1";"2";"1";""
"202300039898";"155 609 796";"B01";"2";"7";"0";"2";"4";"2";"1";""
"202300039898";"155 609 797";"C01";"2";"10";"0";"2";"4";"1";"1";""
"202300039899";"155 609 795";"A01";"3";"2";"17";"0";"0";"1";"1";""
"202300039900";"155 609 794";"A01";"1";"7";"4";"0";"2";"0";"1";""
"202300039901";"155 609 792";"A01";"2";"7";"0";"0";"9";"1";"1";""
"202300039902";"155 609 791";"A01";"3";"7";"13";"0";"1";"2";"1";""
"202300039903";"155 609 789";"B01";"2";"7";"0";"2";"3";"0";"1";""
"202300039903";"155 609 790";"A01";"1";"2";"0";"2";"1";"13";"1";""
"202300039904";"155 609 788";"A01";"2";"33";"2";"0";"1";"1";"1";""
"202300039905";"155 609 786";"A01";"3";"7";"0";"2";"8";"15";"1";""
"202300039905";"155 609 787";"B01";"1";"7";"1";"2";"2";"1";"1";""
"202300039906";"155 609 785";"A01";"2";"7";"4";"0";"9";"14";"1";""
"202300039907";"155 609 781";"A01";"1";"7";"0";"2";"3";"0";"1";""
"202300039907";"155 609 784";"B01";"1";"7";"0";"2";"2";"0";"1";""
"202300039908";"155 609 782";"B01";"1";"7";"16";"2";"1";"1";"0";""
"202300039908";"155 609 783";"A01";"2";"7";"16";"2";"1";"13";"1";""
"202300039909";"155 609 779";"A01";"3";"2";"12";"0";"9";"10";"1";""
"202300039910";"155 609 780";"A01";"1";"7";"7";"0";"3";"0";"1";""
"202300039911";"155 609 777";"A01";"0";"7";"0";"0";"1";"14";"3";""
"202300039912";"155 609 776";"B01";"1";"7";"0";"2";"6";"1";"1";""
"202300039912";"155 609 778";"A01";"1";"30";"0";"2";"1";"1";"1";""
"202300039913";"155 609 775";"A01";"0";"10";"9";"0";"1";"1";"1";""
"202300039914";"155 609 771";"A01";"1";"7";"0";"2";"4";"1";"1";""
"202300039914";"155 609 773";"C01";"1";"7";"0";"2";"4";"15";"1";""
"202300039914";"155 609 774";"B01";"1";"7";"0";"2";"1";"1";"1";""
"202300039915";"155 609 770";"B01";"1";"1";"0";"2";"1";"5";"5";""
"202300039915";"155 609 772";"A01";"3";"7";"0";"2";"2";"16";"1";""
"202300039916";"155 609 767";"A01";"2";"7";"0";"9";"2";"1";"1";""
"202300039916";"155 609 769";"B01";"2";"1";"13";"0";"6";"1";"5";""
"202300039917";"155 609 765";"A01";"2";"7";"0";"2";"1";"1";"1";""