"Num_Acc";"id_vehicule";"num_veh";"senc";"catv";"obs";"obsm";"choc";"manv";"motor";"occutc"
"202300040123";"155 609 405";"A01";"1";"7";"3";"0";"1";"1";"1";""
"202300040124";"155 609 403";"A01";"1";"7";"0";"1";"2";"1";"1";""
"202300040125";"155 609 401";"C01";"1";"38";"0";"2";"4";"1";"1";"1"
"202300040125";"155 609 402";"A01";"1";"7";"0";"2";"1";"1";"1";""
"202300040125";"155 609 404";"B01";"1";"7";"0";"2";"4";"1";"1";""
"202300040126";"155 609 397";"B01";"3";"2";"0";"2";"1";"1";"1";""
"202300040126";"155 609 399";"A01";"3";"7";"0";"2";"5";"15";"1";""
"202300040127";"155 609 395";"D01";"1";"7";"0";"2";"0";"1";"1";""
"202300040127";"155 609 396";"C01";"1";"7";"0";"2";"1";"2";"1";""
"202300040127";"155 609 398";"B01";"2";"7";"0";"2";"1";"2";"1";""
"202300040127";"155 609 400";"A01";"2";"7";"0";"2";"2";"13";"1";""
"202300040128";"155 609 391";"A01";"2";"7";"0";"2";"2";"1";"1";""
"202300040128";"155 609 394";"B01";"2";"32";"0";"2";"4";"2";"1";""
"202300040129";"155 609 392";"B01";"1";"10";"0";"2";"3";"15";"1";""
"202300040129";"155 609 393";"A01";"1";"31";"0";"2";"1";"17";"1";""
"202300040130";"155 609 389";"A01";"1";"7";"6";"0";"3";"1";"1";""
"202300040131";"155 609 387";"C01";"1";"7";"0";"2";"1";"2";"1";""
"202300040131";"155 609 388";"A01";"1";"7";"0";"2";"1";"2";"1";""
"202300040131";"155 609 390";"B01";"1";"2";"0";"2";"4";"1";"1";""
"202300040132";"155 609 383";"B01";"0";"37";"0";"2";"3";"1";"1";"1"
"202300040132";"155 609 385";"A01";"0";"7";"0";"2";"3";"0";"1";""
"202300040133";"155 609 384";"A01";"1";"7";"0";"2";"2";"16";"1";""
"202300040133";"155 609 386";"B01";"1";"7";"0";"2";"3";"1";"1";""
"202300040134";"155 609 378";"B01";"3";"7";"0";"2";"4";"1";"1";""
"202300040134";"155 609 380";"A01";"0";"33";"0";"2";"1";"1";"1";""
"202300040134";"155 609 381";"C01";"3";"15";"0";"2";"4";"24";"1";""
"202300040135";"155 609 379";"B01";"3";"7";"0";"2";"1";"0";"1";""
"202300040135";"155 609 382";"A01";"3";"7";"0";"2";"5";"11";"1";""
"202300040136";"155 609 377";"A01";"1";"7";"3";"0";"1";"0";"1";""
"202300040137";"155 609 375";"B01";"3";"30";"0";"2";"7";"15";"1";""
"202300040137";"155 609 376";"A01";"3";"10";"0";"2";"1";"1";"1";""
"202300040138";"155 609 373";"B01";"0";"7";"0";"2";"7";"26";"1";""
"202300040138";"155 609 374";"A01";"0";"7";"0";"2";"1";"9";"1";""
"202300040139";"155 609 371";"A01";"1";"7";"0";"2";"1";"2";"1";""
"202300040139";"155 609 372";"B01";"1";"7";"0";"2";"4";"2";"1";""
"202300040140";"155 609 368";"A01";"1";"7";"0";"1";"1";"19";"1";""
"202300040141";"155 609 369";"B01";"2";"2";"0";"2";"1";"1";"1";""
"202300040141";"155 609 370";"A01";"2";"7";"0";"2";"3";"5";"1";""
"202300040142";"155 609 364";"B01";"2";"7";"0";"2";"2";"14";"1";""
"202300040142";"155 609 366";"C01";"2";"10";"0";"2";"3";"0";"1";""
"202300040142";"155 609 367";"A01";"2";"7";"4";"2";"9";"21";"1";""
"202300040143";"155 609 362";"A01";"2";"33";"0";"2";"1";"3";"1";""
"202300040143";"155 609 363";"B01";"2";"7";"0";"0";"5";"1";"1";""
"202300040143";"155 609 365";"C01";"2";"7";"0";"0";"8";"1";"1";""
"202300040144";"155 609 361";"A01";"1";"7";"1";"0";"1";"26";"1";""
"202300040145";"155 609 359";"A01";"2";"14";"0";"0";"0";"0";"0";""
"202300040145";"155 609 360";"B01";"2";"30";"0";"2";"7";"0";"1";""
"202300040146";"155 609 358";"A01";"1";"7";"12";"1";"7";"1";"1";""
"202300040147";"155 609 357";"A01";"0";"7";"0";"1";"1";"9";"0";""
"202300040148";"155 609 355";"A01";"1";"7";"0";"2";"8";"15";"1";""
"202300040148";"155 609 356";"B01";"2";"33";"0";"2";"1";"1";"1";""
"202300040149";"155 609 353";"A01";"1";"7";"0";"2";"2";"15";"1";""
"202300040149";"155 609 354";"B01";"1";"1";"0";"2";"0";"1";"5";""
"202300040150";"155 609 352";"A01";"3";"7";"0";"1";"3";"26";"1";""
"202300040151";"155 609 349";"B01";"2";"1";"0";"2";"0";"0";"5";""
"202300040151";"155 609 351";"A01";"2";"50";"0";"2";"0";"5";"3";""
"202300040152";"155 609 348";"A01";"1";"7";"0";"2";"5";"15";"1";""
"202300040152";"155 609 350";"B01";"2";"32";"0";"2";"1";"1";"1";""
"202300040153";"155 609 347";"A01";"3";"7";"1";"0";"2";"14";"1";""
"202300040154";"155 609 345";"A01";"3";"7";"0";"2";"1";"1";"1";""
"202300040154";"155 609 346";"B01";"3";"80";"0";"2";"8";"19";"3";""
"202300040155";"155 609 344";"A01";"2";"10";"0";"1";"7";"21";"1";""
"202300040156";"155 609 342";"A01";"1";"7";"0";"2";"1";"1";"1";""
"202300040156";"155 609 343";"B01";"1";"7";"0";"2";"4";"1";"1";""
"202300040157";"155 609 341";"A01";"1";"7";"0";"1";"1";"0";"1";""
"202300040158";"155 609 338";"A01";"3";"7";"0";"1";"1";"26";"1";""
"202300040159";"155 609 337";"B01";"1";"7";"0";"2";"3";"1";"1";""
"202300040159";"155 609 339";"C01";"1";"7";"0";"2";"4";"1";"1";""
"202300040159";"155 609 340";"A01";"1";"7";"0";"2";"1";"13";"1";""
"202300040160";"155 609 335";"A01";"2";"7";"0";"5";"1";"19";"1";""
"202300040161";"155 609 334";"A01";"1";"7";"0";"2";"2";"1";"2";""
"202300040161";"155 609 336";"B01";"1";"1";"0";"2";"8";"9";"5";""
"202300040162";"155 609 332";"A01";"3";"7";"0";"1";"1";"1";"1";""
"202300040163";"155 609 331";"B01";"2";"7";"0";"2";"8";"0";"1";""
"202300040163";"155 609 333";"A01";"1";"7";"0";"2";"8";"0";"1";""
"202300040164";"155 609 329";"B01";"1";"30";"0";"2";"2";"15";"1";""
"202300040164";"155 609 330";"A01";"2";"30";"0";"2";"1";"1";"1";""
"202300040165";"155 609 327";"B01";"1";"1";"0";"2";"4";"1";"5";""
"202300040165";"155 609 328";"A01";"1";"7";"0";"2";"1";"1";"1";""
"202300040166";"155 609 325";"A01";"2";"7";"0";"2";"1";"1";"1";""
"202300040166";"155 609 326";"B01";"2";"7";"0";"2";"6";"15";"1";""
"202300040167";"155 609 322";"A01";"0";"7";"0";"2";"7";"15";"1";""
"202300040167";"155 609 324";"B01";"0";"7";"0";"2";"8";"1";"1";""
"202300040168";"155 609 320";"C01";"2";"7";"14";"0";"4";"2";"1";""
"202300040168";"155 609 321";"A01";"1";"7";"0";"2";"1";"2";"1";""
"202300040168";"155 609 323";"B01";"2";"7";"14";"2";"1";"2";"1";""
"202300040169";"155 609 319";"A01";"1";"7";"0";"1";"1";"1";"1";""
"202300040170";"155 609 316";"B01";"2";"7";"0";"2";"5";"1";"1";""
"202300040170";"155 609 317";"A01";"2";"33";"0";"2";"1";"1";"1";""
"202300040171";"155 609 315";"B01";" -1";"0";" -1";" -1";" -1";" -1";" -1";""
"202300040171";"155 609 318";"A01";"1";"7";"0";"2";"4";"1";"1";""
"202300040172";"155 609 314";"A01";"1";"7";"1";"0";"3";"16";"1";""
"202300040173";"155 609 311";"A01";"2";"1";"6";"0";"1";"0";"5";""
"202300040174";"155 609 312";"B01";"2";"10";"0";"2";"2";"16";"1";""
"202300040174";"155 609 313";"A01";"2";"1";"0";"2";"8";"19";"5";""
"202300040175";"155 609 308";"A01";"1";"16";"0";"2";"2";"17";"1";""
"202300040175";"155 609 310";"B01";"1";"50";"0";"2";"8";"13";"3";""
"202300040176";"155 609 307";"B01";"1";"31";"0";"2";"1";"17";"1";""
"202300040176";"155 609 309";"A01";"2";"7";"0";"2";"8";"10";"1";""
"202300040177";"155 609 305";"B01";"1";"1";"0";"2";"1";"1";"5";""
"202300040177";"155 609 306";"A01";"1";"7";"0";"2";"5";"20";"1";""
"202300040178";"155 609 304";"A01";"1";"7";"12";"0";"1";"6";"1";""
"202300040179";"155 609 302";"A01";"2";"10";"0";"2";"2";"1";"1";""
"202300040179";"155 609 303";"B01";"2";"7";"0";"2";"6";"1";"1";""
"202300040180";"155 609 301";"Z01";"3";"7";"0";"1";"3";"1";"1";""
"202300040181";"155 609 300";"A01";"1";"7";"0";"1";"1";"14";"1";""
"202300040182";"155 609 297";"A01";"1";"1";"0";"2";"6";"15";"5";""
"202300040182";"155 609 299";"B01";"1";"37";"0";"9";"8";"7";"1";"1"
"202300040183";"155 609 296";"A01";"2";"7";"0";"2";"1";"2";"0";""
"202300040183";"155 609 298";"B01";"2";"7";"0";"2";"4";"2";"0";""
"202300040184";"155 609 295";"A01";"3";"32";"0";"1";"1";"1";"1";""
"202300040185";"155 609 293";"A01";"1";"10";"0";"2";"7";"2";"1";""
"202300040185";"155 609 294";"B01";"1";"50";"0";"2";"8";"1";"3";""
"202300040186";"155 609 291";"A01";"1";"33";"0";"0";"7";"2";"1";""
"202300040187";"155 609 290";"B01";"2";"7";"0";"2";"3";"1";"1";""
"202300040187";"155 609 292";"A01";"2";"33";"0";"2";"5";"14";"0";""
"202300040188";"155 609 286";"B01";"1";"1";"0";"2";"1";"1";"5";""
"202300040188";"155 609 288";"A01";"1";"7";"0";"9";"3";"15";"1";""
"202300040189";"155 609 285";"A01";"2";"7";"0";"2";"9";"3";"1";""
"202300040189";"155 609 287";"B01";"2";"7";"0";"2";"4";"1";"2";""
"202300040189";"155 609 289";"C01";"2";"7";"0";"2";"7";"1";"1";""
"202300040190";"155 609 282";"B01";"1";"7";"0";"2";"6";"1";"1";""
"202300040190";"155 609 284";"A01";"2";"7";"0";"2";"1";"19";"1";""
"202300040191";"155 609 281";"Z01";"1";"1";"0";"2";"0";"16";"5";""
"202300040191";"155 609 283";"A01";"2";"1";"0";"2";"2";"1";"5";""
"202300040192";"155 609 279";"A01";"1";"7";"9";"0";"1";"1";"1";""
"202300040193";"155 609 278";"B01";"2";"10";"0";"2";"4";"23";"1";""
"202300040193";"155 609 280";"A01";"2";"7";"0";"2";"1";"1";"1";""
"202300040194";"155 609 277";"A01";"2";"43";"0";"1";"8";"1";"1";""
"202300040195";"155 609 274";"A01";"1";"7";"0";"2";"3";"13";"1";""
"202300040195";"155 609 276";"B01";"2";"7";"0";"2";"7";"1";"1";""
"202300040196";"155 609 271";"A01";"1";"7";"0";"2";"3";"15";"1";""
"202300040196";"155 609 272";"B01";"1";"31";"0";"2";"2";"17";"1";""
"202300040197";"155 609 273";"B01";"1";"7";"9";"2";"7";"1";"2";""
"202300040197";"155 609 275";"A01";"1";"7";"0";"2";"3";"15";"1";""
"202300040198";"155 609 268";"A01";"1";"38";"0";"2";"1";"1";"1";"1"
"202300040198";"155 609 270";"B01";"1";"1";"0";"2";"7";"19";"5";""
"202300040199";"155 609 267";"B01";"1";"7";"0";"2";"2";"1";"1";""
"202300040199";"155 609 269";"A01";"1";"7";"0";"2";"3";"15";"1";""
"202300040200";"155 609 266";"A01";"2";"80";"1";"0";"1";"2";"3";""
"202300040201";"155 609 264";"A01";"1";"7";"0";"2";"1";"15";"1";""
"202300040201";"155 609 265";"B01";"1";"1";"0";"2";"8";"1";"5";""
"202300040202";"155 609 262";"A01";"2";"7";"0";"1";"1";"2";"1";""
"202300040203";"155 609 260";"A01";"2";"7";"0";"1";"2";"1";"1";""
"202300040204";"155 609 259";"A01";"1";"7";"0";"2";"1";"26";"1";""
"202300040204";"155 609 261";"B01";"1";"7";"0";"2";"4";"0";"1";""
"202300040204";"155 609 263";"C01";"2";"7";"0";"2";"7";"0";"1";""
"202300040205";"155 609 256";"A01";"2";"7";"4";"0";"3";"1";"1";""
"202300040206";"155 609 255";"A01";"1";"1";"0";"2";"7";"1";"5";""
"202300040206";"155 609 257";"Z01";"1";"1";"0";"2";"8";"15";"5";""
"202300040207";"155 609 253";"A01";"3";"7";"0";"2";"7";"1";"1";""
"202300040207";"155 609 254";"B01";"3";"7";"6";"2";"1";"21";"1";""
"202300040207";"155 609 258";"Y01";"2";"50";"0";"2";"1";"5";"3";""
"202300040208";"155 609 252";"A01";"2";"33";"3";"0";"1";"3";"1";""
"202300040209";"155 609 250";"B01";"2";"7";"0";"2";"3";"20";"1";""
"202300040209";"155 609 251";"A01";"1";"43";"0";"2";"2";"1";"1";""
"202300040210";"155 609 247";"B01";"3";"50";"0";"2";"1";"16";"3";""
"202300040210";"155 609 249";"A01";"3";"7";"0";"9";"1";"1";"1";""
"202300040211";"155 609 246";"A01";"1";"32";"1";"0";"1";"1";"1";""
"202300040212";"155 609 244";"C01";"1";"7";"0";"2";"7";"0";"1";""
"202300040212";"155 609 245";"A01";"1";"7";"0";"2";"1";"21";"1";""
"202300040212";"155 609 248";"B01";"1";"7";"0";"2";"6";"0";"1";""
"202300040213";"155 609 243";"A01";"2";"7";"0";"1";"1";"1";"2";""
"202300040214";"155 609 240";"A01";"1";"7";"3";"0";"1";"1";"1";""
"202300040215";"155 609 241";"A01";"1";"33";"1";"2";"0";"1";"1";""
"202300040215";"155 609 242";"B01";"1";"2";"1";"0";"0";"19";"1";""
"202300040216";"155 609 236";"B01";"2";"7";"0";"2";"4";"1";"1";""
"202300040216";"155 609 237";"A01";"2";"7";"0";"2";"1";"2";"1";""
"202300040217";"155 609 235";"A01";"1";"7";"1";"0";"1";"1";"1";""
"202300040218";"155 609 234";"A01";"1";"10";"0";"1";"2";"0";"1";""
"202300040219";"155 609 232";"A01";"1";"10";"0";"2";"4";"2";"1";""
"202300040219";"155 609 233";"B01";"1";"7";"0";"2";"1";"2";"1";""
"202300040220";"155 609 231";"A01";"1";"7";"12";"0";"3";"17";"1";""
"202300040221";"155 609 229";"A01";"1";"30";"8";"0";"1";"14";"3";""
"202300040222";"155 609 228";"B01";"2";"7";"0";"2";"2";"17";"1";""
"202300040222";"155 609 230";"A01";"1";"7";"0";"2";"2";"1";"1";""
"202300040223";"155 609 226";"A01";"1";"7";"0";"2";"2";"1";"1";""
"202300040223";"155 609 227";"B01";"1";"2";"0";"2";"5";"19";"1";""
"202300040224";"155 609 225";"A01";"2";"7";"1";"0";"1";"14";"1";""
"202300040225";"155 609 223";"A01";"2";"7";"0";"0";"3";"1";"1";""
"202300040225";"155 609 224";"B01";"1";"31";"0";"2";"1";"11";"1";""
"202300040226";"155 609 220";"B01";"2";"7";"0";"2";"2";"15";"1";""
"202300040226";"155 609 222";"A01";"3";"7";"0";"2";"1";"26";"1";""
"202300040227";"155 609 218";"A01";"2";"7";"0";"2";"1";"1";"1";""
"202300040227";"155 609 219";"B01";"2";"7";"0";"2";"4";"1";"1";""
"202300040227";"155 609 221";"C01";"2";"7";"0";"2";"4";"1";"1";""
"202300040228";"155 609 217";"A01";"1";"7";"0";"1";"3";"1";"1";""
"202300040229";"155 609 214";"A01";"3";"10";"0";"1";"1";"1";"1";""
"202300040230";"155 609 213";"A01";"3";"10";"0";"2";"1";"1";"1";""
"202300040230";"155 609 215";"C01";"3";"7";"0";"2";"4";"1";"1";""
"202300040230";"155 609 216";"B01";"3";"7";"0";"2";"1";"1";"1";""
"202300040231";"155 609 209";"A01";"3";"50";"0";"2";"7";"1";"5";""
"202300040231";"155 609 210";"B01";"3";"7";"0";"0";"0";"0";"3";""
"202300040232";"155 609 212";"A01";"1";"7";"0";"1";"8";"1";"1";""
"202300040233";"155 609 208";"B01";"2";"50";"0";"2";"1";"1";"3";""
"202300040233";"155 609 211";"A01";"1";"7";"0";"2";"8";"15";"0";""
"202300040234";"155 609 204";"A01";"1";"7";"0";"2";"2";"16";"1";""
"202300040234";"155 609 206";"B01";"1";"7";"0";"2";"6";"1";"2";""
"202300040235";"155 609 205";"B01";"0";"1";"0";"0";"0";"0";"5";""
"202300040235";"155 609 207";"A01";"3";"7";"0";"2";"2";"26";"1";""
"202300040236";"155 609 203";"A01";"1";"10";"0";"1";"3";"15";"1";""
"202300040237";"155 609 199";"A01";"2";"7";"0";"1";"3";"1";"1";""
"202300040238";"155 609 198";"B01";"1";"7";"0";"2";"1";"15";"1";""
"202300040238";"155 609 202";"A01";"2";"7";"0";"2";"7";"1";"1";""
"202300040239";"155 609 197";"C01";"1";"7";"1";"0";"4";"24";"1";""
"202300040239";"155 609 200";"A01";"3";"3";"1";"2";"4";"0";"1";""
"202300040239";"155 609 201";"B01";"1";"7";"1";"0";"4";"24";"1";""
"202300040240";"155 609 194";"A01";"1";"7";"1";"0";"9";"0";"0";""
"202300040241";"155 609 193";"B01";"1";"7";"0";"2";"4";"26";"1";""
"202300040241";"155 609 196";"Z01";"1";"7";"0";"2";"0";"0";"0";""
"202300040242";"155 609 192";"B01";"2";"7";"0";"2";"3";"1";"1";""
"202300040242";"155 609 195";"A01";"1";"7";"0";"2";"1";"19";"1";""
"202300040243";"155 609 190";"A01";"0";"7";"0";"2";"0";"0";"0";""
"202300040243";"155 609 191";"B01";"3";"30";"0";"2";"2";"15";"0";""
"202300040244";"155 609 189";"A01";"0";"7";"0";"5";"1";"1";"1";""
"202300040245";"155 609 186";"A01";"0";"7";"0";"2";"6";"4";"0";""
"202300040245";"155 609 187";"B01";"0";"7";"0";"2";"6";"23";"0";""
"202300040246";"155 609 185";"B01";"1";"7";"0";"2";"1";"1";"1";""
"202300040246";"155 609 188";"A01";"2";"7";"0";"2";"3";"15";"1";""
"202300040247";"155 609 181";"B01";"1";"7";"0";"2";"2";"1";"1";""
"202300040247";"155 609 184";"A01";"1";"7";"0";"2";"7";"15";"1";""
"202300040248";"155 609 182";"B01";"2";"7";"0";"2";"3";"13";"1";""
"202300040248";"155 609 183";"A01";"2";"32";"0";"2";"2";"2";"1";""
"202300040249";"155 609 180";"A01";"2";"36";"0";"2";"1";"1";"1";""
"202300040250";"155 609 177";"A01";"1";"7";"0";"1";"1";"1";"1";""
"202300040251";"155 609 178";"A01";"2";"7";"0";"1";"3";"1";"1";""
"202300040252";"155 609 174";"A01";"1";"7";"0";"1";"3";"1";"1";""
"202300040253";"155 609 175";"B01";"2";"33";"0";"2";"1";"1";"1";""
"202300040253";"155 609 179";"A01";"2";"7";"0";"2";"8";"1";"1";""
"202300040254";"155 609 173";"A01";"1";"10";"0";"2";"1";"1";"1";""
"202300040254";"155 609 176";"B01";"1";"7";"0";"2";"4";"1";"1";""
"202300040255";"155 609 169";"A01";"1";"7";"0";"0";"4";"23";"1";""
"202300040255";"155 609 172";"B01";"1";"7";"3";"2";"2";"21";"1";""
"202300040256";"155 609 167";"B01";"1";"7";"0";"2";"8";"1";"1";""
"202300040256";"155 609 170";"A01";"1";"7";"8";"2";"1";"1";"1";""
"202300040257";"155 609 168";"A01";"3";"7";"0";"2";"3";"15";"1";""
"202300040257";"155 609 171";"B01";"3";"30";"0";"2";"8";"1";"1";""
"202300040258";"155 609 166";"A01";"2";"1";"10";"0";"0";"0";"5";""
"202300040259";"155 609 164";"A01";"3";"7";"0";"2";"1";"2";"2";""
"202300040259";"155 609 165";"B01";"3";"7";"0";"2";"4";"2";"1";""
"202300040260";"155 609 163";"A01";"1";"7";"0";"1";"3";"15";"1";""
"202300040261";"155 609 157";"B01";"3";"7";"0";"2";"8";"1";"1";""
"202300040261";"155 609 160";"C01";"3";"7";"0";"2";"1";"1";"1";""
"202300040261";"155 609 161";"A01";"3";"7";"0";"2";"1";"13";"1";""
"202300040262";"155 609 158";"A01";"1";"33";"0";"0";"9";"1";"1";""
"202300040263";"155 609 159";"A01";"2";"7";"13";"2";"3";"13";"1";""
"202300040263";"155 609 162";"B01";"1";"7";"13";"2";"3";"1";"1";""
"202300040264";"155 609 154";"A01";"1";"33";"0";"1";"1";"1";"1";""
"202300040265";"155 609 155";"B01";"1";"7";"0";"2";"9";"13";"1";""
"202300040265";"155 609 156";"A01";"1";"10";"0";"2";"1";"15";"1";""
"202300040266";"155 609 152";"A01";"1";"7";"6";"0";"1";"0";"1";""
"202300040267";"155 609 150";"A01";"3";"7";"0";"2";"1";"0";"1";""
"202300040267";"155 609 151";"B01";"3";"2";"0";"2";"8";"9";"1";""
"202300040268";"155 609 145";"A01";"3";"15";"0";"2";"2";"15";"1";""
"202300040268";"155 609 148";"B01";"1";"33";"0";"2";"1";"1";"1";""
"202300040269";"155 609 144";"B01";"3";"7";"0";"2";"4";"23";"0";""
"202300040269";"155 609 146";"A01";"3";"32";"0";"2";"9";"3";"1";""
"202300040270";"155 609 143";"B01";"2";"7";"0";"0";"9";"2";"1";""
"202300040270";"155 609 147";"C01";"2";"7";"1";"0";"1";"1";"1";""
"202300040270";"155 609 149";"D01";"2";"7";"1";"0";"2";"1";"1";""
"202300040270";"155 609 153";"A01";"2";"7";"0";"2";"9";"2";"1";""
"202300040271";"155 609 142";"A01";"2";"7";"9";"0";"1";"1";"1";""
"202300040272";"155 609 141";"A01";"3";"7";"0";"1";"0";"1";"3";""
"202300040273";"155 609 139";"A01";"0";"33";"0";"1";"1";"1";"1";""
"202300040274";"155 609 138";"A01";"1";"33";"0";"2";"1";"2";"6";""
"202300040274";"155 609 140";"B01";"2";"7";"0";"0";"5";"2";"6";""
"202300040275";"155 609 137";"A01";"3";"3";"0";"1";"2";"26";"1";""
"202300040276";"155 609 136";"A01";"2";"7";"0";"1";"1";"26";"1";""
"202300040277";"155 609 135";"A01";"1";"7";"13";"0";"2";"1";"1";""
"202300040278";"155 609 133";"A01";"2";"7";"1";"0";"2";"1";"1";""
"202300040279";"155 609 132";"A01";"1";"7";"0";"2";"7";"26";"1";""
"202300040279";"155 609 134";"B01";"2";"7";"0";"2";"1";"1";"1";""
"202300040280";"155 609 131";"A01";"1";"7";"1";"0";"7";"1";"6";""
"202300040281";"155 609 128";"B01";"1";"2";"15";"0";"1";"1";"1";""
"202300040281";"155 609 130";"A01";"2";"7";"0";"2";"3";"15";"0";""
"202300040282";"155 609 127";"A01";"2";"7";"0";"2";"1";"13";"1";""
"202300040282";"155 609 129";"B01";"1";"7";"0";"2";"1";"1";"1";""
"202300040283";"155 609 125";"A01";"1";"10";"0";"2";"1";"13";"1";""
"202300040283";"155 609 126";"B01";"2";"7";"0";"2";"1";"1";"1";""
"202300040284";"155 609 123";"A01";"2";"7";"8";"0";"7";"13";"1";""
"202300040285";"155 609 120";"A01";"3";"7";"14";"0";"1";"2";"1";""
"202300040285";"155 609 122";"C01";"3";"7";"1";"0";"0";"0";"4";""
"202300040285";"155 609 124";"B01";"3";"7";"14";"0";"2";"2";"1";""
"202300040286";"155 609 119";"A01";"2";"33";"0";"2";"1";"2";"1";""
"202300040286";"155 609 121";"B01";"2";"7";"0";"2";"4";"1";"1";""
"202300040287";"155 609 116";"A01";"0";"7";"0";"2";"1";"9";"1";""
"202300040287";"155 609 117";"B01";"0";"1";"0";"2";"7";"0";"5";""
"202300040288";"155 609 115";"A01";"1";"7";"0";"2";"1";"26";"1";""
"202300040288";"155 609 118";"B01";"2";"7";"0";"2";"1";"1";"1";""
"202300040289";"155 609 113";"B01";"1";"7";"0";"2";"3";"1";"1";""
"202300040289";"155 609 114";"A01";"1";"7";"0";"2";"3";"1";"1";""
"202300040290";"155 609 110";"A01";"1";"7";"8";"0";"3";"14";"1";""
"202300040291";"155 609 109";"A01";"3";"7";"0";"1";"1";"17";"1";""
"202300040292";"155 609 107";"A01";"2";"7";"0";"2";"3";"13";"1";""
"202300040292";"155 609 108";"B01";"1";"7";"0";"2";"8";"1";"3";""
"202300040293";"155 609 105";"A01";"0";"7";"0";"1";"1";"1";"1";""
"202300040294";"155 609 104";"A01";"1";"7";"0";"1";"3";"1";"1";""
"202300040295";"155 609 106";"A01";"2";"7";"13";"0";"2";"1";"1";""
"202300040296";"155 609 101";"B01";"1";"37";"0";"2";"8";"1";"1";"1"
"202300040296";"155 609 103";"A01";"2";"1";"0";"2";"1";"16";"5";""
"202300040297";"155 609 099";"B01";"3";"7";"0";"2";"1";"1";"0";""
"202300040297";"155 609 102";"A01";"3";"7";"0";"2";"1";"15";"0";""
"202300040298";"155 609 100";"A01";"1";"33";"3";"0";"8";"1";"1";""
"202300040299";"155 609 097";"A01";"2";"7";"3";"0";"1";"1";"1";""
"202300040300";"155 609 095";"A01";"3";"2";"0";"0";"0";"1";"1";""
"202300040301";"155 609 096";"A01";"2";"7";"0";"2";"1";"15";"1";""
"202300040301";"155 609 098";"B01";"1";"2";"0";"2";"8";"1";"1";""
"202300040302";"155 609 094";"A01";"2";"7";"0";"1";"1";"0";"0";""
"202300040303";"155 609 093";"A01";"1";"33";"0";"0";"8";"26";"1";""
"202300040304";"155 609 091";"A01";"1";"2";"0";"2";"1";"1";"3";""
"202300040304";"155 609 092";"B01";"1";"7";"0";"2";"4";"23";"1";""
"202300040305";"155 609 089";"A01";"1";"7";"0";"2";"4";"0";"1";""
"202300040305";"155 609 090";"B01";"1";"7";"0";"2";"1";"0";"1";""
"202300040306";"155 609 088";"A01";"1";"7";"6";"0";"2";"2";"1";""
"202300040307";"155 609 085";"A01";"2";"7";"0";"2";"1";"1";"1";""
"202300040307";"155 609 087";"B01";"2";"7";"0";"2";"4";"1";"1";""
"202300040308";"155 609 083";"B01";"2";"32";"0";"2";"1";"1";"1";""
"202300040308";"155 609 086";"A01";"2";"7";"0";"2";"3";"1";"1";""
"202300040309";"155 609 084";"A01";"1";"7";"2";"0";"1";"14";"1";""
"202300040310";"155 609 081";"B01";"1";"7";"0";"2";"4";"1";"1";""
"202300040310";"155 609 082";"A01";"1";"7";"0";"2";"1";"1";"1";""
"202300040311";"155 609 080";"A01";"1";"33";"12";"0";"9";"1";"1";""
"202300040312";"155 609 078";"A01";"1";"7";"0";"2";"7";"15";"1";""
"202300040312";"155 609 079";"B01";"2";"31";"0";"2";"1";"18";"1";""
"202300040313";"155 609 076";"A01";"1";"7";"0";"1";"2";"20";"1";""
"202300040314";"155 609 075";"A01";"2";"7";"0";"2";"2";"2";"0";""
"202300040314";"155 609 077";"B01";"2";"1";"0";"2";"8";"2";"5";""
"202300040315";"155 609 073";"A01";"2";"7";"0";"2";"8";"13";"1";""
"202300040315";"155 609 074";"B01";"2";"7";"0";"2";"7";"1";"1";""
"202300040316";"155 609 072";"A01";"1";"37";"0";"1";"2";"1";"4";"1"
"202300040317";"155 609 071";"A01";"2";"7";"0";"1";"1";"1";"1";""
"202300040318";"155 609 067";"A01";"0";"7";"0";"0";"0";"0";"1";""
"202300040318";"155 609 070";"B01";"0";"7";"0";"2";"4";"2";"1";""
"202300040319";"155 609 066";"A01";"1";"7";"0";"2";"4";"23";"0";""
"202300040319";"155 609 068";"B01";"1";"7";"0";"2";"4";"23";"1";""
"202300040319";"155 609 069";"C01";"1";"7";"0";"2";"1";"2";"1";""
"202300040320";"155 609 065";"A01";"1";"7";"13";"0";"1";"1";"1";""
"202300040321";"155 609 064";"A01";"1";"7";"0";"1";"0";"1";"1";""
"202300040322";"155 609 063";"A01";"3";"99";"0";"0";"0";"1";"1";""
"202300040323";"155 609 060";"B01";"2";"7";"0";"2";"7";"1";"1";""
"202300040323";"155 609 062";"A01";"2";"31";"0";"2";"8";"13";"1";""
"202300040324";"155 609 061";"A01";"1";"31";"15";"0";"1";"0";"1";""
"202300040325";"155 609 057";"A01";"2";"7";"2";"0";"1";"1";"1";""
"202300040326";"155 609 056";"A01";"3";"7";"0";"1";"1";"1";"1";""
"202300040327";"155 609 053";"A01";"2";"31";"16";"0";"9";"1";"1";""
"202300040328";"155 609 051";"A01";"1";"7";"2";"0";"1";"1";"1";""
"202300040329";"155 609 050";"B01";"2";"33";"8";"2";"3";"0";"1";""
"202300040329";"155 609 052";"A01";"2";"7";"0";"2";"2";"12";"1";""
"202300040330";"155 609 046";"B01";"0";"99";"0";"2";"8";"26";"5";""