"Num_Acc";"id_vehicule";"num_veh";"senc";"catv";"obs";"obsm";"choc";"manv";"motor";"occutc"
"202300041361";"155 607 247";"A01";"2";"7";"0";"1";"3";"1";"1";""
"202300041362";"155 607 248";"A01";"2";"7";"0";"1";"0";"1";"0";""
"202300041363";"155 607 245";"A01";"3";"7";"0";"2";"7";"15";"1";""
"202300041363";"155 607 246";"B01";"3";"31";"0";"2";"1";"1";"3";""
"202300041364";"155 607 244";"A01";"1";"7";"13";"0";"0";"1";"1";""
"202300041365";"155 607 243";"A01";"1";"30";"9";"0";"7";"14";"1";""
"202300041366";"155 607 240";"C01";"1";"1";"0";"2";"1";"1";"5";""
"202300041366";"155 607 241";"A01";"2";"7";"1";"2";"1";"20";"2";""
"202300041367";"155 607 239";"B01";"1";"10";"0";"2";"1";"1";"1";""
"202300041367";"155 607 242";"A01";"2";"7";"0";"2";"3";"15";"1";""
"202300041368";"155 607 237";"B01";"2";"1";"0";"2";"7";"7";"5";""
"202300041368";"155 607 238";"A01";"1";"7";"0";"2";"1";"9";"1";""
"202300041369";"155 607 235";"A01";"1";"7";"0";"2";"2";"2";"1";""
"202300041369";"155 607 236";"B01";"1";"2";"0";"2";"6";"15";"1";""
"202300041370";"155 607 233";"B01";"2";"33";"0";"2";"8";"1";"1";""
"202300041370";"155 607 234";"A01";"1";"7";"0";"2";"2";"15";"1";""
"202300041371";"155 607 231";"B01";"2";"33";"0";"2";"1";"1";"1";""
"202300041371";"155 607 232";"A01";"2";"7";"0";"2";"6";"19";"1";""
"202300041372";"155 607 230";"A01";"2";"1";"0";"1";"0";"1";"5";""
"202300041373";"155 607 227";"A01";"1";"31";"0";"0";"1";"1";"1";""
"202300041374";"155 607 228";"A01";"2";"21";"0";"2";"8";"15";"1";""
"202300041374";"155 607 229";"B01";"2";"2";"0";"2";"7";"17";"1";""
"202300041375";"155 607 225";"B01";"2";"7";"8";"2";"1";"1";"1";""
"202300041375";"155 607 226";"A01";"2";"50";"16";"2";"2";"19";"3";""
"202300041376";"155 607 224";"A01";"1";"7";"0";"0";"9";"21";"1";""
"202300041377";"155 607 223";"A01";"3";"80";"0";"0";"0";"23";"3";""
"202300041378";"155 607 222";"A01";"2";"7";"0";"1";"3";"15";"1";""
"202300041379";"155 607 221";"A01";"2";"7";"2";"0";"3";"1";"1";""
"202300041380";"155 607 219";"B01";"1";"7";"0";"2";"5";"23";"2";""
"202300041380";"155 607 220";"Z01";"1";"7";"0";"2";"3";"13";"2";""
"202300041381";"155 607 216";"A01";"2";"10";"0";"2";"4";"4";"1";""
"202300041381";"155 607 217";"Y01";"2";"1";"0";"2";"4";"23";"5";""
"202300041382";"155 607 215";"A01";"2";"7";"7";"2";"1";"5";"1";""
"202300041382";"155 607 218";"B01";"1";"7";"0";"2";"3";"1";"1";""
"202300041383";"155 607 212";"A01";"3";"10";"0";"2";"1";"1";"3";""
"202300041383";"155 607 214";"B01";"3";"7";"0";"2";"8";"1";"0";""
"202300041384";"155 607 211";"A01";"3";"7";"0";"0";"1";"1";"1";""
"202300041384";"155 607 213";"B01";"2";"7";"0";"0";"7";"1";"1";""
"202300041385";"155 607 210";"A01";"1";"7";"14";"0";"1";"19";"1";""
"202300041386";"155 607 208";"A01";"3";"2";"1";"0";"2";"1";"1";""
"202300041387";"155 607 207";"A01";"1";"7";"0";"2";"7";"12";"1";""
"202300041387";"155 607 209";"B01";"1";"34";"0";"2";"8";"3";"1";""
"202300041388";"155 607 205";"A01";"1";"7";"2";"0";"3";"1";"1";""
"202300041389";"155 607 202";"A01";"3";"7";"0";"2";"1";"1";"1";""
"202300041389";"155 607 203";"B01";"3";"10";"0";"2";"7";"15";"1";""
"202300041390";"155 607 201";"A01";"3";"7";"10";"0";"2";"1";"1";""
"202300041391";"155 607 198";"A01";"3";"7";"0";"2";"3";"20";"6";""
"202300041391";"155 607 200";"B01";"3";"33";"0";"2";"7";"2";"6";""
"202300041392";"155 607 197";"A01";"1";"7";"0";"0";"6";"15";"1";""
"202300041392";"155 607 199";"B01";"1";"33";"0";"2";"1";"17";"1";""
"202300041393";"155 607 195";"A01";"2";"33";"0";"2";"3";"1";"1";""
"202300041393";"155 607 196";"B01";"3";"7";"0";"2";"5";"19";"1";""
"202300041394";"155 607 194";"A01";"2";"7";"2";"0";"1";"1";"1";""
"202300041395";"155 607 192";"A01";"3";"7";"0";"2";"3";"16";"1";""
"202300041395";"155 607 193";"B01";"2";"50";"0";"2";"1";"1";"3";""
"202300041396";"155 607 191";"A01";"0";"7";"0";"1";"5";"26";"1";""
"202300041397";"155 607 190";"A01";"0";"7";"0";"1";"2";"1";"3";""
"202300041398";"155 607 189";"A01";"1";"7";"0";"1";"3";"26";"1";""
"202300041399";"155 607 187";"A01";"2";"7";"0";"2";"3";"9";"1";""
"202300041399";"155 607 188";"B01";"1";"10";"0";"2";"1";"1";"1";""
"202300041400";"155 607 185";"A01";"1";"80";"0";"2";"1";"1";"3";""
"202300041400";"155 607 186";"B01";"1";"7";"0";"2";"3";"23";"1";""
"202300041401";"155 607 182";"B01";"0";"1";"0";"2";"0";"0";"5";""
"202300041401";"155 607 184";"A01";"0";"50";"0";"2";"2";"11";"3";""
"202300041402";"155 607 181";"B01";"1";"10";"0";"2";"1";"1";"1";""
"202300041402";"155 607 183";"A01";"1";"7";"11";"2";"6";"19";"1";""
"202300041403";"155 607 177";"A01";"1";"7";"0";"0";"1";"23";"0";""
"202300041403";"155 607 179";"B01";"1";"33";"1";"2";"0";"0";"0";""
"202300041403";"155 607 180";"C01";"1";"33";"1";"2";"0";"0";"0";""
"202300041404";"155 607 176";"B01";"0";"0";"0";"9";"0";"0";"0";""
"202300041404";"155 607 178";"A01";"2";"1";"0";"2";"8";"0";"5";""
"202300041405";"155 607 170";"B01";"1";"50";"1";"0";"1";"0";"3";""
"202300041405";"155 607 172";"A01";"1";"7";"0";"9";"8";"22";"1";""
"202300041406";"155 607 171";"A01";"1";"7";"0";"2";"8";"1";"2";""
"202300041406";"155 607 173";"B01";"1";"17";"0";"2";"2";"17";"1";""
"202300041407";"155 607 167";"B01";"3";"7";"0";"2";"8";"1";"1";""
"202300041407";"155 607 169";"A01";"3";"10";"0";"2";"1";"15";"1";""
"202300041408";"155 607 168";"A01";"1";"14";"0";"0";"0";"2";"1";""
"202300041409";"155 607 165";"A01";"1";"14";"1";"0";"6";"1";"1";""
"202300041409";"155 607 166";"B01";"1";"7";"0";"2";"0";"0";"0";""
"202300041410";"155 607 164";"A01";"1";"10";"14";"1";"3";"2";"3";""
"202300041411";"155 607 163";"A01";"2";"7";"15";"0";"2";"1";"1";""
"202300041412";"155 607 161";"A01";"1";"7";"0";"9";"3";"1";"0";""
"202300041412";"155 607 162";"B01";"1";"1";"0";"2";"1";"1";"5";""
"202300041413";"155 607 158";"B01";"1";"7";"0";"2";"3";"15";"1";""
"202300041413";"155 607 159";"A01";"1";"31";"0";"2";"1";"17";"1";""
"202300041414";"155 607 157";"A01";"2";"7";"0";"0";"9";"13";"1";""
"202300041415";"155 607 155";"A01";"1";"7";"0";"2";"4";"16";"1";""
"202300041415";"155 607 156";"B01";"1";"34";"0";"2";"1";"16";"1";""
"202300041416";"155 607 154";"A01";"3";"33";"0";"0";"8";"0";"1";""
"202300041417";"155 607 153";"A01";"1";"50";"0";"0";"0";"10";"3";""
"202300041418";"155 607 149";"A01";"1";"31";"0";"2";"1";"1";"1";""
"202300041418";"155 607 152";"B01";"1";"7";"0";"2";"3";"16";"1";""
"202300041419";"155 607 150";"A01";"2";"7";"0";"0";"8";"13";"1";""
"202300041419";"155 607 151";"B01";"2";"33";"0";"2";"7";"17";"1";""
"202300041420";"155 607 145";"A01";"3";"30";"0";"2";"3";"1";"1";""
"202300041420";"155 607 147";"B01";"3";"7";"0";"2";"3";"15";"0";""
"202300041421";"155 607 146";"A01";"2";"33";"0";"2";"1";"1";"1";""
"202300041421";"155 607 148";"B01";"1";"7";"0";"2";"8";"15";"1";""
"202300041422";"155 607 143";"A01";"1";"2";"6";"0";"1";"13";"1";""
"202300041423";"155 607 142";"B01";"2";"7";"8";"2";"8";"2";"1";""
"202300041423";"155 607 144";"A01";"3";"7";"0";"2";"1";"15";"1";""
"202300041424";"155 607 140";"B01";"0";"3";"0";"1";"1";"16";"1";""
"202300041425";"155 607 139";"A01";"0";"7";"0";"2";"3";"0";"1";""
"202300041425";"155 607 141";"B01";"0";"15";"0";"2";"3";"1";"1";""
"202300041426";"155 607 138";"A01";"1";"7";"8";"0";"3";"13";"1";""
"202300041427";"155 607 135";"A01";"1";"7";"0";"2";"1";"1";"1";""
"202300041427";"155 607 137";"B01";"2";"38";"0";"2";"3";"26";"1";"24"
"202300041428";"155 607 133";"B01";"3";"10";"0";"2";"3";"9";"1";""
"202300041428";"155 607 134";"A01";"1";"7";"0";"2";"5";"1";"1";""
"202300041429";"155 607 132";"A01";"0";"7";"13";"0";"9";"1";"0";""
"202300041430";"155 607 130";"A01";"1";"7";"0";"1";"2";"1";"0";""
"202300041431";"155 607 131";"B01";"1";"7";"0";"2";"3";"1";"1";""
"202300041431";"155 607 136";"A01";"1";"7";"0";"2";"1";"0";"1";""
"202300041432";"155 607 129";"A01";"2";"7";"8";"0";"1";"1";"0";""
"202300041433";"155 607 127";"A01";"2";"7";"0";"2";"3";"6";"1";""
"202300041433";"155 607 128";"B01";"2";"31";"0";"2";"8";"1";"1";""
"202300041434";"155 607 126";"A01";"1";"7";"0";"1";"1";"1";"1";""
"202300041435";"155 607 124";"A01";"3";"33";"0";"0";"7";"21";"0";""
"202300041436";"155 607 125";"A01";"3";"7";"2";"0";"2";"1";"1";""
"202300041437";"155 607 123";"A01";"3";"7";"6";"0";"1";"1";"1";""
"202300041438";"155 607 122";"A01";"3";"7";"17";"0";"1";"0";"0";""
"202300041439";"155 607 118";"A01";"2";"7";"0";"2";"1";"5";"1";""
"202300041439";"155 607 119";"B01";"1";"7";"0";"2";"1";"1";"1";""
"202300041440";"155 607 116";"A01";"2";"2";"0";"0";"8";"1";"1";""
"202300041441";"155 607 117";"A01";"2";"7";"2";"0";"1";"14";"1";""
"202300041442";"155 607 113";"A01";"1";"33";"0";"2";"0";"1";"1";""
"202300041442";"155 607 114";"B01";"2";"33";"0";"2";"8";"1";"1";""
"202300041443";"155 607 112";"A01";"1";"33";"0";"2";"1";"5";"1";""
"202300041443";"155 607 115";"B01";"2";"10";"0";"2";"3";"1";"1";""
"202300041444";"155 607 111";"A01";"1";"7";"8";"0";"1";"17";"1";""
"202300041445";"155 607 110";"A01";"1";"33";"16";"0";"0";"2";"1";""
"202300041446";"155 607 108";"B01";"0";"7";"1";"0";"1";"2";"1";""
"202300041446";"155 607 109";"A01";"0";"7";"0";"0";"4";"23";"1";""
"202300041447";"155 607 105";"X01";"2";"7";"0";"2";"6";"1";"0";""
"202300041447";"155 607 106";"A01";"2";"7";"0";"2";"2";"1";"1";""
"202300041448";"155 607 103";"A01";"1";"7";"0";"2";"4";"2";"1";""
"202300041448";"155 607 104";"B01";"1";"7";"0";"2";"1";"2";"1";""
"202300041449";"155 607 099";"A01";"1";"7";"0";"2";"1";"1";"1";""
"202300041449";"155 607 100";"B01";"1";"7";"0";"2";"4";"0";"1";""
"202300041449";"155 607 101";"C01";"1";"7";"0";"2";"2";"0";"1";""
"202300041449";"155 607 102";"D01";"1";"7";"0";"2";"6";"0";"1";""
"202300041450";"155 607 097";"A01";"1";"10";"0";"2";"6";"11";"1";""
"202300041450";"155 607 098";"B01";"1";"43";"0";"2";"2";"1";"1";""
"202300041451";"155 607 095";"A01";"3";"7";"0";"2";"1";"1";"1";""
"202300041451";"155 607 096";"B01";"3";"7";"0";"2";"6";"1";"1";""
"202300041452";"155 607 092";"A01";"2";"10";"0";"2";"1";"1";"1";""
"202300041452";"155 607 093";"B01";"2";"7";"0";"2";"4";"2";"2";""
"202300041452";"155 607 094";"C01";"2";"7";"0";"2";"4";"2";"2";""
"202300041453";"155 607 090";"A01";"3";"7";"0";"2";"1";"10";"1";""
"202300041453";"155 607 091";"B01";"3";"34";"0";"2";"7";"1";"0";""
"202300041454";"155 607 087";"B01";"1";"1";"0";"2";"4";"1";"5";""
"202300041454";"155 607 088";"A01";"1";"31";"0";"2";"1";"1";"1";""
"202300041455";"155 607 085";"A01";"1";"7";"0";"2";"1";"2";"1";""
"202300041455";"155 607 086";"B01";"1";"7";"0";"2";"4";"24";"1";""
"202300041455";"155 607 089";"C01";"1";"7";"0";"2";"1";"2";"1";""
"202300041456";"155 607 084";"A01";"2";"7";"0";"1";"2";"1";"1";""
"202300041457";"155 607 083";"A01";"1";"7";"6";"0";"1";"1";"1";""
"202300041458";"155 607 081";"B01";"1";"33";"0";"2";"0";"3";"1";""
"202300041458";"155 607 082";"A01";"1";"10";"0";"2";"0";"1";"3";""
"202300041459";"155 607 080";"A01";"1";"10";"4";"0";"1";"13";"1";""
"202300041460";"155 607 076";"B01";"1";"32";"0";"2";"6";"1";"1";""
"202300041460";"155 607 079";"A01";"1";"7";"0";"2";"2";"12";"1";""
"202300041461";"155 607 075";"A01";"1";"7";"0";"2";"1";"2";"1";""
"202300041461";"155 607 077";"B01";"1";"10";"0";"2";"4";"2";"1";""
"202300041461";"155 607 078";"C01";"1";"7";"0";"0";"4";"2";"1";""
"202300041462";"155 607 073";"B01";"1";"50";"14";"2";"1";"21";"3";""
"202300041462";"155 607 074";"A01";"2";"34";"0";"2";"1";"1";"1";""
"202300041463";"155 607 072";"A01";"2";"7";"4";"2";"1";"26";"1";""
"202300041464";"155 607 070";"A01";"1";"7";"4";"0";"1";"13";"1";""
"202300041465";"155 607 068";"A01";"1";"32";"1";"2";"1";"1";"1";""
"202300041465";"155 607 069";"B01";"1";"7";"0";"2";"3";"1";"1";""
"202300041465";"155 607 071";"Z01";"1";"32";"0";"0";"0";"23";"0";""
"202300041466";"155 607 067";"A01";"2";"7";"3";"0";"8";"13";"1";""
"202300041467";"155 607 066";"A01";"2";"99";"12";"0";"1";"2";"0";""
"202300041468";"155 607 063";"C01";"2";"7";"0";"2";"4";"1";"1";""
"202300041468";"155 607 064";"A01";"1";"7";"0";"2";"2";"1";"1";""
"202300041468";"155 607 065";"B01";"1";"7";"0";"2";"4";"1";"1";""
"202300041469";"155 607 061";"B01";"1";"33";"0";"2";"3";"1";"1";""
"202300041469";"155 607 062";"A01";"1";"7";"0";"2";"2";"12";"2";""
"202300041470";"155 607 060";"A01";"1";"7";"14";"0";"0";"0";"1";""
"202300041471";"155 607 058";"B01";"3";"1";"0";"2";"1";"1";"5";""
"202300041471";"155 607 059";"A01";"3";"80";"0";"2";"8";"11";"3";""
"202300041472";"155 607 057";"A01";"2";"7";"4";"0";"3";"15";"1";""
"202300041473";"155 607 056";"A01";"2";"2";"0";"0";"8";"1";"1";""
"202300041474";"155 607 055";"A01";"2";"7";"4";"0";"3";"16";"1";""
"202300041475";"155 607 053";"A01";"1";"50";"0";"2";"1";"1";"3";""
"202300041475";"155 607 054";"B01";"1";"7";"14";"2";"2";"1";"1";""
"202300041476";"155 607 052";"A01";"1";"7";"4";"0";"1";"2";"1";""
"202300041477";"155 607 049";"A01";"2";"33";"0";"2";"0";"0";"1";""
"202300041478";"155 607 050";"A01";"1";"7";"0";"2";"2";"15";"1";""
"202300041478";"155 607 051";"B01";"2";"34";"0";"2";"1";"1";"1";""
"202300041479";"155 607 046";"A01";"3";"10";"0";"1";"3";"2";"1";""
"202300041480";"155 607 047";"A01";"2";"7";"0";"2";"3";"11";"1";""
"202300041480";"155 607 048";"B01";"2";"31";"0";"2";"2";"2";"1";""
"202300041481";"155 607 044";"A01";"1";"7";"5";"0";"1";"1";"1";""
"202300041482";"155 607 045";"A01";"3";"34";"0";"0";" -1";"1";"0";""
"202300041483";"155 607 043";"A01";"2";"31";"0";"0";"0";"1";"1";""
"202300041484";"155 607 041";"A01";"1";"33";"1";"2";"8";"14";"1";""
"202300041484";"155 607 042";"B01";"1";"7";"0";"2";"2";"9";"1";""
"202300041485";"155 607 038";"A01";"0";"33";"0";"0";"0";"1";"1";""
"202300041486";"155 607 036";"B01";"2";"7";"0";"2";"4";"1";"1";""
"202300041486";"155 607 037";"C01";"2";"7";"0";"2";"7";"1";"1";""
"202300041486";"155 607 039";"D01";"2";"7";"0";"2";"4";"1";"1";""
"202300041486";"155 607 040";"A01";"2";"7";"0";"2";"3";"11";"1";""
"202300041487";"155 607 035";"Z01";"3";"10";"0";"1";"3";"1";"0";""
"202300041488";"155 607 033";"A01";"2";"7";"0";"2";"2";"15";"1";""
"202300041488";"155 607 034";"B01";"1";"30";"0";"2";"1";"1";"1";""
"202300041489";"155 607 032";"A01";"3";"10";"0";"1";"1";"15";"1";""
"202300041490";"155 607 030";"A01";"2";"7";"0";"2";"3";"0";"1";""
"202300041490";"155 607 031";"B01";"1";"33";"0";"2";"8";"1";"1";""
"202300041491";"155 607 028";"A01";"1";"7";"0";"2";"7";"17";"0";""
"202300041491";"155 607 029";"B01";"1";"50";"0";"2";"1";"1";"3";""
"202300041492";"155 607 027";"A01";"3";"7";"0";"0";"2";"15";"1";""
"202300041493";"155 607 025";"A01";"2";"10";"0";"0";"3";"22";"0";""
"202300041493";"155 607 026";"B01";"2";"1";"1";"0";"1";"17";"5";""
"202300041494";"155 607 024";"A01";"0";"1";"0";"9";"1";"1";"5";""
"202300041495";"155 607 021";"C01";"0";"15";"0";"2";"0";"21";"1";""
"202300041495";"155 607 022";"A01";"0";"7";"0";"2";"3";"17";"1";""
"202300041495";"155 607 023";"B01";"0";"7";"0";"2";"3";"0";"1";""
"202300041496";"155 607 020";"A01";"1";"50";"1";"0";"0";"1";"3";""
"202300041497";"155 607 017";"A01";"1";"33";"6";"2";"7";"0";"1";""
"202300041497";"155 607 018";"B01";"1";"10";"6";"2";"8";"9";"1";""
"202300041498";"155 607 016";"B01";"3";"37";"0";"2";"1";"1";"1";"7"
"202300041498";"155 607 019";"A01";"3";"7";"0";"2";"7";"1";"1";""
"202300041499";"155 607 015";"A01";"1";"7";"9";"1";"1";"21";"1";""
"202300041500";"155 607 013";"A01";"2";"7";"0";"1";"2";"26";"1";""
"202300041501";"155 607 012";"A01";"0";"50";"0";"2";"1";"1";"3";""
"202300041501";"155 607 014";"B01";"3";"7";"0";"2";"8";"1";"1";""
"202300041502";"155 607 009";"A01";"3";"7";"0";"2";"1";"9";"1";""
"202300041502";"155 607 010";"B01";"2";"33";"0";"2";"1";"1";"1";""
"202300041503";"155 607 008";"A01";"1";"7";"0";"2";"8";"19";"1";""
"202300041503";"155 607 011";"B01";"1";"30";"0";"2";"1";"1";"1";""
"202300041504";"155 607 005";"A01";"3";"7";"0";"2";"1";"15";"1";""
"202300041504";"155 607 007";"B01";"1";"31";"0";"2";"7";"1";"1";""
"202300041505";"155 607 004";"A01";"1";"7";"0";"0";"3";"1";"1";""
"202300041506";"155 607 002";"A01";"1";"1";"0";"2";"3";"1";"5";""
"202300041506";"155 607 003";"B01";"2";"99";"0";"9";"3";"1";"1";""
"202300041507";"155 607 001";"Z01";"3";"7";"0";"1";"1";"1";"0";""
"202300041508";"155 606 999";"A01";"1";"7";"0";"2";"1";"2";"1";""
"202300041508";"155 607 000";"B01";"1";"7";"7";"0";"4";"1";"1";""
"202300041509";"155 606 997";"A01";"1";"7";"0";"2";"5";"15";"1";""
"202300041509";"155 606 998";"B01";"2";"33";"0";"2";"1";"1";"1";""
"202300041510";"155 606 995";"A01";"1";"7";"0";"2";"3";"13";"1";""
"202300041510";"155 606 996";"B01";"2";"7";"0";"2";"6";"1";"1";""
"202300041511";"155 606 994";"A01";"0";"7";"12";"0";"1";"11";"1";""
"202300041512";"155 606 985";"A01";"2";"7";"0";"2";"0";"23";"0";""
"202300041512";"155 606 986";"C01";"2";"7";"0";"2";"0";"1";"1";""
"202300041512";"155 606 987";"D01";"2";"7";"0";"2";"4";"21";"1";""
"202300041512";"155 606 989";"B01";"2";"7";"0";"2";"0";"0";"1";""
"202300041512";"155 606 990";"E01";"2";"7";"0";"2";"4";"26";"1";""
"202300041512";"155 606 992";"F01";"2";"17";"0";"2";"6";"1";"1";""
"202300041512";"155 606 993";"G01";"2";"7";"4";"2";"2";"21";"1";""
"202300041513";"155 606 984";"B01";"2";"7";"0";"2";"3";"15";"1";""
"202300041513";"155 606 988";"A01";"2";"7";"0";"2";"5";"2";"1";""
"202300041514";"155 606 983";"A01";"1";"7";"13";"0";"6";"1";"1";""
"202300041515";"155 606 982";"A01";"3";"7";"1";"1";"3";"13";"1";""
"202300041516";"155 606 980";"A01";"3";"33";"12";"0";"1";"0";"1";""
"202300041517";"155 606 978";"B01";"2";"7";"0";"2";"3";"26";"1";""
"202300041517";"155 606 979";"A01";"1";"7";"0";"2";"3";"26";"1";""
"202300041518";"155 606 977";"A01";"3";"15";"0";"1";"5";"4";"1";""
"202300041519";"155 606 976";"A01";"1";"7";"0";"1";"1";"15";"1";""
"202300041520";"155 606 974";"A01";"2";"7";"0";"2";"3";"13";"1";""
"202300041520";"155 606 975";"B01";"1";"7";"0";"2";"3";"1";"0";""
"202300041521";"155 606 968";"C01";"2";"7";"0";"2";"8";"1";"1";""
"202300041521";"155 606 970";"D01";"2";"7";"0";"2";"8";"1";"1";""
"202300041521";"155 606 971";"B01";"1";"15";"0";"2";"3";"1";"1";""
"202300041521";"155 606 972";"A01";"2";"10";"0";"2";"3";"13";"1";""
"202300041522";"155 606 967";"A01";"1";"7";"0";"2";"2";"0";"1";""
"202300041522";"155 606 969";"B01";"2";"7";"0";"2";"1";"0";"1";""
"202300041523";"155 606 966";"A01";"2";"1";"0";"0";"8";"1";"5";""
"202300041524";"155 606 963";"A01";"2";"7";"0";"2";"3";"26";"1";""
"202300041524";"155 606 965";"B01";"2";"30";"0";"2";"2";"1";"1";""
"202300041525";"155 606 962";"B01";"2";"7";"7";"2";"3";"1";"1";""
"202300041525";"155 606 964";"A01";"1";"7";"0";"2";"2";"9";"1";""
"202300041526";"155 606 959";"A01";"2";"7";"0";"2";"3";"9";"1";""
"202300041526";"155 606 961";"B01";"1";"7";"0";"2";"2";"1";"1";""
"202300041527";"155 606 958";"A01";"3";"38";"0";"9";"5";"15";"1";"1"
"202300041527";"155 606 960";"B01";"0";"1";"0";"2";"1";"25";"5";""
"202300041528";"155 606 956";"B01";"3";"1";"0";"2";"1";"1";"5";""
"202300041528";"155 606 957";"A01";"3";"50";"0";"2";"8";"1";"3";""
"202300041529";"155 606 954";"A01";"2";"10";"0";"0";"6";"22";"1";""
"202300041530";"155 606 952";"A01";"1";"33";"9";"0";"1";"1";"1";""
"202300041531";"155 606 951";"A01";"0";"7";"0";"2";"1";"9";"1";""
"202300041531";"155 606 953";"B01";"0";"31";"0";"2";"0";"0";"1";""
"202300041532";"155 606 949";"A01";"2";"7";"0";"9";"4";"4";"1";""
"202300041532";"155 606 950";"B01";"1";"1";"0";"2";"1";"1";"5";""
"202300041533";"155 606 946";"A01";"1";"1";"0";"2";"3";"2";"5";""
"202300041534";"155 606 945";"A01";"2";"1";"0";"2";"3";"2";"5";""
"202300041535";"155 606 941";"C01";"3";"7";"0";"5";"1";"1";"1";""
"202300041535";"155 606 943";"A01";"3";"7";"0";"5";"1";"1";"0";""
"202300041535";"155 606 944";"B01";"3";"7";"0";"5";"3";"1";"0";""
"202300041536";"155 606 939";"A01";"2";"7";"0";"2";"0";"5";"1";""
"202300041536";"155 606 940";"B01";"1";"10";"0";"2";"1";"0";"1";""
"202300041537";"155 606 937";"A01";"1";"7";"0";"9";"3";"15";"1";""
"202300041537";"155 606 938";"B01";"1";"1";"0";"2";"1";"0";"5";""
"202300041538";"155 606 933";"A01";"1";"7";"0";"2";"1";"2";"1";""
"202300041538";"155 606 934";"B01";"1";"2";"0";"2";"4";"2";"1";""
"202300041539";"155 606 932";"C01";"2";"10";"0";"2";"2";"1";"1";""
"202300041539";"155 606 935";"A01";"1";"7";"0";"2";"1";"13";"1";""
"202300041539";"155 606 936";"B01";"2";"7";"0";"2";"1";"1";"1";""
"202300041540";"155 606 931";"A01";"3";"36";"13";"0";"3";"21";"1";""
"202300041541";"155 606 929";"A01";"3";"7";"0";"2";"1";"18";"1";""
"202300041541";"155 606 930";"B01";"3";"1";"0";"2";"4";"16";"5";""
"202300041542";"155 606 928";"A01";"1";"1";"0";"0";"0";"1";"5";""
"202300041543";"155 606 925";"A01";"3";"7";"2";"0";"3";"0";"1";""
"202300041544";"155 606 926";"A01";"1";"7";"0";"2";"1";"9";"1";""
"202300041544";"155 606 927";"B01";"2";"30";"0";"2";"7";"26";"3";""
"202300041545";"155 606 922";"A01";"3";"7";"0";"2";"1";"1";"1";""
"202300041545";"155 606 924";"B01";"2";"1";"0";"2";"1";"19";"5";""
"202300041546";"155 606 921";"A01";"0";"7";"0";"0";"0";"0";"0";""
"202300041546";"155 606 923";"B01";"0";"7";"0";"0";"0";"0";"1";""
"202300041547";"155 606 918";"A01";"3";"3";"14";"2";"2";"17";"1";""
"202300041548";"155 606 919";"B01";"1";"7";"8";"0";"4";"2";"1";""
"202300041548";"155 606 920";"A01";"1";"14";"0";"2";"1";"2";"1";""
"202300041549";"155 606 913";"A01";"1";"7";"0";"2";"1";"9";"1";""
"202300041549";"155 606 915";"B01";"1";"7";"0";"2";"7";"1";"1";""
"202300041550";"155 606 914";"B01";"1";"1";"0";"2";"1";"1";"5";""
"202300041550";"155 606 916";"A01";"2";"7";"0";"9";"2";"15";"1";""
"202300041551";"155 606 910";"B01";"2";"7";"0";"2";"1";"2";"1";""
"202300041551";"155 606 912";"A01";"2";"10";"0";"0";"3";"15";"1";""
"202300041552";"155 606 908";"C01";"3";"7";"0";"2";"4";"2";"1";""
"202300041552";"155 606 909";"A01";"3";"7";"0";"2";"1";"2";"1";""
"202300041552";"155 606 911";"B01";"3";"7";"0";"2";"4";"2";"1";""
"202300041553";"155 606 906";"A01";"1";"2";"0";"2";"2";"26";"1";""
"202300041553";"155 606 907";"B01";"2";"7";"0";"2";"1";"1";"1";""
"202300041554";"155 606 905";"A01";"3";"7";"4";"0";"1";"0";"0";""
"202300041555";"155 606 903";"A01";"3";"30";"0";"2";"1";"1";"1";""
"202300041555";"155 606 904";"B01";"3";"10";"0";"2";"3";"1";"1";""
"202300041556";"155 606 901";"A01";"3";"7";"1";"1";"4";"24";"0";""
"202300041557";"155 606 900";"B01";"2";"2";"0";"2";"7";"1";"1";""
"202300041557";"155 606 902";"A01";"1";"7";"0";"0";"7";"15";"1";""
"202300041558";"155 606 898";"A01";"2";"15";"0";"1";"2";"1";"1";""
"202300041559";"155 606 897";"A01";"2";"7";"2";"0";"1";"1";"1";""
"202300041560";"155 606 896";"A01";"1";"50";"0";"2";"1";"19";"3";""
"202300041560";"155 606 899";"B01";"2";"7";"0";"2";"3";"1";"1";""
"202300041561";"155 606 895";"A01";"2";"15";"8";"0";"7";"14";"1";""
"202300041562";"155 606 893";"A01";"1";"7";"0";"2";"2";"1";"1";""
"202300041562";"155 606 894";"B01";"2";"33";"0";"2";"1";"5";"1";""
"202300041563";"155 606 891";"B01";"1";"10";"0";"2";"3";"13";"1";""
"202300041563";"155 606 892";"A01";"1";"7";"0";"2";"3";"1";"1";""
"202300041564";"155 606 889";"A01";"3";"33";"1";"0";"1";"0";"1";""
"202300041564";"155 606 890";"B01";"3";"7";"0";"2";"1";"0";"1";""
"202300041565";"155 606 886";"A01";"1";"7";"0";"2";"3";"1";"1";""
"202300041565";"155 606 887";"B01";"2";"7";"0";"2";"3";"1";"1";""
"202300041566";"155 606 888";"A01";"1";"37";"12";"1";"7";"7";"2";"1"
"202300041567";"155 606 882";"A01";"2";"7";"3";"2";"2";"17";"1";""
"202300041567";"155 606 884";"B01";"2";"7";"3";"2";"6";"17";"1";""