"Num_Acc";"id_vehicule";"num_veh";"senc";"catv";"obs";"obsm";"choc";"manv";"motor";"occutc"
"202300041773";"155 606 527";"B01";"1";"7";"0";"2";"4";"1";"1";""
"202300041774";"155 606 524";"A01";"0";"10";"0";"1";"1";"1";"1";""
"202300041775";"155 606 523";"B01";"1";"7";"0";"2";"3";"1";"1";""
"202300041775";"155 606 525";"A01";"1";"1";"0";"2";"6";"12";"5";""
"202300041776";"155 606 522";"A01";"3";"7";"0";"1";"1";"1";"1";""
"202300041777";"155 606 520";"A01";"3";"7";"0";"0";"7";"15";"3";""
"202300041778";"155 606 521";"A01";"1";"7";"3";"0";"1";"14";"1";""
"202300041779";"155 606 516";"A01";"2";"7";"0";"2";"2";"15";"1";""
"202300041779";"155 606 518";"B01";"1";"1";"0";"2";"1";"1";"5";""
"202300041780";"155 606 517";"A01";"1";"7";"6";"0";"1";"1";"1";""
"202300041781";"155 606 515";"A01";"3";"7";"0";"2";"3";"16";"1";""
"202300041781";"155 606 519";"B01";"0";"7";"0";"2";"5";"0";"2";""
"202300041782";"155 606 513";"A01";"1";"31";"0";"0";"8";"21";"1";""
"202300041783";"155 606 510";"C01";"2";"7";"14";"2";"1";"1";"1";""
"202300041783";"155 606 512";"B01";"2";"7";"14";"2";"4";"1";"1";""
"202300041783";"155 606 514";"A01";"2";"7";"14";"2";"4";"1";"1";""
"202300041784";"155 606 511";"A01";"2";"7";"0";"1";"7";"2";"1";""
"202300041785";"155 606 506";"A01";"2";"7";"8";"2";"3";"1";"0";""
"202300041785";"155 606 508";"B01";"2";"7";"0";"2";"2";"19";"1";""
"202300041786";"155 606 503";"A01";"1";"10";"0";"2";"1";"2";"1";""
"202300041786";"155 606 505";"B01";"1";"7";"0";"2";"4";"2";"1";""
"202300041786";"155 606 509";"C01";"1";"7";"0";"2";"4";"2";"1";""
"202300041787";"155 606 502";"A01";"1";"33";"1";"0";"1";"1";"1";""
"202300041788";"155 606 501";"A01";"2";"7";"0";"2";"1";"17";"1";""
"202300041788";"155 606 504";"B01";"1";"7";"0";"2";"3";"1";"1";""
"202300041788";"155 606 507";"C01";"1";"7";"0";"2";"1";"1";"1";""
"202300041789";"155 606 498";"A01";"1";"7";"0";"2";"1";"2";"1";""
"202300041789";"155 606 499";"B01";"1";"33";"0";"2";"4";"2";"1";""
"202300041790";"155 606 496";"B01";"2";"7";"0";"0";"8";"1";"1";""
"202300041790";"155 606 500";"A01";"1";"7";"0";"2";"2";"9";"1";""
"202300041791";"155 606 495";"B01";"1";"13";"0";"2";"1";"2";"1";""
"202300041791";"155 606 497";"A01";"1";"7";"0";"2";"4";"2";"1";""
"202300041792";"155 606 494";"A01";"1";"31";"0";"1";"1";"1";"1";""
"202300041793";"155 606 490";"A01";"2";"32";"0";"1";"2";"1";"1";""
"202300041794";"155 606 491";"A01";"3";"7";"0";"2";"1";"13";"0";""
"202300041794";"155 606 493";"B01";"3";"1";"0";"2";"4";"1";"5";""
"202300041795";"155 606 486";"A01";"2";"7";"0";"2";"1";"1";"0";""
"202300041795";"155 606 488";"B01";"2";"2";"0";"2";"8";"19";"0";""
"202300041796";"155 606 487";"A01";"2";"7";"0";"2";"1";"2";"1";""
"202300041796";"155 606 489";"B01";"2";"7";"0";"2";"4";"2";"1";""
"202300041796";"155 606 492";"C01";"2";"7";"0";"2";"4";"2";"2";""
"202300041797";"155 606 485";"A01";"1";"7";"16";"0";"0";"13";"6";""
"202300041798";"155 606 482";"B01";"2";"1";"0";"2";"1";"2";"5";""
"202300041798";"155 606 484";"A01";"2";"14";"0";"0";"5";"2";"1";""
"202300041799";"155 606 478";"A01";"2";"7";"13";"0";"3";"0";"1";""
"202300041800";"155 606 479";"B01";"1";"7";"0";"2";"1";"2";"0";""
"202300041800";"155 606 481";"A01";"1";"30";"0";"2";"4";"2";"1";""
"202300041801";"155 606 480";"B01";"1";"7";"0";"2";"4";"2";"1";""
"202300041801";"155 606 483";"A01";"1";"7";"0";"2";"1";"11";"1";""
"202300041802";"155 606 475";"A01";"1";"7";"0";"2";"3";"13";"1";""
"202300041802";"155 606 476";"B01";"2";"7";"0";"2";"1";"1";"1";""
"202300041803";"155 606 473";"A01";"1";"7";"0";"0";"4";"15";"1";""
"202300041803";"155 606 477";"B01";"1";"31";"0";"2";"1";"17";"1";""
"202300041804";"155 606 472";"A01";"3";"10";"0";"1";"4";"20";"1";""
"202300041805";"155 606 471";"Z01";"2";"15";"0";"0";"0";"0";"0";""
"202300041805";"155 606 474";"A01";"2";"7";"3";"2";"1";"1";"1";""
"202300041806";"155 606 467";"B01";"0";"7";"0";"2";"3";"1";"1";""
"202300041806";"155 606 470";"A01";"0";"7";"0";"2";"1";"1";"1";""
"202300041807";"155 606 469";"A01";"2";"33";"13";"0";"3";"26";"1";""
"202300041808";"155 606 468";"A01";"1";"33";"9";"0";"9";"26";"0";""
"202300041809";"155 606 466";"A01";"2";"7";"4";"0";"3";"1";"1";""
"202300041810";"155 606 461";"A01";"1";"7";"0";"2";"1";"17";"1";""
"202300041810";"155 606 463";"B01";"1";"7";"0";"2";"3";"15";"1";""
"202300041810";"155 606 465";"C01";"2";"10";"0";"2";"1";"1";"1";""
"202300041811";"155 606 460";"A01";"3";"33";"0";"2";"1";"1";"1";""
"202300041811";"155 606 464";"B01";"3";"31";"0";"2";"1";"1";"1";""
"202300041812";"155 606 459";"A01";"2";"7";"0";"2";"1";"1";"0";""
"202300041812";"155 606 462";"B01";"3";"7";"0";"2";"3";"1";"0";""
"202300041813";"155 606 458";"A01";"2";"7";"0";"0";"9";"19";"1";""
"202300041814";"155 606 456";"A01";"2";"10";"0";"0";"0";"13";"1";""
"202300041815";"155 606 454";"A01";"1";"7";"0";"2";"6";"15";"6";""
"202300041815";"155 606 457";"B01";"2";"2";"0";"2";"1";"2";"6";""
"202300041816";"155 606 453";"A01";"1";"7";"0";"2";"3";"23";"1";""
"202300041816";"155 606 455";"B01";"1";"33";"0";"2";"2";"2";"1";""
"202300041817";"155 606 450";"A01";"1";"2";"0";"0";"8";"1";"1";""
"202300041818";"155 606 449";"A01";"2";"99";"3";"0";"1";"1";"1";""
"202300041819";"155 606 447";"A01";"3";"7";"2";"0";"3";"1";"1";""
"202300041820";"155 606 446";"A01";"2";"7";"0";"2";"1";"2";"1";""
"202300041820";"155 606 448";"B01";"2";"7";"0";"2";"4";"23";"1";""
"202300041820";"155 606 451";"C01";"2";"7";"0";"2";"4";"23";"1";""
"202300041820";"155 606 452";"D01";"2";"7";"0";"2";"4";"23";"1";""
"202300041821";"155 606 442";"B01";"1";"7";"0";"2";"5";"2";"1";""
"202300041821";"155 606 445";"A01";"1";"7";"13";"2";"1";"2";"1";""
"202300041822";"155 606 443";"A01";"1";"32";"0";"0";"8";"3";"1";""
"202300041823";"155 606 440";"A01";"1";"1";"0";"2";"3";"13";"5";""
"202300041823";"155 606 444";"B01";"2";"7";"0";"2";"3";"1";"1";""
"202300041824";"155 606 438";"A01";"1";"33";"0";"0";"8";"3";"1";""
"202300041825";"155 606 436";"B01";"0";"33";"0";"2";"0";"1";"1";""
"202300041825";"155 606 439";"A01";"3";"7";"0";"2";"3";"15";"1";""
"202300041826";"155 606 435";"C01";"2";"7";"0";"2";"4";"1";"1";""
"202300041826";"155 606 437";"A01";"2";"7";"0";"2";"1";"2";"1";""
"202300041826";"155 606 441";"B01";"2";"7";"0";"2";"4";"2";"1";""
"202300041827";"155 606 433";"A01";"1";"7";"4";"0";"3";"13";"1";""
"202300041828";"155 606 434";"A01";"1";"33";"0";"1";"1";"1";"1";""
"202300041829";"155 606 429";"C01";"1";"7";"0";"9";"2";"17";"2";""
"202300041829";"155 606 431";"A01";"2";"17";"4";"0";"1";"1";"1";""
"202300041829";"155 606 432";"B01";"1";"7";"0";"9";"3";"1";"1";""
"202300041830";"155 606 427";"A01";"1";"7";"13";"0";"9";"1";"1";""
"202300041831";"155 606 428";"Z01";"2";"80";"0";"1";"1";"1";"3";""
"202300041832";"155 606 426";"B01";"1";"10";"0";"2";"5";"12";"1";""
"202300041832";"155 606 430";"A01";"1";"7";"1";"0";"2";"1";"1";""
"202300041833";"155 606 425";"A01";"1";"10";"4";"0";"8";"19";"1";""
"202300041834";"155 606 419";"B01";"3";"34";"0";"2";"8";"9";"1";""
"202300041834";"155 606 422";"A01";"1";"7";"0";"2";"5";"12";"1";""
"202300041835";"155 606 420";"A01";"0";"33";"0";"2";"6";"19";"1";""
"202300041835";"155 606 424";"B01";"1";"2";"0";"2";"1";"1";"1";""
"202300041836";"155 606 418";"B01";"2";"32";"0";"2";"2";"1";"1";""
"202300041836";"155 606 421";"A01";"1";"7";"0";"2";"5";"15";"1";""
"202300041837";"155 606 416";"A01";"2";"7";"0";"2";"1";"21";"1";""
"202300041837";"155 606 423";"B01";"2";"7";"0";"2";"5";"1";"1";""
"202300041838";"155 606 414";"A01";"1";"7";"0";"1";"2";"1";"1";""
"202300041839";"155 606 415";"A01";"2";"33";"8";"0";"1";"1";"1";""
"202300041840";"155 606 413";"A01";"2";"7";"0";"2";"7";"19";"0";""
"202300041840";"155 606 417";"B01";"2";"33";"0";"2";"1";"1";"0";""
"202300041841";"155 606 412";"A01";"2";"7";"4";"0";"1";"21";"1";""
"202300041842";"155 606 408";"B01";"1";"32";"0";"2";"1";"17";"1";""
"202300041842";"155 606 410";"A01";"1";"7";"0";"2";"1";"9";"1";""
"202300041843";"155 606 409";"A01";"2";"33";"0";"2";"1";"1";"1";""
"202300041843";"155 606 411";"B01";"2";"7";"0";"2";"3";"19";"1";""
"202300041844";"155 606 406";"A01";"3";"2";"0";"2";"1";"1";"1";""
"202300041844";"155 606 407";"B01";"2";"7";"0";"2";"7";"1";"1";""
"202300041845";"155 606 401";"B01";"2";"7";"0";"2";"4";"2";"1";""
"202300041845";"155 606 405";"A01";"2";"7";"0";"2";"1";"2";"1";""
"202300041846";"155 606 400";"A01";"2";"7";"13";"0";"2";"1";"1";""
"202300041847";"155 606 399";"A01";"1";"7";"0";"2";"3";"22";"1";""
"202300041847";"155 606 403";"B01";"1";"1";"0";"2";"1";"1";"5";""
"202300041848";"155 606 398";"A01";"1";"33";"0";"0";"0";"1";"1";""
"202300041849";"155 606 396";"A01";"2";"31";"0";"2";"1";"1";"1";""
"202300041849";"155 606 397";"B01";"1";"7";"0";"2";"1";"15";"1";""
"202300041850";"155 606 393";"B01";"1";"34";"0";"2";"3";"15";"1";""
"202300041850";"155 606 395";"A01";"2";"50";"0";"2";"1";"5";"3";""
"202300041851";"155 606 390";"B01";"1";"33";"11";"2";"7";"17";"1";""
"202300041851";"155 606 391";"A01";"1";"10";"0";"2";"8";"11";"1";""
"202300041852";"155 606 392";"A01";"2";"7";"0";"2";"6";"16";"1";""
"202300041852";"155 606 394";"B01";"2";"30";"0";"2";"1";"1";"1";""
"202300041853";"155 606 387";"A01";"1";"7";"0";"2";"1";"13";"1";""
"202300041853";"155 606 388";"B01";"2";"7";"0";"2";"3";"1";"1";""
"202300041854";"155 606 386";"A01";"2";"1";"0";"2";"1";"5";"5";""
"202300041854";"155 606 389";"B01";"2";"7";"0";"2";"3";"15";"1";""
"202300041855";"155 606 382";"A01";"2";"7";"0";"2";"3";"13";"2";""
"202300041855";"155 606 383";"B01";"1";"10";"0";"2";"3";"1";"1";""
"202300041856";"155 606 384";"B01";"1";"33";"0";"2";"1";"1";"1";""
"202300041856";"155 606 385";"A01";"2";"7";"0";"2";"7";"19";"2";""
"202300041857";"155 606 380";"A01";"1";"32";"0";"2";"1";"13";"1";""
"202300041857";"155 606 381";"B01";"2";"7";"0";"2";"2";"11";"1";""
"202300041858";"155 606 378";"A01";"1";"7";"0";"2";"2";"1";"1";""
"202300041858";"155 606 379";"B01";"1";"1";"0";"2";"4";"1";"5";""
"202300041859";"155 606 375";"A01";"2";"7";"9";"0";"9";"12";"2";""
"202300041860";"155 606 374";"A01";"1";"7";"16";"0";"4";"19";"1";""
"202300041860";"155 606 376";"B01";"2";"7";"0";"2";"1";"1";"1";""
"202300041861";"155 606 373";"A01";"1";"7";"0";"9";"8";"1";"1";""
"202300041861";"155 606 377";"B01";"3";"7";"0";"2";"2";"1";"1";""
"202300041862";"155 606 372";"A01";"2";"33";"8";"0";"0";"0";"1";""
"202300041863";"155 606 366";"A01";"1";"7";"0";"2";"3";"13";"1";""
"202300041863";"155 606 368";"B01";"2";"7";"0";"2";"3";"1";"1";""
"202300041864";"155 606 365";"D01";"2";"34";"0";"2";"1";"0";"1";""
"202300041864";"155 606 367";"C01";"2";"33";"0";"2";"1";"1";"1";""
"202300041864";"155 606 370";"B01";"2";"7";"0";"2";"6";"1";"1";""
"202300041864";"155 606 371";"A01";"2";"17";"0";"2";"2";"1";"1";""
"202300041865";"155 606 364";"B01";"1";"37";"0";"2";"8";"1";"6";"2"
"202300041865";"155 606 369";"A01";"3";"7";"0";"2";"1";"19";"2";""
"202300041866";"155 606 362";"A01";"1";"7";"0";"0";"6";"23";"1";""
"202300041866";"155 606 363";"B01";"1";"10";"0";"2";"2";"1";"1";""
"202300041867";"155 606 360";"B01";"1";"10";"0";"2";"3";"1";"1";""
"202300041867";"155 606 361";"A01";"1";"10";"0";"2";"1";"5";"1";""
"202300041868";"155 606 357";"A01";"2";"7";"0";"0";"0";"5";"1";""
"202300041868";"155 606 358";"B01";"1";"33";"0";"0";"9";"1";"1";""
"202300041869";"155 606 356";"A01";"3";"7";"0";"2";"5";"1";"1";""
"202300041869";"155 606 359";"B01";"3";"7";"0";"2";"1";"1";"1";""
"202300041870";"155 606 354";"A01";"2";"7";"0";"1";"3";"26";"1";""
"202300041871";"155 606 351";"A01";"2";"7";"0";"2";"3";"2";"1";""
"202300041871";"155 606 353";"C01";"2";"7";"0";"2";"4";"1";"1";""
"202300041871";"155 606 355";"B01";"2";"7";"0";"2";"2";"2";"1";""
"202300041872";"155 606 352";"A01";"1";"34";"0";"0";"0";"1";"1";""
"202300041873";"155 606 350";"A01";"2";"7";"0";"1";"2";"2";"1";""
"202300041874";"155 606 349";"A01";"1";"7";"3";"0";"1";"21";"1";""
"202300041875";"155 606 347";"A01";"3";"7";"0";"1";"1";"20";"1";""
"202300041876";"155 606 346";"A01";"1";"14";"0";"2";"3";"1";"0";""
"202300041876";"155 606 348";"B01";"2";"7";"12";"2";"3";"13";"1";""
"202300041877";"155 606 344";"B01";"2";"15";"0";"2";"8";"1";"1";""
"202300041877";"155 606 345";"A01";"2";"7";"0";"2";"3";"1";"1";""
"202300041878";"155 606 343";"A01";"1";"33";"2";"0";"7";"1";"1";""
"202300041879";"155 606 340";"B01";"0";"32";"0";"2";"1";"1";"1";""
"202300041879";"155 606 342";"A01";"3";"7";"0";"0";"0";"0";"1";""
"202300041880";"155 606 338";"B01";"1";"7";"0";"2";"4";"1";"1";""
"202300041880";"155 606 341";"A01";"1";"7";"0";"2";"1";"2";"1";""
"202300041881";"155 606 336";"A01";"1";"1";"0";"0";"1";"5";"5";""
"202300041882";"155 606 334";"A01";"1";"7";"0";"2";"2";"2";"1";""
"202300041882";"155 606 335";"B01";"1";"7";"0";"2";"4";"2";"1";""
"202300041883";"155 606 337";"A01";"2";"33";"0";"2";"1";"1";"1";""
"202300041883";"155 606 339";"B01";"1";"7";"0";"2";"3";"1";"1";""
"202300041884";"155 606 333";"A01";"2";"33";"0";"1";"1";"1";"1";""
"202300041885";"155 606 326";"B01";"1";"7";"0";"2";"3";"12";"1";""
"202300041885";"155 606 328";"A01";"1";"32";"0";"2";"1";"3";"1";""
"202300041885";"155 606 330";"D01";"1";"7";"0";"2";"6";"1";"1";""
"202300041885";"155 606 332";"C01";"1";"7";"0";"2";"5";"1";"1";""
"202300041886";"155 606 329";"A01";"3";"2";"0";"2";"1";"26";"1";""
"202300041886";"155 606 331";"B01";"3";"7";"0";"2";"2";"26";"1";""
"202300041887";"155 606 325";"A01";"0";"2";"0";"2";"2";"17";"0";""
"202300041887";"155 606 327";"B01";"0";"10";"0";"2";"3";"15";"0";""
"202300041888";"155 606 324";"A01";"2";"30";"0";"2";"7";"17";"1";""
"202300041889";"155 606 319";"B01";"1";"33";"0";"2";"8";"1";"1";""
"202300041889";"155 606 322";"A01";"1";"7";"0";"2";"2";"16";"1";""
"202300041890";"155 606 321";"B01";"2";"10";"0";"2";"3";"1";"1";""
"202300041890";"155 606 323";"A01";"2";"2";"0";"2";"2";"1";"1";""
"202300041891";"155 606 318";"B01";"3";"31";"0";"2";"7";"1";"1";""
"202300041891";"155 606 320";"A01";"3";"7";"0";"2";"5";"9";"1";""
"202300041892";"155 606 317";"A01";"2";"7";"1";"0";"7";"1";"1";""
"202300041893";"155 606 313";"B01";"2";"7";"0";"2";"3";"1";"1";""
"202300041893";"155 606 315";"A01";"1";"31";"0";"2";"1";"1";"1";""
"202300041894";"155 606 314";"A01";"2";"10";"0";"2";"3";"17";"1";""
"202300041894";"155 606 316";"B01";"1";"7";"0";"2";"6";"1";"1";""
"202300041895";"155 606 312";"A01";"1";"37";"0";"0";"0";"1";"1";"5"
"202300041896";"155 606 310";"A01";"1";"7";"0";"2";"3";"15";"1";""
"202300041896";"155 606 311";"B01";"1";"43";"0";"2";"1";"1";"1";""
"202300041897";"155 606 309";"A01";"2";"7";"0";"1";"3";"1";"1";""
"202300041898";"155 606 305";"A01";"2";"7";"0";"2";"4";"1";"1";""
"202300041898";"155 606 306";"B01";"2";"7";"0";"2";"4";"11";"1";""
"202300041898";"155 606 307";"C01";"2";"7";"0";"2";"4";"1";"1";""
"202300041898";"155 606 308";"D01";"2";"7";"0";"2";"1";"1";"1";""
"202300041899";"155 606 304";"A01";"1";"7";"6";"0";"7";"1";"1";""
"202300041900";"155 606 301";"A01";"1";"7";"1";"2";"8";"13";"1";""
"202300041900";"155 606 303";"B01";"1";"7";"0";"2";"2";"1";"1";""
"202300041901";"155 606 300";"B01";"1";"7";"0";"2";"3";"1";"1";""
"202300041901";"155 606 302";"A01";"1";"7";"0";"2";"3";"13";"1";""
"202300041902";"155 606 299";"A01";"2";"50";"0";"1";"3";"26";"3";""
"202300041903";"155 606 298";"A01";"2";"7";"3";"0";"2";"14";"0";""
"202300041904";"155 606 297";"A01";"3";"33";"2";"0";"7";"0";"1";""
"202300041905";"155 606 296";"A01";"2";"7";"0";"0";"1";"26";"1";""
"202300041906";"155 606 293";"A01";"1";"14";"0";"2";"7";"19";"1";""
"202300041906";"155 606 295";"B01";"2";"7";"0";"2";"1";"1";"1";""
"202300041907";"155 606 291";"A01";"1";"10";"0";"2";"3";"2";"1";""
"202300041907";"155 606 294";"B01";"1";"1";"0";"2";"4";"2";"5";""
"202300041908";"155 606 290";"B01";"1";"7";"0";"2";"5";"19";"0";""
"202300041908";"155 606 292";"A01";"0";"30";"0";"2";"1";"1";"0";""
"202300041909";"155 606 287";"B01";"1";"80";"0";"2";"3";"16";"3";""
"202300041909";"155 606 289";"A01";"1";"7";"0";"2";"1";"1";"1";""
"202300041910";"155 606 286";"A01";"1";"7";"0";"2";"6";"17";"1";""
"202300041910";"155 606 288";"B01";"2";"33";"0";"2";"8";"1";"1";""
"202300041911";"155 606 284";"A01";"2";"7";"0";"2";"2";"1";"1";""
"202300041911";"155 606 285";"B01";"1";"7";"0";"2";"7";"15";"1";""
"202300041912";"155 606 282";"A01";"2";"17";"0";"2";"5";"17";"1";""
"202300041912";"155 606 283";"B01";"2";"1";"0";"0";"3";"2";"5";""
"202300041913";"155 606 280";"A01";"1";"7";"0";"2";"0";"0";"0";""
"202300041913";"155 606 281";"B01";"0";"33";"0";"2";"0";"0";"0";""
"202300041914";"155 606 277";"B01";"2";"7";"0";"2";"2";"1";"1";""
"202300041914";"155 606 279";"A01";"2";"10";"0";"0";"6";"16";"1";""
"202300041915";"155 606 275";"A01";"2";"2";"0";"0";"0";"1";"1";""
"202300041916";"155 606 273";"B01";"3";"7";"0";"2";"4";"1";"0";""
"202300041916";"155 606 274";"A01";"3";"7";"0";"2";"1";"1";"0";""
"202300041917";"155 606 272";"A01";"1";"7";"13";"0";"3";"1";"1";""
"202300041918";"155 606 271";"Y01";"1";"50";"0";" -1";"0";"0";"3";""
"202300041919";"155 606 270";"A01";"3";"30";"12";"0";"0";"1";"1";""
"202300041920";"155 606 267";"A01";"2";"7";"0";"1";"1";"1";"1";""
"202300041921";"155 606 268";"A01";"1";"7";"0";"2";"4";"1";"1";""
"202300041921";"155 606 269";"B01";"1";"7";"0";"2";"1";"1";"1";""
"202300041922";"155 606 264";"A01";"1";"7";"0";"1";"4";"4";"1";""
"202300041923";"155 606 263";"B01";"1";"7";"0";"2";"4";"2";"1";""
"202300041923";"155 606 265";"A01";"1";"7";"0";"2";"1";"2";"1";""
"202300041923";"155 606 266";"C01";"1";"7";"0";"2";"5";"2";"1";""
"202300041924";"155 606 260";"B01";"1";"7";"0";"2";"1";"1";"1";""
"202300041924";"155 606 262";"A01";"2";"7";"0";"2";"7";"26";"1";""
"202300041925";"155 606 261";"A01";"2";"7";"0";"1";"1";"15";"1";""
"202300041926";"155 606 258";"A01";"2";"1";"0";"2";"1";"1";"5";""
"202300041926";"155 606 259";"B01";"2";"7";"0";"0";"4";"1";"1";""
"202300041927";"155 606 257";"A01";"3";"33";"1";"0";"1";"13";"1";""
"202300041928";"155 606 256";"A01";"2";"33";"0";"0";"0";"1";"1";""
"202300041929";"155 606 255";"A01";"0";"1";"0";"0";"0";"16";"5";""
"202300041930";"155 606 254";"A01";"1";"10";"0";"1";"1";"1";"0";""
"202300041931";"155 606 252";"A01";"1";"10";"2";"0";"1";"1";"0";""
"202300041932";"155 606 250";"B01";"2";"14";"0";"2";"1";"1";"1";""
"202300041932";"155 606 251";"A01";"1";"7";"12";"2";"7";"1";"1";""
"202300041933";"155 606 249";"A01";"3";"7";"6";"0";"7";"26";"1";""
"202300041934";"155 606 248";"A01";"2";"7";"0";"0";"9";"0";"1";""
"202300041935";"155 606 247";"A01";"2";"7";"10";"0";"1";"14";"1";""
"202300041936";"155 606 245";"B01";"1";"31";"0";"2";"3";"1";"1";""
"202300041936";"155 606 246";"A01";"2";"7";"0";"2";"2";"15";"1";""
"202300041937";"155 606 242";"A01";"1";"33";"13";"0";"1";"14";"1";""
"202300041938";"155 606 243";"B01";"2";"7";"0";"2";"2";"16";"1";""
"202300041938";"155 606 244";"A01";"2";"1";"0";"2";"1";"19";"5";""
"202300041939";"155 606 238";"A01";"2";"7";"0";"2";"3";"17";"0";""
"202300041939";"155 606 241";"B01";"1";"2";"0";"2";"1";"1";"1";""
"202300041940";"155 606 239";"B01";"1";"32";"0";"2";"1";"1";"1";""
"202300041940";"155 606 240";"A01";"1";"7";"0";"2";"5";"15";"1";""
"202300041941";"155 606 236";"A01";"3";"33";"0";"2";"2";"1";"1";""
"202300041941";"155 606 237";"B01";"0";"7";"0";"2";"2";"9";"1";""
"202300041942";"155 606 233";"B01";"2";"7";"0";"2";"0";"0";"1";""
"202300041942";"155 606 235";"A01";"1";"7";"0";"2";"0";"0";"1";""
"202300041943";"155 606 232";"A01";"2";"32";"0";"0";"1";"2";"1";""
"202300041943";"155 606 234";"B01";"2";"10";"0";"0";"4";"2";"1";""
"202300041944";"155 606 230";"B01";"1";"1";"0";"2";"4";"2";"5";""
"202300041944";"155 606 231";"A01";"1";"7";"0";"2";"1";"9";"1";""
"202300041945";"155 606 228";"A01";"2";"7";"0";"2";"3";"5";"1";""
"202300041945";"155 606 229";"B01";"1";"14";"0";"2";"3";"1";"1";""
"202300041946";"155 606 226";"B01";"0";"50";"0";"2";"1";"0";"3";""
"202300041946";"155 606 227";"A01";"3";"7";"0";"9";"1";"1";"1";""
"202300041947";"155 606 225";"A01";"1";"7";"8";"0";"9";"1";"1";""
"202300041948";"155 606 224";"A01";"1";"10";"0";"1";"1";"0";"1";""
"202300041949";"155 606 223";"A01";"1";"50";"0";"0";"0";"1";"3";""
"202300041950";"155 606 220";"B01";"2";"33";"0";"2";"1";"1";"1";""
"202300041950";"155 606 222";"A01";"1";"7";"0";"2";"3";"15";"2";""
"202300041951";"155 606 219";"A01";"2";"7";"0";"2";"3";"13";"1";""
"202300041951";"155 606 221";"B01";"1";"10";"0";"2";"3";"1";"1";""
"202300041952";"155 606 217";"A01";"1";"7";"0";"0";"9";"0";"1";""
"202300041953";"155 606 216";"A01";"0";"80";"12";"0";"1";"1";"3";""
"202300041954";"155 606 215";"B01";"3";"7";"0";"2";"2";"1";"1";""
"202300041954";"155 606 218";"A01";"3";"50";"0";"2";"2";"19";"3";""
"202300041955";"155 606 214";"A01";"0";"7";"0";"1";"1";"1";"1";""
"202300041956";"155 606 210";"A01";"1";"3";"0";"2";"3";"13";"1";""
"202300041956";"155 606 212";"B01";"1";"7";"0";"2";"3";"1";"1";""
"202300041957";"155 606 209";"B01";"2";"7";"0";"2";"4";"2";"1";""
"202300041957";"155 606 211";"A01";"2";"7";"0";"2";"1";"2";"1";""
"202300041958";"155 606 206";"A01";"1";"7";"0";"2";"1";"1";"0";""
"202300041958";"155 606 208";"B01";"2";"1";"0";"2";"0";"1";"5";""
"202300041959";"155 606 205";"A01";"1";"31";"15";"0";"1";"17";"1";""
"202300041960";"155 606 204";"A01";"3";"7";"0";"2";"3";"10";"1";""
"202300041960";"155 606 207";"B01";"3";"7";"0";"2";"2";"1";"1";""
"202300041961";"155 606 202";"A01";"2";"7";"1";"2";"2";"1";"1";""
"202300041961";"155 606 203";"B01";"3";"2";"0";"2";"6";"19";"1";""
"202300041962";"155 606 201";"A01";"1";"7";"0";"1";"7";"1";"1";""
"202300041963";"155 606 199";"A01";"1";"7";"0";"2";"3";"9";"1";""
"202300041963";"155 606 200";"B01";"1";"1";"0";"2";"2";"26";"5";""
"202300041964";"155 606 197";"B01";"3";"7";"0";"2";"5";"15";"1";""
"202300041964";"155 606 198";"A01";"3";"7";"0";"2";"3";"18";"1";""
"202300041965";"155 606 195";"B01";"3";"2";"0";"2";"1";"1";"1";""
"202300041965";"155 606 196";"A01";"3";"7";"0";"2";"8";"10";"1";""
"202300041966";"155 606 193";"B01";"2";"1";"0";"2";"0";"2";"5";""
"202300041966";"155 606 194";"A01";"1";"7";"0";"2";"1";"15";"1";""
"202300041967";"155 606 192";"A01";"1";"7";"0";"1";"7";"21";"1";""
"202300041968";"155 606 190";"A01";"1";"7";"0";"1";"5";"4";"1";""
"202300041969";"155 606 191";"A01";"1";"30";"0";"1";"1";"13";"1";""
"202300041970";"155 606 188";"A01";"1";"7";"5";"0";"1";"2";"1";""
"202300041971";"155 606 186";"C01";"2";"7";"0";"2";"6";"2";"1";""
"202300041971";"155 606 187";"B01";"2";"1";"0";"2";"1";"17";"5";""
"202300041971";"155 606 189";"A01";"1";"7";"0";"2";"3";"15";"1";""
"202300041972";"155 606 183";"A01";"1";"7";"0";"2";"4";"2";"1";""
"202300041972";"155 606 185";"B01";"1";"7";"0";"2";"1";"2";"1";""
"202300041973";"155 606 182";"B01";"1";"13";"0";"2";"0";"0";"1";""
"202300041973";"155 606 184";"A01";"1";"30";"0";"2";"3";"0";"1";""
"202300041974";"155 606 180";"B01";"1";"7";"0";"2";"6";"1";"1";""
"202300041974";"155 606 181";"A01";"1";"7";"0";"2";"1";"12";"1";""
"202300041975";"155 606 178";"B01";"2";"2";"0";"2";"1";"1";"1";""
"202300041975";"155 606 179";"A01";"1";"7";"0";"2";"3";"15";"1";""
"202300041976";"155 606 175";"B01";"1";"7";"0";"2";"6";"2";"1";""
"202300041976";"155 606 176";"A01";"1";"15";"0";"2";"3";"21";"1";""
"202300041977";"155 606 174";"B01";"0";"7";"0";"9";"1";"1";"1";""
"202300041977";"155 606 177";"A01";"0";"1";"0";"2";"1";"1";"5";""
"202300041978";"155 606 172";"A01";"1";"7";"0";"1";"1";"1";"1";""