"Num_Acc";"id_vehicule";"num_veh";"senc";"catv";"obs";"obsm";"choc";"manv";"motor";"occutc"
"202300041979";"155 606 171";"B01";"2";"14";"0";"0";"6";"2";"1";""
"202300041979";"155 606 173";"A01";"2";"7";"0";"2";"2";"3";"1";""
"202300041980";"155 606 169";"A01";"3";"7";"0";"1";"7";"26";"1";""
"202300041981";"155 606 168";"A01";"2";"15";"0";"2";"6";"12";"1";""
"202300041981";"155 606 170";"B01";"2";"7";"0";"2";"6";"1";"1";""
"202300041982";"155 606 167";"A01";"0";"7";"0";"1";"1";"17";"1";""
"202300041983";"155 606 166";"A01";"2";"7";"0";"9";"1";"1";"1";""
"202300041984";"155 606 161";"A01";"2";"7";"1";"0";"1";"2";"1";""
"202300041984";"155 606 165";"B01";"1";"7";"1";"0";"3";"2";"1";""
"202300041985";"155 606 162";"A01";"2";"7";"0";"2";"1";"1";"1";""
"202300041985";"155 606 163";"B01";"2";"7";"0";"2";"4";"2";"1";""
"202300041985";"155 606 164";"C01";"2";"7";"0";"2";"4";"2";"1";""
"202300041986";"155 606 158";"B01";"1";"7";"0";"2";"4";"2";"1";""
"202300041986";"155 606 159";"A01";"1";"7";"0";"2";"1";"2";"1";""
"202300041987";"155 606 155";"B01";"1";"1";"0";"2";"0";"0";"5";""
"202300041987";"155 606 157";"A01";"1";"21";"14";"0";"7";"14";"1";""
"202300041988";"155 606 154";"B01";"2";"10";"0";"2";"4";"23";"1";""
"202300041988";"155 606 156";"A01";"2";"60";"0";"2";"1";"1";"5";""
"202300041989";"155 606 153";"B01";"1";"7";"0";"2";"1";"1";"1";""
"202300041989";"155 606 160";"A01";"2";"7";"0";"2";"1";"17";"1";""
"202300041990";"155 606 150";"B01";"2";"30";"0";"2";"2";"17";"1";""
"202300041990";"155 606 151";"A01";"2";"7";"0";"2";"3";"20";"1";""
"202300041991";"155 606 149";"A01";"0";"7";"1";"1";"2";"0";"0";""
"202300041991";"155 606 152";"C01";"0";"30";"0";"0";"0";"0";"0";""
"202300041992";"155 606 146";"B01";"2";"50";"0";"2";"1";"1";"3";""
"202300041992";"155 606 148";"A01";"2";"7";"0";"2";"6";"16";"1";""
"202300041993";"155 606 145";"A01";"1";"7";"0";"2";"2";"2";"1";""
"202300041993";"155 606 147";"B01";"1";"7";"0";"2";"4";"2";"1";""
"202300041994";"155 606 144";"A01";"1";"7";"0";"1";"1";"1";"1";""
"202300041995";"155 606 142";"A01";"3";"1";"0";"1";"1";"1";"5";""
"202300041996";"155 606 143";"A01";"1";"33";"15";"0";"2";"26";"1";""
"202300041997";"155 606 137";"A01";"2";"7";"0";"2";"3";"15";"1";""
"202300041997";"155 606 138";"B01";"2";"33";"0";"2";"1";"1";"1";""
"202300041998";"155 606 136";"B01";"1";"13";"0";"2";"3";"15";"1";""
"202300041998";"155 606 139";"A01";"2";"43";"0";"2";"8";"1";"1";""
"202300041999";"155 606 135";"C01";"1";"7";"0";"2";"4";"2";"1";""
"202300041999";"155 606 140";"B01";"1";"33";"0";"2";"4";"2";"1";""
"202300041999";"155 606 141";"A01";"1";"7";"0";"2";"1";"2";"1";""
"202300042000";"155 606 132";"A01";"1";"33";"0";"2";"3";"1";"1";""
"202300042000";"155 606 134";"B01";"2";"7";"0";"2";"3";"1";"1";""
"202300042001";"155 606 131";"A01";"1";"30";"13";"0";"2";"14";"1";""
"202300042002";"155 606 130";"A01";"1";"7";"0";"2";"1";"19";"1";""
"202300042002";"155 606 133";"B01";"1";"7";"0";"2";"7";"1";"3";""
"202300042003";"155 606 127";"B01";"1";"7";"0";"2";"1";"15";"1";""
"202300042003";"155 606 129";"A01";"2";"34";"0";"2";"8";"19";"1";""
"202300042004";"155 606 125";"A01";"2";"7";"0";"2";"4";"15";"1";""
"202300042004";"155 606 128";"B01";"2";"7";"0";"2";"1";"1";"1";""
"202300042005";"155 606 124";"A01";"3";"10";"0";"2";"7";"1";"1";""
"202300042005";"155 606 126";"B01";"3";"1";"0";"2";"1";"1";"5";""
"202300042006";"155 606 122";"A01";"1";"34";"0";"2";"7";"1";"1";""
"202300042006";"155 606 123";"B01";"1";"15";"0";"2";"8";"1";"1";""
"202300042007";"155 606 120";"A01";"1";"7";"0";"1";"2";"1";"1";""
"202300042008";"155 606 118";"A01";"1";"7";"0";"2";"2";"15";"1";""
"202300042008";"155 606 121";"B01";"3";"7";"0";"2";"0";"0";"3";""
"202300042009";"155 606 117";"A01";"1";"2";"0";"2";"8";"1";"1";""
"202300042009";"155 606 119";"B01";"1";"7";"0";"2";"1";"15";"1";""
"202300042010";"155 606 112";"A01";"1";"7";"0";"2";"1";"1";"1";""
"202300042010";"155 606 114";"B01";"2";"7";"0";"2";"8";"1";"1";""
"202300042011";"155 606 115";"A01";"2";"7";"0";"9";"0";"16";"1";""
"202300042011";"155 606 116";"B01";"2";"1";"0";"2";"0";"0";"5";""
"202300042012";"155 606 111";"B01";"3";"7";"0";"2";"7";"1";"1";""
"202300042012";"155 606 113";"A01";"3";"7";"0";"2";"1";"1";"1";""
"202300042013";"155 606 108";"B01";"2";"7";"4";"2";"1";"1";"1";""
"202300042013";"155 606 110";"A01";"2";"13";"4";"2";"3";"13";"1";""
"202300042014";"155 606 106";"A01";"1";"7";"2";"1";"1";"1";"1";""
"202300042015";"155 606 107";"A01";"3";"33";"0";"2";"1";"2";"1";""
"202300042015";"155 606 109";"B01";"3";"10";"0";"2";"3";"10";"1";""
"202300042016";"155 606 102";"B01";"1";"2";"0";"2";"1";"17";"1";""
"202300042016";"155 606 105";"A01";"1";"7";"0";"2";"6";"15";"1";""
"202300042017";"155 606 104";"A01";"0";"2";"0";"0";"3";"1";"3";""
"202300042018";"155 606 099";"A01";"2";"7";"0";"1";"2";"17";"1";""
"202300042019";"155 606 100";"B01";"1";"14";"0";"2";"1";"1";"1";""
"202300042019";"155 606 101";"A01";"3";"7";"0";"2";"8";"1";"1";""
"202300042020";"155 606 098";"A01";"1";"7";"0";"2";"3";"11";"1";""
"202300042020";"155 606 103";"B01";"1";"31";"0";"2";"2";"3";"1";""
"202300042021";"155 606 097";"A01";"1";"3";"14";"0";"1";"14";"1";""
"202300042022";"155 606 095";"A01";"2";"1";"0";"1";"1";"1";"5";""
"202300042023";"155 606 094";"A01";"2";"7";"4";"0";"2";"14";"1";""
"202300042024";"155 606 090";"A01";"1";"43";"0";"2";"3";"17";"1";""
"202300042024";"155 606 092";"B01";"2";"7";"0";"2";"3";"17";"0";""
"202300042025";"155 606 089";"A01";"2";"7";"1";"2";"4";"4";"1";""
"202300042025";"155 606 093";"B01";"2";"7";"0";"2";"7";"1";"2";""
"202300042025";"155 606 096";"C01";"2";"7";"0";"2";"1";"24";"1";""
"202300042026";"155 606 086";"B01";"2";"7";"0";"2";"2";"1";"1";""
"202300042026";"155 606 088";"A01";"2";"33";"0";"2";"2";"9";"1";""
"202300042027";"155 606 085";"A01";"1";"7";"0";"9";"1";"1";"1";""
"202300042028";"155 606 083";"A01";"1";"7";"0";"2";"2";"26";"1";""
"202300042028";"155 606 084";"B01";"0";"7";"0";"2";"3";"1";"1";""
"202300042029";"155 606 082";"A01";"1";"14";"2";"0";"1";"14";"1";""
"202300042030";"155 606 081";"A01";"2";"7";"9";"0";"1";"2";"3";""
"202300042031";"155 606 079";"A01";"0";"7";"0";"2";"1";"2";"1";""
"202300042031";"155 606 080";"B01";"3";"10";"0";"2";"2";"2";"1";""
"202300042032";"155 606 077";"A01";"2";"21";"0";"0";"4";"1";"1";""
"202300042032";"155 606 078";"B01";"2";"1";"0";"9";"1";"1";"5";""
"202300042033";"155 606 070";"B01";"1";"7";"0";"2";"1";"23";"0";""
"202300042033";"155 606 074";"A01";"2";"7";"0";"2";"1";"13";"1";""
"202300042034";"155 606 069";"A01";"1";"7";"0";"9";"1";"1";"1";""
"202300042034";"155 606 075";"B01";"1";"50";"0";"2";"8";"19";"3";""
"202300042035";"155 606 072";"A01";"1";"7";"1";"0";"3";"13";"1";""
"202300042035";"155 606 073";"B01";"2";"2";"0";"2";"3";"1";"1";""
"202300042036";"155 606 068";"B01";"1";"7";"0";"2";"3";"1";"1";""
"202300042036";"155 606 071";"A01";"1";"7";"0";"2";"1";"1";"1";""
"202300042037";"155 606 065";"A01";"1";"7";"4";"2";"3";"1";"1";""
"202300042037";"155 606 067";"B01";"2";"7";"0";"2";"3";"1";"1";""
"202300042038";"155 606 063";"A01";"3";"3";"0";"1";"1";"1";"3";""
"202300042039";"155 606 061";"B01";"3";"7";"0";"2";"1";"1";"1";""
"202300042039";"155 606 066";"A01";"3";"7";"0";"2";"2";"15";"1";""
"202300042040";"155 606 062";"B01";"2";"7";"0";"2";"5";"16";"3";""
"202300042040";"155 606 064";"A01";"1";"80";"0";"2";"1";"1";"3";""
"202300042041";"155 606 060";"A01";"3";"15";"0";"0";"7";"1";"1";""
"202300042042";"155 606 057";"A01";"1";"10";"0";"1";"7";"1";"1";""
"202300042043";"155 606 055";"A01";"3";"7";"0";"2";"1";"1";"1";""
"202300042043";"155 606 059";"B01";"3";"7";"0";"2";"4";"1";"1";""
"202300042044";"155 606 056";"A01";"3";"34";"12";"0";"2";"16";"1";""
"202300042045";"155 606 054";"A01";"3";"33";"0";"2";"1";"1";"1";""
"202300042045";"155 606 058";"B01";"3";"10";"0";"2";"4";"4";"1";""
"202300042046";"155 606 053";"A01";"0";"33";"0";"0";"9";"1";"0";""
"202300042047";"155 606 049";"B01";"2";"7";"0";"2";"4";"2";"1";""
"202300042047";"155 606 052";"A01";"2";"7";"0";"2";"1";"2";"1";""
"202300042048";"155 606 048";"B01";"1";"15";"14";"2";"3";"1";"1";""
"202300042048";"155 606 051";"A01";" -1";"7";"0";"2";"3";"15";"1";""
"202300042049";"155 606 047";"A01";"2";"7";"0";"2";"1";"1";"2";""
"202300042049";"155 606 050";"B01";"2";"33";"0";"2";"4";"23";"1";""
"202300042050";"155 606 046";"A01";"1";"2";"0";"0";"8";"17";"1";""
"202300042051";"155 606 044";"Z01";"3";"1";"0";"1";"1";"1";"5";""
"202300042052";"155 606 045";"A01";"2";"7";"0";"0";"3";"1";"0";""
"202300042053";"155 606 042";"A01";"3";"10";"14";"0";"1";"1";"1";""
"202300042054";"155 606 043";"A01";"1";"7";"0";"1";"7";"1";"2";""
"202300042055";"155 606 040";"A01";"2";"7";"13";"0";"0";"1";"1";""
"202300042056";"155 606 038";"A01";"3";"33";"14";"0";"1";"1";"1";""
"202300042057";"155 606 036";"A01";"3";"1";"0";"1";"1";"19";"5";""
"202300042058";"155 606 035";"A01";"2";"7";"0";"2";"7";"15";"1";""
"202300042058";"155 606 037";"B01";"1";"7";"0";"2";"1";"1";"1";""
"202300042059";"155 606 032";"A01";"3";"10";"0";"2";"3";"1";"1";""
"202300042059";"155 606 034";"B01";"3";"10";"0";"2";"3";"1";"1";""
"202300042060";"155 606 033";"A01";"3";"32";"0";"1";"3";"1";"1";""
"202300042061";"155 606 031";"A01";"1";"7";"15";"0";"8";"1";"1";""
"202300042062";"155 606 030";"A01";"1";"31";"14";"0";"1";"16";"1";""
"202300042063";"155 606 029";"A01";"1";"7";"0";"1";"1";"0";"1";""
"202300042064";"155 606 024";"B01";"2";"33";"0";"2";"7";"17";"1";""
"202300042064";"155 606 028";"A01";"2";"7";"0";"2";"3";"15";"1";""
"202300042065";"155 606 022";"B01";"1";"33";"0";"2";"1";"1";"1";""
"202300042065";"155 606 025";"A01";"1";"7";"0";"2";"3";"9";"1";""
"202300042066";"155 606 023";"A01";"1";"2";"0";"2";"1";"1";"1";""
"202300042066";"155 606 027";"B01";"1";"7";"0";"2";"4";"23";"1";""
"202300042067";"155 606 021";"A01";"1";"7";"8";"0";"3";"1";"1";""
"202300042067";"155 606 026";"B01";"1";"7";"0";"2";"1";"19";"1";""
"202300042068";"155 606 019";"A01";"1";"7";"0";"1";"2";"21";"0";""
"202300042069";"155 606 018";"B01";"2";"7";"0";"2";"2";"16";"1";""
"202300042069";"155 606 020";"A01";"2";"31";"0";"2";"8";"16";"1";""
"202300042070";"155 606 017";"A01";"1";"1";"0";"0";"6";"13";"5";""
"202300042071";"155 606 016";"A01";"1";"7";"0";"1";"2";"1";"2";""
"202300042072";"155 606 014";"A01";"1";"7";"8";"0";"1";"0";"0";""
"202300042073";"155 606 013";"B01";"1";"7";"0";"2";"4";"2";"2";""
"202300042073";"155 606 015";"A01";"1";"33";"0";"2";"1";"2";"1";""
"202300042074";"155 606 009";"A01";"2";"7";"0";"2";"2";"15";"1";""
"202300042074";"155 606 012";"B01";"1";"1";"0";"2";"3";"1";"5";""
"202300042075";"155 606 011";"A01";"1";"2";"8";"0";"2";"1";"3";""
"202300042076";"155 606 008";"B01";"2";"7";"0";"2";"7";"1";"0";""
"202300042076";"155 606 010";"A01";"2";"7";"0";"2";"1";"16";"0";""
"202300042077";"155 606 007";"A01";"1";"33";"0";"0";"7";"1";"1";""
"202300042078";"155 606 005";"A01";"3";"7";"6";"0";"1";"15";"1";""
"202300042079";"155 606 001";"A01";"2";"7";"0";"2";"8";"0";"1";""
"202300042079";"155 606 004";"B01";"1";"7";"0";"2";"1";"0";"1";""
"202300042080";"155 606 002";"C01";"0";"14";"0";"2";"8";"1";"1";""
"202300042080";"155 606 003";"B01";"3";"7";"0";"2";"3";"1";"1";""
"202300042080";"155 606 006";"A01";"3";"31";"0";"2";"1";"17";"1";""
"202300042081";"155 605 997";"A01";"1";"43";"0";"5";"1";"1";"1";""
"202300042082";"155 605 996";"A01";"0";"7";"0";"1";"1";"1";"1";""
"202300042083";"155 605 995";"A01";"1";"7";"0";"2";"8";"1";"1";""
"202300042083";"155 605 999";"B01";"1";"7";"0";"2";"1";"1";"1";""
"202300042084";"155 605 998";"Z01";"1";"2";"0";"2";"1";"1";"0";""
"202300042084";"155 606 000";"A01";"1";"1";"0";"2";"7";"19";"5";""
"202300042085";"155 605 992";"A01";"2";"7";"0";"2";"1";"2";"1";""
"202300042085";"155 605 994";"B01";"2";"7";"13";"0";"4";"15";"1";""
"202300042086";"155 605 990";"B01";"3";"7";"0";"2";"4";"23";"1";""
"202300042086";"155 605 993";"A01";"3";"7";"0";"2";"1";"2";"1";""
"202300042087";"155 605 989";"A01";"1";"31";"0";"1";"8";"1";"1";""
"202300042088";"155 605 985";"B01";"1";"14";"0";"2";"1";"1";"1";""
"202300042088";"155 605 988";"A01";"2";"7";"0";"2";"1";"1";"1";""
"202300042089";"155 605 987";"A01";"2";"10";"0";"2";"1";"1";"0";""
"202300042089";"155 605 991";"B01";"2";"7";"0";"2";"8";"1";"1";""
"202300042090";"155 605 984";"B01";"0";"7";"0";"0";"1";"1";"0";""
"202300042090";"155 605 986";"A01";"0";"7";"0";"2";"1";"15";"1";""
"202300042091";"155 605 980";"B01";"3";"80";"0";"2";"1";"1";"3";""
"202300042091";"155 605 982";"A01";"3";"7";"0";"2";"3";"1";"1";""
"202300042092";"155 605 979";"B01";"2";"7";"0";"0";"4";"23";"1";""
"202300042092";"155 605 983";"A01";"2";"7";"0";"2";"1";"1";"1";""
"202300042093";"155 605 978";"A01";"1";"7";"0";"2";"1";"1";"0";""
"202300042093";"155 605 981";"B01";"3";"1";"0";"2";"8";"1";"5";""
"202300042094";"155 605 975";"A01";"1";"7";"0";"0";"9";"17";"1";""
"202300042095";"155 605 973";"A01";"2";"7";"0";"2";"7";"15";"1";""
"202300042095";"155 605 974";"B01";"2";"7";"0";"2";"3";"1";"1";""
"202300042096";"155 605 967";"Z01";"2";"7";"0";"1";"0";"1";"0";""
"202300042097";"155 605 969";"A01";"2";"7";"0";"2";"1";"13";"1";""
"202300042097";"155 605 971";"B01";"1";"10";"0";"2";"1";"0";"1";""
"202300042098";"155 605 968";"B01";"0";"33";"0";"2";"9";"2";"1";""
"202300042098";"155 605 970";"A01";"0";"7";"0";"2";"1";"1";"1";""
"202300042099";"155 605 966";"A01";"1";"7";"0";"2";"2";"16";"1";""
"202300042099";"155 605 972";"B01";"1";"1";"0";"2";"4";"1";"5";""
"202300042100";"155 605 962";"B01";"3";"7";"0";"2";"3";"1";"1";""
"202300042100";"155 605 965";"A01";"2";"1";"0";"2";"1";"1";"5";""
"202300042101";"155 605 964";"A01";"2";"7";"9";"0";"1";"1";"1";""
"202300042102";"155 605 959";"A01";"3";"14";"0";"2";"8";"1";"1";""
"202300042102";"155 605 961";"B01";"3";"2";"0";"2";"1";"1";"1";""
"202300042103";"155 605 960";"B01";"1";"10";"0";"2";"3";"1";"1";""
"202300042103";"155 605 963";"A01";"2";"7";"0";"2";"3";"13";"1";""
"202300042104";"155 605 957";"A01";"1";"32";"0";"1";"1";"1";"1";""
"202300042105";"155 605 953";"B01";"2";"7";"9";"2";"3";"1";"1";""
"202300042105";"155 605 955";"A01";"1";"7";"4";"2";"1";"1";"1";""
"202300042106";"155 605 956";"A01";"2";"7";"0";"2";"1";"1";"1";""
"202300042106";"155 605 958";"B01";"1";"43";"0";"2";"4";"23";"1";""
"202300042107";"155 605 952";"A01";"1";"7";"0";"2";"1";"0";"1";""
"202300042107";"155 605 954";"B01";"1";"7";"0";"2";"4";"1";"1";""
"202300042108";"155 605 951";"A01";"1";"32";"0";"0";"0";"21";"1";""
"202300042109";"155 605 948";"A01";"1";"7";"0";"2";"4";"9";"1";""
"202300042109";"155 605 949";"B01";"1";"7";"14";"0";"0";"0";"1";""
"202300042110";"155 605 947";"B01";"1";"7";"0";"2";"8";"1";"1";""
"202300042110";"155 605 950";"A01";"1";"17";"0";"2";"1";"9";"1";""
"202300042111";"155 605 945";"A01";"3";"30";"0";"0";"8";"19";"1";""
"202300042112";"155 605 946";"A01";"0";"0";"0";"1";"7";"24";"0";""
"202300042113";"155 605 943";"A01";"2";"33";"12";"2";"3";"13";"1";""
"202300042114";"155 605 942";"B01";"0";"7";"0";"2";"1";"1";"1";""
"202300042114";"155 605 944";"A01";"0";"7";"0";"0";"7";"19";"1";""
"202300042115";"155 605 938";"A01";"3";"30";"0";"2";"1";"3";"1";""
"202300042115";"155 605 939";"B01";"3";"7";"0";"2";"8";"1";"1";""
"202300042115";"155 605 941";"C01";"3";"7";"0";"2";"5";"1";"1";""
"202300042116";"155 605 937";"B01";"2";"7";"1";"0";"7";"14";"1";""
"202300042116";"155 605 940";"A01";"2";"7";"0";"0";"2";"17";"1";""
"202300042117";"155 605 936";"A01";"1";"7";"2";"0";"1";"14";"1";""
"202300042118";"155 605 935";"A01";"2";"7";"0";"1";"1";"1";"2";""
"202300042119";"155 605 931";"B01";"1";"17";"0";"2";"3";"1";"1";""
"202300042119";"155 605 934";"A01";"2";"30";"0";"2";"1";"13";"1";""
"202300042120";"155 605 932";"A01";"2";"7";"0";"1";"1";"1";"1";""
"202300042121";"155 605 929";"A01";"2";"7";"0";"2";"3";"11";"1";""
"202300042121";"155 605 933";"B01";"1";"17";"0";"2";"3";"1";"1";""
"202300042122";"155 605 928";"A01";"1";"7";"0";"2";"7";"15";"3";""
"202300042122";"155 605 930";"B01";"1";"50";"0";"2";"0";"1";"3";""
"202300042123";"155 605 925";"A01";"2";"33";"0";"2";"8";"2";"1";""
"202300042123";"155 605 926";"B01";"2";"7";"0";"2";"2";"2";"2";""
"202300042124";"155 605 923";"B01";"1";"31";"0";"2";"2";"17";"0";""
"202300042124";"155 605 924";"A01";"1";"1";"0";"2";"0";"15";"5";""
"202300042125";"155 605 922";"A01";"1";"7";"0";"1";"4";"26";"1";""
"202300042126";"155 605 917";"C01";"1";"7";"0";"2";"7";"1";"0";""
"202300042126";"155 605 919";"B01";"1";"7";"0";"2";"5";"1";"1";""
"202300042126";"155 605 921";"A01";"1";"33";"0";"2";"1";"2";"1";""
"202300042127";"155 605 916";"A01";"3";"10";"0";"2";"1";"1";"1";""
"202300042127";"155 605 918";"B01";"3";"7";"0";"2";"4";"1";"1";""
"202300042127";"155 605 920";"C01";"3";"7";"0";"2";"4";"1";"1";""
"202300042128";"155 605 915";"A01";"3";"10";"0";"1";"0";"0";"1";""
"202300042129";"155 605 913";"A01";"2";"32";"0";"0";"7";"1";"1";""
"202300042130";"155 605 912";"A01";"1";"2";"0";"2";"2";"10";"3";""
"202300042130";"155 605 914";"B01";"1";"10";"0";"2";"1";"1";"1";""
"202300042131";"155 605 909";"A01";"1";"7";"0";"1";"1";"2";"1";""
"202300042132";"155 605 908";"A01";"0";"32";"0";"2";"1";"1";"1";""
"202300042132";"155 605 911";"B01";"0";"7";"0";"2";"3";"1";"1";""
"202300042133";"155 605 906";"A01";"2";"17";"0";"2";"8";"1";"1";""
"202300042133";"155 605 907";"C01";"1";"7";"0";"2";"7";"21";"1";""
"202300042133";"155 605 910";"B01";"1";"10";"0";"2";"3";"13";"1";""
"202300042134";"155 605 903";"A01";"2";"7";"10";"0";"2";"1";"1";""
"202300042135";"155 605 902";"A01";"1";"7";"0";"0";"0";"0";"6";""
"202300042135";"155 605 905";"Y01";"3";"99";"0";"0";"0";"0";"0";""
"202300042136";"155 605 899";"A01";"1";"7";"0";"0";"9";"14";"1";""
"202300042137";"155 605 901";"B01";"3";"50";"0";"2";"2";"0";"3";""
"202300042137";"155 605 904";"A01";"3";"7";"0";"2";"3";"15";"1";""
"202300042138";"155 605 898";"A01";"0";"7";"0";"2";"3";"19";"1";""
"202300042138";"155 605 900";"B01";"0";"33";"0";"2";"7";"1";"1";""
"202300042139";"155 605 896";"A01";"1";"7";"0";"1";"2";"1";"1";""
"202300042140";"155 605 897";"A01";"2";"34";"0";"0";"1";"1";"1";""
"202300042141";"155 605 893";"B01";"2";"32";"0";"2";"1";"21";"1";""
"202300042141";"155 605 894";"A01";"1";"7";"0";"2";"2";"15";"1";""
"202300042142";"155 605 891";"B01";"1";"7";"0";"2";"1";"1";"1";""
"202300042142";"155 605 895";"A01";"3";"7";"1";"2";"7";"1";"1";""
"202300042143";"155 605 888";"A01";"1";"32";"0";"2";"9";"17";"1";""
"202300042143";"155 605 890";"B01";"1";"7";"0";"2";"3";"1";"1";""
"202300042143";"155 605 892";"C01";"1";"7";"0";"0";"4";"1";"1";""
"202300042144";"155 605 887";"B01";"3";"7";"0";"2";"2";"0";"1";""
"202300042144";"155 605 889";"A01";"3";"7";"0";"2";"3";"1";"1";""
"202300042145";"155 605 886";"A01";"2";"7";"0";"1";"2";"7";"1";""
"202300042146";"155 605 884";"A01";"1";"7";"0";"0";"1";"1";"1";""
"202300042147";"155 605 883";"A01";"1";"7";"0";"2";"2";"15";"2";""
"202300042147";"155 605 885";"B01";"2";"7";"0";"2";"1";"1";"1";""
"202300042148";"155 605 881";"A01";"1";"7";"0";"1";"0";"4";"0";""
"202300042149";"155 605 880";"A01";"1";"7";"0";"2";"2";"15";"2";""
"202300042149";"155 605 882";"B01";"2";"1";"0";"2";"1";"0";"5";""
"202300042150";"155 605 879";"A01";"3";"10";"0";"0";"8";"16";"3";""
"202300042151";"155 605 877";"A01";"3";"7";"6";"0";"1";"0";"1";""
"202300042152";"155 605 873";"A01";"3";"7";"0";"0";"1";"0";"1";""
"202300042153";"155 605 874";"A01";"1";"7";"0";"2";"3";"15";"1";""
"202300042153";"155 605 878";"B01";"2";"31";"0";"2";"2";"1";"1";""
"202300042154";"155 605 871";"A01";"1";"3";"8";"0";"1";"14";"1";""
"202300042155";"155 605 872";"A01";"3";"1";"0";"9";"4";"2";"5";""
"202300042155";"155 605 875";"B01";"3";"1";"0";"9";"1";"2";"5";""
"202300042155";"155 605 876";"C01";"3";"1";"0";"9";"1";"2";"5";""
"202300042156";"155 605 870";"A01";"1";"2";"0";"6";"1";"1";"1";""
"202300042157";"155 605 865";"A01";"1";"7";"0";"0";"7";"1";"1";""
"202300042158";"155 605 867";"A01";"3";"7";"0";"1";"0";"26";"0";""
"202300042159";"155 605 866";"A01";"0";"7";"0";"2";"1";"1";"1";""
"202300042159";"155 605 869";"B01";"0";"7";"0";"2";"4";"0";"1";""
"202300042160";"155 605 864";"A01";"2";"7";"0";"2";"4";"1";"1";""
"202300042160";"155 605 868";"B01";"2";"7";"0";"2";"1";"1";"1";""
"202300042161";"155 605 863";"A01";"2";"10";"1";"0";"2";"14";"1";""
"202300042162";"155 605 860";"A01";"3";"7";"0";"2";"3";"15";"1";""
"202300042162";"155 605 862";"B01";"3";"7";"0";"2";"2";"1";"1";""
"202300042163";"155 605 857";"A01";"2";"7";"9";"0";"3";"1";"1";""
"202300042164";"155 605 859";"A01";"3";"7";"0";"1";"1";"1";"1";""
"202300042165";"155 605 858";"A01";"1";"7";"0";"2";"2";"15";"1";""
"202300042165";"155 605 861";"B01";"2";"30";"0";"2";"1";"3";"1";""
"202300042166";"155 605 855";"A01";"0";"7";"1";"0";"1";"0";"1";""
"202300042167";"155 605 851";"A01";"3";"7";"0";"2";"1";"9";"1";""
"202300042167";"155 605 854";"B01";"3";"1";"0";"2";"0";"0";"5";""
"202300042168";"155 605 850";"A01";"3";"32";"12";"2";"4";"26";"1";""
"202300042168";"155 605 853";"Z01";"3";"7";"0";"2";"1";"2";"1";""
"202300042169";"155 605 849";"A01";"0";"7";"0";"2";"1";"1";"1";""
"202300042169";"155 605 852";"B01";"3";"7";"0";"2";"3";"15";"1";""
"202300042169";"155 605 856";"C01";"3";"7";"8";"9";"6";"1";"1";""
"202300042170";"155 605 846";"B01";"2";"80";"0";"2";"3";"1";"3";""
"202300042170";"155 605 848";"A01";"1";"50";"0";"2";"3";"1";"3";""
"202300042171";"155 605 844";"A01";"2";"2";"0";"2";"1";"1";"1";""
"202300042171";"155 605 847";"B01";"1";"7";"0";"2";"1";"1";"1";""
"202300042172";"155 605 842";"A01";"1";"7";"0";"2";"6";"11";"1";""
"202300042172";"155 605 845";"B01";"1";"33";"3";"2";"7";"3";"1";""
"202300042173";"155 605 841";"A01";"2";"2";"0";"0";"9";"1";"1";""
"202300042173";"155 605 843";"B01";"2";"2";"0";"2";"0";"17";"0";""
"202300042174";"155 605 836";"A01";"3";"7";"0";"2";"0";"9";"1";""
"202300042174";"155 605 838";"B01";"3";"1";"0";"2";"1";"9";"5";""
"202300042175";"155 605 833";"A01";"3";"7";"0";"2";"8";"1";"1";""
"202300042175";"155 605 837";"B01";"3";"7";"0";"2";"3";"1";"1";""
"202300042176";"155 605 835";"B01";"1";"7";"0";"2";"6";"11";"1";""
"202300042176";"155 605 840";"A01";"1";"33";"0";"2";"2";"17";"1";""
"202300042177";"155 605 831";"A01";"0";"13";"0";"1";"0";"0";"1";""
"202300042178";"155 605 832";"A01";"2";"7";"0";"2";"1";"1";"1";""
"202300042178";"155 605 834";"B01";"2";"7";"0";"2";"4";"1";"1";""
"202300042178";"155 605 839";"C01";"2";"7";"0";"2";"4";"0";"1";""
"202300042179";"155 605 828";"A01";"2";"7";"0";"2";"1";"15";"1";""
"202300042179";"155 605 830";"B01";"1";"2";"0";"2";"8";"18";"1";""
"202300042180";"155 605 829";"A01";"2";"1";"12";"0";"1";"2";"5";""
"202300042181";"155 605 825";"B01";"0";"2";"0";"2";"1";"1";"1";""
"202300042181";"155 605 827";"A01";"2";"7";"0";"0";"3";"2";"1";""
"202300042182";"155 605 822";"A01";"0";"7";"0";"0";"1";"13";"0";""
"202300042182";"155 605 824";"B01";"0";"7";"0";"0";"1";"0";"0";""
"202300042183";"155 605 823";"Z01";"2";"7";"1";"2";"2";"1";"1";""
"202300042183";"155 605 826";"A01";"2";"32";"0";"2";"8";"23";"3";""
"202300042184";"155 605 821";"A01";"1";"30";"0";"0";"0";"26";"1";""
"202300042185";"155 605 820";"A01";"1";"3";"0";"1";"3";"1";"6";""
"202300042186";"155 605 818";"A01";"2";"33";"0";"0";"0";"17";"1";""
"202300042187";"155 605 816";"A01";"2";"7";"0";"2";"5";"1";"2";""
"202300042187";"155 605 819";"Z01";"2";"32";"0";"2";"1";"1";"1";""