"Num_Acc";"id_vehicule";"num_veh";"senc";"catv";"obs";"obsm";"choc";"manv";"motor";"occutc"
"202300043778";"155 602 916";"B01";"0";"7";"0";"2";"2";"2";"1";""
"202300043779";"155 602 915";"Z01";"1";"7";"0";"1";"1";"15";"1";""
"202300043780";"155 602 910";"A01";"2";"7";"0";"2";"1";"1";"1";""
"202300043780";"155 602 913";"B01";"1";"7";"0";"2";"7";"15";"1";""
"202300043781";"155 602 908";"A01";"2";"7";"0";"2";"4";"23";"1";""
"202300043781";"155 602 909";"C01";"2";"7";"0";"2";"4";"23";"1";""
"202300043781";"155 602 911";"D01";"2";"7";"0";"2";"1";"1";"1";""
"202300043781";"155 602 912";"B01";"2";"7";"0";"2";"4";"23";"1";""
"202300043782";"155 602 906";"B01";"1";"31";"0";"2";"7";"2";"1";""
"202300043782";"155 602 907";"A01";"0";"7";"0";"2";"1";"9";"0";""
"202300043783";"155 602 905";"A01";"2";"7";"0";"1";"3";"1";"1";""
"202300043784";"155 602 901";"B01";"3";"7";"0";"2";"8";"1";"1";""
"202300043784";"155 602 904";"A01";"1";"7";"0";"2";"1";"16";"1";""
"202300043785";"155 602 900";"A01";"1";"7";"15";"0";"2";"14";"1";""
"202300043786";"155 602 896";"B01";"1";"99";"0";"2";"8";"19";"3";""
"202300043786";"155 602 897";"A01";"2";"7";"0";"9";"3";"15";"1";""
"202300043787";"155 602 895";"Z01";"2";"7";"0";"2";"8";"0";"0";""
"202300043787";"155 602 898";"C01";"2";"37";"0";"2";"7";"1";"1";"1"
"202300043787";"155 602 899";"A01";"2";"30";"0";"2";"7";"3";"1";""
"202300043788";"155 602 894";"A01";"2";"7";"0";"1";"2";"1";"1";""
"202300043789";"155 602 893";"A01";"3";"37";"0";"1";"5";"9";"2";"1"
"202300043790";"155 602 890";"A01";"2";"7";"0";"1";"1";"1";"1";""
"202300043791";"155 602 891";"A01";"1";"7";"0";"2";"2";"0";"1";""
"202300043791";"155 602 892";"B01";"2";"60";"0";"2";"0";"0";"5";""
"202300043792";"155 602 889";"A01";"1";"2";"0";"0";"8";"21";"1";""
"202300043793";"155 602 887";"B01";"1";"50";"0";"2";"7";"1";"3";""
"202300043793";"155 602 888";"A01";"2";"10";"0";"2";"3";"9";"1";""
"202300043794";"155 602 886";"A01";"3";"7";"1";"1";"1";"1";"3";""
"202300043795";"155 602 885";"Z01";"1";"7";"0";"1";"3";"15";"1";""
"202300043796";"155 602 884";"A01";"1";"7";"6";"0";"9";"1";"2";""
"202300043797";"155 602 881";"A01";"1";"32";"0";"0";"7";"1";"1";""
"202300043798";"155 602 883";"A01";"1";"7";"12";"0";"1";"13";"1";""
"202300043799";"155 602 880";"A01";"2";"10";"0";"2";"3";"10";"1";""
"202300043799";"155 602 882";"B01";"1";"33";"0";"2";"1";"1";"1";""
"202300043800";"155 602 877";"B01";"2";"32";"0";"0";"0";"0";"1";""
"202300043800";"155 602 878";"A01";"2";"10";"0";"2";"3";"16";"1";""
"202300043801";"155 602 876";"A01";"1";"33";"0";"2";"1";"1";"1";""
"202300043801";"155 602 879";"B01";"2";"7";"0";"2";"2";"15";"1";""
"202300043802";"155 602 874";"B01";"2";"34";"0";"2";"6";"16";"1";""
"202300043802";"155 602 875";"A01";"2";"50";"0";"2";"1";"1";"3";""
"202300043803";"155 602 872";"A01";"1";"7";"0";"1";"1";"1";"1";""
"202300043804";"155 602 871";"B01";"1";"33";"0";"2";"7";"1";"1";""
"202300043804";"155 602 873";"A01";"2";"33";"0";"2";"1";"1";"1";""
"202300043805";"155 602 868";"B01";"1";"7";"0";"2";"7";"16";"1";""
"202300043805";"155 602 869";"A01";"1";"30";"0";"2";"1";"1";"1";""
"202300043806";"155 602 867";"B01";"2";"1";"0";"2";"1";"1";"5";""
"202300043806";"155 602 870";"A01";"2";"7";"0";"2";"3";"1";"2";""
"202300043807";"155 602 866";"A01";"1";"1";"0";"1";"1";"17";"5";""
"202300043808";"155 602 864";"A01";"1";"7";"0";"1";"1";"16";"1";""
"202300043809";"155 602 865";"A01";"2";"1";"0";"0";"8";"1";"5";""
"202300043810";"155 602 860";"A01";"1";"7";"0";"2";"3";"10";"2";""
"202300043810";"155 602 863";"B01";"1";"33";"0";"2";"1";"17";"1";""
"202300043811";"155 602 859";"A01";"2";"1";"0";"1";"1";"1";"5";""
"202300043812";"155 602 858";"A01";"2";"33";"12";"0";"1";"1";"1";""
"202300043813";"155 602 856";"A01";"2";"50";"0";"1";"1";"1";"3";""
"202300043814";"155 602 855";"A01";"1";"7";"0";"2";"3";"10";"2";""
"202300043814";"155 602 857";"B01";"1";"30";"0";"2";"1";"5";"3";""
"202300043815";"155 602 852";"A01";"3";"7";"0";"2";"8";"10";"1";""
"202300043815";"155 602 854";"B01";"3";"7";"0";"2";"1";"1";"1";""
"202300043816";"155 602 851";"B01";"3";"50";"0";"2";"1";"19";"3";""
"202300043816";"155 602 853";"A01";"1";"7";"0";"2";"1";"15";"0";""
"202300043817";"155 602 849";"A01";"3";"7";"0";"1";"1";"14";"1";""
"202300043818";"155 602 848";"A01";"1";"7";"0";"2";"1";"2";"1";""
"202300043818";"155 602 850";"B01";"1";"7";"0";"2";"4";"23";"1";""
"202300043819";"155 602 847";"A01";"3";"7";"0";"9";"0";"26";"1";""
"202300043820";"155 602 845";"A01";"1";"7";"8";"1";"1";"16";"1";""
"202300043821";"155 602 844";"B01";"2";"7";"0";"2";"8";"0";"1";""
"202300043821";"155 602 846";"A01";"1";"7";"0";"2";"1";"6";"1";""
"202300043822";"155 602 838";"B01";"2";"17";"4";"2";"3";"1";"1";""
"202300043822";"155 602 842";"C01";"1";"17";"4";"2";"3";"1";"1";""
"202300043822";"155 602 843";"A01";"1";"7";"0";"2";"3";"13";"1";""
"202300043823";"155 602 839";"B01";"3";"34";"0";"2";"7";"1";"1";""
"202300043823";"155 602 841";"A01";"3";"7";"12";"0";"1";"13";"1";""
"202300043824";"155 602 840";"B01";"2";"33";"0";"0";"0";"1";"1";""
"202300043825";"155 602 834";"B01";"3";"37";"0";"2";"2";"26";"1";"1"
"202300043825";"155 602 837";"A01";"3";"7";"0";"2";"6";"9";"1";""
"202300043826";"155 602 832";"A01";"2";"7";"0";"2";"1";"2";"1";""
"202300043826";"155 602 835";"B01";"2";"7";"0";"2";"4";"2";"1";""
"202300043827";"155 602 833";"A01";"1";"7";"0";"2";"8";"20";"1";""
"202300043827";"155 602 836";"B01";"1";"30";"0";"2";"7";"17";"1";""
"202300043828";"155 602 830";"A01";"2";"7";"0";"0";"0";"0";"1";""
"202300043828";"155 602 831";"B01";"2";"1";"0";"2";"1";"2";"5";""
"202300043829";"155 602 829";"A01";"1";"10";"0";"1";"1";"1";"0";""
"202300043830";"155 602 827";"B01";"2";"99";"0";"2";"7";"1";"1";""
"202300043830";"155 602 828";"A01";"2";"7";"0";"2";"6";"1";"1";""
"202300043831";"155 602 826";"Z01";"1";"1";"0";"1";"1";"1";"5";""
"202300043832";"155 602 824";"B01";"2";"33";"0";"2";"1";"1";"1";""
"202300043832";"155 602 825";"A01";"1";"7";"0";"2";"7";"9";"1";""
"202300043833";"155 602 821";"B01";"2";"32";"0";"2";"1";"2";"1";""
"202300043833";"155 602 822";"A01";"2";"7";"0";"2";"5";"23";"1";""
"202300043834";"155 602 820";"A01";"2";"38";"0";"2";"3";"26";"1";"1"
"202300043834";"155 602 823";"B01";"1";"7";"12";"2";"3";"1";"1";""
"202300043835";"155 602 815";"B01";"3";"1";"0";"2";"9";"18";"5";""
"202300043835";"155 602 818";"A01";"3";"17";"0";"2";"2";"16";"1";""
"202300043836";"155 602 813";"C01";"2";"7";"0";"2";"4";"2";"1";""
"202300043836";"155 602 814";"D01";"2";"37";"0";"2";"4";"2";"1";"1"
"202300043836";"155 602 817";"A01";"2";"7";"0";"2";"1";"2";"3";""
"202300043836";"155 602 819";"B01";"2";"7";"0";"2";"4";"2";"1";""
"202300043837";"155 602 812";"Z01";"3";"7";"0";"1";"2";"15";"1";""
"202300043838";"155 602 811";"A01";"1";"7";"6";"0";"3";"20";"1";""
"202300043839";"155 602 810";"Z01";"1";"10";"0";"1";"7";"15";"1";""
"202300043840";"155 602 808";"A01";"1";"7";"0";"2";"7";"1";"1";""
"202300043840";"155 602 809";"B01";"1";"2";"0";"2";"3";"1";"1";""
"202300043841";"155 602 806";"A01";"2";"7";"0";"2";"8";"15";"1";""
"202300043841";"155 602 807";"B01";"1";"32";"0";"2";"1";"1";"1";""
"202300043842";"155 602 802";"C01";"2";"7";"0";"2";"1";"1";"1";""
"202300043842";"155 602 803";"B01";"1";"7";"0";"2";"8";"22";"0";""
"202300043842";"155 602 804";"A01";"1";"33";"0";"2";"1";"17";"1";""
"202300043843";"155 602 800";"A01";"1";"34";"8";"0";"1";"13";"1";""
"202300043844";"155 602 798";"CA01";"1";"7";"0";"2";"0";"15";"1";""
"202300043844";"155 602 799";"CB01";"1";"50";"0";"2";" -1";"2";"3";""
"202300043845";"155 602 797";"Z01";"2";"30";"0";"1";"1";"1";"0";""
"202300043846";"155 602 795";"A01";"2";"7";"0";"2";"3";"26";"1";""
"202300043846";"155 602 796";"B01";"1";"33";"0";"2";"1";"17";"1";""
"202300043847";"155 602 794";"A01";"1";"80";"0";"1";"1";"1";"3";""
"202300043848";"155 602 792";"A01";"1";"7";"0";"1";"1";"16";"1";""
"202300043849";"155 602 793";"A01";"2";"10";"0";"1";"1";"1";"3";""
"202300043850";"155 602 790";"A01";"1";"32";"0";"0";"0";"1";"1";""
"202300043851";"155 602 788";"C01";"1";"1";"0";"0";"1";"1";"5";""
"202300043851";"155 602 789";"A01";"2";"7";"0";"2";"3";"17";"0";""
"202300043851";"155 602 791";"B01";"1";"1";"0";"2";"1";"1";"5";""
"202300043852";"155 602 786";"B01";"2";"34";"0";"2";"8";"1";"1";""
"202300043852";"155 602 787";"A01";"3";"3";"0";"2";"2";"10";"1";""
"202300043853";"155 602 784";"A01";"0";"7";"0";"2";"3";"15";"0";""
"202300043853";"155 602 785";"B01";"0";"34";"0";"2";"1";"13";"1";""
"202300043854";"155 602 782";"B01";"1";"7";"0";"2";"4";"2";"1";""
"202300043854";"155 602 783";"A01";"1";"10";"0";"2";"1";"1";"1";""
"202300043855";"155 602 781";"A01";"1";"7";"0";"1";"3";"15";"0";""
"202300043856";"155 602 780";"A01";"1";"33";"0";"1";"1";"1";"1";""
"202300043857";"155 602 779";"A01";"1";"38";"7";"0";"8";"21";"1";"65"
"202300043858";"155 602 777";"B01";"3";"7";"0";"0";"4";"2";"2";""
"202300043858";"155 602 778";"A01";"3";"7";"0";"2";"1";"2";"1";""
"202300043859";"155 602 775";"A01";"2";"7";"0";"0";"9";"1";"1";""
"202300043860";"155 602 776";"A01";"2";"7";"2";"0";"9";"13";"1";""
"202300043861";"155 602 773";"B01";"2";"7";"0";"2";"8";"15";"1";""
"202300043861";"155 602 774";"A01";"1";"7";"0";"2";"3";"1";"1";""
"202300043862";"155 602 772";"A01";"2";"7";"0";"0";"1";"1";"1";""
"202300043863";"155 602 770";"A01";"1";"7";"17";"0";"1";"1";"1";""
"202300043864";"155 602 768";"B01";"1";"7";"0";"2";"1";"1";"1";""
"202300043864";"155 602 771";"A01";"2";"7";"0";"2";"6";"1";"1";""
"202300043865";"155 602 767";"A01";"1";"7";"0";"2";"2";"14";"1";""
"202300043865";"155 602 769";"B01";"1";"15";"0";"2";"6";"1";"1";""
"202300043866";"155 602 763";"A01";"2";"7";"0";"2";"7";"5";"1";""
"202300043866";"155 602 765";"B01";"1";"10";"0";"2";"1";"5";"1";""
"202300043867";"155 602 761";"A01";"0";"1";"0";"0";"0";"0";"5";""
"202300043868";"155 602 762";"A01";"1";"7";"3";"2";"1";"1";"1";""
"202300043868";"155 602 766";"B01";"2";"7";"0";"2";"1";"13";"1";""
"202300043869";"155 602 759";"B01";"1";"31";"0";"0";"7";"17";"1";""
"202300043869";"155 602 760";"A01";"1";"7";"0";"2";"8";"15";"0";""
"202300043870";"155 602 758";"A01";"0";"99";"12";"0";"1";"0";"1";""
"202300043871";"155 602 755";"A01";"2";"7";"13";"0";"0";"17";"1";""
"202300043872";"155 602 754";"B01";"1";"7";"1";"0";"2";"1";"0";""
"202300043872";"155 602 757";"A01";"2";"7";"0";"0";"5";"24";"1";""
"202300043873";"155 602 753";"A01";"2";"7";"0";"2";"1";"16";"1";""
"202300043873";"155 602 756";"B01";"3";"80";"0";"2";"8";"19";"3";""
"202300043874";"155 602 752";"A01";"3";"1";"0";"0";"0";"1";"5";""
"202300043875";"155 602 750";"A01";"2";"7";"0";"2";"1";"1";"1";""
"202300043875";"155 602 751";"B01";"2";"2";"0";"2";"8";"1";"1";""
"202300043876";"155 602 747";"C01";"1";"7";"0";"2";"0";"0";"1";""
"202300043876";"155 602 749";"A01";"1";"30";"1";"2";"2";"0";"1";""
"202300043877";"155 602 748";"A01";"1";"2";"14";"0";"1";"1";"1";""
"202300043878";"155 602 746";"A01";"2";"7";"3";"0";"1";"1";"1";""
"202300043879";"155 602 743";"A01";"2";"7";"0";"2";"1";"15";"1";""
"202300043879";"155 602 744";"B01";"1";"32";"0";"2";"7";"1";"1";""
"202300043880";"155 602 742";"A01";"2";"2";"12";"0";"2";"14";"6";""
"202300043881";"155 602 741";"B01";"1";"7";"0";"2";"1";"1";"1";""
"202300043881";"155 602 745";"A01";"1";"14";"0";"2";"7";"1";"1";""
"202300043882";"155 602 740";"A01";"0";"80";"0";"0";"4";"19";"3";""
"202300043883";"155 602 737";"A01";"3";"34";"0";"2";"1";"1";"1";""
"202300043883";"155 602 739";"B01";"3";"80";"0";"0";"4";"15";"3";""
"202300043884";"155 602 735";"A01";"1";"10";"0";"2";"1";"2";"1";""
"202300043884";"155 602 738";"B01";"1";"7";"0";"0";"4";"23";"1";""
"202300043885";"155 602 736";"A01";"1";"31";"12";"0";"8";"21";"3";""
"202300043886";"155 602 733";"A01";"1";"7";"0";"2";"1";"1";"0";""
"202300043886";"155 602 734";"B01";"2";"1";"0";"2";"1";"1";"5";""
"202300043887";"155 602 730";"B01";"1";"99";"0";"2";"7";"1";"0";""
"202300043887";"155 602 732";"A01";"1";"7";"0";"2";"7";"16";"0";""
"202300043888";"155 602 729";"B01";"1";"99";"0";"2";"8";"1";"1";""
"202300043888";"155 602 731";"A01";"2";"10";"6";"2";"9";"13";"1";""
"202300043889";"155 602 726";"A01";"1";"31";"0";"2";"1";"1";"1";""
"202300043889";"155 602 728";"B01";"1";"80";"0";"0";"4";"19";"3";""
"202300043890";"155 602 724";"B01";"0";"7";"0";"2";"1";"1";"1";""
"202300043890";"155 602 727";"A01";"3";"7";"13";"0";"7";"19";"1";""
"202300043891";"155 602 722";"A01";"1";"7";"0";"2";"5";"19";"1";""
"202300043891";"155 602 725";"B01";"1";"31";"0";"2";"1";"1";"1";""
"202300043892";"155 602 721";"B01";"2";"1";"0";"0";"4";"1";"5";""
"202300043892";"155 602 723";"A01";"2";"7";"0";"2";"1";"1";"1";""
"202300043893";"155 602 720";"A01";"2";"7";"0";"1";"2";"1";"1";""
"202300043894";"155 602 719";"A01";"2";"7";"6";"0";"1";"2";"1";""
"202300043895";"155 602 716";"B01";"1";"31";"0";"2";"1";"1";"1";""
"202300043895";"155 602 718";"A01";"2";"7";"0";"2";"2";"5";"0";""
"202300043896";"155 602 715";"A01";"2";"7";"0";"0";"0";"26";"0";""
"202300043896";"155 602 717";"B01";"2";"1";"0";"0";"0";"21";"5";""
"202300043897";"155 602 710";"A01";"2";"15";"0";"2";"8";"13";"1";""
"202300043897";"155 602 712";"B01";"1";"7";"3";"2";"8";"21";"1";""
"202300043898";"155 602 709";"A01";"2";"7";"0";"2";"2";"15";"1";""
"202300043898";"155 602 714";"B01";"1";"10";"0";"2";"3";"1";"1";""
"202300043899";"155 602 703";"A01";"2";"7";"0";"2";"2";"17";"1";""
"202300043899";"155 602 707";"B01";"2";"7";"0";"0";"6";"1";"1";""
"202300043900";"155 602 701";"A01";"2";"7";"0";"2";"1";"2";"1";""
"202300043900";"155 602 704";"B01";"2";"7";"0";"0";"4";"2";"1";""
"202300043900";"155 602 706";"C01";"2";"7";"0";"0";"6";"2";"1";""
"202300043901";"155 602 702";"B01";"2";"7";"0";"2";"4";"2";"1";""
"202300043901";"155 602 705";"A01";"2";"7";"0";"2";"1";"2";"1";""
"202300043901";"155 602 708";"C01";"2";"10";"0";"0";"4";"23";"1";""
"202300043902";"155 602 700";"A01";"2";"10";"2";"0";"1";"1";"1";""
"202300043903";"155 602 696";"B01";"2";"10";"14";"2";"2";"1";"1";""
"202300043903";"155 602 697";"A01";"1";"7";"0";"2";"2";"13";"1";""
"202300043904";"155 602 695";"A01";"0";"1";"0";"0";"0";"0";"5";""
"202300043905";"155 602 699";"A01";"1";"2";"0";"0";"1";"1";"1";""
"202300043906";"155 602 698";"A01";"1";"7";"4";"0";"3";"13";"1";""
"202300043907";"155 602 693";"B01";"2";"80";"0";"2";"2";"2";"3";""
"202300043907";"155 602 694";"A01";"2";"7";"0";"2";"3";"9";"1";""
"202300043908";"155 602 690";"B01";"1";"1";"0";"0";"4";"25";"5";""
"202300043908";"155 602 692";"A01";"1";"7";"12";"9";"2";"2";"1";""
"202300043909";"155 602 689";"A01";"1";"7";"13";"0";"1";"14";"1";""
"202300043909";"155 602 691";"B01";"1";"7";"1";"0";"3";"1";"1";""
"202300043910";"155 602 686";"A01";"1";"33";"6";"0";"7";"0";"1";""
"202300043911";"155 602 685";"A01";"1";"10";"0";"2";"1";"13";"1";""
"202300043911";"155 602 688";"B01";"2";"13";"0";"2";"1";"1";"1";""
"202300043912";"155 602 684";"A01";"2";"7";"0";"2";"3";"17";"1";""
"202300043912";"155 602 687";"B01";"1";"7";"0";"2";"3";"1";"0";""
"202300043913";"155 602 679";"A01";"3";"7";"0";"2";"1";"1";"1";""
"202300043913";"155 602 682";"B01";"3";"10";"0";"2";"1";"1";"1";""
"202300043914";"155 602 678";"B01";"2";"32";"0";"2";"1";"1";"1";""
"202300043914";"155 602 681";"A01";"1";"7";"0";"2";"3";"15";"1";""
"202300043915";"155 602 677";"A01";"1";"13";"8";"0";"1";"1";"1";""
"202300043916";"155 602 676";"A01";"2";"7";"13";"0";"1";"19";"1";""
"202300043917";"155 602 675";"A01";"2";"7";"2";"0";"3";"0";"1";""
"202300043918";"155 602 674";"A01";"2";"7";"2";"0";"1";"13";"1";""
"202300043919";"155 602 673";"A01";"1";"7";"2";"0";"3";"1";"0";""
"202300043920";"155 602 672";"A01";"1";"7";"2";"0";"1";"1";"1";""
"202300043921";"155 602 668";"A01";"1";"7";"0";"0";"6";"24";"1";""
"202300043921";"155 602 670";"B01";"1";"32";"1";"0";"1";"9";"1";""
"202300043922";"155 602 666";"A01";"1";"7";"0";"2";"1";"13";"1";""
"202300043922";"155 602 669";"B01";"2";"14";"0";"2";"1";"1";"1";""
"202300043923";"155 602 665";"A01";"1";"7";"13";"0";"1";"1";"1";""
"202300043924";"155 602 663";"B01";"2";"7";"0";"2";"1";"21";"1";""
"202300043924";"155 602 664";"A01";"1";"7";"0";"2";"1";"13";"1";""
"202300043925";"155 602 661";"A01";"2";"2";"0";"2";"1";"26";"1";""
"202300043925";"155 602 662";"B01";"2";"7";"0";"2";"1";"1";"1";""
"202300043926";"155 602 660";"A01";"1";"7";"0";"1";"2";"1";"1";""
"202300043927";"155 602 658";"A01";"2";"1";"2";"0";"1";"1";"5";""
"202300043928";"155 602 657";"A01";"1";"7";"0";"2";"3";"13";"1";""
"202300043928";"155 602 659";"B01";"2";"10";"0";"2";"3";"2";"1";""
"202300043929";"155 602 654";"A01";"3";"7";"1";"0";"9";"1";"1";""
"202300043930";"155 602 652";"B01";"2";"1";"0";"2";"1";"1";"5";""
"202300043930";"155 602 655";"A01";"1";"7";"0";"2";"2";"15";"1";""
"202300043931";"155 602 651";"B01";"2";"7";"0";"2";"3";"1";"1";""
"202300043931";"155 602 653";"A01";"2";"7";"0";"2";"2";"17";"1";""
"202300043932";"155 602 648";"C01";"1";"7";"0";"0";"4";"2";"1";""
"202300043932";"155 602 649";"B01";"1";"7";"0";"2";"4";"2";"1";""
"202300043932";"155 602 650";"A01";"1";"7";"0";"2";"1";"2";"1";""
"202300043933";"155 602 647";"A01";"1";"7";"16";"0";"2";"1";"1";""
"202300043934";"155 602 645";"A01";"1";"7";"0";"2";"6";"11";"1";""
"202300043934";"155 602 646";"B01";"1";"33";"0";"2";"2";"17";"1";""
"202300043935";"155 602 641";"A01";"1";"7";"0";"9";"3";"9";"1";""
"202300043935";"155 602 643";"B01";"1";"1";"0";"2";"1";"1";"5";""
"202300043936";"155 602 639";"A01";"1";"7";"13";"0";"0";"1";"1";""
"202300043937";"155 602 638";"D01";"1";"7";"0";"2";"2";"1";"1";""
"202300043937";"155 602 640";"C01";"1";"7";"0";"2";"4";"1";"1";""
"202300043937";"155 602 642";"A01";"2";"15";"0";"2";"3";"6";"6";""
"202300043937";"155 602 644";"B01";"1";"10";"0";"2";"3";"1";"0";""
"202300043938";"155 602 637";"A01";"1";"33";"13";"0";"1";"17";"1";""
"202300043939";"155 602 636";"A01";"1";"7";"15";"9";"3";"0";"1";""
"202300043940";"155 602 634";"A01";"3";"7";"0";"1";"2";"4";"6";""
"202300043941";"155 602 632";"A01";"1";"33";"0";"2";"1";"2";"1";""
"202300043941";"155 602 635";"B01";"1";"7";"0";"0";"4";"2";"1";""
"202300043942";"155 602 631";"A01";"1";"7";"8";"0";"1";"13";"1";""
"202300043943";"155 602 630";"A01";"1";"7";"13";"0";"2";"0";"1";""
"202300043944";"155 602 627";"A01";"3";"7";"0";"2";"1";"6";"1";""
"202300043944";"155 602 629";"B01";"3";"33";"0";"2";"7";"1";"1";""
"202300043945";"155 602 626";"A01";"1";"7";"0";"1";"2";"1";"1";""
"202300043946";"155 602 625";"B01";"2";"7";"0";"2";"3";"1";"1";""
"202300043946";"155 602 628";"A01";"2";"1";"0";"2";"8";"9";"5";""
"202300043947";"155 602 621";"A01";"1";"7";"0";"2";"6";"17";"1";""
"202300043947";"155 602 623";"B01";"1";"33";"0";"2";"9";"17";"1";""
"202300043948";"155 602 620";"B01";"2";"43";"0";"2";"3";"2";"1";""
"202300043948";"155 602 624";"A01";"2";"7";"0";"0";"5";"2";"1";""
"202300043949";"155 602 619";"A01";"0";"10";"0";"9";"2";"15";"1";""
"202300043949";"155 602 622";"B01";"1";"1";"0";"2";"5";"1";"5";""
"202300043950";"155 602 616";"A01";"1";"7";"0";"2";"1";"13";"1";""
"202300043950";"155 602 618";"B01";"2";"7";"0";"2";"1";"1";"1";""
"202300043951";"155 602 614";"A01";"2";"1";"0";"2";"1";"1";"5";""
"202300043951";"155 602 617";"B01";"2";"10";"0";"0";"4";"26";"1";""
"202300043952";"155 602 615";"A01";"2";"7";"2";"0";"1";"21";"1";""
"202300043953";"155 602 612";"A01";"2";"2";"0";"2";"1";"13";"1";""
"202300043953";"155 602 613";"B01";"1";"7";"0";"2";"1";"1";"1";""
"202300043954";"155 602 610";"A01";"1";"10";"2";"0";"3";"13";"1";""
"202300043955";"155 602 608";"A01";"1";"7";"8";"0";"1";"1";"1";""
"202300043956";"155 602 607";"A01";"1";"10";"0";"2";"5";"5";"0";""
"202300043956";"155 602 609";"B01";"2";"10";"0";"2";"1";"0";"0";""
"202300043957";"155 602 604";"C01";"1";"1";"0";"2";"3";"1";"5";""
"202300043957";"155 602 606";"B01";"1";"7";"0";"2";"3";"1";"1";""
"202300043957";"155 602 611";"A01";"1";"7";"0";"2";"8";"19";"0";""
"202300043958";"155 602 605";"A01";"1";"7";"13";"0";"1";"1";"1";""
"202300043959";"155 602 603";"A01";"1";"7";"6";"0";"3";"1";"1";""
"202300043960";"155 602 602";"A01";"2";"7";"0";"1";"1";"16";"1";""
"202300043961";"155 602 601";"A01";"0";"7";"2";"0";"3";"1";"0";""
"202300043962";"155 602 600";"A01";"1";"1";"0";"0";"1";"1";"5";""
"202300043963";"155 602 597";"A01";"3";"7";"0";"9";"2";"1";"1";""
"202300043964";"155 602 593";"B01";"1";"7";"0";"0";"4";"1";"1";""
"202300043964";"155 602 595";"A01";"1";"2";"0";"2";"1";"1";"1";""
"202300043965";"155 602 594";"B01";"1";"7";"0";"2";"3";"1";"1";""
"202300043965";"155 602 596";"A01";"2";"10";"0";"2";"1";"19";"1";""
"202300043966";"155 602 592";"A01";"1";"7";"13";"0";"1";"1";"1";""
"202300043967";"155 602 590";"B01";"1";"2";"16";"2";"2";"2";"1";""
"202300043967";"155 602 591";"A01";"1";"7";"16";"2";"3";"11";"1";""
"202300043968";"155 602 588";"A01";"1";"7";"0";"1";"2";"1";"1";""
"202300043969";"155 602 589";"A01";"1";"7";"12";"0";"9";"1";"1";""
"202300043970";"155 602 583";"B01";"3";"33";"0";"2";"3";"16";"1";""
"202300043970";"155 602 586";"A01";"3";"7";"0";"2";"3";"15";"1";""
"202300043971";"155 602 579";"A01";"1";"7";"0";"2";"1";"1";"1";""
"202300043971";"155 602 581";"B01";"2";"15";"0";"2";"3";"1";"1";""
"202300043971";"155 602 584";"C01";"1";"7";"0";"2";"6";"1";"1";""
"202300043972";"155 602 578";"A01";"1";"3";"0";"1";"1";"1";"3";""
"202300043973";"155 602 580";"A01";"2";"10";"0";"2";"3";"17";"1";""
"202300043973";"155 602 582";"B01";"2";"7";"0";"2";"6";"15";"1";""
"202300043974";"155 602 576";"B01";"2";"10";"0";"2";"1";"1";"1";""
"202300043974";"155 602 577";"A01";"2";"30";"14";"2";"1";"17";"1";""
"202300043975";"155 602 575";"A01";"2";"7";"6";"0";"1";"1";"2";""
"202300043976";"155 602 573";"A01";"2";"33";"0";"0";"0";"0";"1";""
"202300043977";"155 602 572";"A01";"1";"7";"15";"0";"2";"1";"0";""
"202300043977";"155 602 574";"B01";"1";"7";"0";"2";"2";"1";"0";""
"202300043978";"155 602 570";"A01";"2";"7";"6";"0";"2";"25";"1";""
"202300043979";"155 602 569";"A01";"2";"7";"0";"2";"1";"9";"1";""
"202300043979";"155 602 571";"B01";"1";"33";"0";"2";"1";"1";"1";""
"202300043980";"155 602 563";"A01";"1";"7";"0";"2";"3";"1";"1";""
"202300043980";"155 602 567";"B01";"2";"10";"0";"2";"8";"1";"1";""
"202300043980";"155 602 568";"C01";"2";"7";"0";"2";"3";"1";"1";""
"202300043981";"155 602 562";"B01";"1";"42";"0";"2";"1";"1";"1";""
"202300043981";"155 602 565";"A01";"2";"7";"0";"2";"1";"15";"1";""
"202300043982";"155 602 560";"A01";"2";"7";"0";"2";"6";"1";"1";""
"202300043982";"155 602 564";"B01";"1";"7";"0";"2";"2";"19";"1";""
"202300043983";"155 602 557";"A01";"3";"7";"0";"1";"3";"15";"1";""
"202300043984";"155 602 559";"B01";"1";"7";"0";"2";"2";"17";"1";""
"202300043984";"155 602 561";"A01";"1";"7";"0";"0";"0";"17";"0";""
"202300043984";"155 602 566";"C01";"1";"7";"6";"1";"8";"15";"1";""
"202300043985";"155 602 556";"B01";"3";"7";"0";"2";"7";"19";"1";""
"202300043985";"155 602 558";"A01";"3";"10";"0";"2";"1";"0";"1";""
"202300043986";"155 602 550";"A01";"3";"7";"9";"2";"3";"0";"1";""
"202300043986";"155 602 554";"B01";"3";"7";"0";"2";"6";"0";"2";""
"202300043987";"155 602 551";"A01";"3";"7";"0";"1";"3";"1";"1";""
"202300043988";"155 602 549";"A01";"1";"7";"0";"2";"1";"5";"1";""
"202300043988";"155 602 553";"B01";"2";"7";"0";"2";"1";"9";"1";""
"202300043988";"155 602 555";"C01";"2";"7";"0";"2";"1";"1";"1";""
"202300043989";"155 602 547";"A01";"1";"7";"0";"2";"1";"2";"1";""