"Num_Acc";"id_vehicule";"num_veh";"senc";"catv";"obs";"obsm";"choc";"manv";"motor";"occutc"
"202300044792";"155 601 090";"A01";"2";"7";"0";"2";"3";"1";"1";""
"202300044793";"155 601 086";"A01";"2";"31";"0";"2";"1";"2";"1";""
"202300044793";"155 601 089";"B01";"2";"7";"0";"2";"6";"2";"1";""
"202300044794";"155 601 085";"A01";"2";"7";"0";"2";"2";"15";"1";""
"202300044794";"155 601 088";"B01";"1";"1";"0";"2";"1";"1";"5";""
"202300044795";"155 601 080";"A01";"1";"33";"0";"2";"1";"13";"1";""
"202300044795";"155 601 083";"B01";"2";"10";"0";"2";"2";"1";"1";""
"202300044796";"155 601 078";"A01";"3";"7";"0";"2";"2";"15";"1";""
"202300044796";"155 601 082";"B01";"3";"30";"0";"2";"1";"1";"1";""
"202300044797";"155 601 077";"B01";"1";"33";"0";"2";"6";"1";"1";""
"202300044797";"155 601 079";"D01";"1";"10";"0";"2";"5";"1";"1";""
"202300044797";"155 601 081";"C01";"1";"7";"0";"2";"6";"9";"2";""
"202300044797";"155 601 084";"A01";"1";"7";"0";"2";"6";"13";"1";""
"202300044798";"155 601 072";"A01";"3";"7";"0";"2";"1";"1";"1";""
"202300044798";"155 601 073";"B01";"3";"32";"0";"2";"0";"13";"1";""
"202300044799";"155 601 071";"A01";"3";"7";"0";"2";"1";"1";"1";""
"202300044799";"155 601 075";"B01";"1";"7";"7";"0";"8";"1";"1";""
"202300044800";"155 601 074";"A01";"1";"7";"0";"2";"1";"2";"1";""
"202300044800";"155 601 076";"B01";"1";"7";"0";"2";"6";"2";"1";""
"202300044801";"155 601 069";"A01";"3";"33";"13";"0";"1";"14";"1";""
"202300044802";"155 601 067";"A01";"1";"7";"0";"1";"1";"2";"0";""
"202300044803";"155 601 068";"Z01";"3";"7";"0";"2";"3";"2";"1";""
"202300044803";"155 601 070";"B01";"2";"7";"0";"2";"5";"23";"1";""
"202300044804";"155 601 065";"A01";"1";"7";"0";"9";"2";"15";"1";""
"202300044804";"155 601 066";"B01";"2";"1";"0";"2";"1";"1";"5";""
"202300044805";"155 601 064";"A01";"3";"10";"0";"1";"4";"4";"1";""
"202300044806";"155 601 063";"A01";"1";"7";"0";"1";"1";"15";"1";""
"202300044807";"155 601 059";"Z01";"3";"7";"0";"2";"0";"1";"0";""
"202300044807";"155 601 061";"A01";"3";"30";"1";"2";"4";"1";"1";""
"202300044808";"155 601 060";"B01";"1";"1";"0";"2";"1";"1";"5";""
"202300044808";"155 601 062";"A01";"1";"1";"0";"2";"4";"1";"5";""
"202300044809";"155 601 057";"B01";"1";"7";"0";"2";"4";"1";"1";""
"202300044809";"155 601 058";"A01";"1";"31";"0";"2";"1";"2";"1";""
"202300044810";"155 601 055";"A01";"1";"1";"3";"0";"1";"1";"5";""
"202300044811";"155 601 054";"A01";"2";"33";"0";"2";"1";"1";"1";""
"202300044811";"155 601 056";"B01";"3";"7";"0";"0";"5";"23";"4";""
"202300044812";"155 601 051";"A01";"1";"7";"9";"0";"1";"1";"1";""
"202300044813";"155 601 050";"B01";"1";"7";"0";"2";"2";"1";"1";""
"202300044813";"155 601 052";"A01";"2";"7";"0";"2";"1";"5";"1";""
"202300044814";"155 601 048";"A01";"2";"7";"0";"2";"1";"1";"1";""
"202300044814";"155 601 049";"B01";"2";"10";"0";"2";"4";"23";"1";""
"202300044815";"155 601 047";"A01";"3";"32";"0";"1";"0";"25";"0";""
"202300044816";"155 601 046";"A01";"1";"33";"0";"0";"7";"16";"1";""
"202300044817";"155 601 045";"A01";"1";"7";"9";"0";"2";"1";"1";""
"202300044818";"155 601 043";"A01";"3";"16";"13";"0";"3";"1";"1";""
"202300044819";"155 601 042";"Y01";"2";"50";"0";"2";"4";"2";"3";""
"202300044819";"155 601 044";"Z01";"2";"7";"0";"2";"1";"0";"1";""
"202300044820";"155 601 040";"B01";"0";"10";"0";"9";"2";"9";"1";""
"202300044820";"155 601 041";"A01";"0";"34";"1";"2";"3";"2";"1";""
"202300044821";"155 601 038";"A01";"2";"1";"0";"2";"3";"16";"5";""
"202300044821";"155 601 039";"B01";"2";"7";"0";"2";"1";"1";"1";""
"202300044822";"155 601 034";"B01";"2";"10";"0";"2";"2";"1";"0";""
"202300044822";"155 601 036";"A01";"1";"34";"0";"2";"1";"14";"0";""
"202300044823";"155 601 035";"A01";"2";"7";"0";"2";"2";"15";"1";""
"202300044823";"155 601 037";"B01";"1";"7";"0";"2";"1";"1";"1";""
"202300044824";"155 601 031";"A01";"1";"7";"0";"2";"8";"19";"0";""
"202300044824";"155 601 033";"B01";"2";"2";"0";"2";"1";"1";"0";""
"202300044825";"155 601 030";"A01";"1";"33";"0";"2";"1";"13";"1";""
"202300044825";"155 601 032";"B01";"1";"7";"0";"0";"0";"0";"1";""
"202300044826";"155 601 028";"A01";"2";"10";"0";"2";"3";"19";"1";""
"202300044826";"155 601 029";"B01";"1";"30";"0";"2";"1";"15";"0";""
"202300044827";"155 601 025";"B01";"1";"10";"0";"2";"3";"5";"1";""
"202300044827";"155 601 026";"A01";"3";"7";"0";"2";"3";"2";"1";""
"202300044828";"155 601 024";"B01";"2";"33";"0";"2";"3";"1";"0";""
"202300044828";"155 601 027";"A01";"3";"99";"0";"2";"2";"1";"6";""
"202300044829";"155 601 023";"A01";"1";"43";"1";"0";"1";"15";"1";""
"202300044830";"155 601 021";"A01";"1";"7";"1";"0";"2";"0";"1";""
"202300044830";"155 601 022";"B01";"1";"7";"1";"0";"8";"0";"1";""
"202300044831";"155 601 019";"A01";"1";"7";"0";"2";"1";"15";"1";""
"202300044831";"155 601 020";"B01";"2";"33";"0";"2";"1";"1";"1";""
"202300044832";"155 601 017";"A01";"1";"7";"0";"1";"1";"1";"1";""
"202300044833";"155 601 018";"A01";"1";"33";"1";"0";"1";"2";"1";""
"202300044834";"155 601 016";"A01";"2";"7";"6";"0";"3";"13";"1";""
"202300044835";"155 601 015";"A01";"2";"7";"0";"1";"2";"1";"1";""
"202300044836";"155 601 012";"A01";"1";"33";"0";"2";"1";"1";"1";""
"202300044836";"155 601 014";"Y01";"1";"60";"0";"2";"7";"1";"5";""
"202300044837";"155 601 013";"A01";"1";"33";"12";"0";"1";"1";"1";""
"202300044838";"155 601 010";"A01";"1";"33";"12";"2";"1";"1";"1";""
"202300044838";"155 601 011";"B01";"0";"99";"0";"2";"1";"0";"3";""
"202300044839";"155 601 008";"A01";"2";"33";"12";"0";"1";"1";"1";""
"202300044840";"155 601 007";"B01";"1";"2";"0";"2";"1";"1";"3";""
"202300044840";"155 601 009";"A01";"2";"7";"0";"2";"5";"15";"2";""
"202300044841";"155 601 006";"A01";" -1";"7";"0";"1";"1";" -1";" -1";""
"202300044842";"155 601 003";"B01";"1";"7";"0";"2";"1";"1";"1";""
"202300044842";"155 601 005";"A01";"2";"7";"0";"2";"1";"13";"1";""
"202300044843";"155 601 002";"B01";"0";"1";"0";"2";"1";"0";"5";""
"202300044843";"155 601 004";"A01";"0";"32";"0";"2";"1";"0";"1";""
"202300044844";"155 601 001";"A01";"0";"30";"2";"0";"0";"1";"3";""
"202300044845";"155 601 000";"A01";"0";"7";"0";"1";"1";"9";"1";""
"202300044846";"155 600 998";"A01";"1";"33";"0";"2";"1";"11";"1";""
"202300044846";"155 600 999";"B01";"1";"38";"0";"2";"8";"15";"1";"9"
"202300044847";"155 600 996";"A01";"3";"7";"0";"0";"3";"22";"0";""
"202300044847";"155 600 997";"B01";"3";"1";"1";"0";"2";"1";"5";""
"202300044848";"155 600 992";"B01";"0";"7";"0";"2";"3";"1";"0";""
"202300044848";"155 600 995";"A01";"0";"7";"0";"2";"2";"1";"0";""
"202300044849";"155 600 990";"A01";"2";"10";"0";"2";"9";"1";"1";""
"202300044849";"155 600 994";"B01";"2";"10";"0";"0";"5";"1";"1";""
"202300044850";"155 600 991";"A01";"1";"7";"0";"2";"2";"16";"1";""
"202300044850";"155 600 993";"B01";"0";"50";"0";"2";"3";"19";"3";""
"202300044851";"155 600 986";"B01";"2";"14";"0";"2";"3";"23";"1";""
"202300044851";"155 600 988";"A01";"1";"15";"1";"0";"6";"1";"1";""
"202300044851";"155 600 989";"C01";"2";"14";"0";"2";"1";"23";"1";""
"202300044852";"155 600 983";"C01";"0";"7";"0";"0";"4";"2";"2";""
"202300044852";"155 600 985";"A01";"0";"7";"0";"2";"1";"2";"1";""
"202300044852";"155 600 987";"B01";"0";"7";"0";"2";"0";"0";"0";""
"202300044853";"155 600 982";"A01";"3";"7";"0";"2";"1";"5";"1";""
"202300044853";"155 600 984";"B01";"0";"7";"0";"2";"1";"1";"1";""
"202300044854";"155 600 980";"A01";"1";"2";"0";"2";"3";"15";"1";""
"202300044854";"155 600 981";"B01";"3";"7";"0";"2";"3";"1";"1";""
"202300044855";"155 600 977";"A01";"1";"37";"0";"2";"1";"1";"2";"1"
"202300044855";"155 600 979";"B01";"1";"7";"0";"2";"4";"1";"1";""
"202300044856";"155 600 976";"A01";"1";"7";"0";"2";"3";"15";"1";""
"202300044856";"155 600 978";"B01";"2";"33";"0";"2";"3";"2";"1";""
"202300044857";"155 600 973";"A01";"1";"7";"0";"2";"1";"12";"1";""
"202300044857";"155 600 975";"B01";"1";"50";"0";"2";"4";"1";"1";""
"202300044858";"155 600 971";"B01";"3";"7";"0";"2";"0";"0";"1";""
"202300044858";"155 600 974";"A01";"3";"7";"0";"2";"3";"1";"1";""
"202300044859";"155 600 970";"B01";"3";"7";"0";"2";"1";"15";"1";""
"202300044859";"155 600 972";"A01";"0";"31";"0";"2";"7";"17";"1";""
"202300044860";"155 600 969";"A01";"2";"7";"3";"0";"7";"0";"1";""
"202300044861";"155 600 968";"A01";"1";"7";"0";"1";"2";"1";"1";""
"202300044862";"155 600 963";"A01";"2";"10";"0";"2";"1";"1";"0";""
"202300044862";"155 600 965";"B01";"1";"7";"0";"2";"1";"1";"0";""
"202300044863";"155 600 962";"B01";"2";"10";"0";"2";"8";"1";"1";""
"202300044863";"155 600 964";"A01";"1";"7";"0";"2";"3";"13";"1";""
"202300044863";"155 600 966";"C01";"2";"7";"0";"2";"3";"1";"2";""
"202300044864";"155 600 961";"A01";"1";"7";"0";"0";"5";"2";"1";""
"202300044864";"155 600 967";"B01";"1";"33";"0";"2";"1";"2";"1";""
"202300044865";"155 600 960";"A01";"2";"36";"6";"0";"1";"1";"1";""
"202300044866";"155 600 957";"A01";"2";"7";"0";"2";"2";"15";"1";""
"202300044866";"155 600 959";"B01";"1";"33";"0";"2";"1";"1";"1";""
"202300044867";"155 600 956";"A01";"3";"7";"0";"2";"3";"19";"1";""
"202300044867";"155 600 958";"B01";"3";"2";"0";"2";"1";"1";"1";""
"202300044868";"155 600 954";"A01";"2";"1";"0";"0";"8";"2";"5";""
"202300044868";"155 600 955";"B01";"2";"7";"0";"9";"7";"2";"1";""
"202300044869";"155 600 953";"A01";"3";"31";"2";"0";"8";"1";"1";""
"202300044870";"155 600 951";"A01";"1";"10";"0";"2";"0";"5";"1";""
"202300044870";"155 600 952";"B01";"2";"7";"0";"2";"8";"1";"1";""
"202300044871";"155 600 948";"B01";"1";"7";"0";"2";"1";"9";"1";""
"202300044871";"155 600 950";"A01";"2";"33";"0";"2";"7";"21";"1";""
"202300044872";"155 600 947";"A01";"1";"7";"0";"2";"3";"13";"1";""
"202300044872";"155 600 949";"B01";"2";"7";"0";"0";"3";"1";"3";""
"202300044873";"155 600 944";"A01";"2";"7";"0";"2";"3";"1";"1";""
"202300044873";"155 600 946";"B01";"1";"7";"3";"0";"3";"1";"3";""
"202300044874";"155 600 943";"A01";"1";"7";"0";"2";"3";"13";"1";""
"202300044874";"155 600 945";"B01";"2";"33";"13";"2";"1";"1";"1";""
"202300044875";"155 600 942";"A01";"2";"7";"17";"0";"3";"13";"1";""
"202300044876";"155 600 941";"A01";"1";"33";"12";"0";"7";"1";"1";""
"202300044877";"155 600 939";"A01";"2";"15";"3";"0";"2";"14";"1";""
"202300044878";"155 600 938";"A01";"2";"2";"0";"2";"1";"1";"1";""
"202300044878";"155 600 940";"B01";"1";"7";"0";"2";"2";"15";"1";""
"202300044879";"155 600 937";"A01";"1";"33";"3";"0";"8";"0";"1";""
"202300044880";"155 600 934";"A01";"1";"2";"13";"0";"1";"21";"1";""
"202300044881";"155 600 932";"B01";"2";"7";"0";"2";"7";"1";"1";""
"202300044881";"155 600 935";"A01";"3";"2";"0";"2";"3";"15";"1";""
"202300044882";"155 600 931";"A01";"2";"7";"13";"2";"2";"12";"1";""
"202300044882";"155 600 933";"B01";"2";"7";"0";"2";"3";"1";"1";""
"202300044882";"155 600 936";"C01";"2";"7";"14";"0";"2";"2";"1";""
"202300044883";"155 600 926";"B01";"1";"2";"0";"2";"1";"15";"1";""
"202300044883";"155 600 930";"A01";"2";"7";"0";"2";"2";"1";"1";""
"202300044884";"155 600 927";"A01";"1";"33";"0";"2";"1";"1";"1";""
"202300044884";"155 600 929";"B01";"1";"30";"0";"2";"4";"1";"1";""
"202300044885";"155 600 925";"B01";"2";"7";"0";"2";"2";"13";"1";""
"202300044885";"155 600 928";"A01";"1";"7";"0";"2";"1";"1";"1";""
"202300044886";"155 600 924";"A01";"2";"7";"2";"0";"1";"0";"1";""
"202300044887";"155 600 922";"A01";"2";"1";"1";"0";"1";"1";"5";""
"202300044888";"155 600 921";"B01";"2";"33";"2";"2";"1";"0";"1";""
"202300044888";"155 600 923";"A01";"2";"7";"0";"0";"4";"26";"1";""
"202300044889";"155 600 918";"A01";"0";"33";"0";"0";"0";"0";"1";""
"202300044890";"155 600 917";"B01";"1";"7";"0";"2";"1";"1";"1";""
"202300044890";"155 600 920";"A01";"3";"1";"0";"0";"6";"19";"5";""
"202300044891";"155 600 915";"A01";"2";"2";"0";"0";"0";"16";"1";""
"202300044892";"155 600 912";"B01";"2";"7";"0";"2";"3";"1";"1";""
"202300044892";"155 600 913";"A01";"1";"2";"0";"2";"1";"1";"1";""
"202300044893";"155 600 911";"A01";"2";"2";"0";"0";"7";"1";"1";""
"202300044894";"155 600 907";"B01";"2";"7";"0";"2";"1";"1";"2";""
"202300044894";"155 600 908";"A01";"1";"10";"0";"2";"1";"13";"1";""
"202300044895";"155 600 906";"A01";"2";"14";"0";"0";"7";"14";"1";""
"202300044895";"155 600 909";"B01";"2";"7";"0";"0";"0";"17";"1";""
"202300044896";"155 600 904";"A01";"2";"7";"0";"2";"2";"1";"1";""
"202300044896";"155 600 905";"B01";"2";"7";"0";"2";"6";"1";"1";""
"202300044897";"155 600 901";"A01";"1";"7";"13";"2";"6";"1";"1";""
"202300044897";"155 600 902";"B01";"1";"7";"0";"2";"2";"13";"1";""
"202300044898";"155 600 900";"A01";"0";"7";"0";"2";"8";"15";"1";""
"202300044898";"155 600 903";"B01";"2";"7";"0";"2";"1";"1";"1";""
"202300044899";"155 600 898";"A01";"1";"7";"0";"0";"9";"14";"1";""
"202300044900";"155 600 897";"A01";"2";"7";"0";"2";"4";"1";"1";""
"202300044900";"155 600 899";"B01";"2";"7";"0";"2";"1";"1";"1";""
"202300044901";"155 600 895";"A01";"1";"7";"0";"2";"2";"15";"1";""
"202300044901";"155 600 896";"B01";"2";"30";"0";"2";"1";"1";"1";""
"202300044902";"155 600 893";"A01";"2";"7";"4";"0";"9";"2";"1";""
"202300044903";"155 600 894";"A01";"0";"7";"0";"0";"1";"16";"1";""
"202300044904";"155 600 892";"A01";"1";"7";"13";"0";"3";"13";"1";""
"202300044905";"155 600 889";"Z01";"2";"7";"0";"2";"0";"14";"1";""
"202300044905";"155 600 891";"B01";"2";"7";"0";"0";"9";"21";"1";""
"202300044906";"155 600 888";"A01";"1";"33";"0";"2";"8";"1";"1";""
"202300044906";"155 600 890";"B01";"2";"10";"0";"2";"0";"13";"0";""
"202300044907";"155 600 886";"A01";"2";"33";"0";"0";"9";"1";"1";""
"202300044908";"155 600 884";"B01";"2";"31";"0";"2";"2";"1";"1";""
"202300044908";"155 600 887";"A01";"2";"7";"0";"2";"1";"16";"1";""
"202300044909";"155 600 885";"A01";"1";"43";"0";"0";"2";"12";"1";""
"202300044910";"155 600 881";"A01";"2";"2";"0";"2";"1";"1";"1";""
"202300044910";"155 600 883";"B01";"2";"2";"0";"2";"4";"1";"1";""
"202300044911";"155 600 879";"A01";"1";"7";"0";"2";"1";"2";"1";""
"202300044911";"155 600 882";"B01";"1";"7";"0";"2";"4";"2";"1";""
"202300044912";"155 600 878";"A01";"0";"7";"0";"2";"1";"9";"1";""
"202300044912";"155 600 880";"B01";"0";"31";"0";"2";"1";"1";"1";""
"202300044913";"155 600 874";"A01";"1";"7";"0";"2";"1";"0";"2";""
"202300044913";"155 600 877";"B01";"2";"7";"0";"2";"1";"0";"1";""
"202300044914";"155 600 872";"A01";"1";"15";"0";"2";"2";"12";"1";""
"202300044914";"155 600 876";"B01";"1";"7";"0";"2";"6";"1";"1";""
"202300044915";"155 600 873";"B01";"2";"1";"0";"2";"8";"1";"5";""
"202300044915";"155 600 875";"A01";"1";"7";"0";"9";"1";"15";"1";""
"202300044916";"155 600 869";"A01";"1";"33";"0";"0";"0";"1";"0";""
"202300044917";"155 600 870";"A01";"2";"7";"0";"2";"8";"13";"1";""
"202300044917";"155 600 871";"B01";"2";"33";"3";"2";"7";"17";"1";""
"202300044918";"155 600 866";"A01";"2";"33";"16";"0";"0";"1";"1";""
"202300044919";"155 600 867";"A01";"2";"7";"0";"2";"4";"15";"1";""
"202300044919";"155 600 868";"B01";"1";"7";"0";"2";"1";"1";"1";""
"202300044920";"155 600 864";"A01";"1";"7";"0";"2";"7";"1";"1";""
"202300044920";"155 600 865";"B01";"1";"15";"0";"2";"8";"0";"1";""
"202300044921";"155 600 862";"A01";"1";"7";"0";"0";"9";"1";"1";""
"202300044922";"155 600 860";"A01";"2";"32";"0";"2";"3";"3";"1";""
"202300044922";"155 600 863";"B01";"2";"7";"0";"2";"2";"12";"1";""
"202300044923";"155 600 858";"A01";"1";"7";"2";"0";"1";"1";"1";""
"202300044924";"155 600 857";"A01";"1";"7";"0";"2";"1";"13";"1";""
"202300044924";"155 600 859";"B01";"2";"7";"0";"2";"8";"1";"1";""
"202300044924";"155 600 861";"C01";"2";"7";"0";"2";"3";"1";"1";""
"202300044925";"155 600 855";"A01";"2";"7";"0";"2";"1";"1";"1";""
"202300044925";"155 600 856";"B01";"2";"15";"0";"2";"4";"1";"1";""
"202300044926";"155 600 852";"A01";"2";"7";"0";"2";"3";"16";"1";""
"202300044926";"155 600 854";"B01";"2";"2";"0";"2";"1";"1";"1";""
"202300044927";"155 600 850";"A01";"2";"33";"4";"2";"1";"3";"1";""
"202300044927";"155 600 851";"B01";"2";"10";"4";"2";"8";"11";"1";""
"202300044928";"155 600 848";"A01";"2";"15";"0";"0";"4";"1";"1";""
"202300044928";"155 600 849";"B01";"2";"99";"0";"2";"1";"2";"1";""
"202300044929";"155 600 845";"B01";"2";"17";"0";"2";"1";"1";"1";""
"202300044929";"155 600 847";"A01";"1";"7";"0";"2";"1";"13";"3";""
"202300044930";"155 600 844";"A01";"1";"7";"0";"2";"7";"12";"1";""
"202300044930";"155 600 846";"B01";"1";"33";"0";"2";"8";"1";"1";""
"202300044931";"155 600 842";"A01";"1";"7";"0";"0";"6";"23";"1";""
"202300044931";"155 600 843";"B01";"1";"31";"0";"2";"1";"1";"1";""
"202300044932";"155 600 839";"A01";"1";"7";"0";"0";"8";"15";"1";""
"202300044932";"155 600 841";"B01";"1";"31";"0";"2";"2";"17";"1";""
"202300044933";"155 600 838";"A01";"2";"7";"0";"2";"1";"2";"1";""
"202300044933";"155 600 840";"B01";"2";"7";"0";"2";"4";"2";"1";""
"202300044934";"155 600 837";"A01";"2";"3";"0";"1";"3";"21";"1";""
"202300044935";"155 600 836";"A01";"1";"33";"0";"1";"1";"1";"0";""
"202300044936";"155 600 833";"A01";"2";"7";"4";"2";"3";"11";"1";""
"202300044936";"155 600 835";"B01";"2";"7";"4";"2";"5";"1";"1";""
"202300044937";"155 600 832";"A01";"1";"14";"3";"0";"1";"1";"1";""
"202300044938";"155 600 830";"A01";"1";"7";"0";"2";"8";"1";"1";""
"202300044938";"155 600 834";"B01";"1";"7";"0";"2";"1";"19";"1";""
"202300044939";"155 600 829";"B01";"1";"7";" -1";" -1";" -1";" -1";" -1";""
"202300044939";"155 600 831";"A01";"1";"31";"0";"2";"8";"21";"1";""
"202300044940";"155 600 828";"A01";"0";"7";"6";"1";"1";"15";"1";""
"202300044941";"155 600 826";"A01";"1";"7";"0";"2";"3";"1";"2";""
"202300044941";"155 600 827";"B01";"2";"1";"0";"2";"1";"17";"5";""
"202300044942";"155 600 823";"A01";"1";"7";"0";"2";"7";"12";"1";""
"202300044942";"155 600 825";"B01";"1";"33";"0";"2";"8";"18";"1";""
"202300044943";"155 600 822";"A01";"1";"17";"0";"2";"6";"1";"1";""
"202300044943";"155 600 824";"B01";"1";"7";"0";"2";"2";"3";"1";""
"202300044944";"155 600 820";"B01";"1";"7";"0";"2";"3";"2";"1";""
"202300044944";"155 600 821";"A01";"1";"2";"0";"2";"5";"12";"1";""
"202300044945";"155 600 819";"A01";"2";"30";"0";"1";"7";"17";"1";""
"202300044946";"155 600 817";"A01";"2";"7";"0";"2";"1";"13";"1";""
"202300044946";"155 600 818";"B01";"2";"7";"0";"2";"1";"1";"1";""
"202300044947";"155 600 815";"A01";"2";"30";"12";"0";"1";"14";"0";""
"202300044948";"155 600 816";"A01";"2";"10";"0";"1";"1";"1";"1";""
"202300044949";"155 600 813";"A01";"1";"31";"0";"2";"1";"1";"1";""
"202300044949";"155 600 814";"B01";"2";"37";"0";"2";"1";"1";"1";"1"
"202300044950";"155 600 810";"B01";"2";"7";"0";"2";"3";"13";"1";""
"202300044950";"155 600 812";"A01";"1";"7";"0";"2";"3";"13";"1";""
"202300044951";"155 600 808";"A01";"2";"2";"4";"0";"2";"1";"1";""
"202300044952";"155 600 809";"A01";"1";"7";"0";"2";"1";"1";"1";""
"202300044952";"155 600 811";"B01";"1";"50";"0";"2";"4";"1";"3";""
"202300044953";"155 600 806";"A01";"1";"7";"0";"2";"1";"2";"1";""
"202300044953";"155 600 807";"B01";"1";"14";"0";"0";"4";"2";"1";""
"202300044954";"155 600 804";"A01";"1";"7";"0";"1";"3";"2";"1";""
"202300044955";"155 600 803";"A01";"1";"2";"0";"2";"1";"1";"1";""
"202300044955";"155 600 805";"B01";"1";"7";"0";"9";"4";"16";"1";""
"202300044956";"155 600 799";"B01";"2";"7";"0";"2";"1";"1";"1";""
"202300044956";"155 600 801";"A01";"1";"7";"0";"2";"1";"13";"1";""
"202300044957";"155 600 796";"B01";"2";"34";"0";"2";"0";"0";"0";""
"202300044957";"155 600 798";"A01";"2";"10";"0";"2";"4";"9";"1";""
"202300044958";"155 600 795";"A01";"2";"10";"0";"2";"1";"0";"1";""
"202300044958";"155 600 797";"B01";"2";"7";"3";"2";"4";"1";"1";""
"202300044958";"155 600 800";"C01";"2";"7";"0";"2";"4";"1";"1";""
"202300044958";"155 600 802";"D01";"2";"10";"0";"2";"5";"1";"1";""
"202300044959";"155 600 793";"A01";"3";"60";"1";"0";"1";"25";"5";""
"202300044959";"155 600 794";"B01";"3";"7";"0";"0";"2";"23";"1";""
"202300044960";"155 600 791";"A01";"1";"7";"6";"0";"8";"13";"1";""
"202300044961";"155 600 790";"A01";"2";"7";"0";"0";"5";"16";"0";""
"202300044961";"155 600 792";"B01";"2";"31";"0";"0";"3";"11";"0";""
"202300044962";"155 600 787";"B01";"1";"33";"0";"2";"1";"1";"1";""
"202300044962";"155 600 789";"A01";"2";"7";"0";"2";"3";"5";"1";""
"202300044963";"155 600 786";"A01";"2";"31";"2";"0";"9";"1";"1";""
"202300044964";"155 600 785";"A01";"2";"7";"0";"2";"2";"1";"1";""
"202300044964";"155 600 788";"B01";"1";"7";"0";"2";"3";"1";"1";""
"202300044965";"155 600 780";"B01";"3";"32";"0";"2";"8";"1";"1";""
"202300044965";"155 600 784";"A01";"3";"7";"0";"2";"2";"1";"1";""
"202300044966";"155 600 781";"B01";"1";"7";"0";"2";"1";"1";"1";""
"202300044966";"155 600 783";"A01";"2";"7";"0";"2";"1";"17";"1";""
"202300044967";"155 600 779";"A01";"2";"7";"0";"2";"1";"1";"1";""
"202300044967";"155 600 782";"B01";"2";"7";"0";"2";"3";"1";"1";""
"202300044968";"155 600 774";"B01";"2";"15";"0";"2";"2";"1";"1";""
"202300044968";"155 600 776";"A01";"2";"7";"0";"2";"6";"1";"1";""
"202300044969";"155 600 771";"C01";"2";"7";"1";"0";"1";"1";"1";""
"202300044969";"155 600 773";"D01";"2";"7";"1";"0";"8";"1";"1";""
"202300044969";"155 600 775";"A01";"2";"10";"0";"2";"7";"1";"1";""
"202300044969";"155 600 777";"B01";"2";"7";"3";"0";"4";"1";"1";""
"202300044970";"155 600 768";"A01";"1";"7";"0";"2";"4";"26";"1";""
"202300044970";"155 600 769";"B01";"1";"7";"0";"2";"1";"1";"1";""
"202300044971";"155 600 761";"C01";"1";"7";"0";"2";"6";"1";"1";""
"202300044971";"155 600 762";"B01";"1";"7";"0";"2";"4";"2";"1";""
"202300044971";"155 600 764";"A01";"1";"7";"0";"2";"1";"2";"1";""
"202300044972";"155 600 760";"A01";"1";"7";"1";"1";"1";"19";"0";""
"202300044973";"155 600 757";"A01";"1";"7";"0";"2";"1";"2";"1";""
"202300044973";"155 600 759";"B01";"1";"7";"0";"2";"4";"2";"1";""
"202300044974";"155 600 765";"A01";"2";"7";"0";"2";"2";"1";"1";""
"202300044974";"155 600 767";"B01";"2";"1";"0";"2";"4";"15";"5";""
"202300044975";"155 600 756";"B01";"2";"33";"0";"2";"1";"26";"1";""
"202300044975";"155 600 758";"A01";"2";"17";"0";"2";"6";"26";"1";""
"202300044976";"155 600 751";"A01";"1";"10";"0";"2";"1";"2";"1";""
"202300044976";"155 600 753";"B01";"1";"15";"0";"2";"5";"2";"1";""
"202300044977";"155 600 749";"E01";"2";"7";"0";"2";"4";"1";"1";""
"202300044977";"155 600 750";"D01";"2";"7";"0";"2";"4";"1";"1";""
"202300044977";"155 600 752";"C01";"2";"7";"0";"2";"4";"1";"1";""
"202300044977";"155 600 754";"B01";"2";"7";"0";"2";"4";"1";"1";""
"202300044977";"155 600 755";"A01";"2";"7";"0";"2";"1";"9";"1";""
"202300044978";"155 600 748";"A01";"3";"30";"11";"0";"1";"13";"1";""
"202300044979";"155 600 743";"D01";"2";"7";"4";"2";"4";"0";"1";""
"202300044979";"155 600 744";"C01";"2";"7";"4";"2";"4";"2";"1";""
"202300044979";"155 600 746";"A01";"2";"7";"4";"2";"1";"2";"1";""
"202300044979";"155 600 747";"B01";"2";"7";"4";"2";"4";"1";"1";""
"202300044980";"155 600 741";"A01";"0";"7";"0";"2";"1";"1";"1";""
"202300044980";"155 600 742";"B01";"1";"10";"0";"2";"1";"1";"1";""
"202300044981";"155 600 740";"A01";"2";"7";"3";"0";"2";"0";"1";""
"202300044982";"155 600 738";"A01";"1";"33";"0";"0";"7";"1";"1";""
"202300044983";"155 600 737";"A01";"2";"7";"0";"2";"6";"10";"1";""
"202300044983";"155 600 739";"B01";"2";"2";"0";"0";"0";"0";"1";""
"202300044984";"155 600 734";"B01";"2";"33";"3";"2";"4";"23";"1";""
"202300044984";"155 600 736";"A01";"2";"7";"0";"2";"1";"2";"3";""
"202300044985";"155 600 733";"A01";"3";"7";"0";"2";"1";"15";"1";""
"202300044985";"155 600 735";"B01";"3";"7";"0";"2";"7";"15";"1";""
"202300044986";"155 600 729";"A01";"0";"33";"0";"2";"1";"18";"1";""
"202300044986";"155 600 730";"B01";"0";"7";"0";"2";"2";"15";"1";""