"Num_Acc";"id_vehicule";"num_veh";"senc";"catv";"obs";"obsm";"choc";"manv";"motor";"occutc"
"202300044987";"155 600 731";"A01";"1";"7";"0";"2";"1";"2";"1";""
"202300044987";"155 600 732";"B01";"1";"7";"0";"2";"4";"2";"1";""
"202300044988";"155 600 728";"A01";"3";"7";"8";"0";"1";"13";"1";""
"202300044989";"155 600 724";"B01";"2";"7";"0";"2";"2";"18";"1";""
"202300044989";"155 600 725";"C01";"1";"10";"0";"0";"0";"0";"1";""
"202300044989";"155 600 726";"D01";"3";"7";"0";"2";"0";"0";"1";""
"202300044989";"155 600 727";"A01";"1";"32";"1";"2";"2";"17";"1";""
"202300044990";"155 600 723";"A01";"3";"10";"0";"1";"4";"20";"1";""
"202300044991";"155 600 722";"A01";"1";"10";"0";"1";"7";"17";"1";""
"202300044992";"155 600 721";"A01";"2";"7";"0";"1";"2";"1";"1";""
"202300044993";"155 600 719";"B01";"2";"1";"0";"2";"7";"1";"5";""
"202300044993";"155 600 720";"A01";"2";"7";"0";"2";"1";"9";"1";""
"202300044994";"155 600 717";"A01";"1";"7";"0";"2";"3";"23";"1";""
"202300044994";"155 600 718";"B01";"2";"33";"0";"2";"1";"17";"1";""
"202300044995";"155 600 715";"A01";"3";"1";"0";"2";"1";"19";"5";""
"202300044995";"155 600 716";"B01";"2";"7";"0";"9";"6";"2";"1";""
"202300044996";"155 600 714";"A01";"1";"7";"6";"0";"1";"21";"1";""
"202300044997";"155 600 712";"B01";"3";"2";"0";"2";"1";"1";"1";""
"202300044997";"155 600 713";"A01";"3";"7";"0";"2";"3";"1";"1";""
"202300044998";"155 600 711";"A01";"1";"7";"0";"1";"1";"1";"1";""
"202300044999";"155 600 710";"A01";"1";"32";"0";"5";"1";"1";"1";""
"202300045000";"155 600 706";"A01";"2";"30";"0";"2";"2";"17";"3";""
"202300045000";"155 600 707";"B01";"1";"1";"0";"2";"0";"1";"5";""
"202300045001";"155 600 704";"A01";"3";"7";"0";"2";"3";"9";"1";""
"202300045001";"155 600 705";"B01";"3";"7";"15";"2";"5";"1";"1";""
"202300045002";"155 600 702";"B01";"2";"7";"0";"2";"3";"1";"1";""
"202300045002";"155 600 703";"A01";"1";"7";"0";"2";"1";"15";"1";""
"202300045003";"155 600 700";"A01";"2";"7";"0";"2";"1";"2";"1";""
"202300045003";"155 600 701";"B01";"2";"7";"0";"2";"4";"23";"1";""
"202300045004";"155 600 698";"A01";"1";"7";"0";"2";"7";"16";"1";""
"202300045004";"155 600 699";"B01";"1";"30";"0";"2";"8";"18";"0";""
"202300045005";"155 600 696";"A01";"3";"7";"0";"2";"2";"1";"1";""
"202300045005";"155 600 697";"B01";"3";"50";"0";"2";"1";"15";"3";""
"202300045006";"155 600 694";"A01";"1";"30";"0";"2";"2";"17";"1";""
"202300045006";"155 600 695";"B01";"1";"7";"0";"2";"3";"15";"1";""
"202300045007";"155 600 692";"A01";"1";"30";"0";"2";"2";"16";"1";""
"202300045007";"155 600 693";"B01";"1";"31";"0";"2";"3";"1";"1";""
"202300045008";"155 600 690";"A01";"3";"14";"0";"2";"3";"16";"1";""
"202300045008";"155 600 691";"B01";"3";"1";"0";"2";"1";"1";"5";""
"202300045009";"155 600 688";"A01";"2";"15";"0";"2";"7";"17";"1";""
"202300045009";"155 600 689";"B01";"2";"1";"0";"2";"3";"2";"5";""
"202300045010";"155 600 686";"B01";"3";"7";"0";"2";"3";"0";"1";""
"202300045010";"155 600 687";"A01";"3";"1";"0";"2";"7";"15";"5";""
"202300045011";"155 600 684";"A01";"1";"7";"0";"2";"1";"1";"1";""
"202300045011";"155 600 685";"B01";"1";"7";"0";"2";"4";"1";"1";""
"202300045012";"155 600 681";"B01";"2";"7";"0";"2";"4";"2";"1";""
"202300045012";"155 600 682";"C01";"2";"7";"0";"2";"4";"2";"1";""
"202300045012";"155 600 683";"A01";"2";"7";"0";"2";"1";"2";"1";""
"202300045013";"155 600 679";"A01";"1";"7";"0";"2";"3";"0";"1";""
"202300045013";"155 600 680";"B01";"1";"33";"0";"2";"0";"0";"1";""
"202300045014";"155 600 678";"A01";"2";"7";"1";"0";"2";"1";"1";""
"202300045015";"155 600 676";"A01";"1";"7";"0";"2";"7";"19";"1";""
"202300045015";"155 600 677";"B01";"1";"33";"0";"2";"1";"1";"1";""
"202300045016";"155 600 674";"A01";"1";"2";"0";"2";"2";"1";"1";""
"202300045016";"155 600 675";"B01";"1";"10";"0";"2";"3";"15";"1";""
"202300045017";"155 600 671";"B01";"1";"34";"0";"2";"1";"18";"1";""
"202300045017";"155 600 672";"C01";"1";"7";"0";"2";"7";"1";"1";""
"202300045017";"155 600 673";"A01";"2";"10";"0";"2";"3";"16";"1";""
"202300045018";"155 600 670";"A01";"1";"7";"0";"1";"3";"15";"6";""
"202300045019";"155 600 669";"A01";"1";"30";"0";"0";"0";"14";"3";""
"202300045020";"155 600 667";"B01";"1";"7";"0";"2";"8";"15";"1";""
"202300045020";"155 600 668";"A01";"1";"31";"0";"2";"1";"17";"1";""
"202300045021";"155 600 665";"A01";"2";"10";"0";"2";"2";"1";"1";""
"202300045021";"155 600 666";"B01";"2";"7";"0";"2";"6";"1";"3";""
"202300045022";"155 600 663";"B01";"2";"7";"0";"2";"1";"1";"1";""
"202300045022";"155 600 664";"A01";"2";"32";"0";"2";"1";"5";"1";""
"202300045023";"155 600 661";"B01";"2";"32";"4";"2";"1";"1";"1";""
"202300045023";"155 600 662";"A01";"2";"1";"4";"2";"1";"13";"5";""
"202300045024";"155 600 660";"A01";"1";"80";"0";"1";"1";"1";"3";""
"202300045025";"155 600 659";"A01";"1";"7";"8";"0";"1";"13";"4";""
"202300045026";"155 600 657";"A01";"2";"7";"0";"2";"8";"13";"3";""
"202300045026";"155 600 658";"B01";"2";"32";"0";"2";"2";"1";"1";""
"202300045027";"155 600 653";"D01";"2";"7";"0";"2";"1";"1";"1";""
"202300045027";"155 600 654";"B01";"2";"10";"0";"2";"2";"1";"1";""
"202300045027";"155 600 655";"C01";"2";"7";"0";"2";"1";"1";"2";""
"202300045027";"155 600 656";"A01";"1";"32";"14";"2";"1";"1";"3";""
"202300045028";"155 600 651";"A01";"3";"7";"1";"0";"2";"1";"1";""
"202300045028";"155 600 652";"B01";"3";"7";"0";"2";"4";"23";"1";""
"202300045029";"155 600 649";"A01";"3";"7";"0";"2";"2";"15";"1";""
"202300045029";"155 600 650";"B01";"2";"32";"0";"2";"1";"1";"1";""
"202300045030";"155 600 647";"B01";"1";"60";"0";"2";"8";"19";"5";""
"202300045030";"155 600 648";"A01";"1";"1";"0";"2";"1";"1";"5";""
"202300045031";"155 600 645";"B01";"2";"7";"0";"2";"3";"9";"1";""
"202300045031";"155 600 646";"A01";"1";"33";"0";"2";"1";"1";"1";""
"202300045032";"155 600 644";"A01";"1";"1";"0";"1";"1";"1";"5";""
"202300045033";"155 600 642";"A01";"1";"7";"0";"2";"1";"1";"1";""
"202300045033";"155 600 643";"B01";"1";"1";"0";"2";"4";"1";"5";""
"202300045034";"155 600 640";"B01";"1";"1";"0";"2";"4";"1";"5";""
"202300045034";"155 600 641";"A01";"1";"43";"0";"2";"1";"1";"1";""
"202300045035";"155 600 638";"B01";"2";"7";"0";"2";"0";"1";"1";""
"202300045035";"155 600 639";"A01";"1";"1";"0";"2";"1";"1";"5";""
"202300045036";"155 600 637";"A01";"1";"32";"0";"0";"4";"21";"1";""
"202300045037";"155 600 635";"A01";"3";"80";"0";"2";"1";"1";"3";""
"202300045037";"155 600 636";"B01";"3";"50";"0";"2";"1";"1";"3";""
"202300045038";"155 600 633";"B01";"0";"1";"0";"2";"2";"15";"5";""
"202300045038";"155 600 634";"A01";"0";"31";"0";"2";"3";"17";"3";""
"202300045039";"155 600 632";"A01";"3";"1";"0";"0";"0";"1";"5";""
"202300045040";"155 600 631";"A01";"3";"2";"8";"0";"2";"13";"3";""
"202300045041";"155 600 629";"A01";"1";"1";"0";"2";"8";"19";"5";""
"202300045041";"155 600 630";"B01";"1";"50";"0";"2";"1";"1";"3";""
"202300045042";"155 600 625";"A01";"1";"7";"0";"2";"2";"16";"1";""
"202300045042";"155 600 626";"B01";"1";"50";"0";"2";"8";"2";"3";""
"202300045043";"155 600 623";"A01";"3";"10";"0";"2";"1";"16";"1";""
"202300045043";"155 600 624";"B01";"3";"14";"0";"2";"4";"2";"1";""
"202300045044";"155 600 621";"A01";"2";"7";"0";"2";"1";"1";"0";""
"202300045044";"155 600 622";"B01";"2";"7";"0";"2";"4";"1";"0";""
"202300045045";"155 600 619";"B01";"3";"7";"0";"2";"1";"1";"1";""
"202300045045";"155 600 620";"A01";"2";"7";"0";"2";"7";"1";"0";""
"202300045046";"155 600 618";"A01";"3";"13";"0";"1";"0";"26";"1";""
"202300045047";"155 600 616";"A01";"1";"7";"0";"2";"2";"16";"0";""
"202300045047";"155 600 617";"B01";"1";"50";"0";"2";"1";"1";"3";""
"202300045048";"155 600 614";"B01";"1";"7";"0";"2";"3";"15";"1";""
"202300045048";"155 600 615";"A01";"2";"33";"0";"2";"1";"1";"1";""
"202300045049";"155 600 613";"A01";"2";"7";"8";"0";"8";"0";"1";""
"202300045050";"155 600 611";"A01";"0";"10";"0";"2";"0";"0";"0";""
"202300045050";"155 600 612";"B01";"0";"60";"0";"2";"0";"0";"5";""
"202300045051";"155 600 609";"B01";"2";"7";"0";"2";"6";"23";"3";""
"202300045051";"155 600 610";"A01";"2";"43";"0";"2";"1";"1";"1";""
"202300045052";"155 600 608";"A01";" -1";"7";" -1";"1";" -1";"0";" -1";""
"202300045053";"155 600 606";"A01";"0";"7";"0";"2";"0";"0";"1";""
"202300045053";"155 600 607";"B01";"0";"1";"0";"2";"0";"0";"5";""
"202300045054";"155 600 605";"A01";"1";"7";"0";"1";"2";"2";"1";""
"202300045055";"155 600 603";"A01";"3";"33";"0";"2";"3";"11";"1";""
"202300045055";"155 600 604";"B01";"3";"7";"0";"2";"6";"0";"0";""
"202300045056";"155 600 601";"B01";"1";"37";"15";"0";"2";"16";"0";"1"
"202300045056";"155 600 602";"A01";"1";"50";"15";"2";"8";"18";"3";""
"202300045057";"155 600 599";"A01";"1";"99";"0";"2";"2";"9";"3";""
"202300045057";"155 600 600";"B01";"1";"37";"0";"2";"2";"0";"0";"1"
"202300045058";"155 600 597";"A01";"1";"7";"0";"2";"3";"10";"1";""
"202300045058";"155 600 598";"B01";"2";"1";"0";"2";"1";"1";"5";""
"202300045059";"155 600 595";"B01";"1";"43";"0";"2";"1";"1";"1";""
"202300045059";"155 600 596";"A01";"3";"10";"0";"2";"6";"19";"1";""
"202300045060";"155 600 593";"A01";"1";"33";"0";"2";"1";"1";"1";""
"202300045060";"155 600 594";"B01";"1";"7";"0";"2";"8";"15";"1";""
"202300045061";"155 600 591";"A01";"1";"7";"0";"2";"3";"1";"0";""
"202300045061";"155 600 592";"B01";"2";"2";"0";"2";"1";"13";"0";""
"202300045062";"155 600 589";"B01";"1";"7";"0";"0";"1";"1";"1";""
"202300045062";"155 600 590";"A01";"2";"7";"0";"0";"7";"1";"1";""
"202300045063";"155 600 587";"A01";"1";"7";"0";"2";"1";"2";"1";""
"202300045063";"155 600 588";"B01";"1";"15";"0";"0";"4";"1";"1";""
"202300045064";"155 600 585";"A01";"1";"2";"0";"2";"1";"19";"1";""
"202300045064";"155 600 586";"B01";"1";"7";"0";"2";"3";"1";"1";""
"202300045065";"155 600 583";"A01";"2";"7";"0";"2";"6";"10";"1";""
"202300045065";"155 600 584";"B01";"2";"43";"0";"2";"1";"1";"1";""
"202300045066";"155 600 582";"A01";"3";"2";"12";"0";"1";"0";"1";""
"202300045067";"155 600 581";"A01";"1";"7";"13";"0";"3";"0";"1";""
"202300045068";"155 600 580";"A01";"1";"7";"4";"9";"9";"1";"1";""
"202300045069";"155 600 579";"A01";"3";"7";"2";"0";"1";"1";"1";""
"202300045070";"155 600 578";"A01";"1";"31";"0";"0";"0";"1";"1";""
"202300045071";"155 600 577";"A01";"1";"7";"1";"0";"1";"1";"1";""
"202300045072";"155 600 576";"A01";"2";"7";"0";"1";"4";"4";"1";""
"202300045073";"155 600 575";"A01";"0";"10";"0";"1";"7";"1";"0";""
"202300045074";"155 600 574";"A01";"1";"7";"2";"0";"1";"1";"1";""
"202300045075";"155 600 573";"A01";"1";"33";"0";"0";"0";"1";"1";""
"202300045076";"155 600 571";"A01";"2";"7";"0";"2";"3";"13";"1";""
"202300045076";"155 600 572";"B01";"1";"7";"0";"2";"3";"1";"1";""
"202300045077";"155 600 570";"A01";"3";"1";"0";"0";"0";"1";"5";""
"202300045078";"155 600 568";"A01";"1";"7";"0";"2";"2";"15";"1";""
"202300045078";"155 600 569";"B01";"1";"2";"0";"2";"1";"1";"1";""
"202300045079";"155 600 566";"A01";"2";"7";"0";"2";"7";"1";"1";""
"202300045079";"155 600 567";"B01";"2";"7";"0";"2";"1";"1";"1";""
"202300045080";"155 600 564";"A01";"1";"7";"0";"2";"3";"1";"1";""
"202300045080";"155 600 565";"B01";"2";"10";"0";"2";"3";"1";"1";""
"202300045081";"155 600 562";"B01";"1";"7";"0";"2";"1";"1";"1";""
"202300045081";"155 600 563";"A01";"1";"7";"0";"2";"1";"1";"1";""
"202300045082";"155 600 557";"C01";"1";"7";"0";"2";"1";"1";"1";""
"202300045082";"155 600 558";"B01";"1";"7";"0";"2";"1";"1";"1";""
"202300045082";"155 600 559";"A01";"2";"7";"0";"2";"1";"13";"1";""
"202300045083";"155 600 555";"A01";"3";"7";"0";"2";"4";"2";"1";""
"202300045083";"155 600 556";"B01";"3";"33";"0";"2";"1";"2";"1";""
"202300045084";"155 600 554";"A01";"1";"7";"13";"0";"8";"1";"1";""
"202300045085";"155 600 552";"A01";"2";"7";"0";"2";"2";"1";"1";""
"202300045085";"155 600 553";"B01";"1";"30";"0";"2";"2";"21";"1";""
"202300045086";"155 600 551";"A01";"2";"2";"0";"0";"0";"1";"1";""
"202300045087";"155 600 550";"A01";"1";"33";"6";"0";"1";"1";"1";""
"202300045088";"155 600 549";"A01";"1";"33";"13";"0";"2";"1";"1";""
"202300045089";"155 600 545";"A01";"2";"7";"0";"2";"1";"13";"1";""
"202300045089";"155 600 546";"B01";"1";"7";"0";"2";"2";"1";"1";""
"202300045090";"155 600 543";"A01";"1";"7";"0";"2";"2";"21";"1";""
"202300045090";"155 600 544";"B01";"1";"2";"0";"2";"8";"15";"1";""
"202300045091";"155 600 541";"A01";"1";"7";"8";"2";"3";"1";"1";""
"202300045091";"155 600 542";"B01";"2";"7";"0";"2";"3";"1";"1";""
"202300045092";"155 600 539";"A01";"1";"1";"0";"2";"2";"2";"5";""
"202300045092";"155 600 540";"B01";"1";"1";"0";"2";"3";"2";"5";""
"202300045093";"155 600 537";"A01";"1";"21";"0";"2";"7";"17";"1";""
"202300045093";"155 600 538";"B01";"1";"80";"0";"2";"8";"1";"3";""
"202300045094";"155 600 536";"A01";"1";"2";"0";"0";"2";"1";"1";""
"202300045095";"155 600 534";"A01";"1";"50";"0";"2";"1";"5";"3";""
"202300045095";"155 600 535";"B01";"2";"7";"0";"2";"2";"9";"1";""
"202300045096";"155 600 532";"A01";"2";"10";"0";"2";"3";"10";"1";""
"202300045096";"155 600 533";"B01";"2";"10";"0";"2";"1";"1";"1";""
"202300045097";"155 600 531";"A01";"1";"80";"15";"0";"0";"2";"3";""
"202300045098";"155 600 527";"A01";"3";"17";"0";"4";"7";"26";"1";""
"202300045098";"155 600 528";"B01";"0";"39";"1";"2";"1";"26";"0";""
"202300045099";"155 600 526";"A01";"2";"15";"17";"0";"2";"1";"1";""
"202300045100";"155 600 522";"D01";"2";"7";"0";"2";"1";"1";"1";""
"202300045100";"155 600 523";"C01";"2";"7";"0";"2";"6";"23";"1";""
"202300045100";"155 600 524";"A01";"2";"17";"0";"2";"8";"23";"1";""
"202300045100";"155 600 525";"B01";"2";"7";"0";"2";"4";"23";"1";""
"202300045101";"155 600 520";"A01";"2";"7";"0";"0";"4";"2";"1";""
"202300045101";"155 600 521";"B01";"2";"7";"0";"2";"1";"2";"1";""
"202300045102";"155 600 519";"A01";"1";"33";"0";"0";"6";"1";"1";""
"202300045103";"155 600 517";"A01";"1";"7";"0";"2";"1";"5";"1";""
"202300045103";"155 600 518";"B01";"2";"99";"0";"2";"1";"1";"1";""
"202300045104";"155 600 515";"A01";"2";"7";"0";"2";"1";"1";"1";""
"202300045104";"155 600 516";"B01";"1";"7";"0";"2";"3";"1";"1";""
"202300045105";"155 600 514";"A01";"2";"7";"2";"0";"3";"13";"1";""
"202300045106";"155 600 513";"A01";"1";"33";"0";"0";"0";"1";"1";""
"202300045107";"155 600 512";"A01";"3";"7";"0";"1";"1";"1";"1";""
"202300045108";"155 600 511";"A01";"3";"33";"12";"0";"9";"16";"1";""
"202300045109";"155 600 509";"A01";"0";"14";"6";"2";"3";"1";"1";""
"202300045109";"155 600 510";"B01";"3";"30";"0";"2";"7";"9";"1";""
"202300045110";"155 600 507";"A01";"1";"7";"0";"2";"1";"5";"1";""
"202300045110";"155 600 508";"B01";"2";"33";"0";"2";"1";"1";"1";""
"202300045111";"155 600 505";"A01";"1";"7";"0";"2";"0";"10";"1";""
"202300045111";"155 600 506";"B01";"2";"80";"15";"2";"0";"1";"3";""
"202300045112";"155 600 503";"A01";"1";"33";"0";"2";"7";"17";"1";""
"202300045112";"155 600 504";"B01";"1";"7";"0";"2";"8";"1";"1";""
"202300045113";"155 600 500";"B01";"2";"7";"0";"2";"6";"1";"1";""
"202300045113";"155 600 501";"C01";"2";"7";"0";"2";"1";"1";"1";""
"202300045113";"155 600 502";"A01";"1";"7";"0";"2";"1";"1";"1";""
"202300045114";"155 600 498";"A01";"1";"7";"0";"2";"3";"2";"2";""
"202300045114";"155 600 499";"B01";"1";"7";"0";"2";"2";"1";"1";""
"202300045115";"155 600 495";"C01";"1";"7";"0";"2";"4";"2";"1";""
"202300045115";"155 600 496";"A01";"1";"7";"0";"2";"1";"2";"1";""
"202300045115";"155 600 497";"B01";"1";"7";"0";"2";"4";"2";"1";""
"202300045116";"155 600 493";"A01";"2";"7";"0";"2";"1";"1";"1";""
"202300045116";"155 600 494";"B01";"2";"7";"0";"2";"4";"1";"2";""
"202300045117";"155 600 491";"A01";"2";"33";"0";"2";"1";"3";"1";""
"202300045117";"155 600 492";"B01";"2";"7";"0";"2";"7";"12";"1";""
"202300045118";"155 600 489";"A01";"1";"7";"0";"2";"1";"1";"0";""
"202300045118";"155 600 490";"B01";"1";"17";"0";"2";"4";"2";"0";""
"202300045119";"155 600 485";"C01";"1";"7";"0";"2";"4";"2";"1";""
"202300045119";"155 600 486";"D01";"1";"7";"0";"2";"4";"2";"1";""
"202300045119";"155 600 487";"A01";"1";"7";"0";"2";"1";"1";"1";""
"202300045119";"155 600 488";"B01";"1";"7";"0";"2";"4";"2";"1";""
"202300045120";"155 600 483";"A01";"2";"7";"1";"0";"1";"0";"0";""
"202300045120";"155 600 484";"B01";"2";"17";"0";"0";"6";"23";"0";""
"202300045121";"155 600 478";"A01";"1";"7";"0";"2";"2";"14";"1";""
"202300045121";"155 600 479";"B01";"1";"33";"0";"2";"6";"1";"1";""
"202300045121";"155 600 480";"C01";"1";"7";"0";"2";"8";"1";"1";""
"202300045121";"155 600 481";"D01";"1";"10";"0";"2";"5";"2";"1";""
"202300045121";"155 600 482";"E01";"1";"10";"0";"2";"6";"2";"1";""
"202300045122";"155 600 476";"A01";"1";"7";"0";"2";"7";"12";"1";""
"202300045122";"155 600 477";"B01";"1";"33";"0";"2";"8";"1";"1";""
"202300045123";"155 600 475";"A01";"1";"33";"15";"0";"7";"0";"1";""
"202300045124";"155 600 472";"A01";"1";"33";"0";"2";"1";"1";"1";""
"202300045124";"155 600 473";"B01";"1";"7";"0";"2";"6";"1";"1";""
"202300045124";"155 600 474";"C01";"1";"10";"0";"2";"8";"1";"1";""
"202300045125";"155 600 469";"C01";"2";"7";"0";"2";"6";"1";"1";""
"202300045125";"155 600 470";"A01";"2";"33";"0";"2";"1";"3";"1";""
"202300045125";"155 600 471";"B01";"2";"7";"0";"2";"4";"2";"1";""
"202300045126";"155 600 468";"A01";"1";"33";"3";"0";"1";"3";"1";""
"202300045127";"155 600 466";"Z01";"1";"10";"0";"2";"3";"11";"0";""
"202300045127";"155 600 467";"A01";"1";"33";"0";"2";"2";"3";"1";""
"202300045128";"155 600 464";"B01";"1";"10";"0";"2";"4";"2";"1";""
"202300045128";"155 600 465";"A01";"1";"7";"0";"2";"1";"2";"2";""
"202300045129";"155 600 463";"A01";"1";"32";"0";"2";"8";"9";"1";""
"202300045130";"155 600 462";"A01";"2";"7";"3";"0";"8";"1";"1";""
"202300045131";"155 600 461";"A01";"1";"7";"3";"9";"1";"14";"1";""
"202300045132";"155 600 458";"A01";"1";"15";"0";"2";"1";"22";"1";""
"202300045132";"155 600 459";"C01";"1";"7";"0";"2";"5";"26";"1";""
"202300045132";"155 600 460";"B01";"1";"33";"14";"2";"1";"3";"1";""
"202300045133";"155 600 457";"A01";"1";"7";"3";"0";"6";"1";"1";""
"202300045134";"155 600 455";"A01";"1";"7";"0";"2";"5";"15";"1";""
"202300045134";"155 600 456";"B01";"2";"33";"0";"2";"1";"1";"1";""
"202300045135";"155 600 453";"A01";"2";"7";"0";"2";"1";"2";"1";""
"202300045135";"155 600 454";"B01";"2";"7";"0";"2";"4";"1";"1";""
"202300045136";"155 600 451";"B01";"2";"7";"0";"2";"8";"1";"1";""
"202300045136";"155 600 452";"A01";"2";"7";"6";"2";"1";"19";"1";""
"202300045137";"155 600 450";"A01";"2";"7";"4";"0";"1";"1";"1";""
"202300045138";"155 600 447";"A01";"3";"2";"0";"2";"2";"1";"1";""
"202300045138";"155 600 448";"B01";"3";"2";"0";"2";"2";"1";"1";""
"202300045139";"155 600 446";"A01";"1";"7";"13";"0";"1";"1";"1";""
"202300045140";"155 600 445";"A01";"1";"2";"0";"0";"0";"0";"0";""
"202300045141";"155 600 442";"C01";"2";"15";"0";"0";"6";"1";"1";""
"202300045141";"155 600 443";"A01";"2";"38";"0";"2";"1";"1";"1";"19"
"202300045141";"155 600 444";"B01";"2";"10";"0";"2";"4";"1";"1";""
"202300045142";"155 600 440";"A01";"2";"7";"4";"0";"6";"2";"1";""
"202300045142";"155 600 441";"B01";"2";"7";"0";"2";"2";"0";"1";""
"202300045143";"155 600 438";"A01";"1";"2";"0";"2";"1";"5";"1";""
"202300045143";"155 600 439";"B01";"2";"7";"0";"2";"1";"1";"1";""
"202300045144";"155 600 436";"B01";"2";"33";"0";"0";"8";"1";"1";""
"202300045144";"155 600 437";"A01";"1";"10";"0";"2";"8";"1";"1";""
"202300045145";"155 600 435";"A01";"1";"7";"13";"0";"9";"14";"1";""
"202300045146";"155 600 433";"A01";"3";"2";"0";"2";"5";"1";"1";""
"202300045146";"155 600 434";"B01";"3";"7";"0";"2";"1";"1";"0";""
"202300045147";"155 600 432";"A01";"3";"7";"13";"0";"1";"1";"0";""
"202300045148";"155 600 430";"A01";"3";"7";"0";"2";"1";"5";"1";""
"202300045148";"155 600 431";"B01";"3";"7";"0";"2";"1";"1";"1";""
"202300045149";"155 600 428";"A01";"1";"33";"0";"2";"1";"17";"1";""
"202300045149";"155 600 429";"B01";"1";"7";"0";"2";"6";"15";"1";""
"202300045150";"155 600 427";"A01";"2";"10";"3";"0";"2";"1";"1";""
"202300045151";"155 600 425";"A01";"1";"7";"0";"0";"4";"15";"3";""
"202300045151";"155 600 426";"B01";"1";"7";"0";"2";"1";"2";"1";""
"202300045152";"155 600 424";"A01";"1";"7";"13";"0";"3";"13";"0";""
"202300045153";"155 600 423";"A01";"1";"7";"13";"0";"2";"1";"1";""
"202300045154";"155 600 421";"B01";"1";"7";"16";"0";"7";"21";"1";""
"202300045154";"155 600 422";"A01";"2";"7";"0";"2";"2";"13";"1";""
"202300045155";"155 600 420";"A01";"2";"10";"13";"0";"2";"1";"1";""
"202300045156";"155 600 419";"A01";"1";"7";"2";"0";"8";"14";"1";""
"202300045157";"155 600 416";"A01";"1";"7";"13";"0";"3";"1";"1";""
"202300045158";"155 600 414";"B01";"3";"7";"0";"2";"2";"15";"1";""
"202300045158";"155 600 415";"A01";"1";"7";"0";"2";"2";"1";"1";""
"202300045159";"155 600 412";"A01";"1";"7";"0";"2";"1";"0";"0";""
"202300045159";"155 600 413";"B01";"2";"7";"0";"2";"1";"0";"0";""
"202300045160";"155 600 411";"A01";"1";"7";"13";"0";"2";"1";"0";""
"202300045161";"155 600 409";"A01";"2";"7";"0";"2";"1";"13";"1";""
"202300045161";"155 600 410";"B01";"1";"7";"0";"2";"1";"1";"1";""
"202300045162";"155 600 407";"A01";"1";"10";"0";"2";"3";"1";"1";""
"202300045162";"155 600 408";"B01";"2";"2";"0";"2";"1";"13";"1";""
"202300045163";"155 600 406";"A01";"3";"7";"2";"0";"3";"1";"0";""
"202300045164";"155 600 405";"A01";"2";"1";"0";"0";"0";"0";"5";""
"202300045165";"155 600 403";"A01";"1";"2";"0";"2";"7";"1";"1";""
"202300045165";"155 600 404";"B01";"2";"7";"0";"2";"2";"14";"1";""
"202300045166";"155 600 402";"A01";"2";"10";"2";"0";"9";"21";"1";""
"202300045167";"155 600 400";"A01";"2";"7";"0";"2";"3";"13";"1";""
"202300045167";"155 600 401";"B01";"1";"14";"6";"2";"3";"1";"1";""
"202300045168";"155 600 398";"A01";"3";"2";"0";"2";"8";"0";"1";""
"202300045168";"155 600 399";"B01";"3";"14";"0";"2";"1";"0";"1";""
"202300045169";"155 600 397";"A01";"1";"33";"13";"0";"1";"1";"1";""
"202300045170";"155 600 394";"A01";"1";"7";"13";"0";"7";"1";"0";""
"202300045171";"155 600 393";"A01";"2";"33";"0";"0";"1";"1";"1";""
"202300045172";"155 600 389";"C01";"1";"7";"0";"2";"4";"23";"1";""
"202300045172";"155 600 390";"B01";"2";"7";"0";"2";"2";"21";"1";""
"202300045172";"155 600 391";"D01";"1";"7";"0";"2";"1";"1";"1";""
"202300045172";"155 600 392";"A01";"2";"7";"0";"2";"3";"10";"1";""
"202300045173";"155 600 387";"A01";"1";"2";"0";"2";"1";"17";"1";""
"202300045173";"155 600 388";"B01";"2";"2";"0";"2";"1";"1";"1";""
"202300045174";"155 600 386";"A01";"1";"7";"15";"0";"2";"1";"1";""
"202300045175";"155 600 383";"A01";"2";"13";"0";"2";"4";"1";"1";""
"202300045175";"155 600 384";"B01";"2";"7";"0";"2";"1";"2";"1";""
"202300045175";"155 600 385";"C01";"2";"7";"0";"2";"1";"12";"1";""
"202300045176";"155 600 381";"A01";"1";"7";"0";"2";"2";"0";"1";""
"202300045176";"155 600 382";"B01";"1";"7";"0";"0";"6";"0";"1";""
"202300045177";"155 600 380";"A01";"2";"33";"0";"0";"7";"1";"1";""
"202300045178";"155 600 379";"A01";"3";"2";"13";"0";"7";"21";"1";""
"202300045179";"155 600 377";"A01";"1";"7";"0";"2";"2";"1";"1";""
"202300045179";"155 600 378";"B01";"2";"7";"0";"2";"8";"9";"1";""
"202300045180";"155 600 376";"A01";"2";"33";"0";"0";"9";"1";"1";""
"202300045181";"155 600 375";"A01";"2";"7";"2";"0";"1";"17";"1";""
"202300045182";"155 600 374";"A01";"1";"7";"13";"0";"3";"0";"1";""
"202300045183";"155 600 373";"A01";"1";"7";"0";"0";"0";"1";"1";""
"202300045184";"155 600 372";"A01";"1";"33";"12";"0";"8";"1";"1";""
"202300045185";"155 600 370";"A01";"1";"7";"3";"2";"3";"1";"1";""
"202300045185";"155 600 371";"B01";"2";"7";"3";"2";"3";"1";"1";""
"202300045186";"155 600 368";"A01";"1";"7";"0";"2";"1";"0";"0";""
"202300045186";"155 600 369";"B01";"1";"80";"0";"2";"4";"2";"3";""