"Num_Acc";"id_vehicule";"num_veh";"senc";"catv";"obs";"obsm";"choc";"manv";"motor";"occutc"
"202300045607";"155 599 630";"A01";"2";"7";"2";"0";"1";"13";"1";""
"202300045608";"155 599 629";"A01";"3";"10";"0";"2";"7";"1";"0";""
"202300045608";"155 599 631";"B01";"3";"37";"0";"2";"1";"1";"1";"2"
"202300045609";"155 599 626";"A01";"1";"2";"0";"2";"1";"2";"1";""
"202300045609";"155 599 627";"B01";"1";"7";"0";"2";"6";"1";"1";""
"202300045610";"155 599 625";"A01";"2";"7";"0";"2";"1";"26";"1";""
"202300045610";"155 599 628";"B01";"1";"1";"0";"2";"8";"26";"5";""
"202300045611";"155 599 623";"A01";"2";"7";"0";"2";"7";"12";"1";""
"202300045611";"155 599 624";"B01";"2";"80";"0";"2";"1";"1";"3";""
"202300045612";"155 599 621";"A01";"1";"1";"0";"2";"1";"5";"5";""
"202300045612";"155 599 622";"B01";"2";"10";"0";"2";"1";"1";"1";""
"202300045613";"155 599 620";"A01";"2";"1";"0";"0";"0";"23";"5";""
"202300045614";"155 599 618";"A01";"2";"43";"13";"0";"7";"1";"1";""
"202300045615";"155 599 617";"B01";"1";"7";"0";"2";"2";"1";"1";""
"202300045615";"155 599 619";"A01";"1";"1";"0";"2";"1";"15";"5";""
"202300045616";"155 599 616";"A01";"1";"7";"2";"0";"7";"14";"1";""
"202300045617";"155 599 614";"A01";"0";"7";"0";"6";"0";"21";"1";""
"202300045618";"155 599 613";"A01";"1";"7";"0";"2";"2";"9";"1";""
"202300045618";"155 599 615";"B01";"1";"33";"0";"2";"3";"1";"1";""
"202300045619";"155 599 612";"A01";"1";"7";"13";"0";"2";"14";"1";""
"202300045620";"155 599 610";"B01";"3";"33";"0";"2";"1";"1";"1";""
"202300045620";"155 599 611";"A01";"3";"7";"0";"2";"7";"15";"1";""
"202300045621";"155 599 607";"A01";"2";"7";"1";"2";"2";"14";"1";""
"202300045621";"155 599 608";"B01";"2";"7";"1";"2";"6";"0";"0";""
"202300045622";"155 599 606";"A01";"1";"7";"1";"0";"2";"1";"6";""
"202300045622";"155 599 609";"B01";"1";"17";"0";"0";"6";"24";"1";""
"202300045623";"155 599 605";"A01";"1";"7";"0";"1";"1";"15";"6";""
"202300045624";"155 599 603";"A01";"2";"33";"0";"2";"1";"17";"0";""
"202300045624";"155 599 604";"B01";"1";"7";"0";"2";"3";"1";"0";""
"202300045625";"155 599 602";"A01";"2";"7";"6";"0";"8";"1";"1";""
"202300045626";"155 599 599";"A01";"2";"33";"4";"0";"8";"21";"1";""
"202300045627";"155 599 600";"A01";"0";"1";"0";"2";"1";"1";"5";""
"202300045627";"155 599 601";"B01";"0";"10";"0";"2";"4";"1";"1";""
"202300045628";"155 599 597";"A01";"2";"7";"0";"0";"5";"15";"1";""
"202300045628";"155 599 598";"B01";"2";"7";"0";"2";"3";"2";"1";""
"202300045629";"155 599 595";"A01";"2";"7";"2";"0";"1";"1";"1";""
"202300045630";"155 599 596";"A01";"1";"34";"0";"1";"2";"17";"1";""
"202300045631";"155 599 594";"A01";"0";"2";"6";"0";"1";"0";"1";""
"202300045632";"155 599 593";"A01";"3";"7";"0";"1";"8";"1";"1";""
"202300045633";"155 599 592";"A01";"1";"7";"12";"0";"3";"1";"1";""
"202300045634";"155 599 590";"A01";"1";"7";"0";"1";"1";"1";"1";""
"202300045635";"155 599 591";"A01";"3";"13";"1";"1";"1";"1";"0";""
"202300045636";"155 599 588";"A01";"1";"7";"0";"2";"3";"19";"1";""
"202300045636";"155 599 589";"B01";"1";"33";"0";"2";"1";"1";"1";""
"202300045637";"155 599 586";"A01";"1";"7";"0";"2";"7";"1";"1";""
"202300045637";"155 599 587";"B01";"1";"7";"0";"2";"1";"1";"1";""
"202300045638";"155 599 585";"A01";"2";"7";"0";"0";"1";"1";"1";""
"202300045639";"155 599 582";"B01";"1";"33";"0";"2";"1";"1";"1";""
"202300045639";"155 599 584";"A01";"2";"7";"0";"2";"3";"9";"1";""
"202300045640";"155 599 581";"A01";"1";"7";"0";"2";"0";"14";"0";""
"202300045640";"155 599 583";"B01";"1";"33";"0";"2";"1";"1";"0";""
"202300045641";"155 599 579";"A01";"1";"13";"3";"0";"2";"1";"1";""
"202300045642";"155 599 578";"A01";"2";"7";"13";"0";"6";"21";"1";""
"202300045643";"155 599 574";"B01";"2";"7";"1";"2";"3";"9";"1";""
"202300045643";"155 599 576";"A01";"2";"7";"0";"2";"2";"1";"1";""
"202300045644";"155 599 575";"A01";"3";"33";"0";"2";"1";"1";"1";""
"202300045644";"155 599 577";"B01";"3";"7";"0";"2";"3";"15";"1";""
"202300045645";"155 599 573";"A01";"1";"7";"0";"1";"7";"1";"2";""
"202300045646";"155 599 570";"A01";"3";"50";"0";"0";"0";"1";"3";""
"202300045647";"155 599 568";"A01";"3";"7";"0";"1";"2";"1";"1";""
"202300045648";"155 599 569";"A01";"2";"7";"0";"2";"1";"2";"1";""
"202300045648";"155 599 571";"B01";"2";"15";"0";"2";"4";"1";"1";""
"202300045648";"155 599 572";"C01";"2";"10";"14";"0";"3";"2";"1";""
"202300045649";"155 599 566";"B01";"3";"43";"0";"2";"1";"1";"1";""
"202300045649";"155 599 567";"A01";"3";"7";"0";"2";"8";"10";"1";""
"202300045650";"155 599 564";"A01";"2";"7";"0";"2";"1";"15";"1";""
"202300045651";"155 599 563";"B01";"3";"30";"0";"2";"7";"1";"1";""
"202300045651";"155 599 565";"A01";"0";"7";"0";"2";"3";"11";"1";""
"202300045652";"155 599 559";"A01";"3";"7";"0";"2";"1";"1";"1";""
"202300045652";"155 599 561";"B01";"3";"2";"0";"2";"4";"1";"1";""
"202300045652";"155 599 562";"C01";"3";"7";"0";"2";"1";"1";"1";""
"202300045653";"155 599 558";"A01";"2";"7";"0";"2";"3";"1";"1";""
"202300045653";"155 599 560";"B01";"1";"7";"0";"2";"3";"1";"1";""
"202300045654";"155 599 556";"B01";"2";"32";"0";"2";"1";"1";"1";""
"202300045654";"155 599 557";"A01";"1";"7";"0";"2";"3";"0";"1";""
"202300045655";"155 599 554";"A01";"3";"80";"0";"2";"2";"16";"3";""
"202300045655";"155 599 555";"Z01";"3";"30";"0";"0";"0";"16";"0";""
"202300045656";"155 599 553";"A01";"3";"7";"6";"0";"2";"1";"1";""
"202300045657";"155 599 551";"A01";"0";"7";"0";"9";"5";"1";"1";""
"202300045657";"155 599 552";"B01";"0";"33";"0";"2";"3";"11";"1";""
"202300045658";"155 599 548";"B01";"2";"2";"0";"2";"1";"1";"1";""
"202300045658";"155 599 549";"A01";"2";"7";"0";"2";"2";"15";"1";""
"202300045659";"155 599 547";"A01";"1";"7";"12";"0";"1";"1";"1";""
"202300045660";"155 599 546";"A01";"2";"7";"1";"0";"1";"1";"1";""
"202300045661";"155 599 542";"B01";"1";"7";"0";"2";"1";"1";"1";""
"202300045661";"155 599 544";"A01";"1";"7";"0";"2";"4";"1";"1";""
"202300045662";"155 599 543";"B01";"1";"7";"0";"2";"1";"0";"1";""
"202300045662";"155 599 545";"A01";"1";"7";"0";"2";"6";"1";"0";""
"202300045663";"155 599 538";"A01";"1";"33";"0";"2";"1";"17";"1";""
"202300045663";"155 599 540";"B01";"1";"7";"0";"2";"3";"15";"1";""
"202300045664";"155 599 539";"A01";"1";"33";"8";"0";"0";"5";"1";""
"202300045665";"155 599 534";"A01";"1";"7";"0";"2";"3";"13";"1";""
"202300045665";"155 599 537";"B01";"2";"17";"0";"2";"3";"1";"1";""
"202300045665";"155 599 541";"C01";"1";"7";"0";"2";"1";"1";"1";""
"202300045666";"155 599 533";"A01";"3";"7";"0";"2";"3";"15";"1";""
"202300045666";"155 599 536";"B01";"3";"31";"0";"2";"1";"1";"1";""
"202300045667";"155 599 532";"A01";"0";"7";"1";"2";"7";"19";"0";""
"202300045667";"155 599 535";"B01";"0";"7";"6";"2";"1";"1";"1";""
"202300045668";"155 599 526";"B01";"1";"13";"0";"2";"5";"15";"1";""
"202300045668";"155 599 529";"A01";"2";"30";"0";"2";"1";"1";"1";""
"202300045669";"155 599 527";"B01";"1";"1";"0";"2";"7";"1";"5";""
"202300045669";"155 599 531";"A01";"1";"7";"0";"2";"3";"1";"1";""
"202300045670";"155 599 528";"B01";"0";"35";"0";"2";"1";"9";"1";""
"202300045670";"155 599 530";"A01";"0";"7";"0";"0";"7";"1";"1";""
"202300045671";"155 599 524";"A01";"2";"10";"0";"1";"2";"15";"1";""
"202300045672";"155 599 523";"A01";"1";"1";"0";"2";"7";"0";"5";""
"202300045672";"155 599 525";"B01";"2";"7";"0";"2";"3";"0";"1";""
"202300045673";"155 599 520";"A01";"2";"7";"2";"0";"3";"14";"1";""
"202300045674";"155 599 517";"A01";"2";"7";"14";"0";"1";"1";"1";""
"202300045674";"155 599 518";"C01";"2";"7";"0";"2";"0";"0";"1";""
"202300045674";"155 599 521";"B01";"2";"31";"0";"2";"0";"0";"0";""
"202300045675";"155 599 519";"B01";"0";"7";"0";"9";"8";"1";"1";""
"202300045675";"155 599 522";"A01";"2";"80";"0";"2";"1";"1";"3";""
"202300045676";"155 599 516";"A01";"2";"7";"2";"0";"8";"0";"1";""
"202300045677";"155 599 515";"A01";"1";"7";"0";"1";"2";"1";"1";""
"202300045678";"155 599 512";"A01";"0";"7";"0";"2";"2";"1";"0";""
"202300045679";"155 599 511";"B01";"1";"7";"0";"2";"2";"1";"1";""
"202300045679";"155 599 513";"A01";"2";"7";"0";"2";"2";"1";"1";""
"202300045680";"155 599 510";"B01";"1";"2";"0";"2";"1";"1";"1";""
"202300045680";"155 599 514";"A01";"2";"10";"0";"2";"2";"15";"1";""
"202300045681";"155 599 508";"A01";"2";"50";"0";"0";"0";"25";"3";""
"202300045682";"155 599 509";"A01";"1";"31";"0";"0";"0";"1";"1";""
"202300045683";"155 599 507";"A01";"0";"33";"9";"0";"1";"5";"1";""
"202300045684";"155 599 504";"B01";"1";"30";"0";"9";"1";"21";"1";""
"202300045684";"155 599 506";"A01";"1";"99";"1";"0";"7";"26";"0";""
"202300045685";"155 599 503";"B01";"2";"10";"0";"2";"3";"1";"1";""
"202300045685";"155 599 505";"A01";"1";"7";"0";"2";"3";"1";"1";""
"202300045686";"155 599 500";"A01";"1";"7";"0";"2";"1";"1";"1";""
"202300045686";"155 599 502";"B01";"2";"7";"0";"2";"1";"1";"1";""
"202300045687";"155 599 497";"B01";"2";"7";"0";"2";"5";"1";"1";""
"202300045687";"155 599 499";"C01";"2";"7";"0";"2";"4";"1";"1";""
"202300045687";"155 599 501";"A01";"2";"10";"0";"2";"3";"1";"1";""
"202300045688";"155 599 498";"A01";"2";"7";"0";"1";"2";"16";"0";""
"202300045689";"155 599 495";"A01";"1";"33";"6";"0";"7";"2";"1";""
"202300045690";"155 599 494";"A01";"3";"33";"0";"0";"7";"1";"1";""
"202300045691";"155 599 493";"A01";"2";"15";"0";"2";"1";"1";"1";""
"202300045691";"155 599 496";"B01";"2";"7";"14";"2";"4";"1";"1";""
"202300045692";"155 599 490";"B01";"2";"7";"0";"2";"3";"15";"1";""
"202300045692";"155 599 492";"A01";"1";"16";"0";"2";"2";"1";"1";""
"202300045693";"155 599 488";"A01";"2";"17";"0";"1";"1";"1";"1";""
"202300045694";"155 599 487";"A01";"1";"7";"6";"0";"1";"14";"1";""
"202300045695";"155 599 484";"A01";"2";"33";"0";"2";"3";"17";"1";""
"202300045695";"155 599 485";"B01";"1";"7";"0";"2";"3";"1";"1";""
"202300045696";"155 599 482";"B01";"1";"7";"13";"2";"3";"1";"1";""
"202300045696";"155 599 486";"A01";"3";"7";"13";"2";"7";"15";"1";""
"202300045697";"155 599 478";"B01";"2";"7";"0";"2";"1";"1";"1";""
"202300045697";"155 599 480";"A01";"1";"7";"0";"2";"2";"19";"1";""
"202300045698";"155 599 481";"B01";"2";"7";"0";"2";"3";"1";"1";""
"202300045698";"155 599 483";"A01";"1";"10";"0";"2";"3";"1";"1";""
"202300045699";"155 599 476";"A01";"1";"7";"13";"0";"2";"1";"1";""
"202300045700";"155 599 477";"B01";"2";"7";"0";"2";"1";"1";"1";""
"202300045700";"155 599 479";"A01";"1";"7";"13";"2";"2";"5";"1";""
"202300045701";"155 599 470";"B01";"2";"7";"0";"2";"1";"1";"0";""
"202300045701";"155 599 473";"A01";"1";"7";"0";"2";"1";"1";"1";""
"202300045702";"155 599 474";"B01";"2";"1";"0";"2";"4";"1";"5";""
"202300045702";"155 599 475";"A01";"2";"7";"0";"9";"1";"2";"1";""
"202300045703";"155 599 469";"A01";"2";"7";"3";"2";"8";"18";"1";""
"202300045703";"155 599 471";"B01";"2";"7";"0";"2";"2";"1";"1";""
"202300045703";"155 599 472";"C01";"2";"7";"0";"2";"1";"1";"1";""
"202300045704";"155 599 468";"A01";"1";"33";"12";"0";"1";"1";"1";""
"202300045705";"155 599 465";"A01";"2";"7";"4";"0";"3";"0";"1";""
"202300045706";"155 599 466";"A01";"0";"7";"0";"2";"1";"15";"0";""
"202300045706";"155 599 467";"B01";"0";"2";"0";"2";"1";"1";"0";""
"202300045707";"155 599 461";"B01";"1";"32";"0";"0";"5";"1";"1";""
"202300045707";"155 599 463";"A01";"1";"10";"0";"2";"1";"1";"1";""
"202300045708";"155 599 460";"A01";"2";"7";"0";"2";"7";"12";"1";""
"202300045708";"155 599 462";"B01";"2";"33";"0";"2";"8";"1";"1";""
"202300045709";"155 599 459";"B01";"3";"7";"0";"2";"6";"1";"1";""
"202300045709";"155 599 464";"A01";"1";"32";"0";"2";"1";"1";"1";""
"202300045710";"155 599 458";"A01";"1";"43";"3";"0";"3";"1";"1";""
"202300045711";"155 599 457";"A01";"1";"10";"0";"1";"3";"21";"1";""
"202300045712";"155 599 454";"A01";"3";"2";"0";"2";"8";"15";"1";""
"202300045712";"155 599 456";"B01";"1";"7";"0";"2";"1";"1";"1";""
"202300045713";"155 599 455";"A01";"0";"7";"0";"2";"2";"17";"1";""
"202300045714";"155 599 452";"A01";"0";"1";"0";"2";"1";"1";"5";""
"202300045714";"155 599 453";"B01";"0";"7";"0";"2";"3";"1";"1";""
"202300045715";"155 599 449";"A01";"1";"1";"0";"2";"1";"1";"5";""
"202300045715";"155 599 451";"B01";"1";"7";"0";"2";"7";"17";" -1";""
"202300045716";"155 599 448";"B01";"2";"7";"4";"2";"8";"1";"1";""
"202300045716";"155 599 450";"A01";"2";"7";"0";"2";"2";"1";"1";""
"202300045717";"155 599 445";"A01";"2";"33";"0";"2";"8";"17";"1";""
"202300045717";"155 599 446";"B01";"2";"7";"0";"2";"7";"17";"1";""
"202300045718";"155 599 444";"A01";"1";"7";"3";"0";"1";"14";"1";""
"202300045719";"155 599 439";"C01";"2";"7";"0";"2";"1";"1";"1";""
"202300045719";"155 599 443";"A01";"1";"7";"0";"2";"3";"1";"1";""
"202300045719";"155 599 447";"B01";"1";"7";"0";"2";"3";"17";"1";""
"202300045720";"155 599 438";"A01";"1";"7";"0";" -1";" -1";" -1";" -1";""
"202300045720";"155 599 440";"B01";"1";"32";"1";"0";"2";"3";"1";""
"202300045720";"155 599 441";"C01";"1";"7";"0";"2";"5";"23";"1";""
"202300045720";"155 599 442";"D01";"1";"7";"0";"0";"2";"23";"1";""
"202300045721";"155 599 434";"A01";"0";"36";"15";"0";"1";"1";"1";""
"202300045722";"155 599 433";"A01";"2";"7";"0";"2";"1";"1";"1";""
"202300045722";"155 599 436";"B01";"1";"7";"0";"2";"1";"6";"1";""
"202300045723";"155 599 432";"B01";"2";"7";"0";"2";"4";"2";"1";""
"202300045723";"155 599 435";"A01";"2";"7";"0";"2";"4";"2";"1";""
"202300045723";"155 599 437";"C01";"2";"10";"0";"2";"1";"2";"1";""
"202300045724";"155 599 430";"A01";"1";"1";"1";"0";"1";"1";"5";""
"202300045724";"155 599 431";"B01";"1";"7";"0";"0";"4";"23";"0";""
"202300045725";"155 599 426";"A01";"1";"7";"0";"2";"1";"2";"1";""
"202300045725";"155 599 428";"B01";"1";"10";"0";"2";"4";"2";"1";""
"202300045726";"155 599 427";"B01";"1";"2";"0";"0";"7";"1";"0";""
"202300045726";"155 599 429";"A01";"2";"10";"0";"2";"2";"15";"0";""
"202300045727";"155 599 424";"B01";"2";"15";"0";"2";"8";"1";"1";""
"202300045727";"155 599 425";"A01";"1";"7";"0";"2";"7";"1";"0";""
"202300045728";"155 599 422";"B01";"2";"2";"0";"0";"9";"17";"0";""
"202300045729";"155 599 418";"A01";"2";"7";"4";"0";"1";"1";"3";""
"202300045730";"155 599 420";"B01";"2";"33";"0";"2";"1";"3";"1";""
"202300045730";"155 599 423";"A01";"2";"7";"0";"2";"4";"13";"1";""
"202300045731";"155 599 417";"B01";"2";"7";"0";"2";"3";"15";"1";""
"202300045731";"155 599 421";"A01";"2";"50";"0";"2";"1";"17";"3";""
"202300045732";"155 599 416";"A01";"3";"7";"0";"2";"1";"15";"0";""
"202300045732";"155 599 419";"B01";"1";"7";"8";"0";"1";"1";"0";""
"202300045733";"155 599 409";"B01";"1";"7";"0";"2";"3";"1";"0";""
"202300045733";"155 599 413";"A01";"2";"33";"0";"2";"3";"1";"1";""
"202300045734";"155 599 411";"A01";"2";"32";"0";"2";"1";"3";"1";""
"202300045734";"155 599 414";"B01";"2";"15";"0";"2";"6";"1";"1";""
"202300045735";"155 599 410";"A01";"2";"7";"0";"2";"1";"14";"1";""
"202300045735";"155 599 415";"B01";"2";"14";"0";"0";"5";"0";"1";""
"202300045736";"155 599 408";"A01";"1";"7";"0";"2";"3";"15";"1";""
"202300045736";"155 599 412";"B01";"2";"33";"0";"2";"1";"1";"1";""
"202300045737";"155 599 407";"A01";"3";"7";"8";"0";"1";"14";"1";""
"202300045738";"155 599 403";"B01";"1";"10";"0";"0";"6";"0";"1";""
"202300045738";"155 599 406";"A01";"1";"7";"0";"0";"1";"0";"1";""
"202300045739";"155 599 401";"A01";"2";"2";"13";"0";"1";"1";"1";""
"202300045740";"155 599 402";"B01";"2";"1";"0";"2";"1";"5";"5";""
"202300045740";"155 599 404";"A01";"1";"7";"0";"2";"3";"9";"2";""
"202300045741";"155 599 400";"B01";"1";"33";"0";"0";"1";"1";"1";""
"202300045741";"155 599 405";"A01";"3";"7";"0";"0";"8";"9";"1";""
"202300045742";"155 599 398";"A01";"1";"7";"13";"0";"2";"1";"1";""
"202300045743";"155 599 395";"C01";"1";"7";"0";"2";"6";"2";"1";""
"202300045743";"155 599 396";"B01";"1";"7";"0";"2";"2";"2";"1";""
"202300045743";"155 599 399";"A01";"1";"43";"0";"2";"1";"3";"1";""
"202300045744";"155 599 393";"A01";" -1";"7";"16";"0";"9";"0";"1";""
"202300045745";"155 599 392";"B01";"1";"50";"0";"2";"6";"19";"3";""
"202300045745";"155 599 397";"A01";"2";"7";"0";"2";"2";"15";"1";""
"202300045746";"155 599 391";"B01";"2";"15";"0";"2";"3";"13";"1";""
"202300045746";"155 599 394";"A01";"1";"38";"0";"2";"3";"13";"1";"1"
"202300045747";"155 599 389";"A01";"1";"7";"1";"0";"1";"1";"1";""
"202300045748";"155 599 386";"A01";"1";"1";"12";"0";"1";"16";"5";""
"202300045749";"155 599 387";"A01";"1";"10";"0";"2";"4";"11";"1";""
"202300045749";"155 599 390";"B01";"1";"7";"0";"2";"4";"1";"1";""
"202300045750";"155 599 385";"B01";"1";"14";"0";"2";"8";"1";"1";""
"202300045750";"155 599 388";"A01";"2";"7";"0";"2";"1";"13";"1";""
"202300045751";"155 599 382";"A01";"1";"7";"0";"2";"8";"1";"1";""
"202300045751";"155 599 384";"B01";"1";"31";"0";"2";"3";"1";"1";""
"202300045752";"155 599 381";"A01";"2";"7";"16";"0";"9";"1";"1";""
"202300045753";"155 599 380";"A01";"2";"33";"3";"0";"3";"1";"1";""
"202300045754";"155 599 379";"A01";"2";"7";"0";"2";"8";"22";"1";""
"202300045754";"155 599 383";"B01";"2";"50";"1";"2";"2";"25";"3";""
"202300045755";"155 599 377";"A01";"2";"2";"0";"0";"9";"1";"1";""
"202300045756";"155 599 375";"A01";"2";"7";"7";"2";"7";"0";"1";""
"202300045756";"155 599 378";"B01";"2";"7";"0";"2";"8";"1";"1";""
"202300045757";"155 599 374";"A01";"2";"7";"0";"2";"1";"2";"1";""
"202300045757";"155 599 376";"B01";"2";"2";"0";"2";"4";"0";"1";""
"202300045758";"155 599 373";"A01";"0";"7";"0";"1";"0";"15";"1";""
"202300045759";"155 599 370";"A01";"1";"33";"0";"2";"1";"2";"1";""
"202300045759";"155 599 372";"B01";"1";"7";"0";"2";"4";"1";"1";""
"202300045760";"155 599 367";"A01";"1";"33";"3";"0";"8";"26";"1";""
"202300045761";"155 599 368";"B01";"0";"10";"0";"2";"3";"1";"1";""
"202300045761";"155 599 369";"A01";"3";"7";"0";"2";"2";"1";"1";""
"202300045762";"155 599 366";"A01";"0";"7";"0";"1";"3";"19";"1";""
"202300045763";"155 599 361";"A01";"2";"2";"0";"2";"1";"2";"1";""
"202300045763";"155 599 363";"B01";"2";"10";"0";"2";"4";"11";"1";""
"202300045764";"155 599 360";"B01";"1";"7";"4";"2";"6";"1";"1";""
"202300045764";"155 599 364";"A01";"1";"7";"0";"2";"2";"12";"1";""
"202300045764";"155 599 365";"C01";"1";"7";"0";"2";"5";"1";"1";""
"202300045765";"155 599 359";"A01";"3";"7";"0";"2";"7";"15";"1";""
"202300045765";"155 599 362";"B01";"2";"7";"0";"2";"1";"1";"2";""
"202300045766";"155 599 358";"A01";"3";"1";"0";"0";"0";"1";"5";""
"202300045767";"155 599 357";"A01";"1";"7";"0";"0";"9";"1";"1";""
"202300045768";"155 599 352";"A01";"1";"7";"0";"2";"1";"26";"1";""
"202300045768";"155 599 355";"B01";"1";"7";"0";"2";"6";"11";"3";""
"202300045769";"155 599 350";"C01";"2";"7";"0";"2";"5";"2";"1";""
"202300045769";"155 599 354";"A01";"2";"33";"0";"2";"1";"3";"1";""
"202300045769";"155 599 356";"B01";"2";"7";"0";"2";"6";"12";"2";""
"202300045770";"155 599 351";"A01";"1";"32";"6";"0";"1";"0";"1";""
"202300045771";"155 599 349";"A01";"1";"7";"0";"2";"8";"15";"1";""
"202300045771";"155 599 353";"B01";"1";"10";"0";"2";"1";"1";"1";""
"202300045772";"155 599 345";"A01";"3";"50";"14";"0";"0";"1";"3";""
"202300045773";"155 599 347";"A01";"2";"7";"0";"2";"1";"1";"1";""
"202300045773";"155 599 348";"B01";"2";"99";"0";"2";"4";"2";"1";""
"202300045774";"155 599 346";"A01";"2";"10";"0";"1";"1";"1";"1";""
"202300045775";"155 599 340";"A01";"1";"2";"0";"0";"0";"1";"1";""
"202300045776";"155 599 338";"A01";"1";"7";"0";"2";"3";"1";"1";""
"202300045776";"155 599 341";"B01";"1";"7";"0";"2";"4";"1";"1";""
"202300045777";"155 599 339";"A01";"1";"7";"4";"2";"1";"21";"1";""
"202300045777";"155 599 342";"B01";"1";"10";"0";"2";"0";"11";"1";""
"202300045778";"155 599 337";"B01";"2";"7";"2";"0";"0";"1";"1";""
"202300045778";"155 599 343";"A01";"2";"7";"2";"0";"0";"1";"1";""
"202300045778";"155 599 344";"C01";"2";"7";"0";"0";"0";"1";"1";""
"202300045779";"155 599 331";"A01";"1";"7";"0";"1";"2";"1";"1";""
"202300045780";"155 599 330";"A01";"3";"10";"0";"2";"3";"1";"0";""
"202300045780";"155 599 334";"B01";"3";"33";"0";"2";"2";"17";"0";""
"202300045781";"155 599 328";"A01";"1";"7";"0";"2";"1";"1";"1";""
"202300045781";"155 599 332";"B01";"1";"10";"0";"2";"1";"1";"1";""
"202300045781";"155 599 335";"C01";"1";"10";"0";"2";"4";"1";"1";""
"202300045782";"155 599 329";"A01";"1";"33";"0";"2";"3";"13";"1";""
"202300045782";"155 599 333";"B01";"1";"7";"0";"9";"8";"1";"1";""
"202300045782";"155 599 336";"C01";"1";"10";"0";"2";"8";"1";"1";""
"202300045783";"155 599 325";"A01";"3";"7";"0";"1";"3";"19";"0";""
"202300045784";"155 599 323";"A01";"1";"32";"0";"2";"7";"1";"1";""
"202300045784";"155 599 326";"B01";"1";"7";"0";"2";"3";"1";"1";""
"202300045785";"155 599 321";"A01";"3";"7";"0";"2";"2";"15";"0";""
"202300045785";"155 599 327";"B01";"3";"7";"0";"2";"8";"1";"0";""
"202300045786";"155 599 318";"A01";"2";"7";"0";"2";"1";"1";"1";""
"202300045786";"155 599 320";"B01";"2";"1";"0";"2";"4";"1";"5";""
"202300045787";"155 599 322";"B01";"1";"33";"0";"2";"4";"23";"1";""
"202300045787";"155 599 324";"A01";"1";"7";"0";"2";"2";"1";"1";""
"202300045788";"155 599 317";"B01";"2";"33";"0";"2";"8";"1";"1";""
"202300045788";"155 599 319";"A01";"2";"7";"0";"2";"7";"14";"1";""
"202300045789";"155 599 315";"B01";"3";"1";"0";"2";"3";"1";"5";""
"202300045789";"155 599 316";"A01";"0";"99";"0";"2";"1";"0";" -1";""
"202300045790";"155 599 313";"A01";"3";"36";"13";"0";"7";"14";"1";""
"202300045791";"155 599 311";"A01";"1";"33";"0";"2";"1";"2";"1";""
"202300045791";"155 599 314";"B01";"1";"7";"0";"2";"4";"2";"1";""
"202300045792";"155 599 308";"B01";"2";"7";"0";"2";"2";"12";"1";""
"202300045792";"155 599 310";"C01";"2";"7";"0";"2";"6";"1";"1";""
"202300045792";"155 599 312";"A01";"2";"33";"0";"2";"1";"3";"1";""
"202300045793";"155 599 307";"A01";"0";"37";"0";"1";"2";"14";"1";"1"
"202300045794";"155 599 305";"A01";"1";"7";"0";"2";"1";"1";"1";""
"202300045794";"155 599 309";"B01";"2";"7";"0";"2";"1";"1";"1";""
"202300045795";"155 599 300";"A01";"2";"7";"0";"2";"2";"1";"1";""
"202300045795";"155 599 303";"B01";"2";"7";"0";"2";"1";"1";"1";""
"202300045796";"155 599 298";"B01";"3";"7";"0";"2";"1";"1";"1";""
"202300045796";"155 599 302";"A01";"1";"7";"8";"2";"1";"15";"1";""
"202300045797";"155 599 296";"C01";"1";"21";"0";"2";"6";"2";"1";""
"202300045797";"155 599 299";"B01";"1";"7";"0";"2";"1";"2";"1";""
"202300045797";"155 599 301";"A01";"1";"10";"0";"2";"2";"21";"1";""
"202300045798";"155 599 297";"A01";"3";"7";"0";"1";"1";"1";"0";""
"202300045799";"155 599 295";"A01";"3";"10";"0";"1";"4";"4";"1";""
"202300045800";"155 599 293";"A01";"3";"33";"0";"1";"2";"21";"1";""
"202300045801";"155 599 292";"A01";"1";"7";"0";"1";"1";"1";"1";""
"202300045802";"155 599 291";"B01";"3";"1";"0";"2";"4";"2";"5";""
"202300045802";"155 599 294";"A01";"3";"7";"0";"9";"2";"2";"0";""
"202300045803";"155 599 289";"B01";"2";"7";"0";"0";"6";"2";"1";""
"202300045803";"155 599 290";"A01";"2";"33";"0";"2";"2";"2";"1";""
"202300045804";"155 599 286";"A01";"1";"7";"13";"0";"2";"9";"0";""
"202300045805";"155 599 287";"A01";"3";"10";"0";"1";"3";"15";"1";""
"202300045806";"155 599 284";"B01";"1";"7";"0";"2";"3";"1";"1";""
"202300045806";"155 599 288";"A01";"2";"33";"0";"2";"3";"13";"1";""
"202300045807";"155 599 283";"A01";"1";"7";"0";"9";"3";"15";"1";""
"202300045807";"155 599 285";"B01";"1";"1";"0";"2";"2";"17";"5";""
"202300045808";"155 599 279";"A01";"2";"7";"0";"2";"2";"1";"0";""
"202300045808";"155 599 282";"B01";"2";"15";"0";"0";"6";"1";"0";""
"202300045809";"155 599 280";"B01";"3";"33";"0";"2";"2";"11";"1";""
"202300045809";"155 599 281";"A01";"3";"10";"0";"2";"0";"0";"1";""
"202300045810";"155 599 277";"A01";"2";"7";"0";"1";"0";"21";"1";""