"Num_Acc";"id_vehicule";"num_veh";"senc";"catv";"obs";"obsm";"choc";"manv";"motor";"occutc"
"202300046013";"155 598 911";"B01";"3";"7";"0";"2";"3";"1";"1";""
"202300046013";"155 598 913";"A01";"3";"2";"0";"2";"8";"0";"1";""
"202300046014";"155 598 910";"B01";"3";"34";"0";"2";"1";"3";"1";""
"202300046014";"155 598 914";"A01";"3";"7";"0";"2";"2";"9";"1";""
"202300046015";"155 598 908";"B01";"2";"10";"0";"2";"4";"15";"1";""
"202300046015";"155 598 909";"A01";"2";"7";"0";"2";"1";"2";"1";""
"202300046016";"155 598 906";"A01";"1";"7";"0";"1";"1";"9";"1";""
"202300046017";"155 598 904";"B01";"1";"7";"0";"2";"4";"23";"1";""
"202300046017";"155 598 907";"A01";"1";"30";"0";"2";"1";"21";"1";""
"202300046018";"155 598 903";"A01";"1";"7";"0";"2";"1";"1";"1";""
"202300046018";"155 598 905";"B01";"2";"13";"0";"2";"3";"23";"1";""
"202300046019";"155 598 899";"A01";"2";"7";"6";"0";"2";"15";"1";""
"202300046020";"155 598 900";"A01";"1";"7";"0";"1";"2";"0";"1";""
"202300046021";"155 598 901";"A01";"3";"7";"0";"2";"3";"9";"1";""
"202300046021";"155 598 902";"B01";"0";"31";"0";"0";"0";"0";"1";""
"202300046022";"155 598 897";"B01";"1";"7";"0";"2";"6";"13";"1";""
"202300046022";"155 598 898";"A01";"2";"10";"0";"2";"3";"1";"1";""
"202300046023";"155 598 893";"A01";"3";"33";"0";"2";"1";"2";"1";""
"202300046023";"155 598 896";"B01";"3";"7";"0";"2";"4";"2";"1";""
"202300046024";"155 598 890";"B01";"3";"37";"1";"0";"4";"23";"1";"1"
"202300046024";"155 598 894";"A01";"3";"7";"0";"2";"1";"2";"1";""
"202300046025";"155 598 889";"B01";"1";"7";"0";"2";"1";"13";"1";""
"202300046025";"155 598 892";"A01";"2";"17";"0";"0";"3";"1";"1";""
"202300046025";"155 598 895";"C01";"2";"7";"16";"0";"1";"1";"1";""
"202300046026";"155 598 891";"A01";"1";"2";"0";"0";"8";"1";"1";""
"202300046027";"155 598 887";"A01";"3";"7";"0";"9";"8";"22";"1";""
"202300046027";"155 598 888";"B01";"3";"1";"1";"0";"1";"2";"5";""
"202300046028";"155 598 886";"A01";"2";"7";"2";"0";"3";"14";"1";""
"202300046029";"155 598 884";"A01";"1";"7";"0";"1";"1";"1";"1";""
"202300046030";"155 598 881";"A01";"1";"7";"8";"0";"2";"1";"1";""
"202300046031";"155 598 880";"B01";"2";"31";"0";"2";"4";"1";"1";""
"202300046031";"155 598 882";"A01";"2";"7";"0";"2";"1";"1";"4";""
"202300046032";"155 598 879";"A01";"1";"10";"0";"1";"1";"26";"0";""
"202300046033";"155 598 875";"B01";"2";"10";"0";"2";"2";"13";"1";""
"202300046033";"155 598 877";"A01";"2";"33";"0";"2";"3";"11";"1";""
"202300046034";"155 598 874";"A01";"2";"7";"0";"2";"1";"1";"1";""
"202300046034";"155 598 878";"B01";"2";"7";"0";"2";"4";"1";"1";""
"202300046035";"155 598 873";"A01";"1";"1";"0";"2";"2";"17";"5";""
"202300046035";"155 598 876";"B01";"1";"1";"0";"2";"6";"2";"5";""
"202300046036";"155 598 868";"A01";"2";"7";"0";"2";"8";"15";"1";""
"202300046036";"155 598 872";"B01";"2";"2";"0";"2";"2";"0";"1";""
"202300046037";"155 598 871";"A01";"3";"7";"0";"9";"3";"0";"1";""
"202300046038";"155 598 867";"B01";"1";"1";"0";"2";"4";"1";"5";""
"202300046038";"155 598 870";"A01";"1";"7";"0";"2";"2";"1";"1";""
"202300046039";"155 598 866";"A01";"1";"1";"1";"0";"1";"1";"5";""
"202300046039";"155 598 869";"Z01";"1";"10";"0";"2";"1";"22";"1";""
"202300046040";"155 598 864";"A01";"3";"7";"0";"0";"0";"24";"1";""
"202300046041";"155 598 863";"B01";"1";"50";"0";"2";"4";"1";"3";""
"202300046041";"155 598 865";"A01";"1";"7";"0";"2";"2";"1";"1";""
"202300046042";"155 598 861";"A01";"2";"36";"13";"0";"1";"1";"1";""
"202300046043";"155 598 859";"A01";"2";"7";"0";"1";"2";"2";"1";""
"202300046044";"155 598 860";"B01";"1";"37";"0";"2";"3";"1";"1";"2"
"202300046044";"155 598 862";"A01";"1";"7";"0";"2";"0";"17";"1";""
"202300046045";"155 598 857";"A01";"3";"36";"12";"0";"0";"1";"1";""
"202300046046";"155 598 856";"A01";"1";"7";"0";"2";"3";"2";"1";""
"202300046046";"155 598 858";"B01";"1";"7";"0";"2";"5";"1";"1";""
"202300046047";"155 598 853";"A01";"0";"10";"1";"0";"2";"1";"1";""
"202300046047";"155 598 855";"B01";"0";"7";"0";"2";"4";"24";"1";""
"202300046048";"155 598 852";"B01";"2";"50";"0";"2";"1";"1";"3";""
"202300046048";"155 598 854";"A01";"2";"7";"0";"2";"3";"15";"1";""
"202300046049";"155 598 849";"A01";"1";"31";"0";"2";"7";"26";"1";""
"202300046049";"155 598 850";"B01";"1";"7";"0";"2";"3";"12";"1";""
"202300046050";"155 598 848";"A01";"1";"7";"1";"0";"2";"1";"1";""
"202300046051";"155 598 846";"A01";"3";"7";"6";"0";"2";"1";"1";""
"202300046052";"155 598 842";"A01";"3";"1";"0";"2";"1";"13";"5";""
"202300046052";"155 598 844";"B01";"3";"60";"0";"2";"1";"1";"5";""
"202300046053";"155 598 845";"A01";"2";"7";"4";"0";"3";"1";"1";""
"202300046054";"155 598 843";"B01";"1";"7";"0";"2";"8";"14";"1";""
"202300046054";"155 598 847";"A01";"1";"7";"0";"2";"1";"15";"1";""
"202300046055";"155 598 838";"A01";"2";"14";"0";"2";"2";"1";"1";""
"202300046055";"155 598 839";"B01";"2";"1";"0";"2";"3";"18";"5";""
"202300046056";"155 598 837";"A01";"2";"7";"6";"0";"1";"26";"1";""
"202300046057";"155 598 836";"B01";"2";"7";"0";"0";"5";"23";"2";""
"202300046057";"155 598 840";"A01";"2";"7";"1";"1";"1";"1";"2";""
"202300046057";"155 598 841";"C01";"2";"7";"0";"6";"1";"1";"1";""
"202300046058";"155 598 833";"B01";"2";"33";"0";"2";"0";"0";"1";""
"202300046058";"155 598 835";"A01";"1";"32";"0";"2";"1";"3";"1";""
"202300046059";"155 598 829";"A01";"1";"30";"0";"2";"0";"5";"1";""
"202300046059";"155 598 834";"B01";"2";"30";"0";"2";"0";"21";"1";""
"202300046060";"155 598 830";"A01";"2";"33";"0";"2";"1";"3";"0";""
"202300046060";"155 598 832";"B01";"2";"10";"0";"2";"6";"11";"0";""
"202300046061";"155 598 828";"A01";"2";"7";"6";"2";"3";"5";"1";""
"202300046061";"155 598 831";"B01";"1";"7";"0";"2";"6";"14";"1";""
"202300046062";"155 598 824";"A01";"2";"1";"0";"5";"1";"1";"5";""
"202300046063";"155 598 826";"B01";"1";"7";"0";"2";"4";"1";"1";""
"202300046063";"155 598 827";"A01";"1";"13";"0";"2";"1";"2";"1";""
"202300046064";"155 598 822";"A01";"1";"7";"0";"2";"2";"15";"6";""
"202300046064";"155 598 823";"B01";"1";"37";"0";"2";"3";"15";"1";"1"
"202300046065";"155 598 818";"B01";"1";"7";"0";"2";"4";"23";"1";""
"202300046065";"155 598 820";"C01";"1";"7";"0";"2";"4";"23";"1";""
"202300046065";"155 598 821";"A01";"1";"7";"0";"2";"1";"2";"1";""
"202300046065";"155 598 825";"D01";"1";"7";"0";"2";"4";"23";"1";""
"202300046066";"155 598 816";"A01";"2";"7";"2";"0";"1";"14";"1";""
"202300046067";"155 598 815";"B01";"3";"31";"0";"2";"7";"1";"1";""
"202300046067";"155 598 819";"A01";"3";"7";"0";"2";"3";"9";"1";""
"202300046068";"155 598 814";"B01";"1";"7";"0";"2";"3";"1";"1";""
"202300046068";"155 598 817";"A01";"1";"2";"0";"2";"6";"15";"1";""
"202300046069";"155 598 812";"B01";"1";"7";"0";"2";"1";"1";"4";""
"202300046069";"155 598 813";"A01";"1";"33";"0";"2";"1";"3";"1";""
"202300046070";"155 598 811";"A01";"1";"7";"0";"1";"2";"1";"1";""
"202300046071";"155 598 808";"B01";"0";"1";"0";"2";"8";"9";"5";""
"202300046071";"155 598 809";"A01";"1";"7";"0";"9";"7";"1";"1";""
"202300046072";"155 598 805";"A01";"3";"30";"0";"1";"1";"1";"1";""
"202300046073";"155 598 807";"A01";"1";"7";"0";"2";"1";"1";"1";""
"202300046073";"155 598 810";"B01";"1";"7";"0";"2";"4";"23";"1";""
"202300046074";"155 598 804";"B01";"2";"7";"0";"2";"4";"0";"1";""
"202300046074";"155 598 806";"A01";"2";"33";"0";"2";"1";"0";"1";""
"202300046075";"155 598 802";"A01";"0";"1";"0";"2";"1";"1";"5";""
"202300046075";"155 598 803";"B01";"0";"7";"0";"2";"2";"1";"1";""
"202300046076";"155 598 801";"A01";"1";"33";"2";"0";"1";"14";"1";""
"202300046077";"155 598 799";"A01";"3";"7";"1";"1";"1";"0";"1";""
"202300046078";"155 598 798";"A01";"2";"33";"0";"2";"8";"3";"1";""
"202300046078";"155 598 800";"B01";"2";"7";"0";"2";"7";"12";"1";""
"202300046079";"155 598 795";"A01";"3";"10";"0";"2";"8";"22";"1";""
"202300046079";"155 598 797";"B01";"3";"1";"0";"2";"1";"7";"5";""
"202300046080";"155 598 794";"A01";"1";"7";"0";"1";"1";"1";"1";""
"202300046081";"155 598 793";"B01";"3";"30";"0";"2";"1";"1";"1";""
"202300046081";"155 598 796";"A01";"0";"7";"0";"2";"1";"1";"1";""
"202300046082";"155 598 791";"A01";"1";"15";"0";"2";"5";"17";"1";""
"202300046082";"155 598 792";"B01";"1";"7";"0";"2";"3";"1";"1";""
"202300046083";"155 598 790";"A01";"3";"7";"0";"1";"2";"16";"1";""
"202300046084";"155 598 782";"B01";"2";"13";"0";"2";"1";"1";"1";""
"202300046084";"155 598 784";"C01";"2";"14";"0";"2";"1";"1";"1";""
"202300046084";"155 598 786";"A01";"2";"13";"0";"2";"4";"1";"1";""
"202300046085";"155 598 781";"B01";"2";"10";"0";"2";"1";"2";"1";""
"202300046085";"155 598 783";"A01";"2";"7";"16";"0";"4";"23";"1";""
"202300046086";"155 598 779";"B01";"2";"7";"0";"2";"6";"19";"2";""
"202300046086";"155 598 785";"A01";"2";"7";"0";"2";"1";"19";"1";""
"202300046087";"155 598 780";"B01";"1";"7";"0";"2";"2";"1";"0";""
"202300046087";"155 598 787";"A01";"0";"7";"0";"2";"1";"0";"0";""
"202300046088";"155 598 778";"A01";"1";"7";"0";"1";"8";"1";"1";""
"202300046089";"155 598 776";"A01";"1";"38";"6";"0";"1";"20";"1";"1"
"202300046090";"155 598 774";"A01";"0";"50";"0";"2";"2";"26";"3";""
"202300046090";"155 598 777";"B01";"3";"7";"0";"2";"1";"26";"0";""
"202300046091";"155 598 772";"A01";"1";"7";"5";"0";"1";"14";"1";""
"202300046092";"155 598 771";"A01";"2";"7";"0";"2";"2";"1";"1";""
"202300046092";"155 598 775";"B01";"1";"7";"0";"2";"3";"1";"1";""
"202300046093";"155 598 770";"A01";"1";"7";"0";"2";"3";"9";"1";""
"202300046093";"155 598 773";"B01";"2";"7";"0";"2";"1";"1";"1";""
"202300046094";"155 598 765";"A01";"1";"33";"0";"2";"1";"1";"1";""
"202300046094";"155 598 768";"B01";"1";"7";"0";"2";"4";"16";"1";""
"202300046095";"155 598 764";"A01";"0";"7";"0";"0";"1";"16";"1";""
"202300046095";"155 598 769";"B01";"0";"7";"0";"2";"8";"1";"1";""
"202300046096";"155 598 763";"A01";"1";"10";"0";"9";"7";"16";"1";""
"202300046096";"155 598 766";"B01";"1";"99";"0";"2";"1";"1";"3";""
"202300046097";"155 598 762";"B01";"2";"7";"0";"2";"6";"2";"1";""
"202300046097";"155 598 767";"A01";"2";"33";"0";"2";"1";"2";"1";""
"202300046098";"155 598 758";"A01";"3";"7";"0";"0";"3";"15";"3";""
"202300046098";"155 598 761";"B01";"3";"7";"0";"0";"1";"15";"1";""
"202300046099";"155 598 757";"A01";"0";"2";"0";"2";"1";"2";"1";""
"202300046099";"155 598 760";"B01";"0";"7";"0";"0";"0";"0";"1";""
"202300046100";"155 598 756";"A01";"1";"7";"0";"0";"8";"10";"1";""
"202300046100";"155 598 759";"B01";"1";"33";"0";"2";"1";"17";"1";""
"202300046101";"155 598 755";"A01";"1";"37";"0";"1";"0";"7";"2";"3"
"202300046102";"155 598 752";"A01";"3";"7";"0";"2";"1";"17";"1";""
"202300046102";"155 598 754";"B01";"3";"7";"0";"2";"1";"1";"1";""
"202300046103";"155 598 749";"B01";"3";"7";"0";"2";"1";"1";"1";""
"202300046103";"155 598 751";"A01";"3";"7";"0";"2";"3";"0";"1";""
"202300046104";"155 598 745";"D01";"2";"10";"0";"0";"3";"2";"1";""
"202300046104";"155 598 748";"A01";"2";"33";"0";"0";"0";"0";"1";""
"202300046104";"155 598 750";"B01";"2";"10";"0";"2";"2";"21";"1";""
"202300046104";"155 598 753";"C01";"2";"7";"0";"0";"5";"2";"1";""
"202300046105";"155 598 744";"B01";"1";"33";"0";"2";"7";"1";"1";""
"202300046105";"155 598 747";"A01";"1";"7";"0";"2";"3";"10";"2";""
"202300046106";"155 598 743";"B01";"1";"7";"0";"2";"7";"19";"1";""
"202300046106";"155 598 746";"A01";"2";"10";"0";"2";"1";"1";"0";""
"202300046107";"155 598 738";"A01";"1";"7";"0";"0";" -1";"1";"1";""
"202300046107";"155 598 741";"B01";"1";"30";"11";"0";"1";"17";"1";""
"202300046108";"155 598 737";"A01";"2";"10";"0";"2";"1";"15";"1";""
"202300046108";"155 598 740";"B01";"1";"7";"0";"2";"1";"1";"1";""
"202300046109";"155 598 732";"A01";"1";"14";"0";"0";"0";"1";"1";""
"202300046109";"155 598 734";"B01";"2";"10";"0";"9";"3";"1";"1";""
"202300046110";"155 598 730";"A01";"2";"10";"0";"2";"2";"1";"1";""
"202300046110";"155 598 735";"B01";"2";"34";"0";"2";"1";"1";"3";""
"202300046111";"155 598 729";"A01";"1";"7";"0";"2";"3";"13";"1";""
"202300046111";"155 598 731";"B01";"2";"33";"0";"2";"1";"1";"1";""
"202300046112";"155 598 728";"A01";"2";"10";"1";"2";"7";"17";"1";""
"202300046112";"155 598 733";"C01";"2";"80";"1";"2";"8";"3";"3";""
"202300046112";"155 598 736";"B01";"2";"7";"0";"2";"0";"23";"1";""
"202300046113";"155 598 727";"A01";"2";"7";"11";"1";"2";"2";"1";""
"202300046114";"155 598 725";"A01";"1";"21";"2";"0";"0";"0";"1";""
"202300046115";"155 598 724";"A01";"2";"14";"8";"1";"1";"10";"1";""
"202300046116";"155 598 722";"A01";"1";"7";"2";"0";"1";"13";"1";""
"202300046117";"155 598 723";"B01";"2";"50";"0";"2";"1";"25";"3";""
"202300046117";"155 598 726";"A01";"1";"1";"0";"2";"1";"25";"5";""
"202300046118";"155 598 721";"A01";"1";"7";"0";"0";"3";"2";"1";""
"202300046119";"155 598 719";"B01";"2";"1";"0";"2";"6";"2";"5";""
"202300046119";"155 598 720";"A01";"2";"7";"0";"2";"2";"2";"1";""
"202300046120";"155 598 714";"A01";"1";"2";"0";"1";"0";"17";"1";""
"202300046121";"155 598 716";"A01";"1";"7";"0";"2";"1";"1";"1";""
"202300046121";"155 598 718";"B01";"1";"2";"0";"2";"7";"1";"1";""
"202300046122";"155 598 712";"A01";"1";"7";"1";"0";"9";"2";"2";""
"202300046123";"155 598 711";"A01";"2";"7";"3";"0";"3";"0";"1";""
"202300046124";"155 598 709";"A01";"1";"1";"0";"1";"1";"1";"5";""
"202300046125";"155 598 706";"B01";"1";"7";"0";"2";"1";"1";"0";""
"202300046125";"155 598 708";"C01";"1";"7";"0";"0";"8";"1";"0";""
"202300046125";"155 598 710";"A01";"2";"33";"0";"2";"8";"13";"6";""
"202300046126";"155 598 705";"A01";"1";"7";"0";"0";"3";"26";"1";""
"202300046127";"155 598 704";"A01";"3";"7";"0";"2";"1";"1";"1";""
"202300046127";"155 598 707";"B01";"3";"1";"0";"2";"1";"19";"5";""
"202300046128";"155 598 702";"A01";"2";"7";"15";"0";"3";"1";"1";""
"202300046129";"155 598 703";"A01";"1";"7";"0";"1";"7";"2";"1";""
"202300046130";"155 598 701";"A01";"2";"7";"0";"1";"1";"15";"1";""
"202300046131";"155 598 698";"A01";"2";"33";"0";"2";"1";"5";"1";""
"202300046131";"155 598 700";"B01";"1";"10";"0";"2";"1";"1";"1";""
"202300046132";"155 598 694";"B01";"1";"7";"0";"0";"0";"1";"1";""
"202300046132";"155 598 699";"A01";"1";"7";"0";"2";"1";"19";"1";""
"202300046133";"155 598 696";"B01";"2";"10";"0";"2";"2";"12";"1";""
"202300046133";"155 598 697";"A01";"2";"32";"0";"2";"2";"1";"1";""
"202300046134";"155 598 693";"B01";"0";"0";"0";"0";"0";"0";"0";""
"202300046134";"155 598 695";"A01";"3";"30";"0";"2";"0";"0";"1";""
"202300046135";"155 598 690";"A01";"1";"7";"0";"1";"1";"2";"1";""
"202300046136";"155 598 689";"A01";"1";"7";"1";"1";"3";"13";"1";""
"202300046137";"155 598 688";"A01";"2";"7";"0";"2";"3";"17";"1";""
"202300046137";"155 598 692";"B01";"1";"7";"0";"2";"3";"1";"1";""
"202300046138";"155 598 687";"B01";"2";"31";"0";"2";"2";"1";"1";""
"202300046138";"155 598 691";"A01";"2";"30";"0";"2";"3";"16";"1";""
"202300046139";"155 598 686";"A01";"1";"33";"0";"6";"1";"1";"1";""
"202300046140";"155 598 683";"A01";"1";"10";"0";"2";"1";"16";"1";""
"202300046140";"155 598 684";"B01";"1";"10";"0";"2";"4";"16";"1";""
"202300046141";"155 598 681";"A01";"1";"7";"0";"0";"6";"1";"2";""
"202300046141";"155 598 685";"B01";"1";"33";"0";"0";"1";"1";"1";""
"202300046142";"155 598 677";"A01";"3";"30";"0";"0";"1";"0";"1";""
"202300046143";"155 598 678";"A01";"1";"7";"0";"0";"5";"2";"1";""
"202300046143";"155 598 680";"B01";"1";"30";"0";"2";"1";"2";"1";""
"202300046144";"155 598 679";"A01";"1";"32";"0";"2";"1";"1";"1";""
"202300046144";"155 598 682";"B01";"2";"7";"0";"2";"2";"2";"1";""
"202300046145";"155 598 675";"A01";"2";"7";"0";"2";"9";"11";"1";""
"202300046145";"155 598 676";"B01";"2";"7";"0";"2";"1";"1";"1";""
"202300046146";"155 598 673";"A01";"2";"7";"6";"0";"8";"14";"1";""
"202300046147";"155 598 672";"A01";"1";"7";"1";"2";"2";"14";"1";""
"202300046147";"155 598 674";"C01";"2";"2";"0";"2";"1";"26";"1";""
"202300046148";"155 598 670";"A01";"2";"17";"1";"1";"2";"21";"1";""
"202300046149";"155 598 669";"A01";"1";"43";"0";"2";"3";"18";"1";""
"202300046149";"155 598 671";"B01";"1";"7";"0";"2";"2";"16";"3";""
"202300046150";"155 598 666";"A01";"3";"33";"0";"0";"8";"1";"1";""
"202300046151";"155 598 665";"A01";" -1";"34";"0";"2";"1";"13";" -1";""
"202300046151";"155 598 668";"B01";" -1";"7";"0";"2";"1";"1";" -1";""
"202300046152";"155 598 664";"A01";"2";"33";"0";"2";"1";"1";"1";""
"202300046152";"155 598 667";"B01";"2";"7";"0";"2";"4";"1";"1";""
"202300046153";"155 598 663";"A01";"2";"50";"0";"0";"0";"1";"3";""
"202300046154";"155 598 657";"A01";"1";"7";"3";"2";"1";"2";"1";""
"202300046154";"155 598 660";"B01";"1";"7";"0";"2";"4";"2";"1";""
"202300046155";"155 598 658";"A01";"1";"33";"15";"0";"1";"0";"1";""
"202300046156";"155 598 659";"B01";"1";"7";"0";"2";"2";"16";"1";""
"202300046156";"155 598 661";"A01";"3";"1";"0";"2";"1";"10";"5";""
"202300046157";"155 598 655";"A01";"2";"10";"0";"2";"5";"14";"1";""
"202300046157";"155 598 656";"B01";"2";"33";"0";"2";"3";"1";"1";""
"202300046158";"155 598 652";"A01";"1";"7";"2";"0";"1";"1";"1";""
"202300046159";"155 598 651";"B01";"1";"50";"0";"2";"1";"1";"3";""
"202300046159";"155 598 654";"A01";"1";"7";"0";"2";"7";"15";"1";""
"202300046160";"155 598 649";"A01";"2";"7";"0";"2";"8";"17";"1";""
"202300046160";"155 598 650";"B01";"2";"32";"0";"2";"3";"1";"1";""
"202300046160";"155 598 653";"C01";"2";"7";"0";"2";"5";"1";"1";""
"202300046161";"155 598 648";"A01";"1";"2";"8";"0";"2";"1";"1";""
"202300046162";"155 598 647";"A01";"1";"1";"0";"1";"1";"1";"5";""
"202300046163";"155 598 646";"A01";"1";"7";"0";"1";"2";"15";"1";""
"202300046164";"155 598 640";"A01";"3";"34";"0";"2";"1";"2";"1";""
"202300046164";"155 598 643";"B01";"3";"7";"0";"2";"6";"2";"2";""
"202300046165";"155 598 641";"A01";"1";"2";"0";"0";"0";"2";"1";""
"202300046165";"155 598 644";"B01";"1";"1";"0";"0";"0";"1";"5";""
"202300046166";"155 598 633";"A01";"2";"10";"0";"2";"3";"15";"1";""
"202300046166";"155 598 637";"B01";"2";"32";"0";"2";"2";"17";"1";""
"202300046167";"155 598 634";"C01";"1";"10";"0";"2";"2";"1";"1";""
"202300046167";"155 598 638";"A01";"2";"31";"0";"2";"7";"2";"1";""
"202300046167";"155 598 639";"B01";"2";"7";"0";"0";"6";"2";"1";""
"202300046168";"155 598 632";"A01";"2";"7";"0";"2";"8";"1";"1";""
"202300046168";"155 598 636";"B01";"1";"2";"0";"2";"3";"13";"1";""
"202300046169";"155 598 631";"A01";"1";"7";"0";"2";"3";"14";"1";""
"202300046169";"155 598 635";"B01";"1";"7";"0";"2";"2";"1";"1";""
"202300046169";"155 598 642";"C01";"1";"7";"0";"2";"1";"1";"1";""
"202300046169";"155 598 645";"D01";"1";"7";"0";"2";"8";"1";"1";""
"202300046170";"155 598 629";"A01";"2";"7";"0";"1";"1";"1";"1";""
"202300046171";"155 598 628";"B01";"3";"1";"0";"2";"1";"1";"5";""
"202300046171";"155 598 630";"A01";"3";"7";"0";"2";"1";"1";"1";""
"202300046172";"155 598 625";"A01";"1";"7";"0";"2";"2";"0";"1";""
"202300046172";"155 598 627";"B01";"1";"7";"3";"2";"4";"0";"1";""
"202300046173";"155 598 622";"A01";"1";"30";"0";"2";"2";"17";"1";""
"202300046173";"155 598 624";"B01";"2";"7";"0";"2";"3";"1";"4";""
"202300046174";"155 598 621";"A01";"2";"7";"0";"2";"1";"19";"1";""
"202300046174";"155 598 626";"B01";"2";"7";"0";"2";"7";"1";"2";""
"202300046175";"155 598 619";"A01";"2";"7";"3";"0";"3";"1";"1";""
"202300046176";"155 598 620";"B01";"0";"7";"0";"2";"3";"10";"1";""
"202300046176";"155 598 623";"A01";"1";"33";"0";"2";"1";"17";"1";""
"202300046177";"155 598 617";"A01";"1";"7";"13";"0";"1";"21";"1";""
"202300046178";"155 598 615";"B01";"2";"7";"0";"2";"1";"1";"1";""
"202300046178";"155 598 616";"A01";"2";"7";"0";"2";"4";"1";"1";""
"202300046179";"155 598 614";"A01";"1";"80";"0";"2";"1";"1";"3";""
"202300046179";"155 598 618";"B01";"2";"7";"0";"2";"3";"1";"1";""
"202300046180";"155 598 612";"Z01";"1";"10";"0";"2";"3";"17";"1";""
"202300046180";"155 598 613";"A01";"1";"30";"0";"2";"5";"1";"1";""
"202300046181";"155 598 608";"B01";"2";"7";"0";"2";"4";"2";"1";""
"202300046181";"155 598 611";"A01";"2";"7";"0";"2";"1";"2";"1";""
"202300046182";"155 598 606";"A01";"1";"7";"0";"2";"1";"2";"1";""
"202300046182";"155 598 609";"B01";"1";"10";"0";"2";"4";"2";"1";""
"202300046183";"155 598 607";"A01";"1";"7";"0";"2";"1";"13";"1";""
"202300046183";"155 598 610";"B01";"2";"7";"0";"2";"8";"1";"1";""
"202300046184";"155 598 604";"A01";"2";"7";"0";"2";"2";"14";"2";""
"202300046184";"155 598 605";"B01";"2";"32";"0";"2";"8";"1";"4";""
"202300046185";"155 598 602";"A01";"1";"7";"0";"1";"1";"1";"1";""
"202300046186";"155 598 603";"A01";"3";"7";"0";"0";"0";"0";"1";""
"202300046187";"155 598 600";"A01";"2";"7";"0";"2";"4";"1";"1";""
"202300046187";"155 598 601";"B01";"2";"7";"0";"2";"1";"2";"1";""
"202300046188";"155 598 599";"A01";"1";"1";"0";"1";"8";"1";"5";""
"202300046189";"155 598 597";"A01";"3";"7";"0";"1";"0";"15";"1";""
"202300046190";"155 598 596";"A01";"2";"7";"2";"0";"8";"0";"1";""
"202300046191";"155 598 595";"B01";"2";"10";"0";"2";"2";"9";"1";""
"202300046191";"155 598 598";"A01";"1";"7";"0";"2";"1";"1";"1";""
"202300046192";"155 598 593";"A01";"1";"7";"0";"1";"2";"1";"2";""
"202300046193";"155 598 592";"A01";"1";"14";"0";"2";"1";"13";"1";""
"202300046193";"155 598 594";"B01";"1";"1";"0";"2";"7";"0";"5";""
"202300046194";"155 598 590";"A01";"3";"30";"0";"0";"0";"1";"1";""
"202300046195";"155 598 589";"B01";"2";"33";"0";"2";"1";"1";"1";""
"202300046195";"155 598 591";"A01";"0";"7";"0";"2";"3";"1";"1";""
"202300046196";"155 598 585";"B01";"1";"50";"0";"2";"8";"19";"3";""
"202300046196";"155 598 587";"A01";"1";"7";"0";"2";"8";"1";"3";""
"202300046197";"155 598 584";"A01";"1";"7";"0";"9";"3";"1";"1";""
"202300046197";"155 598 588";"B01";"2";"1";"0";"2";"1";"1";"5";""
"202300046198";"155 598 586";"A01";"2";"2";"0";"6";"2";"1";"1";""
"202300046199";"155 598 580";"A01";"1";"7";"0";"2";"4";"2";"1";""
"202300046199";"155 598 583";"B01";"1";"7";"0";"0";"4";"2";"1";""
"202300046200";"155 598 577";"B01";"2";"32";"0";"2";"2";"17";"1";""
"202300046200";"155 598 581";"A01";"2";"7";"0";"2";"3";"15";"1";""
"202300046201";"155 598 578";"A01";"3";"16";"0";"2";"1";"1";"1";""
"202300046201";"155 598 582";"B01";"0";"7";"0";"2";"3";"15";"1";""
"202300046202";"155 598 575";"A01";"1";"0";"12";"0";"0";"0";"0";""
"202300046203";"155 598 574";"A01";"3";"7";"6";"1";"3";"15";"1";""
"202300046204";"155 598 576";"A01";"2";"7";"0";"1";"1";"15";"1";""
"202300046205";"155 598 572";"A01";"2";"7";"0";"2";"2";"14";"1";""
"202300046205";"155 598 573";"B01";"3";"7";"1";"0";"6";"24";"1";""
"202300046206";"155 598 568";"A01";"1";"7";"1";"0";"2";"2";"1";""
"202300046206";"155 598 570";"B01";"1";"7";"1";"0";"8";"24";"1";""
"202300046207";"155 598 566";"A01";"0";"7";"10";"2";"1";"13";"1";""
"202300046207";"155 598 569";"B01";"0";"7";"0";"2";"7";"0";"1";""
"202300046207";"155 598 571";"C01";"0";"7";"0";"2";"2";"1";"1";""
"202300046208";"155 598 567";"A01";"1";"7";"0";"1";"4";"4";"1";""
"202300046209";"155 598 565";"A01";"2";"7";"0";"1";"1";"26";"1";""
"202300046210";"155 598 561";"A01";"1";"7";"0";"1";"1";"1";"1";""
"202300046211";"155 598 562";"A01";"1";"7";"0";"2";"1";"26";"1";""
"202300046211";"155 598 564";"B01";"1";"7";"0";"2";"4";"2";"1";""
"202300046212";"155 598 560";"B01";"1";"2";"0";"2";"3";"11";"1";""
"202300046212";"155 598 563";"A01";"2";"10";"0";"2";"2";"1";"1";""
"202300046213";"155 598 558";"A01";"0";"14";"0";"2";"2";"2";"1";""
"202300046213";"155 598 559";"B01";"0";"7";"0";"2";"3";"16";"1";""
"202300046214";"155 598 553";"A01";"3";"7";"0";"2";"5";"26";"1";""
"202300046214";"155 598 556";"B01";"3";"31";"0";"2";"1";"1";"0";""
"202300046215";"155 598 554";"A01";"1";"7";"13";"0";"9";"1";"1";""
"202300046216";"155 598 552";"A01";"1";"7";"3";"0";"9";"1";"1";""