"Num_Acc";"id_vehicule";"num_veh";"senc";"catv";"obs";"obsm";"choc";"manv";"motor";"occutc"
"202300046606";"155 597 837";"B01";"3";"7";"0";"2";"4";"13";"3";""
"202300046606";"155 597 839";"A01";"1";"31";"0";"2";"1";"1";"1";""
"202300046607";"155 597 834";"A01";"3";"7";"2";"0";"3";"1";"1";""
"202300046608";"155 597 832";"B01";"1";"7";"0";"2";"8";"1";"1";""
"202300046608";"155 597 836";"A01";"3";"7";"0";"2";"1";"1";"1";""
"202300046609";"155 597 833";"A01";"2";"1";"0";"2";"3";"2";"5";""
"202300046609";"155 597 835";"B01";"2";"7";"0";"2";"2";"17";"4";""
"202300046610";"155 597 828";"C01";"3";"7";"1";"2";"4";"23";"1";""
"202300046610";"155 597 830";"B01";"3";"7";"1";"2";"2";"23";"1";""
"202300046610";"155 597 831";"A01";"3";"7";"0";"2";"6";"1";"1";""
"202300046611";"155 597 826";"A01";"3";"7";"0";"2";"1";"1";"1";""
"202300046611";"155 597 829";"B01";"3";"7";"0";"2";"2";"9";"1";""
"202300046612";"155 597 827";"A01";"1";"43";"0";"1";"1";"17";"1";""
"202300046613";"155 597 823";"B01";"1";"1";"0";"2";"8";"1";"5";""
"202300046613";"155 597 825";"A01";"1";"7";"0";"9";"7";"1";"1";""
"202300046614";"155 597 822";"A01";"2";"7";"0";"2";"3";"19";"1";""
"202300046614";"155 597 824";"B01";"3";"33";"0";"2";"7";"1";"1";""
"202300046615";"155 597 819";"B01";"1";"7";"0";"2";"4";"2";"1";""
"202300046615";"155 597 821";"A01";"1";"33";"0";"2";"1";"14";"1";""
"202300046616";"155 597 820";"A01";"1";"7";"0";"1";"1";"2";"2";""
"202300046617";"155 597 817";"A01";"2";"7";"0";"2";"1";"1";"1";""
"202300046617";"155 597 818";"B01";"2";"10";"0";"2";"1";"13";"1";""
"202300046618";"155 597 812";"B01";"2";"7";"0";"2";"2";"1";"3";""
"202300046618";"155 597 816";"A01";"1";"7";"0";"2";"2";"1";"1";""
"202300046619";"155 597 811";"B01";"0";"50";"0";"2";"1";"25";"3";""
"202300046619";"155 597 814";"A01";"3";"7";"0";"2";"2";"0";"0";""
"202300046620";"155 597 813";"A01";"1";"2";"0";"2";"6";"1";"1";""
"202300046620";"155 597 815";"Z01";"1";"7";"0";"2";"2";"9";"1";""
"202300046621";"155 597 808";"A01";"1";"30";"0";"2";"1";"1";"1";""
"202300046621";"155 597 810";"B01";"1";"80";"0";"2";"4";"10";"3";""
"202300046622";"155 597 807";"A01";"2";"7";"0";"2";"0";"1";"1";""
"202300046622";"155 597 809";"B01";"1";"7";"0";"2";"1";"1";"1";""
"202300046623";"155 597 806";"A01";"1";"32";"0";"1";"1";"1";"1";""
"202300046624";"155 597 802";"A01";"2";"10";"0";"2";"2";"2";"1";""
"202300046624";"155 597 805";"B01";"2";"17";"0";"0";"6";"1";"1";""
"202300046625";"155 597 801";"B01";"0";"7";"0";"0";"4";"23";"1";""
"202300046625";"155 597 804";"A01";"0";"7";"0";"2";"1";"23";"1";""
"202300046626";"155 597 800";"A01";"2";"7";"0";"2";"8";"10";"2";""
"202300046626";"155 597 803";"B01";"2";"30";"0";"2";"1";"1";"1";""
"202300046627";"155 597 799";"A01";"2";"33";"0";"0";"3";"11";"1";""
"202300046628";"155 597 796";"A01";"1";"10";"0";"1";"3";"15";"1";""
"202300046629";"155 597 798";"A01";"2";"1";"0";"1";"1";"1";"5";""
"202300046630";"155 597 797";"A01";"1";"7";"1";"0";"2";"1";"1";""
"202300046631";"155 597 795";"A01";"2";"32";"3";"0";"7";"26";"1";""
"202300046632";"155 597 792";"A01";"1";"7";"13";"0";"2";"14";"2";""
"202300046633";"155 597 793";"A01";"1";"1";"0";"2";"1";"1";"5";""
"202300046633";"155 597 794";"B01";"1";"7";"0";"2";"5";"15";"1";""
"202300046634";"155 597 791";"A01";"1";"1";"0";"1";"1";"1";"5";""
"202300046635";"155 597 790";"A01";"1";"33";"0";"0";"7";"2";"0";""
"202300046636";"155 597 789";"A01";"2";"1";"0";"0";"0";"1";"5";""
"202300046637";"155 597 787";"B01";"1";"7";"0";"2";"1";"1";"2";""
"202300046637";"155 597 788";"A01";"1";"7";"0";"2";"3";"10";"1";""
"202300046638";"155 597 785";"A01";"1";"7";"0";"1";"1";"15";"1";""
"202300046639";"155 597 784";"A01";"1";"1";"0";"1";"1";"1";"5";""
"202300046640";"155 597 781";"B01";"1";"1";"0";"2";"8";"19";"5";""
"202300046640";"155 597 783";"A01";"1";"7";"0";"2";"1";"1";"1";""
"202300046641";"155 597 777";"A01";"2";"33";"4";"2";"7";"17";"1";""
"202300046641";"155 597 779";"B01";"2";"38";"0";"2";"6";"13";"1";"1"
"202300046642";"155 597 782";"A01";"1";"13";"0";"2";"8";"20";"1";""
"202300046642";"155 597 786";"B01";"1";"50";"0";"2";"1";"1";"3";""
"202300046643";"155 597 776";"A01";"2";"37";"0";"1";"5";"0";"1";"1"
"202300046644";"155 597 774";"A01";"1";"33";"0";"2";"7";"1";"1";""
"202300046644";"155 597 775";"B01";"1";"10";"0";"0";"6";"1";"1";""
"202300046645";"155 597 772";"A01";"2";"1";"0";"1";"3";"2";"5";""
"202300046646";"155 597 770";"A01";"3";"7";"14";"0";"3";"6";"1";""
"202300046647";"155 597 768";"A01";"3";"33";"0";"2";"5";"1";"1";""
"202300046647";"155 597 773";"B01";"3";"80";"0";"0";"0";"1";"3";""
"202300046648";"155 597 766";"B01";"2";"43";"0";"2";"1";"1";"1";""
"202300046648";"155 597 767";"A01";"1";"7";"0";"2";"2";"15";"1";""
"202300046649";"155 597 762";"B01";"2";"7";"0";"2";"4";"0";"0";""
"202300046649";"155 597 764";"A01";"2";"32";"0";"0";"0";"0";"1";""
"202300046650";"155 597 769";"A01";"3";"7";"0";"0";"6";"4";"1";""
"202300046650";"155 597 771";"B01";"0";"37";"0";"0";"2";"1";"0";"8"
"202300046651";"155 597 763";"A01";"1";"33";"0";"2";"1";"1";"1";""
"202300046651";"155 597 765";"B01";"1";"10";"0";"2";"4";"1";"1";""
"202300046652";"155 597 761";"A01";"1";"35";"8";"0";"2";"1";"3";""
"202300046653";"155 597 760";"A01";"1";"7";"0";"1";"8";"15";"1";""
"202300046654";"155 597 759";"A01";"1";"7";"2";"0";"0";"1";"1";""
"202300046655";"155 597 755";"A01";"2";"3";"0";"0";"4";"1";"1";""
"202300046655";"155 597 756";"B01";"2";"7";"0";"2";"1";"17";"1";""
"202300046656";"155 597 753";"A01";"2";"7";"4";"0";"3";"1";"1";""
"202300046657";"155 597 749";"A01";"2";"7";"0";"2";"3";"13";"1";""
"202300046657";"155 597 751";"B01";"1";"7";"0";"2";"3";"1";"1";""
"202300046658";"155 597 750";"A01";"1";"33";"0";"2";"1";"1";"1";""
"202300046658";"155 597 752";"B01";"1";"7";"0";"2";"4";"1";"3";""
"202300046659";"155 597 754";"A01";"3";"30";"0";"2";"1";"21";"1";""
"202300046659";"155 597 758";"B01";"3";"7";"0";"2";"3";"1";"0";""
"202300046660";"155 597 746";"B01";"3";"7";"0";"2";"5";"1";"1";""
"202300046660";"155 597 748";"A01";"0";"31";"0";"2";"1";"2";"1";""
"202300046661";"155 597 743";"A01";"2";"7";"0";"2";"3";"13";"1";""
"202300046661";"155 597 744";"B01";"1";"99";"0";"2";"3";"1";"3";""
"202300046662";"155 597 742";"A01";"1";"7";"13";"0";"7";"1";"1";""
"202300046663";"155 597 745";"A01";"2";"50";"0";"2";"1";"5";"3";""
"202300046663";"155 597 747";"B01";"1";"1";"0";"2";"1";"2";"5";""
"202300046664";"155 597 741";"A01";"2";"7";"4";"0";"1";"17";"1";""
"202300046665";"155 597 740";"A01";"2";"1";"0";"1";"1";"1";"5";""
"202300046666";"155 597 737";"A01";"2";"31";"8";"0";"7";"14";"1";""
"202300046667";"155 597 735";"A01";"2";"7";"0";"2";"1";"1";"1";""
"202300046667";"155 597 738";"B01";"3";"7";"0";"2";"8";"19";"1";""
"202300046668";"155 597 736";"A01";"1";"10";"0";"2";"2";"9";"1";""
"202300046668";"155 597 739";"B01";"1";"33";"0";"2";"1";"17";"1";""
"202300046669";"155 597 731";"A01";"2";"7";"0";"2";"3";"13";"1";""
"202300046669";"155 597 733";"B01";"1";"7";"0";"2";"3";"1";"3";""
"202300046670";"155 597 732";"B01";"1";"7";"0";"2";"0";"0";"1";""
"202300046670";"155 597 734";"A01";"3";"33";"0";"2";"0";"0";"1";""
"202300046671";"155 597 728";"A01";"1";"7";"0";"0";"8";"13";"1";""
"202300046672";"155 597 729";"A01";"2";"17";"0";"2";"1";"13";"1";""
"202300046672";"155 597 730";"B01";"1";"10";"0";"2";"3";"0";"1";""
"202300046673";"155 597 727";"A01";"2";"10";"0";"1";"1";"0";"1";""
"202300046674";"155 597 724";"A01";"1";"7";"0";"2";"1";"13";"1";""
"202300046674";"155 597 726";"B01";"2";"7";"0";"2";"1";"1";"1";""
"202300046675";"155 597 723";"B01";"2";"33";"0";"0";"4";"23";"1";""
"202300046675";"155 597 725";"A01";"2";"10";"0";"2";"2";"1";"1";""
"202300046676";"155 597 720";"A01";"1";"32";"0";"2";"2";"1";"1";""
"202300046676";"155 597 722";"B01";"1";"7";"0";"2";"3";"1";"1";""
"202300046677";"155 597 716";"A01";"3";"7";"0";"2";"2";"15";"1";""
"202300046677";"155 597 719";"B01";"1";"7";"0";"2";"3";"1";"1";""
"202300046678";"155 597 717";"A01";"1";"7";"1";"0";"8";"2";"1";""
"202300046678";"155 597 718";"C01";"1";"15";"1";"0";"8";"2";"1";""
"202300046678";"155 597 721";"B01";"1";"10";"0";"2";"4";"2";"1";""
"202300046679";"155 597 714";"B01";"3";"50";"0";"2";"8";"9";"3";""
"202300046679";"155 597 715";"A01";"3";"7";"0";"2";"2";"1";"1";""
"202300046680";"155 597 713";"A01";"0";"21";"14";"0";"2";"0";"1";""
"202300046681";"155 597 710";"A01";"1";"2";"6";"0";"2";"14";"1";""
"202300046682";"155 597 708";"A01";"2";"50";"7";"0";"0";"0";"3";""
"202300046682";"155 597 711";"B01";"2";"15";"0";"9";"2";"2";"0";""
"202300046683";"155 597 709";"A01";"2";"7";"9";"0";"1";"14";"1";""
"202300046684";"155 597 706";"A01";"2";"31";"13";"0";"0";"1";"1";""
"202300046685";"155 597 704";"B01";"2";"1";"0";"2";"3";"1";"5";""
"202300046685";"155 597 707";"A01";"2";"13";"0";"2";"5";"13";"1";""
"202300046686";"155 597 705";"A01";"1";"7";"0";"1";"3";"1";"0";""
"202300046687";"155 597 703";"A01";"2";"10";"0";"1";"3";"1";"1";""
"202300046688";"155 597 701";"A01";"2";"21";"0";"2";"3";"1";"1";""
"202300046688";"155 597 702";"B01";"1";"7";"0";"2";"3";"1";"1";""
"202300046689";"155 597 695";"A01";"1";"7";"0";"0";"1";"0";"0";""
"202300046689";"155 597 697";"B01";"1";"7";"0";"2";"1";"21";"0";""
"202300046689";"155 597 699";"C01";"1";"7";"0";"0";"8";"21";"0";""
"202300046690";"155 597 698";"B01";"3";"37";"0";"0";"5";"1";"1";"1"
"202300046690";"155 597 700";"A01";"3";"3";"0";"0";"2";"9";"1";""
"202300046691";"155 597 694";"A01";"2";"7";"0";"2";"2";"2";"1";""
"202300046691";"155 597 696";"B01";"2";"50";"0";"2";"4";"2";"3";""
"202300046692";"155 597 690";"A01";"1";"7";"0";"2";"7";"13";"1";""
"202300046692";"155 597 693";"B01";"2";"7";"0";"2";"1";"1";"3";""
"202300046693";"155 597 689";"A01";"1";"7";"0";"2";"0";"0";"0";""
"202300046693";"155 597 691";"B01";"0";"1";"0";"2";"8";"19";"5";""
"202300046694";"155 597 686";"A01";"2";"7";"0";"2";"3";"5";"1";""
"202300046694";"155 597 687";"B01";"1";"15";"0";"2";"6";"26";"1";""
"202300046694";"155 597 688";"C01";"1";"15";"0";"2";"3";"21";"1";""
"202300046694";"155 597 692";"D01";"2";"7";"0";"0";"0";"21";"1";""
"202300046695";"155 597 684";"A01";"1";"31";"11";"0";"1";"17";"1";""
"202300046696";"155 597 681";"A01";"2";"7";"2";"0";"4";"1";"1";""
"202300046697";"155 597 680";"A01";"2";"7";"0";"2";"2";"15";"1";""
"202300046697";"155 597 685";"B01";"1";"33";"0";"2";"1";"1";"1";""
"202300046698";"155 597 676";"B01";"3";"7";"0";"2";"1";"1";"1";""
"202300046698";"155 597 678";"A01";"3";"7";"0";"2";"1";"1";"0";""
"202300046699";"155 597 673";"A01";"0";"15";"0";"1";"4";"20";"1";""
"202300046700";"155 597 674";"A01";"1";"7";"0";"2";"0";"0";"0";""
"202300046700";"155 597 675";"B01";"1";"7";"0";"2";"0";"0";"0";""
"202300046701";"155 597 672";"A01";"1";"7";"0";"2";"2";"13";"1";""
"202300046701";"155 597 677";"B01";"2";"7";"0";"2";"2";"1";"1";""
"202300046701";"155 597 679";"C01";"2";"7";"0";"2";"3";"2";"1";""
"202300046702";"155 597 670";"B01";"1";"7";"0";"2";"1";"1";"1";""
"202300046702";"155 597 671";"A01";"1";"2";"0";"0";"4";"1";"1";""
"202300046703";"155 597 669";"A01";"1";"33";"10";"0";"8";"15";"1";""
"202300046704";"155 597 667";"A01";"2";"7";"0";"1";"1";"2";"1";""
"202300046705";"155 597 666";"A01";"1";"1";"1";"0";"1";"1";"5";""
"202300046705";"155 597 668";"B01";"1";"14";"0";"0";"4";"23";"1";""
"202300046706";"155 597 661";"A01";"2";"7";"0";"2";"1";"15";"1";""
"202300046706";"155 597 664";"B01";"1";"2";"0";"2";"1";"1";"1";""
"202300046707";"155 597 662";"A01";"1";"7";"0";"2";"6";"15";"1";""
"202300046707";"155 597 665";"B01";"1";"33";"0";"2";"7";"15";"1";""
"202300046708";"155 597 660";"A01";"1";"7";"0";"2";"1";"2";"0";""
"202300046708";"155 597 663";"B01";"1";"17";"0";"0";"4";"2";"1";""
"202300046709";"155 597 659";"A01";"3";"1";"0";"1";"3";"1";"5";""
"202300046710";"155 597 654";"B01";"2";"7";"0";"2";"4";"1";"1";""
"202300046710";"155 597 656";"A01";"2";"7";"0";"2";"1";"2";"1";""
"202300046711";"155 597 652";"B01";"2";"7";"0";"0";"6";"1";"1";""
"202300046711";"155 597 653";"A01";"2";"7";"3";"2";"2";"17";"2";""
"202300046712";"155 597 649";"A01";"2";"10";"0";"2";"1";"2";"1";""
"202300046712";"155 597 650";"B01";"2";"7";"0";"2";"4";"2";"1";""
"202300046713";"155 597 648";"A01";"1";"33";"0";"2";"1";"1";"1";""
"202300046713";"155 597 651";"B01";"1";"33";"0";"0";"4";"1";"1";""
"202300046714";"155 597 646";"B01";"2";"17";"0";"0";"5";"24";"1";""
"202300046714";"155 597 647";"A01";"2";"10";"3";"2";"1";"2";"1";""
"202300046715";"155 597 642";"B01";"1";"7";"0";"2";"4";"2";"1";""
"202300046715";"155 597 645";"A01";"1";"10";"0";"2";"1";"2";"1";""
"202300046716";"155 597 641";"B01";"2";"7";"0";"0";"7";"2";"1";""
"202300046716";"155 597 643";"A01";"2";"10";"0";"2";"1";"2";"1";""
"202300046717";"155 597 640";"A01";"2";"7";"0";"2";"3";"26";"1";""
"202300046717";"155 597 644";"B01";"2";"2";"0";"2";"1";"1";"1";""
"202300046718";"155 597 637";"A01";"2";"7";"4";"2";"1";"12";"1";""
"202300046718";"155 597 639";"B01";"2";"10";"0";"2";"3";"1";"1";""
"202300046719";"155 597 636";"A01";"2";"7";"0";"2";"3";"0";"1";""
"202300046719";"155 597 638";"B01";"1";"2";"0";"2";"1";"13";"1";""
"202300046720";"155 597 634";"A01";"1";"32";"6";"2";"4";"1";"1";""
"202300046721";"155 597 633";"A01";"1";"7";"13";"0";"2";"14";"1";""
"202300046722";"155 597 630";"A01";"1";"7";"2";"0";"1";"1";"1";""
"202300046723";"155 597 631";"A01";"1";"7";"4";"0";"3";"0";"1";""
"202300046724";"155 597 632";"B01";"2";"7";"0";"2";"1";"5";"1";""
"202300046724";"155 597 635";"A01";"1";"7";"0";"2";"1";"1";"1";""
"202300046725";"155 597 629";"A01";"1";"7";"0";"1";"3";"1";"1";""
"202300046726";"155 597 628";"A01";"2";"7";"0";"1";"3";"1";"1";""
"202300046727";"155 597 624";"A01";"3";"10";"0";"1";"3";"1";"1";""
"202300046728";"155 597 625";"A01";"2";"33";"8";"0";"1";"5";"1";""
"202300046729";"155 597 623";"C01";"2";"7";"0";"2";"1";"1";"1";""
"202300046729";"155 597 626";"B01";"2";"15";"0";"2";"3";"1";"4";""
"202300046729";"155 597 627";"A01";"1";"7";"0";"2";"3";"19";"1";""
"202300046730";"155 597 621";"A01";"1";"7";"8";"0";"1";"14";"1";""
"202300046731";"155 597 620";"A01";"1";"50";"0";"4";"1";"19";"3";""
"202300046731";"155 597 622";"B01";"1";"40";"0";"2";"1";"1";"3";""
"202300046732";"155 597 618";"A01";"2";"7";"13";"2";"3";"13";"1";""
"202300046732";"155 597 619";"B01";"1";"7";"13";"2";"8";"1";"3";""
"202300046733";"155 597 616";"B01";"1";"7";"0";"1";"2";"1";"1";""
"202300046734";"155 597 615";"A01";"2";"7";"1";"0";"1";"0";"1";""
"202300046734";"155 597 617";"B01";"1";"7";"0";"2";"1";"24";"1";""
"202300046735";"155 597 614";"A01";"1";"7";"7";"0";"9";"1";"1";""
"202300046736";"155 597 613";"A01";"2";"50";"0";"1";"1";"19";"3";""
"202300046737";"155 597 612";"A01";"2";"50";"0";"1";"0";"16";"3";""
"202300046738";"155 597 610";"A01";"2";"7";"0";"2";"8";"9";"1";""
"202300046738";"155 597 611";"B01";"2";"33";"0";"2";"7";"1";"1";""
"202300046739";"155 597 609";"A01";"2";"33";"8";"0";"6";"1";"1";""
"202300046740";"155 597 605";"A01";"2";"34";"0";"1";"2";"1";"1";""
"202300046741";"155 597 603";"B01";"1";"7";"0";"2";"6";"15";"0";""
"202300046741";"155 597 604";"A01";"1";"33";"0";"2";"1";"17";"1";""
"202300046742";"155 597 602";"A01";"2";"7";"4";"0";"1";"1";"1";""
"202300046743";"155 597 599";"A01";"3";"32";"0";"0";"7";"2";"1";""
"202300046744";"155 597 598";"C01";"1";"7";"0";"2";"0";"0";"1";""
"202300046744";"155 597 600";"B01";"1";"1";"1";"2";"8";"13";"5";""
"202300046744";"155 597 601";"A01";"1";"38";"0";"2";"2";"17";"1";"1"
"202300046745";"155 597 596";"B01";"2";"7";"0";"2";"4";"11";"1";""
"202300046745";"155 597 597";"A01";"2";"7";"0";"2";"4";"12";"1";""
"202300046746";"155 597 593";"A01";"3";"10";"0";"2";"2";"1";"1";""
"202300046746";"155 597 595";"B01";"3";"33";"0";"2";"1";"1";"1";""
"202300046747";"155 597 592";"A01";"2";"7";"0";"2";"4";"1";"1";""
"202300046747";"155 597 594";"B01";"2";"7";"0";"2";"4";"15";"0";""
"202300046748";"155 597 590";"Z01";"2";"7";"0";"2";"1";"2";"1";""
"202300046748";"155 597 591";"B01";"2";"7";"0";"2";"4";"2";"1";""
"202300046749";"155 597 588";"A01";"1";"7";"0";"2";"1";"1";"1";""
"202300046749";"155 597 589";"B01";"1";"7";"0";"2";"4";"1";"1";""
"202300046750";"155 597 587";"A01";"2";"7";"0";"0";"1";"1";"1";""
"202300046751";"155 597 580";"A01";"2";"10";"0";"2";"4";"2";"1";""
"202300046751";"155 597 582";"B01";"2";"10";"0";"2";"1";"2";"1";""
"202300046751";"155 597 584";"C01";"2";"7";"0";"2";"1";"2";"1";""
"202300046752";"155 597 579";"A01";"1";"7";"0";"2";"2";"16";"1";""
"202300046752";"155 597 581";"C01";"1";"7";"0";"2";"6";"23";"1";""
"202300046752";"155 597 583";"B01";"1";"7";"0";"2";"6";"1";"1";""
"202300046752";"155 597 586";"D01";"1";"7";"0";"2";"8";"0";"1";""
"202300046753";"155 597 577";"A01";"1";"7";"0";"2";"3";"1";"1";""
"202300046753";"155 597 578";"B01";"1";"7";"0";"2";"5";"15";"1";""
"202300046753";"155 597 585";"C01";"2";"7";"0";"2";"8";"1";"1";""
"202300046754";"155 597 574";"A01";"2";"7";"0";"2";"1";"1";"1";""
"202300046754";"155 597 576";"B01";"2";"7";"0";"2";"4";"1";"1";""
"202300046755";"155 597 573";"A01";"1";"10";"0";"2";"1";"15";"1";""
"202300046755";"155 597 575";"B01";"1";"31";"0";"2";"7";"17";"1";""
"202300046756";"155 597 572";"A01";"2";"7";"3";"0";"1";"1";"1";""
"202300046757";"155 597 570";"A01";"2";"10";"2";"0";"1";"21";"6";""
"202300046758";"155 597 569";"A01";"2";"30";"0";"2";"1";"15";"1";""
"202300046758";"155 597 571";"B01";"2";"7";"0";"2";"3";"15";"1";""
"202300046759";"155 597 567";"B01";"2";"7";"4";"0";"8";"13";"1";""
"202300046759";"155 597 568";"A01";"2";"7";"4";"0";"3";"1";"1";""
"202300046760";"155 597 566";"A01";"3";"33";"0";"0";"3";"16";"1";""
"202300046761";"155 597 564";"A01";"1";"7";"4";"0";"1";"2";"1";""
"202300046762";"155 597 563";"A01";"3";"7";"0";"0";"1";"11";"1";""
"202300046762";"155 597 565";"B01";"3";"32";"0";"2";"1";"1";"1";""
"202300046763";"155 597 562";"A01";"2";"7";"4";"0";"1";"1";"1";""
"202300046764";"155 597 561";"A01";"2";"7";"0";"1";"2";"1";"1";""
"202300046765";"155 597 559";"B01";"1";"7";"0";"2";"2";"1";"1";""
"202300046765";"155 597 560";"A01";"2";"34";"0";"2";"1";"17";"1";""
"202300046766";"155 597 558";"A01";"1";"7";"4";"0";"1";"1";"1";""
"202300046767";"155 597 556";"A01";"2";"7";"13";"0";"1";"1";"1";""
"202300046768";"155 597 555";"A01";"3";"7";"0";"2";"7";"16";"1";""
"202300046768";"155 597 557";"B01";"3";"32";"0";"2";"8";"18";"1";""
"202300046769";"155 597 553";"B01";"2";"10";"0";"2";"4";"12";"1";""
"202300046769";"155 597 554";"A01";"2";"7";"0";"2";"1";"12";"1";""
"202300046770";"155 597 551";"A01";"2";"7";"0";"1";"1";"1";"1";""
"202300046771";"155 597 550";"A01";"1";"7";"0";"2";"2";"5";"1";""
"202300046771";"155 597 552";"B01";"1";"34";"0";"2";"1";"1";"1";""
"202300046772";"155 597 549";"A01";"1";"7";"4";"0";"1";"1";"1";""
"202300046773";"155 597 546";"A01";"1";"7";"4";"0";"1";"16";"1";""
"202300046774";"155 597 545";"A01";"2";"7";"0";"2";"4";"1";"1";""
"202300046774";"155 597 548";"B01";"2";"10";"0";"2";"1";"1";"1";""
"202300046775";"155 597 547";"A01";"2";"10";"0";"1";"2";"16";"1";""
"202300046776";"155 597 543";"Z01";"2";"10";"0";"1";"1";"0";"0";""
"202300046777";"155 597 542";"A01";"2";"7";"13";"0";"1";"13";"1";""
"202300046778";"155 597 540";"A01";"1";"7";"0";"2";"9";"26";"1";""
"202300046778";"155 597 541";"C01";"1";"7";"0";"2";"4";"1";"1";""
"202300046778";"155 597 544";"B01";"1";"7";"0";"2";"8";"1";"1";""
"202300046779";"155 597 536";"A01";"1";"7";"0";"2";"1";"1";"1";""
"202300046779";"155 597 538";"B01";"1";"7";"0";"2";"4";"1";"1";""
"202300046780";"155 597 535";"A01";"1";"7";"0";"2";"1";"2";"1";""
"202300046780";"155 597 537";"C01";"1";"7";"0";"2";"4";"23";"3";""
"202300046780";"155 597 539";"B01";"1";"7";"0";"2";"4";"23";"1";""
"202300046781";"155 597 534";"A01";"1";"7";"0";"1";"3";"1";"1";""
"202300046782";"155 597 528";"B01";"2";"10";"0";"2";"4";"1";"1";""
"202300046782";"155 597 531";"C01";"2";"7";"0";"2";"4";"1";"1";""
"202300046782";"155 597 533";"A01";"2";"10";"0";"2";"1";"1";"1";""
"202300046783";"155 597 525";"A01";"2";"10";"6";"0";"4";"26";"1";""
"202300046784";"155 597 526";"A01";"1";"31";"6";"0";"8";"1";"1";""
"202300046785";"155 597 524";"A01";"1";"10";"0";"2";"1";"1";"1";""
"202300046785";"155 597 527";"B01";"1";"7";"0";"2";"9";"1";"1";""
"202300046785";"155 597 529";"C01";"1";"7";"0";"0";"0";"0";"1";""
"202300046785";"155 597 530";"D01";"2";"7";"0";"2";"9";"1";"1";""
"202300046785";"155 597 532";"E01";"2";"7";"0";"0";"0";"0";"0";""
"202300046786";"155 597 522";"A01";"1";"43";"0";"1";"1";"1";"1";""
"202300046787";"155 597 521";"A01";"2";"7";"2";"0";"1";"1";"1";""
"202300046788";"155 597 520";"B01";"1";"33";"0";"2";"1";"1";"1";""
"202300046788";"155 597 523";"A01";"1";"7";"0";"2";"7";"15";"1";""
"202300046789";"155 597 517";"A01";"2";"15";"0";"2";"3";"1";"1";""
"202300046789";"155 597 518";"B01";"2";"80";"0";"2";"4";"12";"3";""
"202300046790";"155 597 515";"A01";"3";"7";"0";"1";"3";"1";"1";""
"202300046791";"155 597 512";"A01";"1";"33";"0";"0";"7";"26";"1";""
"202300046791";"155 597 516";"B01";"2";"7";"0";"2";"3";"9";"1";""
"202300046792";"155 597 511";"A01";"3";"7";"1";"1";"4";"20";"2";""
"202300046793";"155 597 510";"A01";"0";"99";"0";"1";"2";"1";"1";""
"202300046794";"155 597 508";"A01";"1";"7";"0";"1";"2";"20";"1";""
"202300046795";"155 597 509";"A01";"1";"43";"0";"6";"1";"1";"1";""
"202300046796";"155 597 506";"A01";"1";"7";"0";"2";"1";"9";"1";""
"202300046796";"155 597 507";"B01";"1";"7";"0";"2";"4";"1";"1";""
"202300046797";"155 597 504";"A01";"1";"33";"0";"2";"8";"1";"1";""
"202300046797";"155 597 505";"Z01";"1";"7";"0";"9";"2";"3";"0";""
"202300046798";"155 597 502";"A01";"2";"33";"14";"0";"1";"1";"1";""
"202300046799";"155 597 500";"A01";"3";"10";"0";"2";"6";"15";"1";""
"202300046799";"155 597 503";"B01";"1";"33";"13";"2";"8";"1";"1";""
"202300046800";"155 597 497";"B01";"3";"31";"0";"2";"1";"11";"1";""
"202300046800";"155 597 499";"A01";"3";"7";"0";"2";"8";"15";"1";""
"202300046801";"155 597 492";"B01";"1";"32";"1";"2";"1";"21";"1";""
"202300046801";"155 597 494";"A01";"1";"10";"0";"2";"3";"22";"1";""
"202300046802";"155 597 488";"A01";"2";"2";"0";"2";"1";"1";"1";""
"202300046802";"155 597 489";"B01";"1";"7";"0";"2";"4";"1";"1";""
"202300046803";"155 597 487";"A01";"1";"7";"9";"0";"1";"19";"1";""
"202300046803";"155 597 490";"B01";"2";"10";"9";"0";"8";"1";"1";""
"202300046804";"155 597 486";"A01";"1";"14";"3";"0";"2";"1";"1";""
"202300046804";"155 597 491";"B01";"2";"7";"3";"0";"2";"1";"1";""
"202300046805";"155 597 484";"B01";"2";"7";"0";"2";"5";"2";"1";""
"202300046805";"155 597 485";"A01";"2";"33";"0";"2";"1";"2";"1";""
"202300046806";"155 597 482";"B01";"2";"10";"0";"0";"4";"23";"1";""
"202300046806";"155 597 483";"A01";"2";"10";"0";"2";"1";"12";"1";""
"202300046807";"155 597 479";"A01";"3";"7";"0";"0";"8";"24";"1";""
"202300046808";"155 597 481";"A01";"1";"7";"2";"0";"2";"1";"0";""
"202300046809";"155 597 478";"A01";"1";"80";"0";"2";"1";"1";"3";""
"202300046809";"155 597 480";"B01";"2";"7";"0";"9";"3";"16";"1";""
"202300046810";"155 597 477";"A01";"1";"7";"0";"1";"3";"16";"1";""
"202300046811";"155 597 475";"A01";"0";"1";"0";"0";"0";"2";"5";""
"202300046812";"155 597 476";"A01";"0";"33";"6";"0";"6";"21";"1";""
"202300046813";"155 597 473";"A01";"1";"7";"0";"2";"1";"16";"1";""
"202300046813";"155 597 474";"B01";"2";"33";"0";"2";"6";"1";"1";""
"202300046814";"155 597 472";"A01";"1";"30";"0";"2";"3";"1";"1";""
"202300046815";"155 597 471";"A01";"3";"7";"13";"0";"1";"1";"1";""