"Num_Acc";"id_vehicule";"num_veh";"senc";"catv";"obs";"obsm";"choc";"manv";"motor";"occutc"
"202300047030";"155 597 110";"A01";"3";"7";"0";"2";"3";"15";"1";""
"202300047030";"155 597 111";"B01";"3";"33";"0";"2";"1";"1";"1";""
"202300047031";"155 597 108";"A01";"2";"7";"0";"2";"3";"13";"1";""
"202300047031";"155 597 109";"B01";"1";"7";"0";"2";"3";"1";"1";""
"202300047032";"155 597 107";"A01";"1";"7";"0";"1";"1";"1";"1";""
"202300047033";"155 597 105";"A01";"3";"10";"0";"0";"0";"1";"1";""
"202300047033";"155 597 106";"C01";"0";"1";"0";"2";"3";"1";"5";""
"202300047034";"155 597 104";"A01";"2";"2";"0";"0";"1";"1";"1";""
"202300047035";"155 597 102";"A01";"2";"33";"0";"2";"1";"1";"1";""
"202300047035";"155 597 103";"B01";"1";"7";"0";"2";"1";"15";"2";""
"202300047036";"155 597 101";"A01";"1";"7";"4";"0";"3";"13";"1";""
"202300047037";"155 597 100";"A01";"0";"7";"0";"1";"4";"4";"1";""
"202300047038";"155 597 098";"A01";"3";"7";"0";"9";"1";"5";"0";""
"202300047038";"155 597 099";"B01";"3";"1";"0";"2";"1";"5";"5";""
"202300047039";"155 597 096";"A01";"2";"7";"0";"2";"4";"24";"1";""
"202300047039";"155 597 097";"B01";"2";"33";"0";"2";"1";"2";"1";""
"202300047040";"155 597 094";"A01";"2";"7";"0";"2";"3";"15";"1";""
"202300047040";"155 597 095";"B01";"1";"2";"0";"2";"1";"13";"1";""
"202300047041";"155 597 093";"A01";"2";"1";"0";"0";"0";"1";"5";""
"202300047042";"155 597 091";"B01";"2";"7";"0";"2";"2";"1";"6";""
"202300047042";"155 597 092";"A01";"1";"7";"0";"2";"2";"13";"6";""
"202300047043";"155 597 090";"A01";"1";"7";"0";"0";"7";"1";"0";""
"202300047044";"155 597 089";"A01";"3";"33";"13";"0";"1";"1";"1";""
"202300047045";"155 597 087";"A01";"1";"7";"0";"0";"6";"15";"1";""
"202300047045";"155 597 088";"B01";"1";"33";"0";"2";"1";"1";"1";""
"202300047046";"155 597 086";"A01";"1";"7";"6";"0";"1";"19";"1";""
"202300047047";"155 597 085";"A01";"1";"7";"8";"0";"1";"1";"1";""
"202300047048";"155 597 084";"A01";"2";"7";"15";"1";"1";"21";"1";""
"202300047049";"155 597 082";"A01";"1";"7";"0";"2";"2";"1";"1";""
"202300047049";"155 597 083";"B01";"0";"1";"0";"2";"5";"19";"5";""
"202300047050";"155 597 080";"B01";"2";"7";"0";"2";"2";"1";"1";""
"202300047050";"155 597 081";"A01";"2";"7";"0";"0";"3";"1";"1";""
"202300047051";"155 597 078";"C01";"0";"99";"0";"2";"5";"21";"1";""
"202300047051";"155 597 079";"A01";"0";"2";"1";"0";"5";"2";"1";""
"202300047052";"155 597 077";"A01";"1";"7";"0";"1";"2";"1";"1";""
"202300047053";"155 597 075";"A01";"1";"7";"0";"2";"1";"15";"0";""
"202300047053";"155 597 076";"B01";"0";"43";"0";"2";"1";"1";"1";""
"202300047054";"155 597 072";"A01";"1";"34";"0";"2";"1";"3";"1";""
"202300047054";"155 597 073";"B01";"1";"14";"0";"2";"0";"1";"1";""
"202300047054";"155 597 074";"C01";"1";"14";"0";"2";"0";"1";"1";""
"202300047055";"155 597 070";"A01";"1";"7";"0";"2";"1";"16";"1";""
"202300047055";"155 597 071";"B01";"1";"50";"0";"2";"7";"1";"3";""
"202300047056";"155 597 068";"A01";"0";"33";"0";"2";"8";"1";"1";""
"202300047056";"155 597 069";"B01";"0";"7";"0";"2";"8";"1";"1";""
"202300047057";"155 597 066";"A01";"2";"30";"0";"2";"1";"1";"1";""
"202300047057";"155 597 067";"B01";"1";"7";"0";"2";"3";"16";"1";""
"202300047058";"155 597 064";"A01";"2";"7";"0";"2";"2";"15";"1";""
"202300047058";"155 597 065";"B01";"1";"32";"0";"2";"1";"1";"1";""
"202300047059";"155 597 063";"A01";"1";"7";"0";"0";"2";"1";"1";""
"202300047060";"155 597 062";"A01";"2";"7";"0";"1";"3";"15";"1";""
"202300047061";"155 597 059";"A01";"1";"34";"0";"2";"1";"3";"1";""
"202300047061";"155 597 060";"B01";"1";"14";"0";"0";"5";"1";"1";""
"202300047061";"155 597 061";"C01";"1";"7";"0";"0";"5";"1";"1";""
"202300047062";"155 597 058";"A01";"1";"7";"0";"1";"3";"1";"1";""
"202300047063";"155 597 056";"B01";"3";"1";"12";"2";"0";"5";"5";""
"202300047063";"155 597 057";"A01";"3";"38";"0";"0";"1";"0";"1";"1"
"202300047064";"155 597 055";"A01";"1";"7";"2";"0";"8";"0";"1";""
"202300047065";"155 597 054";"A01";"1";"7";"0";"1";"2";"19";"1";""
"202300047066";"155 597 052";"B01";"3";"7";"0";"2";"0";"2";"0";""
"202300047066";"155 597 053";"A01";"3";"80";"0";"2";"4";"19";"3";""
"202300047067";"155 597 051";"A01";"1";"7";"0";"1";"2";"1";"1";""
"202300047068";"155 597 049";"B01";"1";"7";"0";"2";"3";"1";"6";""
"202300047068";"155 597 050";"A01";"2";"7";"0";"2";"2";"0";"1";""
"202300047069";"155 597 048";"A01";"2";"2";"0";"0";"4";"1";"1";""
"202300047070";"155 597 045";"A01";"2";"7";"0";"2";"8";"15";"1";""
"202300047070";"155 597 046";"B01";"2";"33";"0";"2";"2";"17";"1";""
"202300047070";"155 597 047";"C01";"2";"33";"0";"2";"2";"17";"1";""
"202300047071";"155 597 044";"A01";"2";"7";"0";"0";"0";"1";"0";""
"202300047072";"155 597 042";"A01";"1";"7";"0";"2";"3";"13";"1";""
"202300047072";"155 597 043";"B01";"2";"15";"0";"2";"3";"1";"1";""
"202300047073";"155 597 041";"A01";"1";"33";"0";"0";"7";"1";"1";""
"202300047074";"155 597 039";"B01";"2";"7";"0";"2";"3";"1";"1";""
"202300047074";"155 597 040";"A01";"1";"7";"0";"2";"3";"3";"1";""
"202300047075";"155 597 038";"A01";"2";"2";"0";"0";"1";"2";"1";""
"202300047076";"155 597 035";"C01";"1";"7";"0";"2";"8";"1";"1";""
"202300047076";"155 597 036";"B01";"1";"15";"0";"2";"1";"1";"1";""
"202300047076";"155 597 037";"A01";"2";"7";"0";"2";"3";"13";"1";""
"202300047077";"155 597 034";"A01";"1";"33";"0";"0";"0";"17";"1";""
"202300047078";"155 597 033";"A01";"1";"2";"0";"0";"0";"1";"0";""
"202300047079";"155 597 031";"B01";"2";"2";"0";"2";"1";"16";"1";""
"202300047079";"155 597 032";"A01";"2";"7";"0";"2";"2";"1";"1";""
"202300047080";"155 597 030";"A01";"1";"2";"0";"0";"0";"1";"1";""
"202300047081";"155 597 029";"A01";"3";"7";"0";"1";"4";"24";"1";""
"202300047082";"155 597 028";"A01";"2";"33";"13";"0";"7";"1";"1";""
"202300047083";"155 597 025";"A01";"2";"7";"0";"2";"1";"17";"1";""
"202300047083";"155 597 026";"B01";"2";"10";"13";"2";"4";"15";"1";""
"202300047084";"155 597 024";"A01";"0";"33";"7";"0";"2";"1";"1";""
"202300047085";"155 597 022";"B01";"1";"10";"0";"0";"6";"1";"1";""
"202300047085";"155 597 023";"A01";"2";"7";"0";"2";"1";"1";"1";""
"202300047086";"155 597 020";"B01";"1";"7";"0";"2";"1";"1";"0";""
"202300047086";"155 597 021";"A01";"1";"2";"0";"2";"1";"15";"0";""
"202300047087";"155 597 019";"A01";"2";"33";"3";"0";"2";"2";"1";""
"202300047088";"155 597 018";"A01";"1";"7";"2";"0";"2";"1";"1";""
"202300047089";"155 597 016";"A01";"2";"1";"0";"2";"8";"15";"5";""
"202300047089";"155 597 017";"B01";"1";"7";"0";"2";"1";"1";"1";""
"202300047090";"155 597 014";"A01";" -1";"33";"0";"2";"2";"17";"0";""
"202300047090";"155 597 015";"B01";" -1";"7";"0";"2";"6";"1";"0";""
"202300047091";"155 597 013";"A01";"3";"7";"0";"1";"2";"1";"1";""
"202300047092";"155 597 012";"A01";"1";"7";"6";"0";"0";"1";"1";""
"202300047093";"155 597 010";"A01";"3";"7";"0";"2";"2";"1";"1";""
"202300047093";"155 597 011";"B01";"3";"7";"0";"2";"3";"1";"1";""
"202300047094";"155 597 008";"A01";"1";"7";"0";"2";"2";"1";"1";""
"202300047094";"155 597 009";"B01";"2";"10";"0";"2";"1";"15";"1";""
"202300047095";"155 597 006";"A01";"3";"7";"0";"2";"3";"1";"0";""
"202300047095";"155 597 007";"B01";"3";"10";"0";"2";"3";"1";"1";""
"202300047096";"155 597 005";"A01";"1";"7";"0";"1";"1";"1";"0";""
"202300047097";"155 597 004";"A01";"3";"7";"2";"0";"1";"0";"1";""
"202300047098";"155 597 002";"A01";"2";"33";"0";"2";"1";"13";"1";""
"202300047098";"155 597 003";"B01";"1";"7";"0";"2";"1";"1";"1";""
"202300047099";"155 597 001";"A01";"2";"7";"14";"0";"1";"13";"1";""
"202300047100";"155 597 000";"A01";"1";"7";"0";"1";"2";"1";"1";""
"202300047101";"155 596 999";"A01";"1";"7";"3";"0";"1";"1";"1";""
"202300047102";"155 596 998";"A01";"2";"1";"0";"0";"0";"1";"5";""
"202300047103";"155 596 996";"A01";"1";"33";"13";"2";"1";"13";"1";""
"202300047103";"155 596 997";"B01";"2";"7";"0";"2";"1";"15";"1";""
"202300047104";"155 596 994";"A01";"3";"50";"0";"2";"1";"16";"3";""
"202300047104";"155 596 995";"B01";"3";"7";"0";"0";"6";"1";"1";""
"202300047105";"155 596 993";"A01";"2";"7";"2";"0";"1";"1";"1";""
"202300047106";"155 596 991";"A01";"2";"7";"3";"2";"3";"15";"0";""
"202300047106";"155 596 992";"B01";"1";"7";"0";"2";"3";"1";"0";""
"202300047107";"155 596 989";"B01";"2";"7";"0";"2";"3";"1";"1";""
"202300047107";"155 596 990";"A01";"1";"33";"0";"2";"1";"13";"1";""
"202300047108";"155 596 988";"A01";"2";"7";"13";"0";"9";"1";"1";""
"202300047109";"155 596 985";"C01";"2";"7";"0";"2";"3";"1";"1";""
"202300047109";"155 596 986";"A01";"1";"7";"0";"2";"1";"1";"1";""
"202300047109";"155 596 987";"B01";"2";"7";"0";"2";"3";"1";"1";""
"202300047110";"155 596 982";"A01";"1";"7";"8";"0";"1";"6";"1";""
"202300047111";"155 596 981";"A01";"3";"37";"0";"1";"7";"1";"0";"1"
"202300047112";"155 596 979";"A01";"1";"37";"0";"2";"2";"2";"1";"2"
"202300047112";"155 596 980";"B01";"1";"14";"0";"0";"6";"16";"1";""
"202300047113";"155 596 977";"B01";"1";"32";"0";"2";"1";"2";"1";""
"202300047113";"155 596 978";"A01";"1";"80";"0";"2";"8";"1";"3";""
"202300047114";"155 596 976";"A01";"2";"33";"3";"0";"1";"1";"1";""
"202300047115";"155 596 974";"A01";"0";"7";"0";"0";"6";"16";"1";""
"202300047115";"155 596 975";"B01";"0";"7";"7";"2";"1";"17";"1";""
"202300047116";"155 596 972";"A01";"2";"7";"0";"2";"3";"17";"1";""
"202300047116";"155 596 973";"B01";"1";"33";"13";"2";"8";"1";"1";""
"202300047117";"155 596 969";"A01";"1";" -1";"0";"1";"0";"2";"0";""
"202300047118";"155 596 967";"A01";"1";"10";"0";"9";"3";"1";"0";""
"202300047118";"155 596 968";"B01";"2";"1";"0";"2";"1";"16";"5";""
"202300047119";"155 596 965";"A01";"1";"10";"0";"2";"2";"2";"1";""
"202300047119";"155 596 966";"B01";"1";"36";"4";"0";"6";"2";"3";""
"202300047120";"155 596 962";"A01";"2";"7";"0";"2";"1";"13";"1";""
"202300047120";"155 596 963";"B01";"1";"2";"0";"2";"0";"0";"1";""
"202300047120";"155 596 964";"C01";"1";"7";"0";"2";"1";"1";"1";""
"202300047121";"155 596 960";"A01";"1";"7";"3";"2";"1";"13";"1";""
"202300047121";"155 596 961";"B01";"2";"10";"0";"2";"1";"1";"1";""
"202300047122";"155 596 958";"A01";"2";"7";"0";"2";"2";"13";"1";""
"202300047122";"155 596 959";"B01";"1";"7";"0";"2";"2";"13";"1";""
"202300047123";"155 596 956";"A01";"1";"3";"0";"9";"2";"17";"1";""
"202300047123";"155 596 957";"B01";"1";"80";"0";"2";"4";"1";"3";""
"202300047124";"155 596 954";"B01";"2";"80";"0";"2";"1";"1";"3";""
"202300047124";"155 596 955";"A01";"1";"7";"0";"2";"2";"15";"1";""
"202300047125";"155 596 952";"A01";"2";"7";"0";"2";"2";"1";"1";""
"202300047125";"155 596 953";"B01";"1";"7";"13";"0";"5";"1";"1";""
"202300047126";"155 596 951";"A01";"2";"1";"13";"0";"0";"0";"5";""
"202300047127";"155 596 949";"A01";"2";"33";"0";"2";"7";"1";"1";""
"202300047127";"155 596 950";"B01";"3";"7";"0";"2";"3";"19";"1";""
"202300047128";"155 596 948";"A01";"1";"7";"8";"1";"1";"15";"1";""
"202300047129";"155 596 946";"A01";"0";"7";"0";"0";"3";"13";"1";""
"202300047129";"155 596 947";"B01";"0";"7";"0";"0";"3";"1";"1";""
"202300047130";"155 596 944";"A01";"0";"33";"0";"2";"0";"0";"0";""
"202300047130";"155 596 945";"B01";"0";"7";"0";"2";"8";"0";"0";""
"202300047131";"155 596 943";"A01";"3";"7";"1";"0";"1";"2";"0";""
"202300047132";"155 596 942";"A01";"0";"31";"0";"0";"8";"1";"3";""
"202300047133";"155 596 940";"A01";"3";"7";"0";"2";"3";"1";"1";""
"202300047133";"155 596 941";"B01";"1";"7";"0";"2";"3";"1";"1";""
"202300047134";"155 596 939";"A01";"1";"33";"0";"0";"0";"1";"1";""
"202300047135";"155 596 938";"A01";"3";"7";"0";"1";"4";"20";"1";""
"202300047136";"155 596 935";"A01";"2";"50";"0";"2";"7";"17";"3";""
"202300047136";"155 596 936";"B01";"2";"33";"0";"0";"8";"13";"0";""
"202300047137";"155 596 934";"A01";"2";"7";"0";"1";"3";"1";"1";""
"202300047138";"155 596 932";"B01";"1";"7";"0";"2";"2";"26";"0";""
"202300047138";"155 596 933";"A01";"1";"7";"0";"2";"1";"26";"1";""
"202300047139";"155 596 931";"A01";"3";"36";"8";"0";"1";"1";"3";""
"202300047140";"155 596 929";"A01";"1";"7";"0";"2";"2";"15";"1";""
"202300047140";"155 596 930";"B01";"2";"14";"0";"2";"8";"15";"1";""
"202300047141";"155 596 923";"B01";"2";"1";"0";"2";"7";"1";"5";""
"202300047141";"155 596 924";"A01";"2";"7";"0";"2";"3";"22";"1";""
"202300047142";"155 596 921";"B01";"1";"7";"0";"2";"2";"1";"1";""
"202300047142";"155 596 922";"A01";"1";"7";"0";"2";"5";"11";"6";""
"202300047143";"155 596 920";"A01";"1";"10";"0";"1";"1";"1";"1";""
"202300047144";"155 596 918";"B01";"1";"50";"0";"2";"1";"1";"3";""
"202300047144";"155 596 919";"A01";"1";"7";"0";"2";"7";"16";"1";""
"202300047145";"155 596 916";"B01";"3";"50";"0";"2";"0";"0";"3";""
"202300047145";"155 596 917";"A01";"1";"7";"0";"9";"0";"0";"0";""
"202300047146";"155 596 915";"A01";"1";"7";"0";"1";"1";"26";"1";""
"202300047147";"155 596 913";"A01";"2";"7";"7";"2";"2";"1";"2";""
"202300047147";"155 596 914";"B01";"2";"7";"0";"2";"3";"15";"1";""
"202300047148";"155 596 912";"A01";"1";"31";"3";"0";"0";"3";"0";""
"202300047149";"155 596 910";"B01";"1";"7";"0";"2";"3";"1";"1";""
"202300047149";"155 596 911";"A01";"2";"7";"0";"2";"3";"1";"1";""
"202300047150";"155 596 908";"B01";"0";"1";"0";"2";"1";"1";"5";""
"202300047150";"155 596 909";"A01";"1";"10";"0";"9";"3";"9";"1";""
"202300047151";"155 596 906";"A01";"1";"7";"0";"2";"2";"23";"1";""
"202300047151";"155 596 907";"B01";"1";"7";"10";"2";"3";"18";"1";""
"202300047152";"155 596 904";"A01";"0";"7";"0";"2";"3";"1";"1";""
"202300047152";"155 596 905";"B01";"0";"7";"0";"2";"3";"0";"1";""
"202300047153";"155 596 903";"A01";"0";"7";"14";"0";"1";"1";"1";""
"202300047154";"155 596 901";"A01";"2";"15";"0";"2";"6";"19";"1";""
"202300047154";"155 596 902";"B01";"2";"7";"0";"2";"1";"1";"1";""
"202300047155";"155 596 899";"A01";"2";"99";"13";"2";"3";"1";"1";""
"202300047155";"155 596 900";"B01";"1";"7";"13";"2";"7";"19";"1";""
"202300047156";"155 596 897";"A01";"1";"7";"0";"2";"1";"1";"1";""
"202300047156";"155 596 898";"B01";"2";"7";"0";"2";"1";"5";"1";""
"202300047157";"155 596 896";"A01";"2";"7";"2";"0";"2";"1";"1";""
"202300047158";"155 596 895";"A01";"1";"7";"6";"0";"3";"0";"3";""
"202300047159";"155 596 894";"A01";"1";"10";"13";"0";"1";"1";"1";""
"202300047160";"155 596 893";"A01";"1";"7";"6";"0";"3";"1";"1";""
"202300047161";"155 596 892";"A01";"1";"7";"0";"0";"3";"0";"1";""
"202300047162";"155 596 890";"A01";"1";"7";"0";"2";"1";"1";"1";""
"202300047162";"155 596 891";"B01";"1";"7";"0";"2";"4";"1";"1";""
"202300047163";"155 596 888";"A01";"2";"7";"0";"2";"1";"1";"1";""
"202300047163";"155 596 889";"B01";"2";"7";"0";"2";"4";"2";"1";""
"202300047164";"155 596 887";"A01";"2";"7";"4";"0";"1";"1";"1";""
"202300047165";"155 596 886";"A01";"2";"7";"3";"0";"1";"9";"1";""
"202300047166";"155 596 884";"B01";"3";"7";"0";"2";"4";"23";"0";""
"202300047166";"155 596 885";"A01";"3";"10";"0";"2";"1";"2";"1";""
"202300047167";"155 596 883";"A01";"2";"7";"4";"0";"1";"26";"1";""
"202300047168";"155 596 880";"Z01";"1";"10";"0";"2";"8";"11";"1";""
"202300047168";"155 596 881";"B01";"1";"7";"0";"2";"7";"1";"1";""
"202300047168";"155 596 882";"C01";"1";"7";"0";"2";"2";"1";"1";""
"202300047169";"155 596 879";"A01";"1";"7";"4";"0";"1";"0";"1";""
"202300047170";"155 596 876";"B01";"1";"7";"0";"2";"3";"1";"1";""
"202300047170";"155 596 877";"C01";"1";"7";"0";"2";"2";"1";"1";""
"202300047170";"155 596 878";"A01";"1";"99";"0";"2";"0";"2";"1";""
"202300047171";"155 596 875";"A01";"2";"33";"0";"0";"9";"1";"1";""
"202300047172";"155 596 872";"A01";"2";"10";"0";"2";"7";"2";"1";""
"202300047172";"155 596 873";"C01";"1";"10";"0";"2";"1";"15";"1";""
"202300047172";"155 596 874";"B01";"1";"10";"0";"2";"1";"16";"1";""
"202300047173";"155 596 871";"A01";"1";"7";"0";"1";"1";"1";"1";""
"202300047174";"155 596 870";"A01";"2";"7";"0";"1";"1";"1";"1";""
"202300047175";"155 596 867";"B01";"2";"7";"0";"2";"8";"15";"1";""
"202300047175";"155 596 868";"A01";"1";"7";"0";"2";"2";"17";"1";""
"202300047175";"155 596 869";"C01";"1";"10";"0";"2";"3";"1";"1";""
"202300047176";"155 596 865";"A01";"1";"7";"16";"2";"3";"15";"1";""
"202300047176";"155 596 866";"B01";"2";"33";"0";"2";"1";"1";"1";""
"202300047177";"155 596 864";"A01";"2";"33";"12";"0";"1";"17";"1";""
"202300047178";"155 596 863";"A01";"2";"7";"0";"1";"1";"1";"1";""
"202300047179";"155 596 861";"A01";"3";"13";"0";"2";"1";"0";"1";""
"202300047179";"155 596 862";"B01";"3";"30";"0";"2";"1";"17";"1";""
"202300047180";"155 596 855";"C01";"1";"10";"0";"2";"4";"2";"1";""
"202300047180";"155 596 856";"D01";"1";"7";"0";"2";"2";"1";"1";""
"202300047180";"155 596 857";"E01";"1";"7";"0";"2";"8";"0";"0";""
"202300047180";"155 596 858";"F01";"1";"7";"0";"2";"5";"1";"1";""
"202300047180";"155 596 859";"A01";"1";"10";"3";"2";"1";"1";"1";""
"202300047180";"155 596 860";"B01";"2";"7";"3";"2";"0";"0";"1";""
"202300047181";"155 596 853";"A01";"1";"7";"0";"2";"2";"1";"1";""
"202300047181";"155 596 854";"B01";"3";"7";"0";"2";"3";"1";"1";""
"202300047182";"155 596 851";"A01";"1";"2";"0";"2";"1";"1";"1";""
"202300047182";"155 596 852";"B01";"1";"7";"0";"2";"2";"1";"1";""
"202300047183";"155 596 849";"A01";"2";"7";"0";"2";"1";"13";"1";""
"202300047183";"155 596 850";"B01";"1";"7";"0";"2";"1";"1";"1";""
"202300047184";"155 596 848";"Z01";"1";"7";"0";"1";"1";"1";"0";""
"202300047185";"155 596 846";"A01";"1";"7";"0";"2";"1";"2";"1";""
"202300047185";"155 596 847";"B01";"1";"7";"0";"2";"4";"1";"1";""
"202300047186";"155 596 844";"A01";"1";"7";"16";"0";"1";"13";"1";""
"202300047186";"155 596 845";"B01";"1";"7";"16";"0";"1";"1";"1";""
"202300047187";"155 596 842";"A01";"1";"7";"0";"2";"1";"9";"1";""
"202300047187";"155 596 843";"B01";"2";"32";"0";"2";"8";"9";"1";""
"202300047188";"155 596 840";"A01";"1";"7";"0";"2";"2";"16";"1";""
"202300047188";"155 596 841";"B01";"1";"31";"0";"2";"1";"1";"1";""
"202300047189";"155 596 835";"C01";"2";"33";"0";"2";"9";"3";"1";""
"202300047189";"155 596 836";"A01";"2";"7";"0";"2";"6";"12";"1";""
"202300047189";"155 596 837";"B01";"2";"7";"0";"2";"4";"12";"1";""
"202300047189";"155 596 838";"D01";"2";"7";"0";"2";"1";"2";"1";""
"202300047189";"155 596 839";"E01";"2";"7";"0";"2";"6";"2";"1";""
"202300047190";"155 596 831";"A01";"3";"10";"0";"2";"1";"2";"1";""
"202300047190";"155 596 832";"B01";"3";"10";"0";"2";"4";"2";"1";""
"202300047191";"155 596 830";"A01";"2";"7";"4";"0";"1";"13";"1";""
"202300047192";"155 596 828";"B01";"2";"1";"0";"2";"1";"1";"5";""
"202300047192";"155 596 829";"A01";"1";"7";"0";"2";"3";"17";"1";""
"202300047193";"155 596 826";"A01";"2";"7";"0";"2";"1";"13";"1";""
"202300047193";"155 596 827";"B01";"1";"15";"0";"2";"1";"1";"1";""
"202300047194";"155 596 825";"A01";"1";"7";"0";"1";"1";"2";"1";""
"202300047195";"155 596 823";"A01";"3";"34";"0";"2";"1";"1";"1";""
"202300047195";"155 596 824";"B01";"3";"7";"0";"2";"5";"15";"1";""
"202300047196";"155 596 821";"A01";"3";"32";"0";"2";"7";"17";"1";""
"202300047196";"155 596 822";"B01";"3";"10";"0";"2";"3";"15";"1";""
"202300047197";"155 596 819";"A01";"3";"7";"0";"2";"8";"1";"1";""
"202300047197";"155 596 820";"B01";"3";"7";"0";"2";"3";"0";"1";""
"202300047198";"155 596 817";"B01";"1";"7";"0";"2";"3";"15";"1";""
"202300047198";"155 596 818";"A01";"1";"31";"0";"2";"1";"11";"1";""
"202300047199";"155 596 814";"B01";"3";"7";"0";"0";"0";"0";"0";""
"202300047199";"155 596 815";"A01";"0";"99";"0";"2";"7";"25";"3";""
"202300047199";"155 596 816";"C01";"0";"99";"0";"2";"7";"25";"0";""
"202300047200";"155 596 812";"A01";"1";"31";"0";"2";"1";"1";"1";""
"202300047200";"155 596 813";"B01";"1";"7";"0";"2";"6";"1";"1";""
"202300047201";"155 596 803";"A01";"0";"50";"0";"2";"1";"0";"3";""
"202300047201";"155 596 804";"B01";"1";"7";"0";"2";"1";"1";"1";""
"202300047202";"155 596 801";"A01";"1";"10";"0";"2";"1";"2";"1";""
"202300047202";"155 596 802";"B01";"1";"7";"0";"2";"4";"2";"1";""
"202300047203";"155 596 799";"B01";"1";"7";"0";"2";"8";"1";"1";""
"202300047203";"155 596 800";"A01";"1";"30";"0";"2";"1";"26";"1";""
"202300047204";"155 596 797";"B01";"3";"7";"0";"2";"8";"26";"1";""
"202300047204";"155 596 798";"A01";"3";"10";"15";"2";"1";"26";"1";""
"202300047205";"155 596 795";"A01";"3";"7";"0";"2";"1";"11";"1";""
"202300047205";"155 596 796";"B01";"3";"7";"0";"2";"1";"1";"1";""
"202300047206";"155 596 793";"A01";"3";"7";"0";"2";"1";"17";"1";""
"202300047206";"155 596 794";"B01";"3";"7";"0";"2";"3";"15";"1";""
"202300047207";"155 596 791";"A01";"3";"7";"0";"2";"3";"26";"1";""
"202300047207";"155 596 792";"B01";"3";"7";"0";"2";"1";"26";"1";""
"202300047208";"155 596 789";"A01";"2";"7";"0";"2";"3";"9";"1";""
"202300047208";"155 596 790";"B01";"2";"2";"0";"2";"5";"1";"1";""
"202300047209";"155 596 787";"A01";"3";"33";"0";"2";"1";"1";"1";""
"202300047209";"155 596 788";"B01";"3";"33";"0";"2";"4";"1";"1";""
"202300047210";"155 596 785";"A01";"1";"7";"0";"2";"2";"9";"1";""
"202300047210";"155 596 786";"B01";"2";"50";"0";"2";"2";"5";"3";""
"202300047211";"155 596 782";"B01";"2";"40";"0";"2";"1";"1";"3";""
"202300047211";"155 596 783";"A01";"2";"7";"0";"4";"8";"15";"1";""
"202300047211";"155 596 784";"C01";"1";"7";"0";"4";"6";"21";"1";""
"202300047212";"155 596 781";"A01";"1";"7";"0";"1";"0";"1";"1";""
"202300047213";"155 596 779";"A01";"1";"7";"0";"2";"3";"15";"1";""
"202300047213";"155 596 780";"B01";"2";"50";"0";"2";"8";"1";"3";""
"202300047214";"155 596 778";"A01";"3";"7";"0";"1";"1";"16";"1";""
"202300047215";"155 596 776";"B01";"2";"7";"0";"2";"7";"15";"1";""
"202300047215";"155 596 777";"A01";"1";"33";"0";"2";"1";"8";"1";""
"202300047216";"155 596 775";"A01";"0";"7";"0";"1";"2";"1";"1";""
"202300047217";"155 596 774";"A01";"3";"7";"0";"1";"3";"16";"1";""
"202300047218";"155 596 772";"B01";"1";"50";"0";"2";"0";"0";"3";""
"202300047218";"155 596 773";"A01";"2";"7";"0";"2";"1";"15";"1";""
"202300047219";"155 596 771";"A01";"2";"7";"0";"1";"4";"4";"1";""
"202300047220";"155 596 769";"A01";"1";"1";"0";"2";"1";"15";"5";""
"202300047220";"155 596 770";"B01";"1";"7";"0";"9";"1";"16";"0";""
"202300047221";"155 596 768";"A01";"1";"33";"0";"0";"7";"16";"1";""
"202300047222";"155 596 767";"A01";"1";"33";"0";"0";"0";"9";"1";""
"202300047223";"155 596 765";"A01";"3";"7";"0";"2";"3";"16";"1";""
"202300047223";"155 596 766";"B01";"3";"7";"0";"2";"1";"1";"1";""
"202300047224";"155 596 762";"A01";"3";"7";"0";"2";"1";"2";"1";""
"202300047224";"155 596 764";"B01";"3";"7";"0";"2";"4";"2";"1";""
"202300047225";"155 596 763";"A01";"2";"50";"0";"1";"1";"1";"3";""
"202300047226";"155 596 758";"A01";"1";"1";"1";"0";"1";"1";"5";""
"202300047226";"155 596 760";"B01";"1";"7";"0";"2";"3";"24";"1";""
"202300047227";"155 596 759";"A01";"3";"7";"0";"2";"3";"15";"1";""
"202300047227";"155 596 761";"B01";"3";"2";"0";"2";"1";"1";"1";""
"202300047228";"155 596 757";"A01";"1";"33";"14";"0";"1";"2";"1";""
"202300047229";"155 596 753";"A01";"2";"7";"0";"2";"3";"15";"1";""
"202300047229";"155 596 755";"B01";"2";"33";"0";"2";"1";"1";"1";""
"202300047230";"155 596 754";"A01";"1";"7";"0";"2";"4";"1";"1";""
"202300047230";"155 596 756";"B01";"1";"7";"0";"2";"1";"2";"1";""
"202300047231";"155 596 752";"A01";"3";"7";"8";"0";"2";"1";"1";""
"202300047232";"155 596 750";"B01";"1";"7";"0";"2";"3";"1";"1";""
"202300047232";"155 596 751";"A01";"2";"33";"0";"1";"1";"17";"1";""
"202300047233";"155 596 748";"B01";"3";"7";"0";"2";"8";"15";"1";""
"202300047233";"155 596 749";"A01";"2";"15";"0";"2";"3";"1";"1";""
"202300047234";"155 596 744";"A01";"1";"7";"0";"9";"2";"17";"1";""
"202300047234";"155 596 746";"B01";"1";"1";"13";"2";"5";"2";"5";""
"202300047234";"155 596 747";"C01";"1";"7";"0";"2";"3";"17";"6";""