"Num_Acc";"id_vehicule";"num_veh";"senc";"catv";"obs";"obsm";"choc";"manv";"motor";"occutc"
"202300049078";"155 593 496";"B01";"1";"7";"0";"2";"6";"1";"1";""
"202300049079";"155 593 492";"A01";"1";"7";"0";"2";"4";"1";"1";""
"202300049079";"155 593 493";"C01";"1";"7";"0";"2";"1";"2";"1";""
"202300049079";"155 593 494";"B01";"1";"7";"0";"2";"5";"1";"1";""
"202300049080";"155 593 490";"A01";"2";"33";"0";"2";"2";"14";"1";""
"202300049080";"155 593 491";"B01";"2";"7";"0";"2";"8";"1";"1";""
"202300049081";"155 593 487";"A01";"1";"10";"0";"2";"1";"2";"1";""
"202300049081";"155 593 488";"C01";"1";"10";"0";"2";"4";"2";"1";""
"202300049081";"155 593 489";"B01";"1";"7";"0";"2";"4";"2";"1";""
"202300049082";"155 593 485";"A01";"1";"33";"0";"2";"2";"3";"1";""
"202300049082";"155 593 486";"B01";"1";"7";"0";"2";"3";"11";"1";""
"202300049083";"155 593 482";"B01";"1";"7";"0";"2";"4";"2";"1";""
"202300049083";"155 593 483";"A01";"1";"10";"0";"2";"1";"2";"1";""
"202300049083";"155 593 484";"C01";"1";"10";"0";"2";"4";"2";"1";""
"202300049084";"155 593 480";"A01";"1";"33";"0";"2";"1";"0";"1";""
"202300049084";"155 593 481";"Z01";"1";"7";"0";"2";"0";"0";"0";""
"202300049085";"155 593 478";"B01";"2";"99";"0";"2";"3";"11";"1";""
"202300049085";"155 593 479";"A01";"2";"33";"0";"2";"1";"3";"1";""
"202300049086";"155 593 475";"B01";"2";"7";"0";"2";"4";"1";"1";""
"202300049086";"155 593 476";"C01";"2";"7";"0";"2";"1";"1";"1";""
"202300049086";"155 593 477";"A01";"2";"7";"0";"2";"4";"1";"1";""
"202300049087";"155 593 473";"A01";"2";"7";"0";"2";"4";"2";"1";""
"202300049087";"155 593 474";"B01";"2";"7";"0";"2";"1";"2";"1";""
"202300049088";"155 593 472";"A01";"2";"7";"4";"0";"1";"13";"1";""
"202300049089";"155 593 468";"A01";"2";"7";"0";"2";"1";"2";"1";""
"202300049089";"155 593 469";"B01";"2";"7";"0";"0";"4";"2";"1";""
"202300049090";"155 593 466";"A01";"1";"30";"0";"2";"1";"5";"1";""
"202300049090";"155 593 467";"B01";"2";"7";"0";"2";"1";"1";"1";""
"202300049091";"155 593 465";"Z01";"1";"0";"0";"1";"0";"0";"0";""
"202300049092";"155 593 463";"A01";"1";"7";"0";"2";"2";"1";"1";""
"202300049092";"155 593 464";"B01";"1";"7";"0";"2";"3";"16";"1";""
"202300049093";"155 593 457";"A01";"1";"7";"0";"2";"2";"2";"1";""
"202300049093";"155 593 458";"B01";"1";"7";"0";"2";"4";"2";"1";""
"202300049094";"155 593 456";"A01";"0";"50";"0";"1";"0";"25";"3";""
"202300049095";"155 593 455";"A01";"3";"7";"1";"1";"4";"4";"1";""
"202300049096";"155 593 453";"X01";"2";"7";"0";"2";"1";"26";"6";""
"202300049096";"155 593 454";"B01";"1";"10";"0";"2";"4";"23";"0";""
"202300049097";"155 593 451";"A01";"1";"7";"0";"2";"2";"9";"3";""
"202300049097";"155 593 452";"B01";"1";"33";"0";"2";"4";"23";"1";""
"202300049098";"155 593 449";"B01";"2";"33";"0";"2";"8";"1";"1";""
"202300049098";"155 593 450";"A01";"2";"7";"0";"2";"2";"12";"1";""
"202300049099";"155 593 448";"A01";"2";"30";"0";"0";"7";"1";"1";""
"202300049100";"155 593 447";"A01";"0";"7";"0";"0";"0";"1";"1";""
"202300049101";"155 593 446";"A01";"3";"7";"4";"0";"0";"16";"1";""
"202300049102";"155 593 445";"A01";"2";"7";"0";"1";"1";"1";"1";""
"202300049103";"155 593 443";"B01";"1";"32";"0";"2";"0";"2";"1";""
"202300049103";"155 593 444";"A01";"2";"7";"0";"2";"3";"9";"1";""
"202300049104";"155 593 442";"A01";"2";"7";"0";"1";"1";"15";"1";""
"202300049105";"155 593 440";"A01";"2";"7";"0";"2";"3";"15";"1";""
"202300049105";"155 593 441";"B01";"1";"30";"0";"2";"1";"1";"1";""
"202300049106";"155 593 438";"B01";"0";"10";"0";"0";"5";"1";"1";""
"202300049106";"155 593 439";"A01";"3";"30";"0";"2";"1";"2";"1";""
"202300049107";"155 593 436";"B01";"0";"10";"0";"2";"1";"1";"0";""
"202300049107";"155 593 437";"A01";"0";"7";"0";"2";"8";"9";"1";""
"202300049108";"155 593 435";"A01";"3";"7";"0";"2";"7";"0";"1";""
"202300049109";"155 593 433";"A01";"2";"7";"0";"2";"8";"16";"1";""
"202300049109";"155 593 434";"B01";"1";"50";"0";"2";"1";"1";"3";""
"202300049110";"155 593 431";"A01";"1";"30";"0";"2";"8";"9";"1";""
"202300049110";"155 593 432";"B01";"2";"10";"0";"2";"1";"9";"1";""
"202300049111";"155 593 429";"B01";"2";"7";"0";"2";"1";"1";"1";""
"202300049111";"155 593 430";"A01";"2";"7";"0";"0";"4";"23";"0";""
"202300049112";"155 593 428";"A01";"1";"10";"0";"1";"0";"1";"1";""
"202300049113";"155 593 426";"A01";"2";"7";"0";"2";"8";"1";"1";""
"202300049113";"155 593 427";"B01";"2";"1";"0";"2";"7";"1";"5";""
"202300049114";"155 593 425";"A01";"1";"7";"4";"0";"1";"2";"1";""
"202300049115";"155 593 424";"A01";"3";"7";"4";"0";"1";"1";"1";""
"202300049116";"155 593 423";"A01";"1";"7";"6";"0";"1";"13";"1";""
"202300049117";"155 593 422";"A01";"3";"7";"0";"1";"3";"26";"1";""
"202300049118";"155 593 420";"A01";"2";"7";"0";"2";"2";"17";"1";""
"202300049118";"155 593 421";"B01";"2";"50";"0";"2";"4";"10";"3";""
"202300049119";"155 593 416";"D01";"1";"7";"0";"2";"4";"2";"0";""
"202300049119";"155 593 417";"B01";"1";"7";"0";"2";"4";"2";"0";""
"202300049119";"155 593 418";"C01";"1";"7";"0";"2";"4";"2";"0";""
"202300049119";"155 593 419";"A01";"1";"7";"0";"2";"1";"2";"0";""
"202300049120";"155 593 414";"B01";"3";"30";"0";"2";"0";"0";"0";""
"202300049120";"155 593 415";"A01";"3";"7";"0";"2";"3";"9";"1";""
"202300049121";"155 593 412";"Z01";"0";"0";"0";"0";"0";"0";"0";""
"202300049121";"155 593 413";"A01";"3";"3";"0";"0";"0";"0";"1";""
"202300049122";"155 593 411";"A01";"1";"7";"0";"1";"3";"1";"1";""
"202300049123";"155 593 410";"A01";"2";"33";"0";"0";"0";"26";"1";""
"202300049124";"155 593 409";"A01";"3";"7";"6";"0";"3";"16";"1";""
"202300049125";"155 593 407";"B01";"1";"10";"0";"2";"1";"1";"1";""
"202300049125";"155 593 408";"A01";"1";"34";"0";"2";"0";"0";"0";""
"202300049126";"155 593 404";"B01";"2";"7";"0";"2";"6";"1";"1";""
"202300049126";"155 593 405";"Z01";"2";"7";"0";"2";"2";"12";"0";""
"202300049126";"155 593 406";"A01";"2";"31";"0";"2";"8";"3";"1";""
"202300049127";"155 593 402";"A01";"1";"7";"0";"2";"1";"2";"1";""
"202300049127";"155 593 403";"B01";"1";"7";"0";"2";"4";"2";"1";""
"202300049128";"155 593 401";"A01";"2";"7";"6";"0";"4";"12";"1";""
"202300049129";"155 593 400";"A01";"1";"10";"0";"1";"1";"1";"1";""
"202300049130";"155 593 398";"Z01";"1";"7";"0";"2";"1";"1";"3";""
"202300049130";"155 593 399";"A01";"1";"31";"0";"2";"4";"1";"1";""
"202300049131";"155 593 396";"B01";"1";"7";"0";"2";"2";"15";"1";""
"202300049131";"155 593 397";"A01";"2";"31";"0";"2";"1";"7";"1";""
"202300049132";"155 593 394";"B01";"2";"1";"1";"0";"1";"1";"5";""
"202300049132";"155 593 395";"A01";"1";"7";"0";"2";"8";"22";"1";""
"202300049133";"155 593 392";"A01";"2";"7";"0";"2";"1";"1";"1";""
"202300049133";"155 593 393";"B01";"2";"1";"0";"2";"4";"15";"5";""
"202300049134";"155 593 390";"A01";"3";"33";"0";"2";"1";"2";"1";""
"202300049134";"155 593 391";"Z01";"3";"10";"0";"2";"8";"15";"1";""
"202300049135";"155 593 388";"B01";"1";"33";"0";"2";"8";"15";"1";""
"202300049135";"155 593 389";"A01";"1";"30";"0";"2";"1";"1";"1";""
"202300049136";"155 593 386";"A01";"2";"30";"0";"2";"1";"2";"1";""
"202300049136";"155 593 387";"B01";"2";"7";"0";"2";"4";"2";"3";""
"202300049137";"155 593 384";"B01";"3";"7";"0";"2";"1";"26";"0";""
"202300049137";"155 593 385";"A01";"3";"7";"8";"2";"7";"26";"1";""
"202300049138";"155 593 383";"A01";"1";"7";"0";"1";"2";"1";"0";""
"202300049139";"155 593 382";"A01";"1";"7";"6";"0";"1";"13";"1";""
"202300049140";"155 593 380";"A01";"1";"7";"0";"2";"6";"11";"2";""
"202300049140";"155 593 381";"B01";"1";"10";"0";"2";"2";"2";"1";""
"202300049141";"155 593 379";"A01";"1";"7";"0";"2";"1";"0";"0";""
"202300049142";"155 593 377";"B01";"0";"0";"0";"2";"0";"0";" -1";""
"202300049142";"155 593 378";"A01";"0";"2";"0";"2";"7";"0";"1";""
"202300049143";"155 593 375";"A01";"1";"30";"0";"0";"7";"16";"1";""
"202300049143";"155 593 376";"B01";"1";"0";"0";"0";"0";"0";"0";""
"202300049144";"155 593 374";"A01";"3";"10";"0";"1";"0";"15";"0";""
"202300049145";"155 593 373";"A01";"1";"30";"12";"0";"2";"14";"1";""
"202300049146";"155 593 372";"A01";"2";"80";"0";"0";"0";"1";"3";""
"202300049147";"155 593 370";"A01";"2";"7";"0";"2";"1";"13";"1";""
"202300049147";"155 593 371";"B01";"1";"7";"0";"2";"3";"1";"1";""
"202300049148";"155 593 368";"A01";"1";"7";"0";"2";"1";"13";"1";""
"202300049148";"155 593 369";"B01";"2";"7";"0";"2";"3";"1";"1";""
"202300049149";"155 593 366";"A01";"2";"7";"0";"2";"7";"13";"1";""
"202300049149";"155 593 367";"B01";"1";"10";"0";"2";"1";"1";"1";""
"202300049150";"155 593 364";"A01";"1";"7";"0";"2";"1";"2";"1";""
"202300049150";"155 593 365";"B01";"1";"7";"0";"2";"4";"2";"1";""
"202300049151";"155 593 363";"A01";"2";"7";"2";"0";"1";"14";"1";""
"202300049152";"155 593 362";"A01";"1";"7";"13";"0";"2";"14";"1";""
"202300049153";"155 593 360";"A01";"2";"7";"0";"2";"3";"1";"1";""
"202300049153";"155 593 361";"B01";"1";"7";"0";"2";"2";"13";"1";""
"202300049154";"155 593 359";"A01";"1";"7";"4";"0";"2";"1";"0";""
"202300049155";"155 593 357";"A01";"2";"7";"0";"2";"6";"1";"1";""
"202300049155";"155 593 358";"B01";"1";"7";"0";"2";"1";"5";"1";""
"202300049156";"155 593 356";"A01";"2";"36";"6";"0";"2";"14";"1";""
"202300049157";"155 593 355";"A01";"1";"31";"12";"0";"1";"21";"1";""
"202300049158";"155 593 353";"A01";"1";"7";"0";"2";"1";"13";"1";""
"202300049158";"155 593 354";"B01";"2";"7";"0";"2";"1";"13";"1";""
"202300049159";"155 593 352";"A01";"2";"7";"6";"0";"2";"0";"1";""
"202300049160";"155 593 350";"A01";"1";"7";"0";"2";"3";"13";"1";""
"202300049160";"155 593 351";"B01";"2";"7";"0";"2";"3";"1";"1";""
"202300049161";"155 593 348";"B01";"1";"10";"0";"0";"6";"1";"1";""
"202300049161";"155 593 349";"A01";"1";"7";"0";"2";"2";"1";"1";""
"202300049162";"155 593 346";"A01";"3";"7";"0";"9";"3";"9";"1";""
"202300049162";"155 593 347";"B01";"3";"80";"0";"2";"1";"9";"3";""
"202300049163";"155 593 343";"A01";"1";"7";"0";"1";"2";"1";"1";""
"202300049164";"155 593 341";"A01";"1";"7";"0";"2";"3";"13";"1";""
"202300049164";"155 593 342";"B01";"2";"31";"0";"2";"1";"21";"1";""
"202300049165";"155 593 340";"A01";"3";"7";"0";"1";"1";"1";"1";""
"202300049166";"155 593 339";"A01";"1";"7";"15";"0";"1";"1";"0";""
"202300049167";"155 593 338";"A01";"1";"7";"8";"6";"8";"1";"1";""
"202300049168";"155 593 337";"A01";"3";"80";"0";"0";"0";"1";"3";""
"202300049169";"155 593 335";"B01";"1";"33";"0";"2";"1";"1";"1";""
"202300049169";"155 593 336";"A01";"1";"7";"0";"2";"6";"15";"1";""
"202300049170";"155 593 334";"A01";"1";"33";"0";"0";"8";"1";"1";""
"202300049171";"155 593 333";"A01";"1";"7";"0";"1";"3";"1";"1";""
"202300049172";"155 593 331";"A01";"1";"7";"3";"2";"7";"5";"1";""
"202300049172";"155 593 332";"B01";"2";"7";"0";"2";"1";"5";"1";""
"202300049173";"155 593 330";"A01";"1";"7";"13";"0";"2";"1";"1";""
"202300049174";"155 593 329";"A01";"3";"14";"13";"9";"3";"15";"1";""
"202300049175";"155 593 328";"A01";"2";"10";"0";"1";"4";"4";"1";""
"202300049176";"155 593 326";"A01";"1";"7";"0";"1";"1";"1";"1";""
"202300049177";"155 593 324";"A01";"2";"7";"0";"9";"2";"1";"1";""
"202300049178";"155 593 323";"B01";"2";"7";"0";"2";"3";"15";"1";""
"202300049178";"155 593 325";"A01";"2";"34";"0";"2";"3";"6";"1";""
"202300049179";"155 593 317";"A01";"3";"20";"0";"0";"0";"1";"1";""
"202300049180";"155 593 316";"B01";"1";"7";"0";"2";"3";"1";"1";""
"202300049180";"155 593 318";"C01";"1";"7";"0";"2";"1";"0";"0";""
"202300049180";"155 593 319";"A01";"1";"7";"0";"2";"1";"1";"1";""
"202300049180";"155 593 321";"D01";"1";"7";"0";"2";"1";"1";"1";""
"202300049181";"155 593 313";"A01";"1";"7";"0";"2";"3";"16";"1";""
"202300049181";"155 593 315";"B01";"1";"50";"0";"2";"7";"9";"3";""
"202300049182";"155 593 312";"A01";"2";"7";"0";"0";"0";"1";"1";""
"202300049183";"155 593 311";"A01";"3";"10";"0";"1";"4";"4";"1";""
"202300049184";"155 593 308";"B01";"2";"7";"0";"2";"1";"0";" -1";""
"202300049184";"155 593 310";"A01";"1";"50";"0";"2";"1";"0";"3";""
"202300049185";"155 593 305";"A01";"1";"33";"0";"1";"1";"0";"1";""
"202300049186";"155 593 304";"B01";"2";"7";"0";"2";"3";"1";"1";""
"202300049186";"155 593 306";"A01";"3";"10";"0";"2";"2";"19";"1";""
"202300049187";"155 593 302";"A01";"3";"7";"0";"2";"5";"1";"0";""
"202300049187";"155 593 303";"B01";"3";"7";"0";"2";"1";"2";"0";""
"202300049188";"155 593 300";"A01";"2";"7";"6";"2";"1";"1";"1";""
"202300049188";"155 593 301";"B01";"2";"7";"6";"2";"3";"1";"1";""
"202300049189";"155 593 298";"B01";"2";"7";"0";"2";"4";"2";"1";""
"202300049189";"155 593 299";"A01";"2";"7";"0";"2";"1";"2";"1";""
"202300049190";"155 593 296";"B01";"1";"7";"0";"2";"1";"1";"1";""
"202300049190";"155 593 297";"A01";"1";"10";"0";"2";"4";"1";"1";""
"202300049191";"155 593 295";"A01";"2";"7";"0";"1";"8";"15";"1";""
"202300049192";"155 593 293";"A01";"1";"7";"12";"0";"1";"1";"1";""
"202300049193";"155 593 291";"A01";"1";"31";"0";"2";"1";"13";"1";""
"202300049193";"155 593 292";"B01";"2";"33";"0";"2";"1";"1";"1";""
"202300049194";"155 593 290";"A01";"0";"7";"0";"1";"1";"0";"1";""
"202300049195";"155 593 289";"A01";"2";"7";"0";"1";"1";"0";"1";""
"202300049196";"155 593 287";"B01";"2";"7";"0";"2";"3";"9";"1";""
"202300049196";"155 593 288";"A01";"2";"36";"0";"2";"2";"2";"1";""
"202300049197";"155 593 286";"A01";"2";"7";"0";"1";"1";"1";"1";""
"202300049198";"155 593 285";"B01";"3";"7";"0";"2";"5";"26";"1";""
"202300049199";"155 593 284";"A01";"2";"32";"3";"0";"1";"0";"1";""
"202300049200";"155 593 283";"A01";"1";"7";"3";"2";"0";"17";"2";""
"202300049201";"155 593 278";"A01";"1";"7";"0";"0";"0";"0";"0";""
"202300049202";"155 593 275";"D01";"3";"7";"0";"2";"0";"0";"0";""
"202300049202";"155 593 276";"C01";"3";"7";"0";"2";"0";"0";"0";""
"202300049202";"155 593 280";"B01";"3";"7";"0";"2";"4";"1";"0";""
"202300049202";"155 593 281";"A01";"3";"7";"0";"2";"1";"1";"0";""
"202300049202";"155 593 282";"E01";"3";"7";"0";"2";"4";"1";"0";""
"202300049203";"155 593 273";"A01";"2";"7";"3";"2";"9";"1";"1";""
"202300049203";"155 593 277";"B01";"2";"15";"0";"2";"8";"1";"1";""
"202300049203";"155 593 279";"C01";"2";"7";"0";"2";"1";"1";"1";""
"202300049204";"155 593 272";"A01";"1";"2";"0";"2";"1";"2";"1";""
"202300049204";"155 593 274";"B01";"1";"10";"0";"0";"4";"2";"1";""
"202300049205";"155 593 269";"A01";"1";"7";"0";"2";"2";"26";"1";""
"202300049205";"155 593 271";"B01";"1";"7";"0";"2";"3";"0";"1";""
"202300049206";"155 593 267";"A01";"2";"7";"0";"2";"3";"2";"3";""
"202300049206";"155 593 268";"B01";"2";"7";"4";"2";"9";"1";"1";""
"202300049207";"155 593 266";"A01";"3";"13";"0";"0";"7";"21";"2";""
"202300049207";"155 593 270";"B01";"1";"7";"0";"0";"0";"17";"1";""
"202300049208";"155 593 264";"B01";"1";"7";"0";"2";"2";"2";"1";""
"202300049208";"155 593 265";"A01";"1";"7";"1";"2";"3";"18";"1";""
"202300049209";"155 593 260";"A01";"1";"7";"3";"0";"1";"14";"1";""
"202300049209";"155 593 263";"B01";"1";"10";"0";"0";"0";"2";"1";""
"202300049210";"155 593 258";"A01";"2";"7";"0";"0";"9";"1";"1";""
"202300049210";"155 593 259";"B01";"1";"7";"0";"0";"0";"15";"1";""
"202300049211";"155 593 256";"A01";"1";"7";"0";"2";"1";"9";"1";""
"202300049211";"155 593 257";"B01";"1";"7";"0";"2";"1";"0";"1";""
"202300049211";"155 593 261";"C01";"1";"7";"0";"2";"4";"2";"0";""
"202300049212";"155 593 254";"A01";"1";"7";"1";"2";"8";"14";"0";""
"202300049212";"155 593 255";"B01";"1";"10";"0";"2";"4";"0";"0";""
"202300049213";"155 593 252";"A01";"1";"7";"0";"1";"1";"0";"1";""
"202300049214";"155 593 251";"B01";"1";"7";"0";"2";"1";"1";"3";""
"202300049214";"155 593 253";"A01";"2";"7";"0";"2";"1";"17";"1";""
"202300049215";"155 593 250";"A01";"2";"7";"4";"0";"1";"2";"1";""
"202300049216";"155 593 249";"A01";"2";"7";"0";"1";"2";"17";"0";""
"202300049217";"155 593 246";"A01";"1";"7";"0";"1";"5";"23";"1";""
"202300049217";"155 593 248";"B01";"1";"7";"0";"2";"1";"1";"1";""
"202300049218";"155 593 243";"C01";"1";"10";"0";"2";"8";"1";"1";""
"202300049218";"155 593 245";"A01";"1";"7";"0";"2";"7";"12";"1";""
"202300049218";"155 593 247";"B01";"1";"14";"0";"2";"3";"1";"1";""
"202300049219";"155 593 242";"A01";"1";"7";"0";"2";"3";"13";"1";""
"202300049219";"155 593 244";"B01";"2";"14";"0";"2";"6";"1";"1";""
"202300049220";"155 593 241";"A01";"1";"7";"15";"0";"1";"1";"1";""
"202300049221";"155 593 238";"A01";"1";"7";"13";"0";"2";"1";"1";""
"202300049222";"155 593 236";"B01";"2";"7";"0";"2";"4";"2";"1";""
"202300049222";"155 593 239";"A01";"2";"10";"0";"2";"1";"2";"1";""
"202300049223";"155 593 237";"A01";"2";"7";"0";"2";"7";"16";"1";""
"202300049223";"155 593 240";"B01";"2";"33";"0";"2";"1";"1";"1";""
"202300049224";"155 593 233";"A01";"2";"7";"0";"0";"0";"0";"1";""
"202300049224";"155 593 235";"B01";"1";"30";"0";"0";"0";"0";"1";""
"202300049225";"155 593 232";"A01";"1";"7";"4";"0";"1";"16";"1";""
"202300049226";"155 593 231";"B01";"1";"1";"0";"2";"3";"1";"5";""
"202300049226";"155 593 234";"A01";"1";"10";"0";"2";"7";"16";"1";""
"202300049227";"155 593 229";"A01";"2";"7";"0";"1";"3";"1";"1";""
"202300049228";"155 593 224";"A01";"2";"10";"0";"2";"3";"1";"1";""
"202300049228";"155 593 227";"B01";"2";"33";"0";"2";"1";"17";"1";""
"202300049229";"155 593 226";"B01";"1";"7";"0";"2";"7";"1";"1";""
"202300049229";"155 593 230";"A01";"2";"10";"0";"2";"1";"1";"1";""
"202300049230";"155 593 223";"A01";"2";"7";"0";"2";"3";"15";"1";""
"202300049230";"155 593 225";"B01";"2";"30";"0";"2";"1";"1";"1";""
"202300049231";"155 593 221";"A01";"3";"2";"12";"0";"1";"26";"1";""
"202300049232";"155 593 219";"A01";"1";"7";"0";"1";"1";"1";"1";""
"202300049233";"155 593 218";"A01";"2";"7";"0";"2";"1";"0";"1";""
"202300049233";"155 593 220";"B01";"2";"7";"0";"2";"4";"0";"1";""
"202300049233";"155 593 222";"C01";"2";"7";"0";"2";"4";"0";"1";""
"202300049233";"155 593 228";"D01";"2";"7";"0";"2";"4";"0";"1";""
"202300049234";"155 593 216";"A01";"2";"7";"0";"2";"1";"1";"1";""
"202300049234";"155 593 217";"B01";"1";"7";"0";"2";"1";"1";"1";""
"202300049235";"155 593 212";"A01";"1";"33";"0";"2";"1";"13";"1";""
"202300049235";"155 593 215";"B01";"2";"99";"0";"2";"1";"1";"1";""
"202300049236";"155 593 213";"A01";"1";"7";"0";"2";"1";"15";"1";""
"202300049236";"155 593 214";"B01";"2";"31";"0";"2";"1";"1";"1";""
"202300049237";"155 593 210";"A01";"2";"17";"0";"2";"3";"11";"1";""
"202300049237";"155 593 211";"B01";"2";"7";"0";"2";"5";"0";"1";""
"202300049238";"155 593 209";"A01";"1";"7";"0";"1";"3";"17";"1";""
"202300049239";"155 593 206";"A01";"3";"7";"0";"2";"5";"15";"1";""
"202300049239";"155 593 207";"B01";"3";"33";"0";"2";"1";"1";"1";""
"202300049240";"155 593 204";"A01";"2";"2";"0";"2";"2";"17";"1";""
"202300049240";"155 593 205";"B01";"2";"99";"0";"2";"3";"15";"1";""
"202300049241";"155 593 202";"A01";"1";"10";"0";"2";"4";"1";"1";""
"202300049241";"155 593 208";"B01";"1";"33";"0";"2";"1";"1";"1";""
"202300049242";"155 593 200";"A01";"1";"7";"2";"0";"0";"0";"1";""
"202300049243";"155 593 199";"B01";"2";"7";"0";"2";"4";"1";"1";""
"202300049243";"155 593 203";"A01";"2";"7";"0";"2";"1";"1";"1";""
"202300049244";"155 593 198";"B01";"1";"50";"0";"2";"1";"1";"3";""
"202300049244";"155 593 201";"A01";"1";"7";"0";"2";"3";"9";"1";""
"202300049245";"155 593 196";"A01";"1";"7";"8";"0";"0";"15";"1";""
"202300049246";"155 593 194";"A01";"1";"7";"0";"2";"3";"13";"1";""
"202300049246";"155 593 197";"B01";"2";"7";"0";"2";"3";"1";"1";""
"202300049247";"155 593 193";"A01";"2";"7";"0";"2";"3";"13";"1";""
"202300049247";"155 593 195";"B01";"1";"7";"0";"2";"3";"1";"1";""
"202300049248";"155 593 192";"A01";"1";"7";"3";"0";"1";"1";"1";""
"202300049249";"155 593 189";"A01";"3";"7";"0";"2";"1";"5";"1";""
"202300049249";"155 593 190";"B01";"3";"10";"0";"2";"1";"1";"1";""
"202300049250";"155 593 184";"B01";"2";"31";"0";"2";"1";"1";"1";""
"202300049250";"155 593 188";"A01";"1";"2";"0";"2";"1";"3";"1";""
"202300049251";"155 593 185";"A01";"1";"7";"4";"0";"3";"1";"1";""
"202300049252";"155 593 182";"A01";"1";"7";"0";"2";"3";"13";"1";""
"202300049252";"155 593 187";"B01";"2";"33";"0";"2";"1";"1";"1";""
"202300049253";"155 593 181";"C01";"0";"7";"0";"2";"0";"0";"1";""
"202300049253";"155 593 183";"B01";"0";"7";"0";"2";"3";"0";"1";""
"202300049253";"155 593 186";"A01";"0";"7";"0";"2";"1";"15";"1";""
"202300049254";"155 593 180";"A01";"3";"33";"0";"0";"1";"1";"1";""
"202300049255";"155 593 179";"A01";"1";"33";"6";"0";"1";"13";"1";""
"202300049256";"155 593 175";"A01";"1";"7";"3";"2";"3";"17";"1";""
"202300049256";"155 593 178";"B01";"1";"7";"0";"2";"7";"1";"1";""
"202300049257";"155 593 169";"A01";"1";"7";"0";"2";"3";"1";"6";""
"202300049257";"155 593 173";"B01";"2";"7";"0";"2";"2";"15";"0";""
"202300049258";"155 593 166";"A01";"2";"7";"3";"2";"2";"1";"1";""
"202300049258";"155 593 168";"B01";"2";"7";"0";"2";"4";"1";"1";""
"202300049259";"155 593 170";"A01";"1";"7";"0";"2";"2";"15";"1";""
"202300049259";"155 593 176";"B01";"2";"31";"0";"2";"1";"1";"1";""
"202300049260";"155 593 163";"A01";"2";"7";"0";"2";"2";"9";"1";""
"202300049260";"155 593 165";"B01";"2";"2";"0";"2";"7";"23";"1";""
"202300049261";"155 593 164";"D01";"2";"7";"0";"2";"1";"2";"0";""
"202300049261";"155 593 167";"A01";"2";"7";"0";"2";"4";"2";"1";""
"202300049261";"155 593 171";"B01";"2";"7";"0";"2";"1";"2";"1";""
"202300049261";"155 593 174";"C01";"2";"7";"0";"2";"4";"2";"1";""
"202300049262";"155 593 158";"A01";"0";"37";"0";"1";"3";"1";"1";"1"
"202300049263";"155 593 160";"B01";"2";"7";"0";"0";"1";"1";"0";""
"202300049263";"155 593 162";"A01";" -1";"10";"8";"0";"6";"19";"0";""
"202300049264";"155 593 159";"B01";"2";"1";"0";"2";"1";"0";"5";""
"202300049264";"155 593 161";"A01";"1";"7";"0";"0";"6";"16";"2";""
"202300049265";"155 593 154";"A01";"1";"7";"0";"2";"4";"1";"1";""
"202300049265";"155 593 156";"C01";"1";"7";"0";"2";"1";"2";"1";""
"202300049265";"155 593 157";"Z01";"1";"7";"0";"2";"1";"2";"1";""
"202300049266";"155 593 151";"A01";"1";"7";"0";"2";"1";"13";"1";""
"202300049266";"155 593 155";"B01";"2";"7";"0";"2";"1";"1";"1";""
"202300049267";"155 593 150";"A01";"3";"7";"0";"2";"3";"1";"1";""
"202300049267";"155 593 153";"B01";"3";"7";"0";"2";"1";"0";"1";""
"202300049268";"155 593 149";"A01";"3";"2";"0";"2";"1";"1";"1";""
"202300049268";"155 593 152";"B01";"3";"10";"0";"2";"1";"23";"3";""
"202300049269";"155 593 148";"A01";"3";"7";"7";"0";"1";"13";"1";""
"202300049270";"155 593 145";"A01";"1";"7";"0";"2";"5";"2";"1";""
"202300049270";"155 593 147";"B01";"1";"33";"0";"2";"1";"2";"1";""
"202300049271";"155 593 143";"B01";"1";"15";"0";"2";"3";"1";"0";""
"202300049271";"155 593 144";"A01";"2";"10";"0";"2";"3";"13";"0";""
"202300049272";"155 593 141";"A01";"2";"7";"0";"2";"2";"15";"1";""
"202300049272";"155 593 146";"B01";"2";"2";"0";"2";"1";"1";"1";""
"202300049273";"155 593 140";"A01";"2";"7";"0";"1";"1";"1";"1";""
"202300049274";"155 593 139";"A01";"1";"33";"0";"0";"0";"1";"0";""
"202300049275";"155 593 134";"A01";"0";"10";"0";"0";"0";"0";"1";""
"202300049275";"155 593 138";"B01";"2";"1";"0";"2";"4";"1";"5";""
"202300049276";"155 593 135";"B01";"1";"7";"0";"2";"1";"0";"1";""
"202300049276";"155 593 137";"A01";"1";"7";"0";"2";"4";"0";"1";""
"202300049277";"155 593 133";"A01";"2";"7";"0";"1";"2";"1";"1";""
"202300049278";"155 593 132";"A01";"2";"10";"0";"2";"1";"1";"1";""
"202300049278";"155 593 136";"B01";"2";"15";"0";"0";"6";"1";"1";""
"202300049279";"155 593 129";"A01";"1";"33";"13";"0";"1";"1";"1";""
"202300049280";"155 593 127";"A01";"1";"38";"0";"2";"4";"23";"1";"1"
"202300049280";"155 593 130";"B01";"1";"7";"0";"2";"1";"2";"1";""
"202300049281";"155 593 126";"A01";"3";"10";"0";"2";"8";"19";"1";""
"202300049281";"155 593 131";"B01";"3";"7";"0";"2";"1";"1";"1";""