"Num_Acc";"id_vehicule";"num_veh";"senc";"catv";"obs";"obsm";"choc";"manv";"motor";"occutc"
"202300050926";"155 590 211";"B01";"1";"7";"0";"2";"3";"1";"1";""
"202300050927";"155 590 212";"B01";"3";"1";"0";"2";"1";"1";"5";""
"202300050927";"155 590 214";"A01";"1";"7";"0";"2";"2";"15";"1";""
"202300050928";"155 590 208";"A01";"1";"7";"13";"9";"1";"2";"0";""
"202300050929";"155 590 206";"B01";"1";"1";"0";"2";"1";"11";"5";""
"202300050929";"155 590 207";"A01";"2";"7";"0";"9";"3";"2";"6";""
"202300050930";"155 590 205";"A01";"2";"7";"15";"0";"1";"2";"0";""
"202300050931";"155 590 200";"E01";"2";"7";"0";"2";"1";"1";"3";""
"202300050931";"155 590 201";"D01";"2";"7";"0";"2";"4";"1";"1";""
"202300050931";"155 590 202";"C01";"2";"10";"0";"2";"1";"1";"1";""
"202300050931";"155 590 203";"B01";"2";"7";"0";"2";"4";"1";"2";""
"202300050931";"155 590 204";"A01";"2";"7";"0";"2";"4";"1";"1";""
"202300050932";"155 590 198";"B01";"1";"7";"0";"2";"4";"1";"1";""
"202300050932";"155 590 199";"A01";"1";"7";"0";"2";"1";"14";"1";""
"202300050933";"155 590 196";"A01";"1";"7";"4";"2";"1";"1";"1";""
"202300050933";"155 590 197";"B01";"1";"15";"0";"2";"6";"1";"1";""
"202300050934";"155 590 193";"A01";"2";"10";"0";"2";"2";"12";"1";""
"202300050934";"155 590 194";"C01";"2";"7";"0";"2";"1";"1";"2";""
"202300050934";"155 590 195";"B01";"2";"7";"0";"2";"8";"0";"1";""
"202300050935";"155 590 191";"B01";"2";"7";"0";"2";"3";"11";"1";""
"202300050935";"155 590 192";"A01";"2";"33";"0";"2";"2";"3";"1";""
"202300050936";"155 590 190";"A01";"1";"10";"4";"0";"3";"1";"1";""
"202300050937";"155 590 189";"A01";"1";"14";"6";"0";"1";"1";"1";""
"202300050938";"155 590 186";"C01";"2";"7";"0";"2";"4";"2";"1";""
"202300050938";"155 590 187";"B01";"2";"7";"0";"2";"1";"2";"1";""
"202300050938";"155 590 188";"A01";"2";"7";"0";"2";"1";"2";"1";""
"202300050939";"155 590 185";"A01";"1";"7";"4";"0";"1";"1";"1";""
"202300050940";"155 590 183";"A01";"1";"7";"0";"2";"6";"1";"1";""
"202300050940";"155 590 184";"B01";"1";"7";"0";"2";"2";"1";"1";""
"202300050941";"155 590 182";"A01";"3";"37";"0";"1";"3";"1";"1";"1"
"202300050942";"155 590 181";"A01";"1";"7";"0";"1";"1";"1";"1";""
"202300050943";"155 590 180";"A01";"2";"7";"0";"1";"2";"1";"1";""
"202300050944";"155 590 179";"A01";"1";"7";"0";"1";"2";"1";"1";""
"202300050945";"155 590 177";"A01";"2";"7";"0";"2";"1";"5";"1";""
"202300050945";"155 590 178";"B01";"1";"10";"0";"2";"1";"1";"1";""
"202300050946";"155 590 176";"A01";"3";"30";"0";"0";"7";"16";"1";""
"202300050947";"155 590 175";"A01";"1";"7";"0";"1";"3";"1";"1";""
"202300050948";"155 590 173";"B01";"1";"10";"0";"2";"4";"1";"1";""
"202300050948";"155 590 174";"A01";"1";"7";"0";"2";"2";"1";"1";""
"202300050949";"155 590 169";"C01";"1";"7";"0";"2";"4";"2";"2";""
"202300050949";"155 590 170";"A01";"1";"7";"0";"5";"4";"2";"1";""
"202300050949";"155 590 171";"D01";"1";"7";"0";"2";"1";"2";"1";""
"202300050949";"155 590 172";"B01";"1";"7";"0";"2";"1";"2";"1";""
"202300050950";"155 590 167";"A01";"0";"7";"0";"2";"3";"0";"1";""
"202300050950";"155 590 168";"B01";"0";"31";"0";"2";"3";"6";"1";""
"202300050951";"155 590 164";"A01";"1";"7";"0";"2";"2";"15";"1";""
"202300050951";"155 590 165";"LB01";"2";"33";"0";"2";"1";"1";"6";""
"202300050952";"155 590 163";"A01";"0";"37";"0";"1";"5";"0";"1";"1"
"202300050953";"155 590 161";"A01";"1";"2";"0";"2";"2";"1";"1";""
"202300050953";"155 590 162";"B01";"1";"10";"0";"2";"3";"15";"3";""
"202300050954";"155 590 160";"A01";"1";"10";"0";"1";"2";"1";"1";""
"202300050955";"155 590 158";"A01";"3";"7";"0";"2";"1";"19";"1";""
"202300050955";"155 590 159";"B01";"2";"7";"0";"2";"2";"0";"1";""
"202300050956";"155 590 156";"A01";"1";"7";"0";"2";"6";"15";"1";""
"202300050956";"155 590 157";"B01";"1";"2";"0";"2";"1";"1";"1";""
"202300050957";"155 590 153";"C01";"1";"7";"1";"2";"1";"2";"1";""
"202300050957";"155 590 154";"B01";"3";"7";"1";"2";"1";"0";"1";""
"202300050957";"155 590 155";"A01";"1";"7";"14";"2";"2";"1";"1";""
"202300050958";"155 590 151";"B01";"2";"33";"0";"2";"1";"1";"1";""
"202300050958";"155 590 152";"A01";"0";"7";"0";"2";"3";"9";"1";""
"202300050959";"155 590 149";"A01";"0";"7";"0";"2";"2";"26";"1";""
"202300050959";"155 590 150";"B01";"0";"7";"0";"2";"6";"23";"1";""
"202300050960";"155 590 144";"A01";"0";"2";"11";"0";"1";"13";"1";""
"202300050961";"155 590 142";"A01";"2";"1";"0";"2";"8";"19";"5";""
"202300050961";"155 590 143";"B01";"1";"7";"0";"2";"1";"1";"1";""
"202300050962";"155 590 141";"A01";"2";"10";"0";"1";"1";"1";"0";""
"202300050963";"155 590 140";"A01";"2";"30";"0";"2";"7";"21";"1";""
"202300050964";"155 590 138";"A01";"1";"7";"0";"2";"8";"15";"1";""
"202300050964";"155 590 139";"B01";"2";"7";"0";"2";"1";"1";"1";""
"202300050965";"155 590 137";"A01";"1";"10";"0";"1";"2";"1";"1";""
"202300050966";"155 590 135";"B01";"1";"31";"0";"2";"2";"9";"1";""
"202300050966";"155 590 136";"A01";"1";"7";"0";"2";"1";"9";"1";""
"202300050967";"155 590 133";"A01";"1";"7";"0";"2";"1";"1";"1";""
"202300050967";"155 590 134";"B01";"1";"7";"0";"2";"4";"20";"1";""
"202300050968";"155 590 131";"B01";"1";"7";"0";"2";"8";"1";"1";""
"202300050968";"155 590 132";"A01";"1";"7";"2";"2";"9";"17";"1";""
"202300050969";"155 590 129";"A01";"1";"7";"0";"2";"1";"2";"1";""
"202300050969";"155 590 130";"B01";"1";"7";"0";"2";"4";"2";"1";""
"202300050970";"155 590 128";"A01";"2";"7";"0";"1";"1";"26";"0";""
"202300050971";"155 590 126";"B01";"0";"7";"10";"0";"3";"1";"1";""
"202300050971";"155 590 127";"A01";"0";"50";"10";"2";"8";"19";"3";""
"202300050972";"155 590 125";"A01";"3";"50";"0";"1";"1";"1";"3";""
"202300050973";"155 590 123";"B01";"1";"7";"0";"2";"1";"1";"1";""
"202300050973";"155 590 124";"A01";"2";"7";"0";"2";"7";"13";"1";""
"202300050974";"155 590 122";"A01";"3";"50";"0";"0";"0";"1";"3";""
"202300050975";"155 590 120";"B01";"0";"7";"0";"2";"3";"1";"1";""
"202300050975";"155 590 121";"A01";"3";"50";"0";"2";"0";"1";"3";""
"202300050976";"155 590 118";"A01";"2";"7";"1";"0";"2";"1";"1";""
"202300050976";"155 590 119";"B01";"3";"7";"0";"2";"6";"0";"0";""
"202300050977";"155 590 116";"B01";"1";"1";"0";"2";"8";"13";"5";""
"202300050977";"155 590 117";"A01";"1";"7";"0";"9";"2";"13";"1";""
"202300050978";"155 590 115";"A01";"1";"15";"6";"0";"3";"1";"1";""
"202300050979";"155 590 114";"A01";"2";"7";"0";"1";"1";"1";"1";""
"202300050980";"155 590 112";"A01";"1";"7";"16";"2";"5";"26";"1";""
"202300050980";"155 590 113";"B01";"2";"7";"0";"2";"1";"1";"1";""
"202300050981";"155 590 111";"A01";"3";"10";"0";"1";"4";"4";"1";""
"202300050982";"155 590 109";"A01";"1";"7";"0";"2";"3";"9";"1";""
"202300050982";"155 590 110";"B01";"2";"1";"0";"2";"8";"9";"5";""
"202300050983";"155 590 108";"A01";"2";"7";"0";"0";"9";"11";"0";""
"202300050984";"155 590 104";"A01";"2";"15";"0";"2";"3";"15";"1";""
"202300050984";"155 590 105";"B01";"2";"34";"0";"2";"1";"17";"1";""
"202300050985";"155 590 102";"A01";"1";"7";"0";"2";"7";"13";"1";""
"202300050985";"155 590 103";"B01";"2";"17";"0";"2";"1";"1";"1";""
"202300050986";"155 590 101";"A01";"2";"7";"2";"0";"1";"1";"1";""
"202300050987";"155 590 100";"A01";"1";"7";"2";"0";"3";"1";"1";""
"202300050988";"155 590 098";"A01";"1";"7";"0";"2";"2";"0";"1";""
"202300050988";"155 590 099";"B01";"1";"7";"0";"2";"4";"1";"1";""
"202300050989";"155 590 096";"B01";"2";"21";"0";"2";"3";"1";"1";""
"202300050989";"155 590 097";"A01";"1";"10";"0";"2";"2";"13";"1";""
"202300050990";"155 590 094";"B01";"2";"7";"0";"2";"1";"17";"1";""
"202300050990";"155 590 095";"A01";"1";"7";"0";"2";"1";"1";"0";""
"202300050991";"155 590 093";"A01";"1";"14";"0";"1";"2";"1";"1";""
"202300050992";"155 590 092";"A01";"1";"7";"3";"0";"1";"21";"1";""
"202300050993";"155 590 091";"A01";"1";"7";"2";"0";"1";"13";"1";""
"202300050994";"155 590 088";"A01";"2";"3";"0";"2";"2";"15";"0";""
"202300050994";"155 590 089";"B01";"1";"7";"0";"2";"3";"1";"1";""
"202300050994";"155 590 090";"C01";"1";"7";"0";"2";"1";"23";"1";""
"202300050995";"155 590 086";"A01";"2";"7";"0";"2";"3";"1";"1";""
"202300050995";"155 590 087";"B01";"2";"7";"0";"2";"3";"1";"1";""
"202300050996";"155 590 084";"B01";"1";"7";"0";"2";"2";"15";"0";""
"202300050996";"155 590 085";"A01";"2";"36";"0";"2";"3";"1";"1";""
"202300050997";"155 590 082";"B01";"3";"7";"0";"2";"2";"1";"1";""
"202300050997";"155 590 083";"A01";"3";"2";"0";"2";"1";"1";"3";""
"202300050998";"155 590 081";"A01";"3";"10";"6";"0";"1";"1";"1";""
"202300050999";"155 590 080";"A01";"0";"7";"0";"1";"1";"1";"0";""
"202300051000";"155 590 077";"A01";"3";"50";"0";"2";"7";"9";"3";""
"202300051000";"155 590 079";"B01";"3";"7";"0";"2";"1";"9";"1";""
"202300051001";"155 590 076";"A01";"2";"7";"0";"2";"3";"9";"1";""
"202300051001";"155 590 078";"B01";"2";"33";"0";"2";"1";"1";"1";""
"202300051002";"155 590 074";"A01";"1";"7";"0";"2";"2";"1";"0";""
"202300051002";"155 590 075";"B01";"3";"1";"0";"2";"1";"19";"5";""
"202300051003";"155 590 072";"A01";"1";"7";"0";"0";"3";"9";"1";""
"202300051003";"155 590 073";"B01";"2";"7";"15";"0";"7";"19";"1";""
"202300051004";"155 590 071";"Y01";"1";"1";"0";"2";"2";"19";"5";""
"202300051005";"155 590 068";"A01";"3";"7";"0";"1";"1";"1";"1";""
"202300051006";"155 590 067";"A01";"1";"7";"0";"2";"9";"9";"1";""
"202300051006";"155 590 069";"B01";"1";"7";"0";"2";"9";"2";"1";""
"202300051006";"155 590 070";"C01";"1";"7";"0";"2";"9";"1";"1";""
"202300051007";"155 590 066";"A01";"1";"7";"0";"1";"1";"15";"1";""
"202300051008";"155 590 064";"B01";"1";"15";"0";"2";"7";"1";"1";""
"202300051008";"155 590 065";"A01";"1";"7";"4";"2";"8";"17";"1";""
"202300051009";"155 590 063";"A01";"1";"7";"2";"0";"2";"13";"1";""
"202300051010";"155 590 061";"B01";"3";"7";"0";"2";"0";"0";"1";""
"202300051010";"155 590 062";"A01";"3";"7";"0";"2";"0";"0";"1";""
"202300051011";"155 590 060";"A01";"1";"7";"13";"0";"1";"2";"1";""
"202300051012";"155 590 058";"B01";"1";"7";"0";"2";"4";"1";"1";""
"202300051012";"155 590 059";"A01";"1";"30";"0";"2";"1";"1";"1";""
"202300051013";"155 590 057";"A01";"1";"7";"13";"0";"1";"0";"1";""
"202300051014";"155 590 056";"A01";"2";"43";"0";"1";"1";"1";"1";""
"202300051015";"155 590 054";"B01";"1";"33";"0";"2";"1";"1";"1";""
"202300051015";"155 590 055";"A01";"2";"7";"0";"2";"7";"15";"1";""
"202300051016";"155 590 053";"A01";"2";"7";"1";"0";"5";"1";"1";""
"202300051017";"155 590 051";"A01";"2";"43";"0";"2";"1";"15";"1";""
"202300051017";"155 590 052";"B01";"2";"7";"0";"2";"3";"15";"1";""
"202300051018";"155 590 048";"B01";"3";"7";"0";"0";"1";"0";"1";""
"202300051018";"155 590 050";"A01";"1";"34";"0";"2";"7";"3";"1";""
"202300051019";"155 590 047";"B01";"2";"7";"0";"2";"3";"15";"1";""
"202300051019";"155 590 049";"A01";"1";"2";"0";"2";"1";"1";"1";""
"202300051020";"155 590 045";"B01";"3";"34";"0";"2";"1";"0";"1";""
"202300051020";"155 590 046";"A01";"1";"7";"0";"2";"3";"0";"1";""
"202300051021";"155 590 042";"B01";"1";"33";"0";"2";"1";"1";"1";""
"202300051021";"155 590 044";"A01";"2";"7";"0";"2";"7";"15";"3";""
"202300051022";"155 590 041";"A01";"2";"33";"0";"2";"1";"17";"1";""
"202300051022";"155 590 043";"B01";"2";"7";"0";"2";"6";"17";"1";""
"202300051023";"155 590 039";"A01";"2";"10";"0";"2";"3";"15";"1";""
"202300051023";"155 590 040";"B01";"2";"34";"3";"2";"2";"1";"1";""
"202300051024";"155 590 037";"A01";"2";"2";"3";"0";"8";"13";"1";""
"202300051025";"155 590 036";"A01";"3";"7";"0";"2";"6";"15";"1";""
"202300051025";"155 590 038";"B01";"2";"1";"0";"2";"1";"1";"5";""
"202300051026";"155 590 035";"A01";"1";"7";"0";"1";"2";"19";"1";""
"202300051027";"155 590 030";"A01";"2";"7";"0";"2";"3";"21";"0";""
"202300051027";"155 590 033";"B01";"1";"10";"0";"2";"4";"26";"0";""
"202300051028";"155 590 031";"A01";"2";"1";"0";"2";"8";"13";"5";""
"202300051028";"155 590 034";"B01";"2";"1";"0";"2";"7";"17";"5";""
"202300051029";"155 590 029";"B01";"1";"7";"0";"2";"3";"1";"1";""
"202300051029";"155 590 032";"A01";"1";"7";"0";"2";"1";"1";"1";""
"202300051030";"155 590 028";"A01";"3";"7";"6";"0";"1";"1";"1";""
"202300051031";"155 590 025";"A01";"2";"33";"0";"2";"5";"15";"1";""
"202300051031";"155 590 027";"B01";"2";"50";"0";"2";"8";"1";"3";""
"202300051032";"155 590 026";"A01";"2";"7";"0";"2";"2";"15";"1";""
"202300051033";"155 590 022";"A01";"2";"10";"0";"2";"2";"9";"1";""
"202300051033";"155 590 024";"B01";"1";"2";"0";"2";"1";"1";"1";""
"202300051034";"155 590 019";"B01";"1";"30";"0";"2";"3";"15";"1";""
"202300051034";"155 590 021";"A01";"2";"30";"0";"2";"1";"1";"1";""
"202300051035";"155 590 020";"B01";"1";"60";"0";"0";"0";"5";"5";""
"202300051035";"155 590 023";"A01";"1";"7";"0";"2";"3";"15";"1";""
"202300051036";"155 590 015";"A01";"3";"7";"0";"2";"3";"15";"4";""
"202300051036";"155 590 016";"B01";"3";"34";"0";"2";"1";"15";"4";""
"202300051037";"155 590 017";"A01";"1";"7";"0";"2";"5";"15";"1";""
"202300051037";"155 590 018";"B01";"2";"2";"0";"2";"1";"1";"1";""
"202300051038";"155 590 014";"A01";"1";"7";"0";"1";"2";"1";"1";""
"202300051039";"155 590 011";"A01";"1";"30";"0";"0";"0";"26";"1";""
"202300051040";"155 590 009";"A01";"3";"7";"1";"2";"2";"26";"1";""
"202300051040";"155 590 012";"B01";"3";"7";"1";"2";"6";"23";"1";""
"202300051040";"155 590 013";"C01";"3";"7";"1";"0";"6";"26";"1";""
"202300051041";"155 590 008";"A01";"1";"7";"0";"1";"1";"15";"1";""
"202300051041";"155 590 010";"B01";"1";"7";"0";"2";"2";"15";"1";""
"202300051042";"155 590 005";"B01";"1";"33";"0";"2";"1";"1";"1";""
"202300051042";"155 590 006";"A01";"2";"7";"0";"2";"8";"10";"1";""
"202300051043";"155 590 004";"A01";"0";"7";"0";"2";"2";"1";"3";""
"202300051043";"155 590 007";"B01";"0";"50";"0";"2";"8";"19";"3";""
"202300051044";"155 590 001";"A01";"1";"7";"0";"2";"3";"15";"1";""
"202300051044";"155 590 003";"B01";"1";"50";"0";"2";"1";"1";"3";""
"202300051045";"155 589 999";"A01";"1";"3";"0";"2";"3";"15";"0";""
"202300051045";"155 590 000";"B01";"1";"31";"0";"2";"2";"0";"0";""
"202300051046";"155 589 998";"A01";"2";"7";"0";"2";"3";"1";"1";""
"202300051046";"155 590 002";"B01";"1";"7";"0";"2";"7";"10";"1";""
"202300051047";"155 589 996";"A01";"1";"7";"0";"2";"2";"20";"1";""
"202300051047";"155 589 997";"B01";"2";"1";"1";"2";"4";"21";"5";""
"202300051048";"155 589 994";"A01";"1";"7";"3";"0";"9";"1";"2";""
"202300051049";"155 589 993";"A01";"3";"7";"0";"2";"1";"1";"1";""
"202300051049";"155 589 995";"B01";"3";"7";"0";"2";"4";"23";"1";""
"202300051050";"155 589 988";"A01";"1";"7";"0";"2";"3";"15";"0";""
"202300051050";"155 589 992";"B01";"1";"31";"0";"2";"7";"1";"1";""
"202300051051";"155 589 989";"A01";"3";"7";"0";"2";"3";"11";"1";""
"202300051051";"155 589 991";"B01";"3";"50";"0";"2";"2";"17";"3";""
"202300051052";"155 589 987";"A01";"2";"7";"0";"2";"1";"26";"1";""
"202300051052";"155 589 990";"B01";"1";"7";"2";"2";"1";"0";"1";""
"202300051053";"155 589 984";"B01";"1";"30";"0";"2";"1";"1";"1";""
"202300051053";"155 589 986";"A01";"1";"1";"0";"2";"4";"19";"5";""
"202300051054";"155 589 983";"A01";"2";"7";"0";"1";"2";"21";"1";""
"202300051055";"155 589 981";"A01";"1";"33";"0";"2";"1";"3";"1";""
"202300051055";"155 589 982";"B01";"1";"7";"0";"2";"4";"1";"1";""
"202300051055";"155 589 985";"C01";"1";"7";"0";"2";"7";"1";"1";""
"202300051056";"155 589 979";"A01";"1";"33";"0";"0";"0";"1";"1";""
"202300051057";"155 589 977";"A01";"3";"1";"8";"1";"1";"1";"5";""
"202300051058";"155 589 978";"A01";"2";"7";"0";"2";"3";"15";"1";""
"202300051058";"155 589 980";"B01";"2";"2";"0";"2";"2";"1";"1";""
"202300051059";"155 589 973";"A01";"1";"33";"0";"1";"1";"1";"1";""
"202300051060";"155 589 970";"B01";"1";"7";"0";"2";"4";"1";"1";""
"202300051060";"155 589 972";"C01";"1";"7";"0";"2";"4";"1";"1";""
"202300051060";"155 589 975";"D01";"1";"7";"0";"2";"1";"2";"1";""
"202300051060";"155 589 976";"A01";"1";"7";"0";"2";"4";"1";"1";""
"202300051061";"155 589 969";"A01";"1";"7";"0";"0";"5";"15";"1";""
"202300051061";"155 589 971";"B01";"1";"31";"0";"2";"1";"1";"1";""
"202300051062";"155 589 967";"A01";"2";"31";"0";"1";"0";"1";"1";""
"202300051063";"155 589 963";"B01";"1";"7";"0";"2";"4";"1";"1";""
"202300051063";"155 589 965";"C01";"1";"7";"0";"2";"4";"0";"1";""
"202300051063";"155 589 968";"A01";"1";"7";"0";"2";"3";"11";"1";""
"202300051064";"155 589 962";"A01";"2";"33";"0";"0";"8";"1";"1";""
"202300051065";"155 589 957";"A01";"3";"13";"0";"1";"1";"1";"1";""
"202300051066";"155 589 955";"B01";"2";"7";"0";"2";"6";"13";"1";""
"202300051066";"155 589 958";"A01";"2";"7";"0";"2";"1";"1";"1";""
"202300051066";"155 589 960";"C01";"2";"10";"0";"2";"3";"1";"1";""
"202300051066";"155 589 961";"D01";"2";"7";"0";"2";"5";"2";"0";""
"202300051067";"155 589 956";"A01";"1";"7";"0";"0";"8";"23";"1";""
"202300051067";"155 589 959";"B01";"1";"7";"1";"0";"7";"22";"1";""
"202300051068";"155 589 953";"A01";"2";"32";"1";"1";"1";"1";"1";""
"202300051068";"155 589 954";"B01";"0";"7";"0";"2";"2";"0";"0";""
"202300051069";"155 589 950";"C01";"1";"10";"0";"2";"1";"2";"1";""
"202300051069";"155 589 951";"A01";"1";"7";"0";"0";"0";"13";"0";""
"202300051069";"155 589 952";"B01";"1";"7";"0";"0";"4";"2";"1";""
"202300051070";"155 589 948";"A01";"3";"7";"0";"1";"2";"1";"1";""
"202300051071";"155 589 947";"A01";"1";"7";"0";"2";"3";"0";"1";""
"202300051071";"155 589 949";"B01";"3";"7";"0";"2";"7";"1";"1";""
"202300051072";"155 589 946";"A01";"3";"43";"0";"0";"7";"1";"1";""
"202300051073";"155 589 942";"A01";"2";"7";"0";"2";"1";"1";"1";""
"202300051073";"155 589 945";"B01";"2";"10";"0";"2";"5";"2";"1";""
"202300051074";"155 589 943";"A01";"3";"2";"12";"0";"8";"16";"1";""
"202300051075";"155 589 941";"A01";"1";"7";"0";"2";"1";"0";"3";""
"202300051075";"155 589 944";"B01";"1";"7";"0";"2";"4";"0";"1";""
"202300051076";"155 589 940";"A01";"1";"7";"0";"1";"2";"16";"1";""
"202300051077";"155 589 938";"A01";"3";"36";"0";"0";"0";"26";"1";""
"202300051078";"155 589 934";"A01";"1";"50";"0";"2";"1";"18";"3";""
"202300051078";"155 589 935";"B01";"1";"7";"0";"2";"2";"16";"1";""
"202300051079";"155 589 932";"A01";"1";"7";"0";"0";"7";"5";"1";""
"202300051080";"155 589 929";"A01";"2";"7";"0";"2";"1";"2";"1";""
"202300051080";"155 589 931";"B01";"2";"7";"0";"2";"4";"1";"1";""
"202300051080";"155 589 933";"C01";"2";"7";"0";"2";"4";"1";"1";""
"202300051080";"155 589 936";"D01";"2";"7";"0";"2";"4";"1";"1";""
"202300051080";"155 589 937";"E01";"2";"7";"0";"2";"4";"1";"1";""
"202300051080";"155 589 939";"F01";"2";"7";"0";"2";"4";"1";"1";""
"202300051081";"155 589 927";"A01";"1";"7";"0";"2";"0";"26";"1";""
"202300051081";"155 589 930";"B01";"1";"7";"0";"2";"0";"0";"1";""
"202300051082";"155 589 924";"A01";"2";"7";"4";"0";"1";"14";"1";""
"202300051083";"155 589 923";"A01";"2";"10";"0";"2";"3";"21";"1";""
"202300051083";"155 589 925";"B01";"2";"30";"0";"2";"1";"0";"1";""
"202300051084";"155 589 922";"A01";"1";"7";"0";"2";"3";"21";"1";""
"202300051084";"155 589 926";"B01";"1";"7";"0";"2";"1";"1";"1";""
"202300051084";"155 589 928";"C01";"1";"7";"0";"0";"6";"9";"1";""
"202300051085";"155 589 919";"A01";"3";"7";"0";"2";"3";"1";"1";""
"202300051085";"155 589 921";"B01";"3";"10";"0";"2";"8";"1";"1";""
"202300051086";"155 589 916";"B01";"2";"7";"0";"2";"4";"1";"1";""
"202300051086";"155 589 920";"A01";"2";"7";"0";"2";"9";"1";"1";""
"202300051087";"155 589 914";"A01";"1";"7";"0";"0";"6";"23";"1";""
"202300051087";"155 589 917";"B01";"2";"7";"0";"2";"1";"5";"1";""
"202300051087";"155 589 918";"C01";"1";"7";"0";"2";"1";"1";"1";""
"202300051088";"155 589 913";"A01";"1";"7";"8";"2";"1";"13";"0";""
"202300051088";"155 589 915";"B01";"2";"7";"0";"2";"6";"1";"2";""
"202300051089";"155 589 912";"A01";"1";"7";"4";"0";"1";"1";"1";""
"202300051090";"155 589 910";"A01";"2";"7";"13";"0";"0";"1";"1";""
"202300051091";"155 589 909";"A01";"1";"7";"12";"0";"8";"15";"1";""
"202300051091";"155 589 911";"B01";"1";"30";"12";"0";"1";"2";"0";""
"202300051092";"155 589 905";"C01";"2";"99";"0";"2";"4";"1";"1";""
"202300051092";"155 589 907";"A01";"2";"7";"0";"2";"1";"2";"1";""
"202300051092";"155 589 908";"B01";"2";"7";"0";"2";"2";"1";"1";""
"202300051093";"155 589 904";"A01";"2";"7";"4";"0";"0";"0";"1";""
"202300051094";"155 589 903";"A01";"1";"7";"0";"2";"3";"16";"1";""
"202300051094";"155 589 906";"B01";"2";"1";"0";"2";"1";"1";"5";""
"202300051095";"155 589 902";"A01";"2";"7";"2";"0";"1";"1";"0";""
"202300051096";"155 589 901";"A01";"2";"7";"4";"0";"1";"0";"1";""
"202300051097";"155 589 899";"A01";"1";"7";"0";"2";"7";"16";"1";""
"202300051097";"155 589 900";"B01";"1";"37";"0";"2";"3";"1";"1";"1"
"202300051098";"155 589 898";"A01";"1";"1";"0";"0";"8";"1";"5";""
"202300051099";"155 589 896";"A01";"1";"7";"0";"2";"2";"14";"1";""
"202300051100";"155 589 895";"A01";"2";"33";"0";"2";"1";"14";"1";""
"202300051100";"155 589 897";"B01";"2";"7";"0";"2";"4";"1";"1";""
"202300051101";"155 589 893";"A01";"1";"10";"9";"0";"1";"1";"1";""
"202300051102";"155 589 894";"A01";"1";"7";"0";"1";"8";"15";"3";""
"202300051103";"155 589 887";"A01";"1";"7";"0";"2";"1";"2";"1";""
"202300051103";"155 589 890";"B01";"1";"7";"0";"2";"1";"2";"1";""
"202300051103";"155 589 891";"C01";"1";"7";"0";"2";"1";"2";"3";""
"202300051103";"155 589 892";"D01";"1";"7";"0";"2";"4";"1";"2";""
"202300051104";"155 589 885";"B01";"1";"31";"0";"2";"8";"1";"1";""
"202300051104";"155 589 888";"A01";"2";"10";"0";"2";"8";"1";"1";""
"202300051105";"155 589 883";"A01";"1";"10";"0";"2";"1";"1";"1";""
"202300051105";"155 589 884";"B01";"1";"7";"0";"2";"4";"1";"1";""
"202300051106";"155 589 882";"A01";"3";"7";"8";"0";"7";"1";"1";""
"202300051107";"155 589 881";"A01";"2";"10";"0";"1";"1";"15";"1";""
"202300051108";"155 589 879";"A01";"2";"7";"11";"0";"1";"1";"1";""
"202300051109";"155 589 875";"A01";"2";"7";"4";"2";"2";"1";"1";""
"202300051109";"155 589 877";"B01";"2";"7";"4";"2";"1";"1";"1";""
"202300051109";"155 589 878";"D01";"2";"7";"4";"2";"2";"1";"1";""
"202300051109";"155 589 880";"C01";"2";"7";"4";"2";"6";"1";"1";""
"202300051110";"155 589 874";"A01";"1";"7";"6";"0";"1";"1";"1";""
"202300051111";"155 589 871";"A01";"1";"7";"4";"0";"2";"1";"1";""
"202300051112";"155 589 870";"A01";"1";"7";"0";"2";"1";"1";"1";""
"202300051112";"155 589 872";"C01";"1";"1";"0";"2";"4";"1";"5";""
"202300051112";"155 589 873";"D01";"1";"1";"0";"2";"4";"1";"5";""
"202300051112";"155 589 876";"E01";"1";"1";"0";"2";"4";"1";"5";""
"202300051113";"155 589 868";"A01";"1";"7";"4";"0";"4";"1";"1";""
"202300051114";"155 589 865";"A01";"2";"80";"0";"1";"7";"0";"3";""
"202300051115";"155 589 866";"A01";"1";"33";"0";"0";"2";"2";"1";""
"202300051115";"155 589 869";"B01";"1";"31";"0";"0";"3";"1";"1";""
"202300051116";"155 589 864";"A01";"2";"31";"0";"2";"1";"1";"1";""
"202300051116";"155 589 867";"B01";"1";"7";"0";"2";"2";"1";"1";""
"202300051117";"155 589 861";"A01";"2";"33";"0";"0";"0";"21";"1";""
"202300051118";"155 589 860";"A01";"1";"7";"0";"2";"7";"19";"1";""
"202300051118";"155 589 863";"B01";"1";"7";"0";"2";"1";"1";"1";""
"202300051119";"155 589 859";"B01";"1";"1";"0";"2";"1";"15";"5";""
"202300051119";"155 589 862";"A01";"1";"2";"0";"9";"0";"14";"1";""
"202300051120";"155 589 857";"A01";"2";"10";"0";"2";"1";"1";"1";""
"202300051120";"155 589 858";"B01";"2";"37";"0";"2";"4";"23";"1";"3"
"202300051121";"155 589 855";"A01";"3";"7";"2";"0";"1";"1";"1";""
"202300051122";"155 589 851";"A01";"1";"80";"0";"1";"1";"1";"3";""
"202300051123";"155 589 852";"B01";"2";"32";"0";"2";"5";"23";"1";""
"202300051123";"155 589 854";"A01";"2";"10";"0";"2";"1";"26";"1";""
"202300051124";"155 589 848";"A01";"2";"31";"0";"2";"7";"2";"1";""