"Num_Acc";"id_vehicule";"num_veh";"senc";"catv";"obs";"obsm";"choc";"manv";"motor";"occutc"
"202300051124";"155 589 849";"B01";"2";"7";"0";"2";"2";"0";"1";""
"202300051125";"155 589 847";"A01";"1";"7";"0";"2";"3";"1";"1";""
"202300051125";"155 589 850";"B01";"2";"2";"0";"2";"1";"13";"1";""
"202300051126";"155 589 846";"A01";"2";"7";"0";"1";"3";"1";"1";""
"202300051127";"155 589 845";"A01";"3";"7";"0";"1";"1";"1";"1";""
"202300051128";"155 589 843";"A01";"3";"7";"0";"2";"1";"15";"0";""
"202300051128";"155 589 844";"B01";"3";"50";"0";"2";"1";"1";"3";""
"202300051129";"155 589 841";"A01";"1";"7";"2";"0";"7";"1";"1";""
"202300051130";"155 589 840";"A01";"0";"7";"13";"0";"1";"1";"1";""
"202300051131";"155 589 839";"A01";"2";"2";"0";"2";"8";"16";"1";""
"202300051131";"155 589 842";"B01";"3";"7";"0";"2";"2";"15";"1";""
"202300051132";"155 589 837";"A01";"1";"7";"0";"0";"0";"1";"2";""
"202300051133";"155 589 835";"A01";"2";"7";"0";"2";"4";"1";"1";""
"202300051133";"155 589 838";"B01";"3";"50";"0";"0";"4";"19";"3";""
"202300051134";"155 589 836";"A01";"2";"7";"0";"0";"2";"14";"1";""
"202300051135";"155 589 831";"A01";"0";"37";"0";"1";"2";"1";"0";"1"
"202300051136";"155 589 830";"A01";"3";"7";"0";"2";"1";"1";"1";""
"202300051136";"155 589 832";"B01";"3";"7";"0";"2";"1";"5";"1";""
"202300051137";"155 589 829";"A01";"1";"7";"0";"0";"4";"26";"1";""
"202300051137";"155 589 833";"B01";"1";"33";"0";"2";"1";"1";"1";""
"202300051138";"155 589 828";"B01";"2";"7";"0";"2";"1";"1";"1";""
"202300051138";"155 589 834";"A01";"1";"7";"0";"2";"8";"15";"1";""
"202300051139";"155 589 825";"B01";"3";"1";"0";"2";"8";"1";"5";""
"202300051139";"155 589 827";"A01";"3";"7";"0";"2";"2";"15";"1";""
"202300051140";"155 589 823";"A01";"1";"33";"0";"6";"1";"1";"1";""
"202300051141";"155 589 822";"A01";"2";"0";"0";"0";"1";"1";"0";""
"202300051141";"155 589 826";"B01";"1";"7";"0";"0";"3";"16";"1";""
"202300051142";"155 589 821";"A01";"1";"7";"0";"2";"1";"13";"1";""
"202300051142";"155 589 824";"B01";"2";"7";"0";"2";"1";"1";"1";""
"202300051143";"155 589 818";"A01";"2";"33";"0";"0";"0";"13";"1";""
"202300051144";"155 589 817";"A01";"2";"43";"0";"2";"2";"1";"1";""
"202300051144";"155 589 820";"B01";"1";"1";"0";"2";"3";"1";"5";""
"202300051145";"155 589 816";"B01";"2";"2";"0";"2";"1";"1";"1";""
"202300051145";"155 589 819";"A01";"1";"7";"0";"2";"2";"15";"1";""
"202300051146";"155 589 813";"A01";"1";"37";"0";"2";"1";"24";"1";"1"
"202300051146";"155 589 815";"B01";"2";"7";"1";"2";"1";"5";"1";""
"202300051147";"155 589 812";"A01";"2";"33";"0";"2";"1";"13";"1";""
"202300051147";"155 589 814";"B01";"2";"7";"0";"9";"3";"0";"1";""
"202300051148";"155 589 810";"A01";"2";"2";"0";"1";"0";"2";"1";""
"202300051149";"155 589 811";"A01";"1";"7";"0";"1";"2";"1";"1";""
"202300051150";"155 589 809";"A01";"1";"1";"0";"0";"0";"1";"5";""
"202300051151";"155 589 807";"B01";"1";"50";"0";"2";"1";"1";"3";""
"202300051151";"155 589 808";"A01";"2";"7";"0";"2";"8";"1";"1";""
"202300051152";"155 589 803";"A01";"1";"7";"0";"2";"1";"2";"1";""
"202300051152";"155 589 806";"B01";"1";"7";"0";"2";"4";"2";"1";""
"202300051153";"155 589 802";"A01";"1";"7";"0";"2";"7";"15";"1";""
"202300051153";"155 589 804";"B01";"1";"33";"0";"2";"8";"1";"1";""
"202300051154";"155 589 801";"A01";"3";"7";"0";"1";"2";"1";"1";""
"202300051155";"155 589 800";"A01";"1";"33";"0";"2";"1";"1";"1";""
"202300051155";"155 589 805";"B01";"2";"32";"0";"2";"3";"5";"0";""
"202300051156";"155 589 799";"A01";"2";"7";"10";"0";"1";"1";"1";""
"202300051157";"155 589 795";"A01";"2";"7";"0";"2";"1";"2";"1";""
"202300051157";"155 589 797";"B01";"2";"2";"0";"2";"4";"23";"1";""
"202300051158";"155 589 794";"A01";"1";"33";"0";"0";"3";"0";"0";""
"202300051159";"155 589 793";"A01";"3";"7";"0";"1";"3";"15";"1";""
"202300051160";"155 589 791";"C01";"2";"7";"0";"2";"4";"23";"1";""
"202300051160";"155 589 792";"A01";"2";"7";"0";"2";"1";"2";"1";""
"202300051160";"155 589 796";"B01";"2";"7";"0";"2";"4";"23";"1";""
"202300051160";"155 589 798";"D01";"2";"7";"0";"2";"4";"23";"1";""
"202300051161";"155 589 787";"A01";"1";"7";"6";"0";"1";"14";"1";""
"202300051162";"155 589 785";"B01";"2";"31";"0";"2";"1";"1";"1";""
"202300051162";"155 589 788";"A01";"1";"7";"0";"2";"2";"15";"1";""
"202300051163";"155 589 784";"B01";"3";"7";"0";"2";"9";"21";"1";""
"202300051163";"155 589 790";"A01";"3";"7";"0";"2";"1";"0";"1";""
"202300051164";"155 589 782";"A01";"2";"7";"13";"0";"1";"13";"1";""
"202300051165";"155 589 780";"B01";"1";"7";"0";"2";"1";"1";"1";""
"202300051165";"155 589 786";"A01";"2";"7";"0";"2";"2";"15";"1";""
"202300051166";"155 589 777";"B01";"3";"34";"14";"9";"3";"1";"1";""
"202300051166";"155 589 781";"A01";"3";"50";"0";"2";"2";"19";"3";""
"202300051167";"155 589 776";"B01";"1";"10";"0";"2";"3";"1";"1";""
"202300051167";"155 589 779";"A01";"2";"7";"0";"2";"3";"17";"1";""
"202300051167";"155 589 783";"D01";"1";"7";"0";"2";"3";"1";"1";""
"202300051167";"155 589 789";"C01";"2";"10";"0";"2";"6";"2";"1";""
"202300051168";"155 589 775";"A01";"3";"7";"1";"0";"2";"14";"1";""
"202300051169";"155 589 774";"A01";"1";"7";"8";"2";"3";"21";"1";""
"202300051169";"155 589 778";"B01";"1";"33";"0";"2";"4";"23";"1";""
"202300051170";"155 589 773";"A01";"1";"7";"13";"0";"2";"1";"1";""
"202300051171";"155 589 770";"A01";"1";"7";"2";"0";"1";"1";"1";""
"202300051172";"155 589 769";"B01";"1";"7";"0";"2";"1";"1";"3";""
"202300051172";"155 589 772";"A01";"1";"7";"0";"2";"1";"1";"1";""
"202300051173";"155 589 765";"A01";"2";"7";"0";"2";"3";"10";"1";""
"202300051173";"155 589 768";"B01";"2";"32";"0";"2";"1";"1";"1";""
"202300051174";"155 589 764";"A01";"1";"33";"0";"2";"7";"17";"1";""
"202300051174";"155 589 766";"B01";"1";"15";"0";"2";"3";"15";"1";""
"202300051175";"155 589 762";"A01";"1";"7";"0";"1";"1";"1";"1";""
"202300051176";"155 589 761";"A01";"2";"7";"0";"2";"3";"13";"1";""
"202300051176";"155 589 763";"B01";"1";"10";"0";"2";"3";"1";"1";""
"202300051177";"155 589 759";"A01";"1";"10";"2";"0";"1";"2";"1";""
"202300051178";"155 589 757";"A01";"2";"1";"0";"2";"1";"12";"5";""
"202300051178";"155 589 758";"B01";"1";"7";"0";"2";"1";"1";"1";""
"202300051179";"155 589 756";"A01";"2";"7";"0";"2";"3";"1";"1";""
"202300051179";"155 589 760";"B01";"1";"7";"0";"2";"3";"1";"1";""
"202300051180";"155 589 753";"A01";"2";"33";"0";"0";"3";"1";"1";""
"202300051181";"155 589 750";"B01";"3";"50";"0";"2";"1";"9";"3";""
"202300051181";"155 589 754";"A01";"2";"7";"0";"2";"2";"1";"1";""
"202300051182";"155 589 748";"A01";"3";"36";"6";"0";"2";"2";"1";""
"202300051183";"155 589 747";"A01";"1";"7";"0";"2";"3";"15";"1";""
"202300051183";"155 589 749";"B01";"1";"7";"0";"2";"2";"16";"1";""
"202300051184";"155 589 746";"A01";"1";"7";"0";"2";"2";"1";"0";""
"202300051184";"155 589 751";"B01";"3";"7";"0";"2";"1";"16";"0";""
"202300051185";"155 589 745";"A01";"0";"7";"0";"1";"0";"1";"1";""
"202300051186";"155 589 740";"B01";"1";"7";"0";"2";"4";"1";"1";""
"202300051186";"155 589 744";"A01";"1";"7";"0";"2";"1";"1";"1";""
"202300051187";"155 589 738";"A01";"3";"2";"0";"2";"1";"1";"1";""
"202300051187";"155 589 742";"B01";"3";"33";"0";"2";"1";"1";"1";""
"202300051188";"155 589 736";"A01";"1";"7";"1";"0";"3";"17";"1";""
"202300051189";"155 589 735";"A01";"1";"3";"0";"2";"1";"13";"1";""
"202300051189";"155 589 741";"B01";"2";"15";"0";"2";"3";"1";"1";""
"202300051189";"155 589 743";"C01";"2";"3";"0";"2";"1";"1";"1";""
"202300051190";"155 589 733";"A01";"2";"7";"0";"2";"1";"1";"1";""
"202300051190";"155 589 739";"B01";"2";"7";"0";"2";"3";"26";"1";""
"202300051191";"155 589 731";"B01";"1";"7";"0";"2";"2";"0";"1";""
"202300051191";"155 589 732";"A01";"1";"30";"0";"2";"1";"1";"1";""
"202300051192";"155 589 730";"A01";"2";"33";"3";"0";"2";"1";"1";""
"202300051193";"155 589 728";"A01";"0";"37";"0";"2";"3";"1";"2";"3"
"202300051193";"155 589 734";"B01";"0";"7";"0";"2";"3";"23";"1";""
"202300051193";"155 589 737";"Z01";"0";"10";"0";"2";"2";"12";"1";""
"202300051194";"155 589 727";"A01";"1";"7";"0";"1";"2";"16";"1";""
"202300051195";"155 589 726";"B01";"2";"1";"0";"9";"1";"1";"5";""
"202300051195";"155 589 729";"A01";"1";"10";"0";"9";"3";"5";"1";""
"202300051196";"155 589 723";"A01";"1";"2";"0";"2";"1";"1";"1";""
"202300051196";"155 589 725";"B01";"2";"7";"0";"2";"1";"1";"1";""
"202300051197";"155 589 722";"A01";"1";"34";"12";"0";"1";"1";"1";""
"202300051198";"155 589 717";"A01";"1";"7";"0";"9";"2";"1";"1";""
"202300051198";"155 589 720";"B01";"3";"50";"0";"2";"3";"16";"3";""
"202300051199";"155 589 716";"B01";"1";"15";"0";"2";"3";"1";"0";""
"202300051199";"155 589 719";"A01";"1";"10";"0";"2";"5";"12";"0";""
"202300051200";"155 589 715";"A01";"1";"7";"0";"2";"1";"13";"1";""
"202300051200";"155 589 718";"B01";"2";"7";"0";"2";"3";"1";"1";""
"202300051201";"155 589 710";"A01";"3";"1";"0";"2";"0";"0";"5";""
"202300051201";"155 589 714";"B01";"3";"7";"0";"2";"3";"9";"1";""
"202300051202";"155 589 711";"A01";"1";"2";"0";"2";"3";"2";"1";""
"202300051203";"155 589 708";"A01";"2";"7";"2";"0";"3";"13";"1";""
"202300051204";"155 589 704";"B01";"0";"7";"0";"2";"1";"1";"1";""
"202300051204";"155 589 707";"A01";"0";"7";"0";"2";"8";"9";"1";""
"202300051205";"155 589 706";"B01";"1";"7";"0";"2";"4";"23";"1";""
"202300051205";"155 589 709";"A01";"1";"7";"0";"2";"1";"2";"1";""
"202300051206";"155 589 701";"C01";"0";"34";"0";"2";"1";"1";"1";""
"202300051206";"155 589 705";"B01";"0";"10";"0";"2";"1";"1";"1";""
"202300051206";"155 589 712";"A01";"0";"10";"0";"2";"3";"17";"1";""
"202300051207";"155 589 700";"A01";"1";"10";"8";"1";"9";"2";"1";""
"202300051208";"155 589 703";"A01";"1";"2";"0";"0";"1";"1";"1";""
"202300051209";"155 589 699";"A01";"1";"7";"0";"1";"2";"1";"1";""
"202300051210";"155 589 697";"A01";"2";"33";"0";"0";"0";"0";"1";""
"202300051211";"155 589 696";"B01";"1";"7";"0";"2";"1";"1";"1";""
"202300051211";"155 589 702";"A01";"2";"7";"0";"2";"5";"13";"1";""
"202300051212";"155 589 694";"A01";"2";"7";"0";"1";"2";"1";"1";""
"202300051213";"155 589 691";"B01";"1";"7";"0";"2";"4";"1";"1";""
"202300051213";"155 589 695";"A01";"1";"7";"0";"2";"1";"1";"1";""
"202300051214";"155 589 689";"A01";"1";"7";"0";"2";"1";"1";"1";""
"202300051214";"155 589 693";"B01";"2";"7";"0";"0";"4";"23";"1";""
"202300051215";"155 589 688";"B01";"2";"1";"0";"2";"4";"1";"5";""
"202300051215";"155 589 692";"A01";"2";"7";"0";"2";"2";"1";"1";""
"202300051216";"155 589 687";"A01";"2";"7";"6";"0";"1";"1";"1";""
"202300051217";"155 589 686";"B01";"2";"7";"0";"2";"2";"1";"1";""
"202300051217";"155 589 690";"A01";"1";"7";"0";"2";"5";"15";"1";""
"202300051217";"155 589 698";"C01";"3";"7";"0";"2";"3";"23";"1";""
"202300051218";"155 589 685";"A01";"1";"7";"0";"0";"2";"14";"1";""
"202300051219";"155 589 681";"A01";"1";"7";"0";"1";"2";"1";"1";""
"202300051220";"155 589 682";"B01";"1";"33";"4";"0";"1";"2";"1";""
"202300051220";"155 589 683";"A01";"1";"33";"4";"0";"4";"1";"1";""
"202300051221";"155 589 678";"B01";"1";"7";"0";"2";"3";"1";"2";""
"202300051221";"155 589 684";"A01";"2";"1";"0";"2";"1";"1";"5";""
"202300051222";"155 589 680";"A01";"3";"7";"6";"0";"1";"26";"1";""
"202300051223";"155 589 677";"A01";"2";"7";"0";"2";"1";"5";"1";""
"202300051223";"155 589 679";"B01";"1";"7";"0";"2";"1";"1";"1";""
"202300051224";"155 589 676";"A01";"3";"7";"0";"1";"1";"26";"1";""
"202300051225";"155 589 675";"A01";"1";"33";"13";"0";"1";"26";"1";""
"202300051226";"155 589 671";"A01";"2";"7";"0";"0";"1";"26";"1";""
"202300051227";"155 589 670";"B01";"2";"31";"0";"2";"7";"17";"1";""
"202300051227";"155 589 673";"A01";"1";"7";"0";"2";"8";"15";"1";""
"202300051228";"155 589 668";"B01";"0";"7";"0";"2";"3";"1";"1";""
"202300051228";"155 589 672";"C01";"0";"7";"0";"2";"3";"1";"1";""
"202300051228";"155 589 674";"A01";"0";"32";"0";"2";"3";"1";"1";""
"202300051229";"155 589 669";"A01";"1";"7";"13";"0";"2";"1";"1";""
"202300051230";"155 589 667";"A01";"1";"7";"0";"1";"1";"0";"0";""
"202300051231";"155 589 666";"A01";"1";"7";"0";"0";"3";"1";"1";""
"202300051232";"155 589 662";"A01";"1";"7";"0";"2";"1";"2";"1";""
"202300051232";"155 589 665";"B01";"1";"7";"0";"2";"5";"1";"1";""
"202300051233";"155 589 660";"A01";"2";"7";"0";"2";"7";"13";"1";""
"202300051233";"155 589 663";"B01";"2";"50";"0";"2";"8";"0";"3";""
"202300051234";"155 589 657";"A01";"1";"7";"0";"1";"2";"1";"0";""
"202300051235";"155 589 659";"B01";"1";"7";"0";"2";"6";"2";"1";""
"202300051235";"155 589 664";"A01";"1";"31";"0";"2";"1";"3";"1";""
"202300051236";"155 589 655";"B01";"2";"7";"0";"2";"6";"1";"1";""
"202300051236";"155 589 661";"A01";"1";"7";"0";"2";"1";"13";"1";""
"202300051237";"155 589 653";"B01";"1";"7";"0";"2";"1";"21";"1";""
"202300051237";"155 589 656";"A01";"1";"33";"0";"2";"0";"9";"1";""
"202300051238";"155 589 654";"A01";"2";"2";"0";"0";"6";"15";"1";""
"202300051238";"155 589 658";"B01";"2";"10";"6";"2";"1";"1";"1";""
"202300051239";"155 589 650";"A01";"1";"7";"0";"9";"1";"1";"1";""
"202300051240";"155 589 647";"A01";"1";"37";"0";"9";"7";"1";"1";"1"
"202300051240";"155 589 652";"B01";"3";"1";"0";"2";"1";"21";"5";""
"202300051241";"155 589 642";"A01";"3";"33";"0";"2";"1";"21";"1";""
"202300051241";"155 589 648";"B01";"0";"7";"0";"0";"8";"0";"1";""
"202300051242";"155 589 646";"A01";"1";"10";"0";"2";"1";"2";"3";""
"202300051242";"155 589 651";"B01";"1";"38";"0";"2";"4";"2";"1";"1"
"202300051243";"155 589 644";"A01";"3";"7";"0";"2";"3";"2";"1";""
"202300051243";"155 589 649";"B01";"3";"7";"0";"0";"5";"0";"1";""
"202300051244";"155 589 640";"B01";"2";"7";"0";"2";"1";"1";"1";""
"202300051244";"155 589 645";"A01";"1";"10";"0";"2";"1";"2";"1";""
"202300051245";"155 589 641";"A01";"2";"7";"0";"2";"2";"1";"1";""
"202300051245";"155 589 643";"B01";"1";"33";"0";"2";"1";"5";"1";""
"202300051246";"155 589 631";"B01";"3";"7";"0";"2";"1";"1";"1";""
"202300051246";"155 589 638";"A01";"3";"7";"0";"2";"1";"1";"1";""
"202300051247";"155 589 635";"A01";"1";"7";"13";"0";"1";"1";"1";""
"202300051248";"155 589 636";"A01";"1";"33";"0";"0";"7";"3";"1";""
"202300051249";"155 589 634";"B01";"2";"7";"0";"2";"1";"1";"1";""
"202300051249";"155 589 639";"A01";"1";"7";"4";"0";"1";"11";"1";""
"202300051250";"155 589 632";"A01";"2";"7";"0";"2";"3";"1";"1";""
"202300051250";"155 589 637";"B01";"1";"7";"0";"2";"2";"19";"1";""
"202300051251";"155 589 630";"A01";"1";"7";"0";"1";"1";"1";"1";""
"202300051252";"155 589 628";"A01";"3";"7";"1";"0";"1";"1";"1";""
"202300051253";"155 589 625";"A01";"2";"33";"0";"0";"0";"1";"1";""
"202300051254";"155 589 623";"A01";"2";"2";"0";"2";"1";"13";"1";""
"202300051254";"155 589 627";"B01";"1";"7";"0";"2";"3";"1";"1";""
"202300051255";"155 589 621";"A01";"2";"7";"0";"2";"1";"1";"0";""
"202300051255";"155 589 629";"B01";"2";"7";"0";"2";"4";"1";"0";""
"202300051255";"155 589 633";"C01";"2";"7";"0";"0";"4";"1";"0";""
"202300051256";"155 589 618";"A01";"2";"7";"8";"2";"1";"2";"1";""
"202300051256";"155 589 622";"B01";"2";"7";"0";"1";"4";"2";"1";""
"202300051257";"155 589 616";"A01";"1";"7";"0";"2";"8";"15";"1";""
"202300051257";"155 589 620";"B01";"1";"33";"0";"2";"1";"17";"1";""
"202300051258";"155 589 615";"A01";"1";"33";"0";"2";"8";"3";"1";""
"202300051258";"155 589 619";"C01";"1";"7";"0";"2";"5";"1";"1";""
"202300051258";"155 589 624";"D01";"1";"7";"0";"2";"3";"1";"1";""
"202300051258";"155 589 626";"B01";"1";"7";"0";"2";"2";"1";"1";""
"202300051259";"155 589 608";"A01";"2";"7";"0";"2";"7";"19";"1";""
"202300051259";"155 589 614";"B01";"2";"7";"0";"2";"1";"1";"1";""
"202300051260";"155 589 605";"A01";"0";"7";"0";"2";"2";"2";"1";""
"202300051260";"155 589 609";"B01";"0";"7";"0";"2";"7";"2";"1";""
"202300051261";"155 589 604";"B01";"3";"7";"0";"2";"4";"26";"1";""
"202300051261";"155 589 611";"C01";"3";"7";"0";"2";"1";"26";"1";""
"202300051261";"155 589 617";"A01";"2";"7";"2";"0";"1";"1";"1";""
"202300051262";"155 589 607";"B01";"3";"7";"0";"2";"3";"1";"1";""
"202300051262";"155 589 610";"A01";"3";"50";"0";"2";"1";"19";"3";""
"202300051263";"155 589 601";"A01";"2";"15";"0";"2";"2";"1";"1";""
"202300051263";"155 589 603";"B01";"2";"7";"0";"2";"8";"1";"1";""
"202300051264";"155 589 600";"B01";"2";"34";"0";"2";"1";"1";"1";""
"202300051264";"155 589 606";"A01";"1";"7";"0";"2";"2";"1";"1";""
"202300051265";"155 589 599";"A01";"1";"7";"0";"2";"4";"1";"1";""
"202300051265";"155 589 602";"B01";"2";"7";"0";"2";"1";"1";"1";""
"202300051266";"155 589 598";"A01";"0";"7";"16";"0";"0";"1";"1";""
"202300051267";"155 589 595";"A01";"3";"7";"2";"0";"1";"13";"1";""
"202300051268";"155 589 594";"A01";"1";"2";"0";"0";"7";"26";"1";""
"202300051268";"155 589 597";"B01";"1";"2";"0";"0";"8";"0";"1";""
"202300051269";"155 589 591";"C01";"1";"7";"0";"2";"4";"2";"2";""
"202300051269";"155 589 593";"A01";"1";"7";"0";"2";"7";"12";"1";""
"202300051269";"155 589 596";"B01";"1";"33";"0";"2";"3";"3";"1";""
"202300051270";"155 589 587";"A01";"3";"40";"0";"1";"1";"19";"3";""
"202300051271";"155 589 589";"A01";"1";"7";"6";"0";"2";"14";"1";""
"202300051272";"155 589 585";"B01";"1";"21";"8";"2";"8";"15";"1";""
"202300051272";"155 589 588";"A01";"1";"7";"0";"2";"1";"17";"1";""
"202300051273";"155 589 586";"A01";"1";"32";"0";"2";"1";"1";"1";""
"202300051273";"155 589 592";"B01";"1";"7";"0";"2";"3";"9";"1";""
"202300051274";"155 589 582";"A01";"1";"7";"0";"2";"3";"1";"1";""
"202300051274";"155 589 584";"B01";"2";"33";"0";"2";"1";"1";"1";""
"202300051275";"155 589 579";"C01";"1";"7";"0";"2";"6";"14";"0";""
"202300051275";"155 589 580";"A01";"2";"7";"0";"2";"3";"11";"1";""
"202300051275";"155 589 583";"B01";"1";"7";"0";"2";"3";"14";"1";""
"202300051275";"155 589 590";"D01";"1";"10";"0";"2";"3";"14";"1";""
"202300051276";"155 589 578";"A01";"1";"7";"13";"0";"3";"1";"1";""
"202300051277";"155 589 577";"A01";"3";"7";"0";"1";"4";"4";"1";""
"202300051278";"155 589 576";"A01";"1";"1";"0";"2";"1";"13";"5";""
"202300051278";"155 589 581";"B01";"2";"43";"0";"2";"3";"1";"1";""
"202300051279";"155 589 570";"A01";"3";"7";"0";"1";"1";"15";"0";""
"202300051280";"155 589 574";"A01";"1";"10";"0";"1";"1";"1";"1";""
"202300051281";"155 589 572";"A01";"1";"2";"0";"2";"7";"9";"1";""
"202300051281";"155 589 575";"B01";"2";"7";"0";"2";"1";"9";"1";""
"202300051282";"155 589 571";"A01";"3";"2";"0";"0";"1";"14";"1";""
"202300051283";"155 589 568";"A01";"2";"7";"0";"2";"1";"2";"1";""
"202300051283";"155 589 573";"B01";"2";"2";"0";"2";"4";"1";"1";""
"202300051284";"155 589 566";"A01";"2";"2";"0";"2";"8";"1";"0";""
"202300051284";"155 589 569";"B01";"2";"7";"0";"2";"0";"9";"0";""
"202300051285";"155 589 564";"Z01";"1";"7";"0";"2";"7";"22";"0";""
"202300051285";"155 589 567";"A01";"1";"1";"0";"2";"1";"1";"5";""
"202300051286";"155 589 561";"A01";"1";"7";"8";"0";"4";"0";"2";""
"202300051286";"155 589 565";"B01";"1";"7";"10";"2";"1";"0";"1";""
"202300051287";"155 589 562";"A01";"1";"30";"13";"0";"0";"1";"1";""
"202300051288";"155 589 559";"A01";"1";"7";"0";"1";"3";"1";"0";""
"202300051289";"155 589 558";"A01";"3";"7";"0";"2";"3";"1";"1";""
"202300051289";"155 589 563";"B01";"2";"32";"0";"2";"3";"1";"1";""
"202300051290";"155 589 556";"A01";"1";"7";"0";"2";"8";"1";"1";""
"202300051290";"155 589 560";"B01";"2";"33";"0";"2";"8";"1";"1";""
"202300051291";"155 589 551";"A01";"1";"7";"0";"0";"8";"13";"1";""
"202300051292";"155 589 553";"A01";"2";"7";"0";"2";"3";"15";"1";""
"202300051292";"155 589 557";"B01";"1";"31";"0";"2";"1";"1";"1";""
"202300051293";"155 589 554";"A01";"2";"1";"0";"1";"1";"1";"5";""
"202300051294";"155 589 550";"A01";"1";"15";"0";"0";"6";"0";"1";""
"202300051294";"155 589 555";"B01";"1";"7";"3";"0";"1";"21";"1";""
"202300051295";"155 589 552";"A01";"2";"1";"0";"0";"3";"1";"5";""
"202300051296";"155 589 546";"B01";"1";"1";"0";"2";"4";"7";"5";""
"202300051296";"155 589 549";"A01";"1";"37";"0";"2";"2";"7";"2";"2"
"202300051297";"155 589 545";"A01";"1";"7";"0";"2";"2";"13";"1";""
"202300051297";"155 589 547";"B01";"2";"7";"0";"2";"3";"1";"1";""
"202300051298";"155 589 542";"A01";"2";"1";"0";"2";"7";"1";"5";""
"202300051298";"155 589 548";"B01";"2";"7";"0";"2";"1";"1";"1";""
"202300051299";"155 589 544";"A01";"2";"7";"0";"1";"3";"15";"1";""
"202300051300";"155 589 540";"B01";"2";"7";"0";"2";"2";"2";"1";""
"202300051300";"155 589 543";"A01";"2";"3";"0";"2";"6";"2";"1";""
"202300051301";"155 589 541";"A01";"2";"7";"6";"0";"1";"15";"1";""
"202300051302";"155 589 539";"A01";"1";"7";"2";"0";"1";"13";"1";""
"202300051303";"155 589 536";"A01";"0";"7";"0";"1";"2";"1";"0";""
"202300051304";"155 589 538";"A01";"1";"33";"0";"1";"1";"1";"1";""
"202300051305";"155 589 532";"A01";"2";"7";"0";"2";"1";"1";"1";""
"202300051305";"155 589 537";"B01";"2";"7";"0";"2";"2";"1";"1";""
"202300051306";"155 589 530";"A01";"1";"7";"0";"0";"3";"19";"0";""
"202300051306";"155 589 534";"B01";"2";"31";"0";"2";"1";"1";"0";""
"202300051307";"155 589 528";"A01";"1";"7";"0";"2";"3";"1";"2";""
"202300051307";"155 589 535";"B01";"1";"7";"0";"2";"2";"15";"1";""
"202300051308";"155 589 531";"A01";"3";"7";"0";"1";"2";"16";"1";""
"202300051309";"155 589 526";"A01";"2";"30";"0";"0";"3";"0";"1";""
"202300051310";"155 589 521";"A01";"1";"7";"12";"2";"9";"1";"1";""
"202300051310";"155 589 527";"B01";"2";"7";"0";"2";"1";"16";"1";""
"202300051311";"155 589 522";"C01";"2";"7";"0";"2";"1";"2";"1";""
"202300051311";"155 589 525";"D01";"2";"10";"0";"2";"1";"2";"1";""
"202300051311";"155 589 529";"A01";"2";"15";"0";"2";"8";"13";"1";""
"202300051311";"155 589 533";"B01";"2";"10";"0";"2";"2";"14";"1";""
"202300051312";"155 589 520";"B01";"1";"10";"0";"2";"5";"1";"1";""
"202300051312";"155 589 524";"A01";"1";"30";"0";"2";"5";"7";"1";""
"202300051313";"155 589 518";"B01";"2";"7";"0";"2";"1";"0";"0";""
"202300051313";"155 589 523";"A01";"2";"7";"0";"0";"8";"1";"0";""
"202300051314";"155 589 517";"A01";"3";"7";"0";"1";"1";"26";"1";""
"202300051315";"155 589 515";"A01";"2";"7";"12";"0";"2";"1";"1";""
"202300051316";"155 589 516";"B01";"2";"2";"0";"2";"7";"1";"3";""
"202300051316";"155 589 519";"A01";"2";"2";"0";"2";"1";"2";"1";""
"202300051317";"155 589 511";"A01";"1";"7";"13";"0";"1";"0";"1";""
"202300051318";"155 589 512";"A01";"1";"7";"0";"1";"1";"1";"1";""
"202300051319";"155 589 509";"A01";"1";"1";"0";"2";"1";"2";"5";""
"202300051319";"155 589 513";"Z01";"1";"7";"0";"2";"4";"23";"0";""
"202300051320";"155 589 507";"B01";"2";"7";"8";"2";"8";"1";"1";""
"202300051320";"155 589 514";"A01";"1";"7";"0";"2";"1";"1";"1";""
"202300051321";"155 589 508";"A01";"2";"7";"0";"2";"8";"9";"1";""
"202300051321";"155 589 510";"B01";"2";"2";"0";"2";"7";"1";"1";""
"202300051322";"155 589 502";"A01";"1";"7";"0";"2";"3";"9";"1";""
"202300051322";"155 589 506";"B01";"1";"2";"0";"2";"1";"12";"1";""
"202300051323";"155 589 503";"A01";"2";"7";"0";"1";"3";"15";"1";""
"202300051324";"155 589 499";"A01";"2";"7";"0";"2";"2";"1";"1";""
"202300051324";"155 589 505";"B01";"2";"2";"0";"2";"1";"5";"1";""
"202300051325";"155 589 500";"A01";"2";"50";"0";"0";"0";"21";"3";""
"202300051326";"155 589 497";"A01";"2";"33";"0";"2";"7";"17";"1";""
"202300051326";"155 589 501";"B01";"1";"7";"0";"9";"3";"1";"1";""
"202300051326";"155 589 504";"C01";"2";"7";"0";"0";"0";"21";"1";""
"202300051327";"155 589 495";"B01";"3";"7";"0";"2";"4";"10";"1";""
"202300051327";"155 589 498";"A01";"3";"2";"0";"2";"1";"17";"1";""
"202300051328";"155 589 496";"A01";"0";"36";"8";"0";"1";"0";"1";""
"202300051329";"155 589 491";"A01";"1";"7";"0";"9";"3";"2";"1";""
"202300051329";"155 589 494";"B01";"1";"50";"0";"2";"1";"1";"3";""