"Num_Acc";"id_vehicule";"num_veh";"senc";"catv";"obs";"obsm";"choc";"manv";"motor";"occutc"
"202300051330";"155 589 488";"A01";"1";"31";"0";"2";"1";"0";"1";""
"202300051330";"155 589 492";"B01";"2";"7";"0";"2";"6";"19";"1";""
"202300051331";"155 589 489";"A01";"1";"10";"0";"1";"7";"1";"3";""
"202300051332";"155 589 486";"A01";"0";"2";"0";"0";"0";"2";"1";""
"202300051332";"155 589 490";"B01";"0";"10";"0";"0";"0";"0";"1";""
"202300051333";"155 589 484";"A01";"1";"7";"0";"2";"1";"16";"1";""
"202300051333";"155 589 493";"B01";"3";"1";"0";"2";"7";"19";"5";""
"202300051334";"155 589 485";"A01";"1";"7";"0";"0";"1";"1";"0";""
"202300051334";"155 589 487";"B01";"2";"7";"0";"0";"1";"1";"0";""
"202300051335";"155 589 483";"A01";"1";"7";"8";"0";"8";"1";"1";""
"202300051336";"155 589 479";"A01";"1";"31";"0";"2";"1";"13";"1";""
"202300051336";"155 589 482";"B01";"2";"7";"0";"2";"3";"1";"1";""
"202300051337";"155 589 478";"A01";"1";"7";"0";"2";"3";"17";"1";""
"202300051337";"155 589 481";"B01";"2";"7";"0";"2";"1";"15";"1";""
"202300051338";"155 589 473";"A01";"1";"7";"0";"2";"1";"1";"1";""
"202300051338";"155 589 476";"B01";"1";"7";"0";"2";"4";"2";"1";""
"202300051339";"155 589 472";"B01";"3";"7";"0";"2";"1";"1";"1";""
"202300051339";"155 589 480";"A01";"3";"7";"0";"2";"2";"19";"1";""
"202300051340";"155 589 474";"A01";"0";"7";"8";"0";"2";"1";"1";""
"202300051341";"155 589 471";"A01";"2";"7";"0";"2";"1";"1";"1";""
"202300051341";"155 589 475";"B01";"2";"2";"0";"2";"4";"1";"3";""
"202300051342";"155 589 470";"A01";"1";"7";"3";"2";"1";"2";"1";""
"202300051342";"155 589 477";"B01";"1";"7";"3";"0";"4";"2";"1";""
"202300051343";"155 589 468";"A01";"1";"7";"13";"0";"1";"0";"1";""
"202300051344";"155 589 464";"A01";"2";"10";"0";"1";"1";"1";"1";""
"202300051345";"155 589 461";"A01";"3";"10";"6";"0";"4";"25";"1";""
"202300051346";"155 589 460";"A01";"1";"7";"0";"2";"5";"16";"1";""
"202300051346";"155 589 465";"B01";"1";"7";"0";"2";"1";"1";"1";""
"202300051347";"155 589 459";"A01";"1";"7";"6";"0";"1";"1";"1";""
"202300051348";"155 589 458";"A01";"2";"7";"2";"2";"6";"1";"2";""
"202300051348";"155 589 463";"B01";"2";"7";"0";"2";"5";"1";"1";""
"202300051348";"155 589 466";"Z01";"2";"7";"0";"2";"2";"3";"1";""
"202300051349";"155 589 457";"A01";"1";"7";"3";"0";"2";"1";"1";""
"202300051350";"155 589 456";"A01";"2";"50";"0";"2";"8";"13";"3";""
"202300051350";"155 589 462";"B01";"1";"7";"0";"9";"7";"13";"1";""
"202300051351";"155 589 455";"A01";"3";"10";"1";"0";"2";"1";"3";""
"202300051352";"155 589 450";"A01";"3";"7";"0";"9";"8";"18";"0";""
"202300051352";"155 589 453";"B01";"3";"1";"0";"2";"5";"2";"5";""
"202300051353";"155 589 449";"A01";"3";"30";"0";"2";"1";"17";"1";""
"202300051353";"155 589 454";"B01";"3";"10";"0";"2";"3";"10";"1";""
"202300051354";"155 589 445";"A01";"1";"10";"0";"1";"1";"1";"6";""
"202300051355";"155 589 448";"A01";"0";"31";"0";"1";"1";"26";"1";""
"202300051356";"155 589 444";"A01";"2";"7";"0";"2";"9";"17";"1";""
"202300051356";"155 589 447";"B01";"2";"7";"0";"2";"6";"23";"2";""
"202300051356";"155 589 452";"C01";"2";"7";"0";"2";"5";"23";"2";""
"202300051357";"155 589 443";"A01";"1";"7";"0";"2";"2";"15";"1";""
"202300051357";"155 589 451";"B01";"1";"10";"0";"2";"3";"1";"1";""
"202300051358";"155 589 441";"A01";"1";"7";"13";"0";"1";"17";"1";""
"202300051359";"155 589 439";"A01";"1";"7";"0";"1";"1";"1";"1";""
"202300051360";"155 589 436";"A01";"3";"50";"6";"0";"1";"1";"3";""
"202300051361";"155 589 435";"A01";"2";"7";"0";"4";"3";"1";"1";""
"202300051361";"155 589 440";"B01";"1";"40";"0";"2";"2";"1";"3";""
"202300051362";"155 589 434";"B01";"2";"7";"0";"0";"0";"0";"0";""
"202300051362";"155 589 438";"A01";"1";"7";"0";"0";"0";"0";"0";""
"202300051363";"155 589 431";"A01";"2";"7";"6";"0";"2";"1";"1";""
"202300051364";"155 589 433";"B01";"1";"1";"0";"2";"1";"1";"5";""
"202300051364";"155 589 437";"A01";"1";"7";"0";"0";"7";"15";"1";""
"202300051365";"155 589 430";"A01";"2";"7";"0";"1";"0";"0";"0";""
"202300051366";"155 589 428";"A01";"1";"7";"3";"2";"2";"17";"1";""
"202300051366";"155 589 432";"B01";"1";"7";"3";"2";"6";"13";"1";""
"202300051367";"155 589 425";"B01";"3";"2";"0";"2";"7";"0";"0";""
"202300051367";"155 589 429";"A01";"3";"7";"0";"2";"7";"9";"0";""
"202300051368";"155 589 424";"A01";"1";"33";"0";"2";"1";"1";"1";""
"202300051368";"155 589 427";"B01";"2";"30";"0";"2";"1";"1";"1";""
"202300051369";"155 589 421";"A01";"2";"7";"1";"0";"2";"21";"0";""
"202300051369";"155 589 426";"B01";"1";"7";"0";"2";"3";"24";"0";""
"202300051370";"155 589 422";"A01";"1";"31";"0";"0";"2";"16";"1";""
"202300051371";"155 589 418";"A01";"3";"7";"0";"1";"1";"9";"1";""
"202300051372";"155 589 420";"A01";"1";"7";"0";"2";"1";"15";"1";""
"202300051372";"155 589 423";"B01";"1";"50";"0";"2";"7";"1";"3";""
"202300051373";"155 589 416";"B01";"1";"33";"16";"0";"7";"1";"1";""
"202300051374";"155 589 414";"A01";"2";"7";"0";"2";"1";"1";"1";""
"202300051374";"155 589 419";"B01";"2";"7";"0";"0";"4";"1";"1";""
"202300051375";"155 589 413";"A01";"2";"7";"0";"1";"3";"1";"1";""
"202300051376";"155 589 412";"A01";"3";"50";"8";"0";"6";"19";"3";""
"202300051377";"155 589 409";"A01";"2";"7";"0";"2";"3";"16";"1";""
"202300051377";"155 589 415";"B01";"1";"7";"0";"2";"3";"15";"1";""
"202300051378";"155 589 408";"A01";"1";"7";"0";"2";"2";"1";"0";""
"202300051378";"155 589 417";"B01";"2";"13";"0";"2";"8";"19";"0";""
"202300051379";"155 589 407";"A01";"3";"7";"0";"2";"6";"11";"1";""
"202300051379";"155 589 411";"B01";"3";"7";"0";"2";"1";"1";"1";""
"202300051380";"155 589 406";"B01";"1";"7";"0";"2";"7";"1";"1";""
"202300051380";"155 589 410";"A01";"1";"30";"0";"2";"8";"17";"3";""
"202300051381";"155 589 403";"A01";"0";"7";"0";"1";"1";"1";"0";""
"202300051382";"155 589 398";"A01";"1";"7";"2";"0";"1";"14";"1";""
"202300051383";"155 589 396";"A01";"2";"7";"0";"2";"2";"12";"1";""
"202300051383";"155 589 405";"B01";"2";"7";"0";"9";"6";"1";"1";""
"202300051384";"155 589 397";"A01";"0";"7";"0";"2";"3";"15";"2";""
"202300051384";"155 589 404";"Y01";"0";"60";"0";"2";"8";"19";"5";""
"202300051385";"155 589 400";"A01";"1";"38";"0";"1";"5";"1";"0";"1"
"202300051386";"155 589 394";"A01";"2";"31";"0";"2";"1";"1";"1";""
"202300051386";"155 589 399";"B01";"1";"7";"0";"2";"3";"1";"1";""
"202300051386";"155 589 402";"C01";"2";"7";"0";"2";"3";"1";"1";""
"202300051387";"155 589 395";"A01";"3";"7";"0";"2";"3";"15";"2";""
"202300051387";"155 589 401";"B01";"3";"7";"0";"2";"2";"1";"1";""
"202300051388";"155 589 389";"A01";"1";"7";"0";"1";"3";"1";"1";""
"202300051389";"155 589 385";"A01";"1";"7";"0";"2";"1";"15";"1";""
"202300051389";"155 589 392";"B01";"2";"32";"0";"2";"1";"1";"1";""
"202300051390";"155 589 386";"A01";"1";"32";"0";"1";"1";"2";"1";""
"202300051391";"155 589 387";"A01";"2";"7";"0";"2";"3";"5";"1";""
"202300051391";"155 589 393";"B01";"1";"7";"0";"2";"3";"1";"1";""
"202300051392";"155 589 384";"B01";"0";"7";"0";"2";"4";"2";"1";""
"202300051392";"155 589 390";"A01";"0";"7";"0";"2";"4";"17";"1";""
"202300051393";"155 589 383";"A01";"2";"7";"0";"2";"2";"1";"1";""
"202300051393";"155 589 391";"B01";"1";"14";"0";"2";"6";"1";"1";""
"202300051394";"155 589 382";"A01";"3";"30";"0";"2";"1";"1";"6";""
"202300051394";"155 589 388";"B01";"3";"7";"0";"2";"6";"9";"1";""
"202300051395";"155 589 375";"B01";"1";"33";"0";"2";"1";"1";"1";""
"202300051395";"155 589 381";"A01";"3";"7";"0";"2";"3";"9";"1";""
"202300051396";"155 589 373";"B01";"1";"7";"0";"2";"3";"1";"1";""
"202300051396";"155 589 377";"A01";"1";"50";"0";"2";"1";"9";"3";""
"202300051397";"155 589 372";"A01";"2";"7";"0";"2";"1";"1";"1";""
"202300051397";"155 589 376";"C01";"2";"7";"0";"2";"5";"1";"1";""
"202300051397";"155 589 380";"B01";"2";"7";"0";"2";"6";"1";"1";""
"202300051398";"155 589 370";"B01";"1";"15";"0";"2";"4";"1";"1";""
"202300051398";"155 589 378";"A01";"1";"10";"0";"2";"1";"1";"1";""
"202300051399";"155 589 371";"A01";"2";"7";"0";"2";"1";"5";"1";""
"202300051399";"155 589 379";"B01";"1";"7";"0";"2";"1";"1";"1";""
"202300051400";"155 589 374";"B01";"1";"32";"0";"1";"3";"1";"3";""
"202300051401";"155 589 367";"A01";"2";"7";"4";"2";"1";"9";"1";""
"202300051401";"155 589 369";"B01";"2";"7";"0";"2";"3";"1";"1";""
"202300051402";"155 589 364";"A01";"1";"10";"0";"2";"3";"15";"1";""
"202300051402";"155 589 366";"B01";"1";"1";"0";"2";"3";"1";"5";""
"202300051403";"155 589 363";"A01";"1";"7";"0";"2";"1";"1";"0";""
"202300051403";"155 589 368";"B01";"1";"7";"0";"2";"4";"1";"0";""
"202300051404";"155 589 362";"A01";"1";"7";"0";"2";"3";"10";"1";""
"202300051404";"155 589 365";"B01";"1";"33";"0";"2";"2";"17";"1";""
"202300051405";"155 589 361";"Z01";"3";"7";"0";"1";"0";"0";"0";""
"202300051406";"155 589 359";"A01";"2";"2";"0";"0";"2";"26";"1";""
"202300051407";"155 589 358";"A01";"1";"7";"2";"0";"1";"15";"1";""
"202300051408";"155 589 355";"A01";"1";"30";"16";"2";"1";"1";"1";""
"202300051408";"155 589 356";"B01";"3";"10";"0";"2";"4";"1";"1";""
"202300051409";"155 589 357";"A01";"0";"10";"9";"0";"1";"1";"0";""
"202300051410";"155 589 352";"A01";"0";"7";"0";"0";"1";"1";"0";""
"202300051411";"155 589 354";"A01";"1";"3";"0";"2";"3";"15";"1";""
"202300051411";"155 589 360";"B01";"2";"7";"0";"2";"2";"1";"1";""
"202300051412";"155 589 348";"B01";"2";"7";"0";"2";"5";"2";"1";""
"202300051412";"155 589 351";"A01";"2";"7";"0";"2";"3";"2";"1";""
"202300051413";"155 589 349";"B01";"2";"7";"13";"2";"3";"1";"1";""
"202300051413";"155 589 353";"A01";"1";"7";"0";"2";"3";"13";"1";""
"202300051414";"155 589 346";"B01";"1";"17";"0";"2";"1";"1";"1";""
"202300051414";"155 589 347";"A01";"2";"17";"0";"2";"2";"13";"1";""
"202300051415";"155 589 350";"A01";"3";"7";"0";"1";"3";"1";"1";""
"202300051416";"155 589 344";"A01";"3";"7";"0";"1";"2";"13";"1";""
"202300051417";"155 589 342";"A01";"2";"33";"0";"2";"1";"1";"1";""
"202300051417";"155 589 345";"B01";"1";"7";"0";"9";"2";"15";"1";""
"202300051418";"155 589 341";"A01";"3";"7";"16";"0";"1";"1";"1";""
"202300051419";"155 589 338";"A01";"3";"7";"8";"0";"7";"0";"1";""
"202300051420";"155 589 339";"A01";"1";"31";"0";"2";"1";"13";"1";""
"202300051420";"155 589 343";"B01";"2";"7";"0";"2";"3";"1";"0";""
"202300051421";"155 589 335";"A01";"1";"7";"0";"2";"2";"13";"1";""
"202300051421";"155 589 340";"B01";"2";"7";"0";"2";"2";"1";"1";""
"202300051422";"155 589 331";"B01";"1";"1";"0";"2";"1";"1";"5";""
"202300051422";"155 589 334";"A01";"1";"7";"0";"2";"5";"15";"1";""
"202300051423";"155 589 332";"B01";"3";"7";"0";"2";"3";"16";"1";""
"202300051423";"155 589 337";"A01";"3";"7";"0";"2";"7";"1";"1";""
"202300051424";"155 589 333";"A01";"1";"7";"0";"2";"3";"11";"1";""
"202300051424";"155 589 336";"B01";"1";"43";"0";"2";"1";"3";"1";""
"202300051425";"155 589 325";"A01";"2";"7";"0";"0";"4";"1";"1";""
"202300051425";"155 589 329";"B01";"2";"7";"0";"2";"1";"1";"1";""
"202300051426";"155 589 324";"B01";"1";"7";"0";"2";"1";"1";"1";""
"202300051426";"155 589 330";"A01";"1";"7";"0";"2";"7";"15";"1";""
"202300051427";"155 589 323";"A01";"1";"10";"0";"2";"4";"1";"1";""
"202300051427";"155 589 328";"B01";"1";"33";"0";"2";"1";"2";"1";""
"202300051428";"155 589 326";"A01";"1";"33";"5";"0";"3";"15";"0";""
"202300051429";"155 589 321";"A01";"2";"33";"0";"2";"7";"1";"1";""
"202300051429";"155 589 327";"B01";"2";"7";"0";"2";"1";"19";"1";""
"202300051430";"155 589 320";"A01";"3";"7";"0";"1";"1";"15";"0";""
"202300051431";"155 589 319";"A01";"2";"7";"0";"0";"9";"14";"1";""
"202300051432";"155 589 318";"A01";"2";"33";"0";"2";"2";"3";"1";""
"202300051432";"155 589 322";"B01";"3";"7";"0";"2";"3";"12";"0";""
"202300051433";"155 589 311";"B01";"2";"10";"0";"2";"5";"1";"1";""
"202300051433";"155 589 316";"A01";"2";"31";"0";"2";"1";"14";"1";""
"202300051434";"155 589 309";"A01";"1";"7";"0";"2";"6";"23";"0";""
"202300051434";"155 589 312";"B01";"1";"31";"1";"0";"1";"2";"1";""
"202300051435";"155 589 313";"A01";"3";"7";"0";"2";"8";"1";"1";""
"202300051435";"155 589 317";"B01";"3";"1";"0";"2";"3";"21";"5";""
"202300051436";"155 589 308";"A01";"1";"7";"16";"0";"1";"1";"1";""
"202300051437";"155 589 307";"B01";"1";"10";"0";"2";"3";"1";"1";""
"202300051437";"155 589 315";"A01";"1";"1";"0";"2";"0";"1";"5";""
"202300051438";"155 589 306";"A01";"1";"33";"0";"2";"7";"1";"1";""
"202300051438";"155 589 310";"B01";"1";"7";"0";"2";"8";"1";"1";""
"202300051439";"155 589 305";"B01";"0";"7";"8";"2";"3";"1";"1";""
"202300051439";"155 589 314";"A01";"3";"7";"0";"2";"2";"9";"1";""
"202300051440";"155 589 304";"A01";"2";"7";"4";"0";"2";"16";"1";""
"202300051441";"155 589 301";"A01";"1";"7";"0";"0";"1";"15";"1";""
"202300051441";"155 589 303";"B01";"1";"7";"0";"0";"4";"15";"1";""
"202300051442";"155 589 300";"B01";"1";"33";"0";"2";"1";"1";"6";""
"202300051442";"155 589 302";"A01";"2";"7";"0";"2";"3";"26";"6";""
"202300051443";"155 589 297";"A01";"3";"33";"0";"1";"1";"1";"1";""
"202300051444";"155 589 295";"B01";"3";"1";"0";"2";"1";"9";"5";""
"202300051444";"155 589 299";"A01";"3";"7";"0";"9";"3";"1";"1";""
"202300051445";"155 589 294";"A01";"1";"7";"0";"9";"1";"16";"1";""
"202300051445";"155 589 298";"B01";"3";"50";"0";"2";"7";"19";"3";""
"202300051446";"155 589 291";"B01";"3";"7";"0";"2";"3";"21";"1";""
"202300051446";"155 589 296";"A01";"3";"7";"0";"2";"3";"21";"1";""
"202300051447";"155 589 290";"B01";"1";"99";"0";"2";"3";"12";"3";""
"202300051447";"155 589 292";"A01";"1";"7";"0";"9";"2";"11";"1";""
"202300051448";"155 589 289";"A01";"3";"7";"6";"0";"1";"1";"1";""
"202300051449";"155 589 285";"A01";"2";"15";"0";"2";"1";"1";"1";""
"202300051449";"155 589 288";"B01";"2";"80";"0";"2";"4";"1";"3";""
"202300051450";"155 589 283";"A01";"2";"7";"0";"2";"1";"2";"1";""
"202300051450";"155 589 286";"B01";"1";"1";"0";"2";"1";"1";"5";""
"202300051451";"155 589 281";"B01";"2";"7";"0";"2";"8";"1";"1";""
"202300051451";"155 589 287";"A01";"2";"7";"0";"2";"1";"1";"1";""
"202300051452";"155 589 280";"B01";"1";"1";"0";"2";"4";"2";"5";""
"202300051452";"155 589 284";"A01";"1";"7";"0";"2";"2";"15";"1";""
"202300051453";"155 589 278";"B01";"2";"34";"0";"2";"1";"1";"1";""
"202300051453";"155 589 282";"A01";"2";"7";"0";"2";"1";"1";"1";""
"202300051454";"155 589 275";"A01";"3";"7";"0";"1";"1";"16";"2";""
"202300051455";"155 589 277";"A01";"1";"7";"0";"2";"3";"15";"1";""
"202300051455";"155 589 279";"B01";"2";"7";"6";"2";"1";"1";"1";""
"202300051456";"155 589 271";"A01";"1";"7";"2";"0";"1";"1";"1";""
"202300051457";"155 589 272";"C01";"2";"7";"0";"2";"1";"2";"1";""
"202300051457";"155 589 274";"B01";"2";"7";"0";"2";"4";"2";"1";""
"202300051457";"155 589 293";"A01";"2";"7";"0";"2";"1";"2";"1";""
"202300051458";"155 589 270";"A01";"1";"7";"2";"0";"1";"13";"1";""
"202300051459";"155 589 268";"A01";"1";"7";"0";"2";"3";"1";"1";""
"202300051459";"155 589 276";"B01";"1";"7";"3";"0";"2";"1";"1";""
"202300051460";"155 589 265";"A01";"1";"2";"13";"0";"1";"1";"1";""
"202300051461";"155 589 263";"B01";"1";"1";"0";"2";"8";"16";"5";""
"202300051461";"155 589 266";"A01";"1";"7";"0";"2";"0";"16";"3";""
"202300051462";"155 589 261";"A01";"2";"7";"4";"0";"1";"2";"1";""
"202300051463";"155 589 258";"A01";"3";"7";"2";"0";"0";"0";"1";""
"202300051463";"155 589 264";"B01";"3";"7";"0";"0";"4";"0";"1";""
"202300051463";"155 589 267";"C01";"0";"7";"0";"2";"1";"0";"1";""
"202300051463";"155 589 269";"D01";"0";"7";"0";"2";"1";"0";"1";""
"202300051463";"155 589 273";"E01";"0";"7";"0";"2";"1";"0";"1";""
"202300051464";"155 589 256";"B01";"1";"80";"0";"2";"4";"1";"3";""
"202300051464";"155 589 260";"A01";"1";"0";"0";"9";"1";"1";"0";""
"202300051465";"155 589 257";"B01";"2";"32";"0";"2";"8";"1";"1";""
"202300051465";"155 589 262";"A01";"1";"7";"0";"2";"1";"15";"1";""
"202300051466";"155 589 254";"A01";"1";"7";"0";"2";"3";"13";"1";""
"202300051466";"155 589 259";"B01";"2";"7";"0";"2";"3";"1";"1";""
"202300051467";"155 589 249";"A01";"2";"7";"0";"2";"1";"16";"1";""
"202300051467";"155 589 252";"B01";"1";"1";"0";"2";"3";"1";"5";""
"202300051468";"155 589 246";"A01";"1";"2";"8";"2";"2";"2";"1";""
"202300051468";"155 589 251";"B01";"1";"2";"0";"2";"4";"2";"1";""
"202300051469";"155 589 248";"B01";"2";"7";"0";"2";"1";"1";"1";""
"202300051469";"155 589 255";"A01";"1";"7";"0";"2";"1";"1";"1";""
"202300051470";"155 589 245";"A01";"1";"15";"0";"2";"2";"12";"1";""
"202300051470";"155 589 250";"B01";"1";"7";"0";"2";"6";"1";"1";""
"202300051470";"155 589 253";"C01";"1";"42";"0";"2";"1";"1";"1";""
"202300051471";"155 589 243";"A01";"3";"7";"0";"2";"2";"15";"1";""
"202300051471";"155 589 247";"B01";"3";"1";"0";"2";"0";"0";"5";""
"202300051472";"155 589 244";"A01";"2";"33";"4";"0";"0";"1";"1";""
"202300051473";"155 589 240";"A01";"1";"33";"0";"0";"0";"1";"1";""
"202300051474";"155 589 237";"A01";"1";"10";"13";"0";"2";"21";"1";""
"202300051475";"155 589 235";"A01";"2";"33";"0";"2";"1";"1";"1";""
"202300051475";"155 589 239";"B01";"2";"50";"0";"0";"6";"19";"3";""
"202300051476";"155 589 234";"B01";"2";"7";"0";"2";"8";"11";"1";""
"202300051476";"155 589 238";"A01";"2";"33";"0";"2";"2";"3";"1";""
"202300051477";"155 589 233";"B01";"1";"7";"0";"2";"1";"13";"1";""
"202300051477";"155 589 242";"A01";"2";"7";"0";"2";"1";"1";"1";""
"202300051478";"155 589 232";"A01";"3";"7";"0";"2";"8";"15";"1";""
"202300051478";"155 589 241";"B01";"1";"33";"0";"2";"1";"1";"1";""
"202300051479";"155 589 230";"B01";"3";"7";"0";"2";"0";"9";"1";""
"202300051479";"155 589 236";"A01";"3";"2";"0";"2";"0";"1";"1";""
"202300051480";"155 589 225";"A01";"1";"7";"0";"1";"3";"1";"1";""
"202300051481";"155 589 224";"A01";"2";"31";"0";"0";"8";"3";"1";""
"202300051482";"155 589 228";"A01";"1";"7";"8";"2";"1";"14";"1";""
"202300051482";"155 589 231";"B01";"1";"7";"0";"0";"7";"23";"1";""
"202300051483";"155 589 220";"A01";"2";"7";"9";"0";"0";"6";"1";""
"202300051484";"155 589 221";"A01";"2";"7";"0";"2";"1";"2";"1";""
"202300051484";"155 589 227";"B01";"2";"17";"0";"2";"4";"1";"1";""
"202300051485";"155 589 222";"A01";"1";"1";"0";"0";"2";"0";"5";""
"202300051486";"155 589 223";"A01";"3";"7";"0";"2";"3";"15";"1";""
"202300051486";"155 589 226";"B01";"3";"7";"0";"2";"1";"1";"1";""
"202300051487";"155 589 218";"A01";"3";"7";"15";"0";"1";"13";"1";""
"202300051488";"155 589 215";"A01";"1";"7";"2";"0";"9";"6";"1";""
"202300051489";"155 589 213";"B01";"2";"7";"0";"2";"4";"23";"1";""
"202300051489";"155 589 217";"C01";"2";"7";"0";"2";"4";"23";"1";""
"202300051489";"155 589 219";"A01";"2";"7";"0";"2";"1";"2";"1";""
"202300051490";"155 589 212";"A01";"2";"7";"0";"1";"7";"1";"1";""
"202300051491";"155 589 211";"A01";"2";"7";"6";"0";"1";"14";"1";""
"202300051492";"155 589 210";"A01";"1";"7";"0";"9";"2";"17";"1";""
"202300051492";"155 589 216";"B01";"1";"1";"0";"2";"3";"15";"5";""
"202300051493";"155 589 209";"A01";"1";"7";"0";"2";"7";"12";"2";""
"202300051493";"155 589 214";"B01";"1";"32";"0";"2";"8";"1";"1";""
"202300051494";"155 589 207";"A01";"1";"7";"0";"2";"3";"2";"1";""
"202300051494";"155 589 208";"B01";"1";"1";"0";"2";"3";"12";"5";""
"202300051495";"155 589 205";"A01";"2";"7";"8";"0";"1";"26";"1";""
"202300051496";"155 589 201";"A01";"0";"7";"6";"0";"1";"0";"0";""
"202300051497";"155 589 199";"Z01";"3";"7";"8";"2";"1";"5";"1";""
"202300051497";"155 589 202";"A01";"3";"7";"0";"2";"2";"1";"1";""
"202300051498";"155 589 197";"B01";"1";"33";"0";"2";"2";"1";"1";""
"202300051498";"155 589 206";"A01";"1";"7";"0";"2";"3";"16";"1";""
"202300051499";"155 589 200";"B01";"1";"2";"4";"2";"8";"19";"1";""
"202300051499";"155 589 204";"A01";"1";"33";"8";"2";"1";"17";"1";""
"202300051500";"155 589 196";"B01";"2";"50";"0";"2";"8";"17";"3";""
"202300051500";"155 589 203";"A01";"1";"7";"0";"2";"2";"1";"1";""
"202300051501";"155 589 195";"A01";"2";"10";"0";"2";"2";"15";"1";""
"202300051501";"155 589 198";"B01";"1";"2";"0";"2";"1";"1";"1";""
"202300051502";"155 589 190";"Z01";"3";"7";"0";"1";"2";"5";"1";""
"202300051503";"155 589 187";"A01";"3";"33";"0";"2";"1";"1";"1";""
"202300051503";"155 589 193";"B01";"3";"7";"7";"0";"2";"19";"1";""
"202300051504";"155 589 189";"B01";"1";"7";"3";"2";"8";"1";"1";""
"202300051504";"155 589 194";"A01";"1";"7";"3";"2";"2";"17";"1";""
"202300051505";"155 589 192";"A01";"1";"7";"13";"0";"1";"15";"1";""
"202300051506";"155 589 184";"C01";"1";"7";"3";"2";"1";"1";"1";""
"202300051506";"155 589 188";"B01";"2";"7";"0";"0";"6";"1";"1";""
"202300051506";"155 589 191";"A01";"2";"7";"0";"2";"1";"1";"1";""
"202300051507";"155 589 186";"Z01";"1";"30";"0";"1";"0";"1";"0";""
"202300051508";"155 589 181";"A01";"2";"7";"13";"0";"9";"0";"0";""
"202300051509";"155 589 182";"B01";"2";"7";"0";"2";"2";"23";"1";""
"202300051509";"155 589 185";"A01";"2";"31";"0";"2";"0";"5";"1";""
"202300051510";"155 589 179";"A01";"2";"21";"0";"1";"0";"1";"1";""
"202300051511";"155 589 176";"B01";"2";"7";"0";"2";"3";"1";"1";""
"202300051511";"155 589 180";"A01";"1";"7";"0";"2";"3";"13";"1";""
"202300051512";"155 589 175";"A01";"3";"34";"0";"2";"7";"17";"1";""
"202300051512";"155 589 178";"B01";"3";"7";"0";"2";"8";"15";"1";""
"202300051513";"155 589 174";"A01";"2";"7";"0";"2";"6";"20";"1";""
"202300051513";"155 589 183";"Y01";"2";"1";"1";"2";"2";"1";"5";""
"202300051514";"155 589 173";"A01";"1";"7";"0";"2";"8";"1";"1";""
"202300051514";"155 589 177";"B01";"1";"10";"0";"2";"2";"16";"1";""
"202300051515";"155 589 171";"A01";"2";"7";"0";"1";"1";"15";"1";""
"202300051516";"155 589 170";"A01";"2";"10";"0";"1";"1";"1";"1";""
"202300051517";"155 589 168";"A01";"1";"7";"0";"2";"2";"1";"1";""
"202300051517";"155 589 172";"B01";"1";"7";"0";"2";"1";"1";"1";""
"202300051518";"155 589 165";"A01";"1";"2";"0";"0";"2";"15";"1";""
"202300051518";"155 589 169";"B01";"1";"7";"0";"2";"2";"1";"1";""
"202300051519";"155 589 164";"B01";"1";"1";"0";"2";"2";"1";"5";""
"202300051519";"155 589 167";"A01";"2";"7";"0";"2";"3";"1";"1";""
"202300051520";"155 589 162";"A01";"1";"1";"0";"2";"0";"1";"5";""
"202300051520";"155 589 163";"B01";"1";"1";"0";"2";"4";"1";"5";""
"202300051520";"155 589 166";"C01";"1";"1";"0";"2";"1";"1";"5";""
"202300051521";"155 589 161";"A01";"1";"7";"0";"1";"1";"1";"1";""
"202300051522";"155 589 158";"A01";"2";"33";"0";"0";"1";"13";"1";""
"202300051523";"155 589 159";"A01";"2";"7";"15";"0";"1";"1";"1";""
"202300051524";"155 589 160";"A01";"0";"7";"0";"1";"1";"15";"1";""
"202300051525";"155 589 154";"A01";"2";"7";"3";"2";"1";"1";"1";""
"202300051525";"155 589 155";"B01";"1";"7";"0";"2";"1";"1";"1";""
"202300051526";"155 589 156";"A01";"0";"0";"0";"1";"1";"16";"0";""
"202300051527";"155 589 153";"A01";"1";"43";"0";"2";"3";"1";"1";""
"202300051527";"155 589 157";"B01";"1";"7";"0";"2";"5";"1";"2";""
"202300051528";"155 589 151";"A01";"2";"7";"0";"1";"2";"1";"1";""
"202300051529";"155 589 152";"A01";"3";"7";"0";"1";"3";"15";"1";""
"202300051530";"155 589 146";"A01";"1";"7";"0";"2";"1";"15";"0";""
"202300051530";"155 589 147";"B01";"1";"31";"0";"2";"1";"1";"0";""
"202300051531";"155 589 148";"A01";"2";"7";"0";"2";"3";"13";"1";""
"202300051531";"155 589 149";"B01";"1";"7";"0";"2";"3";"1";"1";""
"202300051532";"155 589 142";"A01";"1";"7";"0";"2";"2";"16";"2";""
"202300051532";"155 589 144";"B01";"1";"2";"0";"2";"1";"1";"1";""
"202300051533";"155 589 145";"A01";"1";"7";"0";"2";"3";"26";"1";""
"202300051533";"155 589 150";"B01";"2";"33";"0";"2";"1";"3";"1";""
"202300051534";"155 589 135";"C01";"2";"7";"0";"2";"2";"1";"1";""
"202300051534";"155 589 138";"A01";"1";"7";"0";"2";"3";"13";"1";""
"202300051534";"155 589 140";"B01";"2";"7";"0";"2";"3";"1";"1";""