"Num_Acc";"id_vehicule";"num_veh";"senc";"catv";"obs";"obsm";"choc";"manv";"motor";"occutc"
"202300052149";"155 588 040";"A01";"2";"10";"0";"2";"5";"15";"1";""
"202300052149";"155 588 045";"B01";"1";"7";"0";"2";"1";"1";"1";""
"202300052150";"155 588 031";"B01";"1";"50";"0";"2";"5";"19";"3";""
"202300052150";"155 588 036";"A01";"1";"7";"0";"9";"1";"1";"1";""
"202300052151";"155 588 033";"A01";"1";"7";"6";"0";"1";"1";"1";""
"202300052152";"155 588 029";"A01";"1";"7";"0";"2";"1";"2";"1";""
"202300052152";"155 588 039";"B01";" -1";"7";" -1";"2";" -1";"23";" -1";""
"202300052153";"155 588 027";"A01";"1";"7";"0";"1";"1";"16";"1";""
"202300052154";"155 588 030";"A01";"2";"7";"13";"0";"1";"1";"1";""
"202300052155";"155 588 026";"A01";"2";"10";"4";"0";"0";"0";"1";""
"202300052156";"155 588 023";"A01";"0";"32";"0";"1";"1";"1";"1";""
"202300052157";"155 588 024";"A01";"1";"7";"4";"0";"1";"13";"1";""
"202300052158";"155 588 020";"A01";"1";"7";"0";"0";"1";"1";"1";""
"202300052159";"155 588 019";"A01";"1";"7";"0";"1";"1";"1";"1";""
"202300052160";"155 588 013";"A01";"1";"7";"0";"0";"4";"23";"1";""
"202300052160";"155 588 018";"C01";"1";"7";"0";"2";"1";"1";"1";""
"202300052160";"155 588 021";"B01";"1";"10";"0";"2";"4";"23";"1";""
"202300052161";"155 588 015";"A01";"2";"33";"0";"0";"4";"1";"1";""
"202300052162";"155 588 011";"A01";"1";"7";"0";"2";"2";"12";"1";""
"202300052162";"155 588 014";"B01";"1";"33";"0";"2";"3";"3";"1";""
"202300052163";"155 588 010";"A01";"2";"7";"0";"2";"1";"26";"6";""
"202300052164";"155 588 008";"A01";"3";"7";"0";"2";"1";"1";"1";""
"202300052164";"155 588 016";"B01";"3";"1";"0";"2";"8";"1";"5";""
"202300052165";"155 588 006";"A01";"3";"7";"0";"1";"1";"1";"1";""
"202300052166";"155 588 004";"A01";"2";"7";"0";"2";"2";"2";"1";""
"202300052166";"155 588 009";"B01";"2";"36";"0";"2";"4";"2";"1";""
"202300052166";"155 588 012";"C01";"2";"7";"0";"2";"8";"2";"1";""
"202300052167";"155 588 002";"B01";"1";"30";"0";"2";"1";"1";"1";""
"202300052167";"155 588 007";"A01";"2";"7";"0";"2";"7";"15";"1";""
"202300052168";"155 587 999";"A01";"1";"10";"0";"2";"1";"2";"3";""
"202300052168";"155 588 001";"B01";"1";"7";"0";"2";"4";"2";"1";""
"202300052169";"155 587 996";"B01";"1";"7";"0";"2";"3";"1";"1";""
"202300052169";"155 588 003";"A01";"2";"7";"0";"2";"3";"13";"1";""
"202300052170";"155 587 989";"A01";"0";"7";"0";"2";"2";"15";"1";""
"202300052171";"155 587 995";"A01";"3";"7";"8";"2";"1";"9";"1";""
"202300052171";"155 587 997";"B01";"3";"1";"0";"2";"4";"1";"5";""
"202300052172";"155 587 994";"A01";"3";"7";"0";"2";"3";"1";"1";""
"202300052172";"155 587 998";"B01";"2";"7";"0";"2";"2";"1";"1";""
"202300052173";"155 587 993";"C01";"1";"7";"0";"2";"8";"23";"1";""
"202300052173";"155 588 000";"A01";"1";"7";"0";"2";"1";"9";"1";""
"202300052173";"155 588 005";"B01";"1";"7";"0";"2";"1";"21";"1";""
"202300052174";"155 587 986";"A01";"0";"2";"0";"2";"1";"26";"1";""
"202300052174";"155 587 990";"B01";"2";"7";"0";"2";"3";"1";"1";""
"202300052175";"155 587 987";"A01";"1";"7";"0";"2";"3";"1";"1";""
"202300052175";"155 587 992";"B01";"2";"7";"0";"2";"3";"1";"1";""
"202300052176";"155 587 985";"A01";"2";"15";"0";"2";"1";"2";"0";""
"202300052176";"155 587 988";"B01";"2";"7";"0";"2";"4";"2";"0";""
"202300052177";"155 587 984";"A01";"3";"2";"0";"2";"1";"15";"1";""
"202300052177";"155 587 991";"B01";"3";"7";"0";"2";"2";"1";"1";""
"202300052178";"155 587 978";"A01";"1";"7";"0";"2";"8";"26";"1";""
"202300052178";"155 587 982";"B01";"3";"80";"0";"2";"1";"1";"3";""
"202300052179";"155 587 975";"A01";"3";"7";"12";"0";"2";"9";"1";""
"202300052180";"155 587 973";"B01";"2";"31";"0";"2";"1";"1";"1";""
"202300052180";"155 587 981";"A01";"1";"7";"0";"2";"2";"15";"1";""
"202300052181";"155 587 976";"B01";"1";"1";"0";"2";"6";"1";"5";""
"202300052181";"155 587 980";"A01";"1";"7";"0";"2";"1";"1";"1";""
"202300052182";"155 587 977";"A01";"2";"1";"0";"2";"1";"26";"5";""
"202300052182";"155 587 983";"B01";"2";"10";"0";"9";"3";"15";"1";""
"202300052183";"155 587 974";"A01";"1";"7";"4";"2";"7";"14";"1";""
"202300052184";"155 587 972";"A01";"2";"7";"3";"2";"1";"2";"2";""
"202300052184";"155 587 979";"B01";"2";"10";"3";"2";"4";"1";"1";""
"202300052185";"155 587 967";"A01";"1";"7";"0";"2";"1";"13";"0";""
"202300052185";"155 587 970";"B01";"2";"14";"0";"2";"1";"1";"0";""
"202300052186";"155 587 968";"A01";"2";"7";"0";"2";"3";"1";"1";""
"202300052186";"155 587 971";"B01";"2";"2";"0";"2";"5";"15";"1";""
"202300052187";"155 587 964";"A01";"1";"33";"0";"2";"7";"1";"1";""
"202300052187";"155 587 969";"B01";"1";"7";"0";"2";"8";"15";"2";""
"202300052188";"155 587 960";"A01";"1";"10";"0";"1";"6";"4";"1";""
"202300052189";"155 587 959";"B01";"1";"7";"3";"2";"7";"1";"1";""
"202300052189";"155 587 965";"A01";"1";"7";"0";"2";"1";"11";"1";""
"202300052190";"155 587 958";"A01";"1";"7";"0";"2";"8";"9";"2";""
"202300052190";"155 587 963";"B01";"1";"80";"0";"2";"1";"1";"3";""
"202300052191";"155 587 956";"B01";"2";"7";"0";"2";"2";"1";"1";""
"202300052191";"155 587 966";"A01";"3";"1";"0";"2";"7";"15";"5";""
"202300052192";"155 587 954";"A01";"1";"7";"0";"2";"1";"1";"1";""
"202300052192";"155 587 961";"B01";"1";"7";"0";"2";"4";"1";"1";""
"202300052193";"155 587 952";"A01";"2";"7";"0";"1";"1";"17";"1";""
"202300052194";"155 587 948";"C01";"1";"7";"0";"0";"4";"23";"0";""
"202300052194";"155 587 953";"B01";"1";"7";"0";"0";"4";"23";"0";""
"202300052194";"155 587 957";"A01";"1";"7";"0";"0";"0";"1";"0";""
"202300052195";"155 587 950";"C01";"2";"7";"0";"2";"3";"1";"1";""
"202300052195";"155 587 955";"B01";"2";"7";"0";"2";"1";"2";"1";""
"202300052195";"155 587 962";"A01";"1";"7";"0";"2";"3";"1";"1";""
"202300052196";"155 587 946";"A01";"3";"7";"0";"2";"0";"22";"1";""
"202300052196";"155 587 951";"B01";"2";"1";"0";"0";"0";"1";"5";""
"202300052197";"155 587 947";"A01";"3";"37";"0";"1";"8";"1";"1";"1"
"202300052198";"155 587 942";"A01";"2";"7";"15";"0";"0";"1";"1";""
"202300052199";"155 587 941";"A01";"1";"7";"0";"1";"1";"1";"1";""
"202300052200";"155 587 939";"A01";"2";"33";"0";"1";"1";"2";"1";""
"202300052201";"155 587 938";"B01";"2";"7";"0";"2";"4";"1";"1";""
"202300052201";"155 587 940";"C01";"2";"7";"0";"2";"4";"0";"2";""
"202300052201";"155 587 945";"A01";"2";"7";"0";"2";"1";"1";"1";""
"202300052201";"155 587 949";"D01";"2";"7";"0";"2";"1";"1";"1";""
"202300052202";"155 587 937";"B01";"1";"1";"0";"2";"1";"1";"5";""
"202300052202";"155 587 944";"A01";"1";"14";"0";"2";"2";"16";"1";""
"202300052203";"155 587 936";"A01";"2";"7";"0";"1";"1";"1";"1";""
"202300052204";"155 587 934";"B01";"1";"7";"0";"2";"2";"1";"1";""
"202300052204";"155 587 943";"A01";"1";"7";"0";"2";"3";"1";"2";""
"202300052205";"155 587 933";"A01";"1";"7";"0";"1";"3";"1";"1";""
"202300052206";"155 587 932";"B01";"3";"37";"0";"2";"5";"1";"1";"1"
"202300052206";"155 587 935";"A01";"3";"50";"0";"2";"1";"1";"3";""
"202300052207";"155 587 930";"A01";"1";"1";"0";"0";"1";"21";"5";""
"202300052208";"155 587 928";"A01";"2";"7";"0";"2";"1";"1";"1";""
"202300052208";"155 587 931";"B01";"1";"7";"0";"2";"1";"1";"1";""
"202300052209";"155 587 926";"A01";"1";"7";"13";"0";"9";"13";"1";""
"202300052210";"155 587 925";"B01";"2";"7";"0";"2";"4";"2";"1";""
"202300052210";"155 587 929";"A01";"2";"32";"4";"2";"2";"2";"1";""
"202300052211";"155 587 922";"A01";"3";"10";"0";"2";"7";"17";"1";""
"202300052211";"155 587 927";"B01";"3";"2";"0";"2";"8";"2";"1";""
"202300052212";"155 587 919";"B01";"2";"7";"3";"2";"1";"1";"0";""
"202300052212";"155 587 923";"A01";"1";"7";"0";"2";"1";"1";"0";""
"202300052213";"155 587 918";"A01";"1";"80";"0";"2";"2";"1";"3";""
"202300052213";"155 587 924";"B01";"1";"7";"0";"2";"3";"1";"1";""
"202300052214";"155 587 917";"A01";"2";"10";"0";"2";"3";"9";"1";""
"202300052214";"155 587 920";"B01";"2";"50";"0";"2";"7";"1";"3";""
"202300052215";"155 587 916";"A01";"1";"7";"0";"2";"2";"14";"1";""
"202300052215";"155 587 921";"B01";"1";"30";"0";"2";"8";"1";"1";""
"202300052216";"155 587 910";"A01";"1";"7";"13";"0";"9";"13";"1";""
"202300052217";"155 587 912";"A01";"2";"33";"0";"0";"0";"16";"1";""
"202300052218";"155 587 908";"B01";"1";"7";"0";"2";"4";"2";"1";""
"202300052218";"155 587 913";"A01";"1";"7";"0";"2";"1";"2";"1";""
"202300052219";"155 587 909";"A01";"1";"7";"0";"2";"5";"9";"2";""
"202300052219";"155 587 915";"B01";"1";"32";"0";"2";"1";"1";"1";""
"202300052220";"155 587 911";"A01";"0";"7";"0";"1";"1";"1";"1";""
"202300052221";"155 587 906";"A01";"2";"7";"0";"1";"7";"1";"1";""
"202300052222";"155 587 902";"A01";"2";"7";"0";"9";"7";"15";"1";""
"202300052222";"155 587 907";"B01";"1";"2";"0";"2";"1";"1";"1";""
"202300052223";"155 587 899";"A01";"1";"7";"0";"1";"2";"19";"1";""
"202300052224";"155 587 895";"A01";"2";"13";"0";"2";"4";"23";"1";""
"202300052224";"155 587 900";"B01";"2";"14";"1";"0";"1";"2";"1";""
"202300052225";"155 587 896";"A01";"3";"7";"0";"2";"3";"1";"0";""
"202300052225";"155 587 903";"B01";"3";"50";"0";"2";"1";"1";"3";""
"202300052226";"155 587 897";"A01";"2";"2";"0";"2";"1";"2";"1";""
"202300052226";"155 587 901";"B01";"2";"7";"0";"2";"4";"2";"1";""
"202300052227";"155 587 904";"A01";"1";"7";"0";"2";"2";"9";"1";""
"202300052227";"155 587 914";"B01";"1";"2";"0";"2";"7";"17";"3";""
"202300052228";"155 587 894";"A01";"2";"7";"1";"0";"2";"1";"1";""
"202300052229";"155 587 892";"B01";"1";"7";"0";"2";"0";"1";"1";""
"202300052229";"155 587 905";"A01";"1";"7";"0";"2";"0";"16";"1";""
"202300052230";"155 587 888";"A01";"1";"7";"0";"1";"3";"1";"1";""
"202300052231";"155 587 893";"A01";"2";"7";"0";"2";"2";"16";"1";""
"202300052231";"155 587 898";"B01";"2";"2";"0";"2";"1";"18";"1";""
"202300052232";"155 587 887";"A01";"1";"10";"0";"2";"1";"9";"1";""
"202300052232";"155 587 891";"B01";"2";"31";"0";"2";"7";"1";"1";""
"202300052233";"155 587 886";"B01";"0";"10";"0";"2";"3";"0";"1";""
"202300052233";"155 587 890";"A01";"0";"7";"0";"2";"3";"5";"1";""
"202300052234";"155 587 882";"A01";"0";"30";"0";"2";"6";"2";"1";""
"202300052234";"155 587 889";"B01";"0";"7";"0";"2";"2";"20";"1";""
"202300052235";"155 587 885";"A01";"2";"2";"0";"0";"0";"3";"1";""
"202300052236";"155 587 880";"A01";"2";"7";"0";"2";"7";"19";"1";""
"202300052236";"155 587 884";"B01";"1";"33";"0";"2";"1";"1";"1";""
"202300052237";"155 587 877";"A01";"2";"33";"0";"0";"8";"26";"1";""
"202300052238";"155 587 878";"A01";"1";"7";"0";"2";"2";"14";"1";""
"202300052238";"155 587 883";"B01";"1";"31";"0";"2";"1";"2";"1";""
"202300052239";"155 587 876";"B01";"2";"7";"0";"2";"3";"1";"1";""
"202300052239";"155 587 881";"A01";"2";"7";"0";"2";"1";"13";"1";""
"202300052240";"155 587 871";"B01";"2";"80";"0";"2";"7";"1";"3";""
"202300052240";"155 587 879";"A01";"3";"7";"0";"2";"3";"15";"1";""
"202300052241";"155 587 870";"B01";"2";"50";"0";"2";"7";"19";"3";""
"202300052241";"155 587 874";"A01";"1";"7";"0";"9";"3";"1";"1";""
"202300052242";"155 587 869";"B01";"1";"1";"0";"2";"3";"1";"5";""
"202300052242";"155 587 875";"A01";"1";"7";"0";"2";"5";"16";"1";""
"202300052243";"155 587 868";"A01";"1";"7";"0";"2";"3";"13";"1";""
"202300052243";"155 587 872";"B01";"2";"7";"0";"2";"3";"1";"1";""
"202300052244";"155 587 866";"A01";"2";"7";"0";"2";"5";"22";"2";""
"202300052244";"155 587 873";"B01";"2";"30";"0";"0";"8";"18";"3";""
"202300052245";"155 587 863";"A01";"1";"7";"0";"0";"1";"1";"1";""
"202300052245";"155 587 867";"B01";"1";"7";"0";"0";"4";"2";"1";""
"202300052246";"155 587 862";"A01";"3";"7";"0";"2";"1";"11";"1";""
"202300052246";"155 587 865";"B01";"3";"7";"0";"2";"1";"0";"1";""
"202300052247";"155 587 860";"A01";"3";"7";"4";"0";"3";"13";"1";""
"202300052248";"155 587 856";"B01";"2";"7";"0";"9";"8";"0";"1";""
"202300052248";"155 587 864";"A01";"2";"1";"0";"2";"1";"19";"5";""
"202300052249";"155 587 857";"A01";"1";"33";"0";"2";"1";"2";"1";""
"202300052249";"155 587 861";"B01";"1";"7";"1";"0";"2";"2";"1";""
"202300052250";"155 587 858";"A01";"2";"33";"7";"0";"7";"3";"1";""
"202300052251";"155 587 855";"A01";"0";"2";"0";"2";"1";"0";"1";""
"202300052251";"155 587 859";"B01";"0";"2";"0";"2";"1";"0";"1";""
"202300052252";"155 587 849";"A01";"3";"10";"12";"0";"4";"1";"0";""
"202300052252";"155 587 854";"B01";"3";"2";"0";"2";"1";"1";"1";""
"202300052253";"155 587 848";"A01";"3";"2";"0";"2";"8";"26";"1";""
"202300052253";"155 587 852";"B01";"3";"7";"0";"2";"1";"1";"1";""
"202300052254";"155 587 847";"A01";"0";"7";"0";"2";"1";"1";"1";""
"202300052254";"155 587 851";"B01";"0";"1";"0";"2";"1";"19";"5";""
"202300052255";"155 587 853";"A01";"3";"1";"1";"0";"2";"14";"5";""
"202300052256";"155 587 844";"A01";"2";"7";"0";"2";"7";"15";"2";""
"202300052256";"155 587 850";"B01";"1";"7";"0";"2";"1";"1";"1";""
"202300052257";"155 587 841";"B01";"1";"7";"0";"2";"1";"1";"1";""
"202300052257";"155 587 846";"A01";"2";"3";"0";"2";"7";"15";"2";""
"202300052258";"155 587 838";"A01";"2";"7";"0";"2";"1";"16";"1";""
"202300052258";"155 587 842";"B01";"1";"7";"0";"2";"4";"23";"1";""
"202300052259";"155 587 839";"A01";"0";"33";"0";"2";"1";"18";"1";""
"202300052259";"155 587 843";"B01";"0";"7";"0";"2";"2";"16";"1";""
"202300052260";"155 587 840";"A01";"1";"30";"0";"2";"1";"1";"1";""
"202300052260";"155 587 845";"Z01";"2";"2";"0";"2";"1";"1";"0";""
"202300052261";"155 587 834";"B01";"1";"14";"0";"0";"6";"1";"1";""
"202300052261";"155 587 836";"A01";"1";"7";"0";"2";"3";"3";"2";""
"202300052262";"155 587 831";"A01";"0";"7";"0";"2";"0";"0";"0";""
"202300052262";"155 587 837";"B01";"0";"2";"0";"2";"0";"0";"1";""
"202300052263";"155 587 832";"A01";"2";"7";"1";"0";"1";"1";"1";""
"202300052264";"155 587 828";"B01";"2";"7";"0";"2";"0";"0";"1";""
"202300052264";"155 587 830";"A01";"1";"7";"0";"2";"3";"13";"1";""
"202300052265";"155 587 827";"A01";"3";"7";"0";"2";"1";"13";"1";""
"202300052265";"155 587 833";"B01";"3";"7";"0";"2";"1";"1";"1";""
"202300052266";"155 587 824";"A01";"2";"10";"7";"0";"1";"14";"1";""
"202300052267";"155 587 826";"B01";"1";"7";"0";"2";"1";"1";"1";""
"202300052267";"155 587 835";"A01";"2";"30";"0";"2";"3";"1";"3";""
"202300052268";"155 587 825";"A01";"1";"10";"0";"1";"1";"19";"1";""
"202300052269";"155 587 822";"B01";"2";"7";"0";"2";"2";"15";"2";""
"202300052269";"155 587 829";"A01";"1";"33";"0";"2";"2";"18";"1";""
"202300052270";"155 587 823";"A01";"1";"7";"1";"1";"2";"14";"1";""
"202300052271";"155 587 820";"A01";"2";"7";"0";"1";"2";"26";"1";""
"202300052272";"155 587 818";"A01";"1";"7";"8";"0";"1";"26";"1";""
"202300052273";"155 587 814";"A01";"2";"7";"0";"2";"1";"1";"1";""
"202300052273";"155 587 819";"B01";"2";"7";"0";"2";"4";"1";"1";""
"202300052274";"155 587 810";"A01";"1";"7";"13";"0";"1";"0";"1";""
"202300052275";"155 587 811";"A01";"2";"7";"0";"2";"3";"15";"3";""
"202300052275";"155 587 816";"B01";"1";"33";"0";"2";"1";"1";"1";""
"202300052276";"155 587 813";"B01";"3";"7";"0";"2";"1";"1";"1";""
"202300052276";"155 587 821";"A01";"3";"7";"8";"0";"2";"2";"1";""
"202300052277";"155 587 807";"A01";"1";"7";"0";"2";"9";"13";"1";""
"202300052277";"155 587 809";"B01";"2";"7";"0";"2";"9";"1";"1";""
"202300052277";"155 587 815";"C01";"2";"7";"0";"2";"9";"2";"1";""
"202300052278";"155 587 804";"A01";"0";"31";"0";"0";"0";"19";"1";""
"202300052279";"155 587 808";"A01";"2";"33";"0";"2";"1";"1";"1";""
"202300052279";"155 587 812";"B01";"2";"10";"0";"2";"7";"15";"1";""
"202300052280";"155 587 806";"A01";"1";"7";"0";"4";"1";"1";"1";""
"202300052280";"155 587 817";"B01";"3";"40";"0";"0";"8";"1";"3";""
"202300052281";"155 587 803";"A01";"2";"7";"8";"0";"1";"26";"1";""
"202300052282";"155 587 799";"A01";"1";"7";"0";"0";"0";"21";"1";""
"202300052283";"155 587 798";"A01";"1";"7";"0";"2";"3";"1";"1";""
"202300052283";"155 587 802";"B01";"2";"33";"0";"2";"2";"12";"1";""
"202300052284";"155 587 794";"A01";"3";"50";"0";"2";"1";"5";"3";""
"202300052284";"155 587 797";"B01";"3";"7";"0";"2";"2";"15";"1";""
"202300052285";"155 587 789";"A01";"3";"30";"0";"2";"8";"26";"3";""
"202300052285";"155 587 796";"B01";"1";"2";"0";"2";"1";"1";"1";""
"202300052286";"155 587 793";"A01";"1";"1";"0";"1";"1";"1";"5";""
"202300052287";"155 587 787";"B01";"3";"1";"0";"2";"4";"12";"5";""
"202300052287";"155 587 795";"A01";"3";"10";"0";"2";"1";"1";"1";""
"202300052288";"155 587 784";"B01";"1";"33";"0";"2";"1";"1";"1";""
"202300052288";"155 587 792";"A01";"1";"7";"0";"2";"6";"16";"1";""
"202300052289";"155 587 786";"A01";"2";"7";"0";"9";"7";"1";"1";""
"202300052289";"155 587 790";"B01";"3";"1";"0";"2";"1";"26";"5";""
"202300052290";"155 587 783";"B01";"2";"7";"0";"2";"4";"2";"0";""
"202300052290";"155 587 788";"A01";"2";"7";"0";"2";"2";"2";"1";""
"202300052291";"155 587 779";"A01";"1";"7";"0";"1";"1";"15";"1";""
"202300052292";"155 587 781";"A01";"2";"7";"0";"2";"3";"12";"1";""
"202300052292";"155 587 785";"B01";"2";"34";"0";"0";"0";"0";"1";""
"202300052293";"155 587 776";"A01";"1";"7";"0";"2";"2";"1";"3";""
"202300052293";"155 587 780";"B01";"1";"31";"0";"2";"1";"1";"1";""
"202300052294";"155 587 771";"Z01";"1";"7";"0";"2";"8";"15";"1";""
"202300052294";"155 587 775";"A01";"1";"37";"0";"2";"1";"1";"2";"2"
"202300052295";"155 587 770";"B01";"1";"7";"0";"2";"4";"1";"1";""
"202300052295";"155 587 777";"A01";"1";"7";"0";"2";"1";"1";"1";""
"202300052296";"155 587 772";"A01";"0";"7";"0";"1";"1";"9";"0";""
"202300052297";"155 587 767";"B01";"1";"30";"0";"2";"4";"1";"1";""
"202300052297";"155 587 769";"A01";"1";"7";"0";"2";"2";"9";"1";""
"202300052298";"155 587 762";"A01";"1";"7";"0";"2";"3";"5";"1";""
"202300052298";"155 587 765";"B01";"2";"7";"0";"2";"3";"1";"1";""
"202300052298";"155 587 768";"C01";"2";"10";"0";"2";"3";"1";"1";""
"202300052298";"155 587 774";"D01";"2";"10";"0";"2";"3";"1";"1";""
"202300052298";"155 587 778";"E01";"2";"7";"0";"2";"3";"1";"1";""
"202300052298";"155 587 782";"F01";"2";"7";"0";"2";"1";"1";"1";""
"202300052299";"155 587 761";"A01";"2";"7";"12";"0";"3";"15";"1";""
"202300052300";"155 587 757";"A01";"2";"99";"0";"2";"2";"21";"1";""
"202300052300";"155 587 764";"B01";"2";"31";"0";"2";"1";"1";"0";""
"202300052301";"155 587 759";"A01";"1";"7";"0";"2";"1";"13";"1";""
"202300052301";"155 587 763";"B01";"0";"7";"0";"2";"1";"1";"1";""
"202300052302";"155 587 753";"A01";"3";"30";"0";"2";"1";"13";"1";""
"202300052302";"155 587 760";"B01";"3";"7";"0";"2";"3";"1";"1";""
"202300052303";"155 587 752";"A01";"1";"7";"0";"2";"3";"20";"1";""
"202300052303";"155 587 758";"B01";"1";"33";"0";"2";"1";"1";"1";""
"202300052304";"155 587 754";"A01";"0";"7";"0";"1";"7";"1";"1";""
"202300052305";"155 587 751";"A01";"1";"33";"0";"2";"2";"3";"1";""
"202300052305";"155 587 755";"B01";"1";"7";"0";"2";"8";"11";"0";""
"202300052306";"155 587 749";"A01";"2";"7";"0";"2";"7";"13";"1";""
"202300052306";"155 587 756";"B01";"1";"7";"0";"2";"1";"1";"1";""
"202300052307";"155 587 747";"A01";"2";"7";"3";"2";"1";"5";"1";""
"202300052307";"155 587 750";"B01";"1";"15";"16";"2";"1";"1";"1";""
"202300052308";"155 587 746";"A01";"2";"7";"0";"1";"2";"1";"1";""
"202300052309";"155 587 744";"A01";"1";"7";"0";"1";"8";"1";"1";""
"202300052310";"155 587 745";"A01";"2";"7";"0";"2";"4";"26";"1";""
"202300052310";"155 587 748";"B01";"2";"10";"0";"2";"1";"1";"1";""
"202300052311";"155 587 742";"A01";"1";"7";"2";"0";"2";"1";"1";""
"202300052312";"155 587 738";"B01";"2";"7";"0";"2";"3";"1";"1";""
"202300052312";"155 587 743";"A01";"3";"7";"0";"2";"2";"15";"1";""
"202300052313";"155 587 740";"A01";"1";"7";"2";"0";"9";"1";"1";""
"202300052314";"155 587 737";"B01";"1";"7";"0";"2";"1";"26";"1";""
"202300052314";"155 587 741";"A01";"1";"7";"0";"2";"1";"26";"1";""
"202300052315";"155 587 736";"A01";"1";"7";"4";"0";"1";"0";"1";""
"202300052316";"155 587 735";"A01";"1";"7";"1";"0";"2";"1";"1";""
"202300052317";"155 587 734";"A01";"1";"31";"0";"2";"2";"17";"1";""
"202300052317";"155 587 739";"B01";"1";"7";"0";"2";"3";"15";"1";""
"202300052318";"155 587 730";"A01";"3";"7";"0";"2";"2";"1";"1";""
"202300052319";"155 587 732";"A01";"1";"33";"7";"0";"1";"15";"1";""
"202300052320";"155 587 728";"A01";"1";"7";"9";"0";"1";"0";"1";""
"202300052321";"155 587 731";"B01";"2";"10";"0";"2";"2";"1";"1";""
"202300052321";"155 587 733";"A01";"1";"7";"0";"2";"7";"15";"1";""
"202300052322";"155 587 727";"A01";"1";"7";"1";"0";"3";"13";"1";""
"202300052323";"155 587 726";"A01";"1";"7";"2";"0";"1";"13";"1";""
"202300052324";"155 587 720";"A01";"2";"7";"0";"2";"1";"13";"1";""
"202300052324";"155 587 724";"B01";"1";"7";"0";"2";"1";"1";"1";""
"202300052324";"155 587 729";"C01";"1";"7";"0";"2";"1";"1";"1";""
"202300052325";"155 587 722";"B01";"1";"10";"0";"2";"3";"1";"1";""
"202300052325";"155 587 725";"A01";"1";"7";"0";"2";"3";"16";"1";""
"202300052326";"155 587 717";"B01";"1";"7";"0";"2";"1";"1";"1";""
"202300052326";"155 587 723";"A01";"1";"7";"0";"2";"8";"9";"1";""
"202300052327";"155 587 713";"A01";"0";"7";"0";"2";"7";"9";"1";""
"202300052327";"155 587 718";"B01";"0";"7";"0";"2";"8";"1";"1";""
"202300052328";"155 587 714";"A01";"1";"7";"0";"1";"2";"1";"1";""
"202300052329";"155 587 715";"A01";"2";"7";"0";"2";"3";"15";"2";""
"202300052329";"155 587 721";"B01";"1";"33";"0";"2";"1";"1";"1";""
"202300052330";"155 587 711";"A01";"3";"10";"0";"2";"3";"15";"1";""
"202300052330";"155 587 719";"B01";"3";"30";"0";"2";"0";"1";"1";""
"202300052331";"155 587 710";"A01";"2";"34";"0";"5";"0";"0";"1";""
"202300052332";"155 587 709";"A01";"3";"34";"14";"0";"1";"6";"1";""
"202300052333";"155 587 707";"A01";"1";"7";"0";"2";"1";"2";"1";""
"202300052333";"155 587 712";"B01";"1";"7";"0";"2";"1";"2";"1";""
"202300052333";"155 587 716";"C01";"1";"7";"0";"2";"4";"2";"1";""
"202300052334";"155 587 708";"A01";"2";"7";"0";"1";"2";"12";"1";""
"202300052335";"155 587 705";"A01";"0";"32";"0";"1";"0";"0";"0";""
"202300052336";"155 587 701";"A01";"1";"7";"0";"2";"5";"1";"1";""
"202300052336";"155 587 706";"B01";"2";"30";"0";"2";"1";"1";"1";""
"202300052337";"155 587 698";"B01";"1";"7";"0";"2";"2";"2";"1";""
"202300052337";"155 587 703";"A01";"1";"32";"0";"2";"6";"13";"1";""
"202300052338";"155 587 697";"A01";"3";"10";"0";"2";"1";"1";"1";""
"202300052338";"155 587 704";"B01";"3";"7";"0";"2";"8";"1";"1";""
"202300052339";"155 587 695";"A01";"1";"7";"0";"2";"8";"15";"1";""
"202300052339";"155 587 702";"B01";"2";"33";"0";"2";"1";"1";"1";""
"202300052340";"155 587 692";"B01";"3";"1";"13";"2";"8";"1";"5";""
"202300052340";"155 587 699";"A01";"1";"7";"0";"9";"1";"1";"1";""
"202300052341";"155 587 693";"B01";"2";"10";"0";"2";"6";"23";"1";""
"202300052341";"155 587 700";"A01";"2";"7";"0";"2";"1";"1";"1";""
"202300052342";"155 587 690";"A01";"1";"30";"0";"0";"8";"11";"1";""
"202300052343";"155 587 689";"A01";"1";"7";"0";"2";"1";"13";"1";""
"202300052343";"155 587 694";"B01";"2";"15";"0";"2";"8";"1";"0";""
"202300052344";"155 587 686";"A01";"3";"50";"0";"0";"0";"0";"3";""
"202300052345";"155 587 683";"B01";"3";"1";"12";"0";"1";"25";"5";""
"202300052345";"155 587 685";"A01";"3";"7";"0";"9";"2";"21";"1";""
"202300052346";"155 587 682";"A01";"0";"10";"0";"1";"1";"2";"1";""
"202300052347";"155 587 681";"A01";"3";"7";"0";"1";"2";"1";"1";""
"202300052348";"155 587 684";"A01";"2";"7";"0";"2";"2";"15";"1";""
"202300052348";"155 587 688";"B01";"1";"7";"0";"0";"2";"1";"0";""
"202300052349";"155 587 680";"Z01";"2";"7";"0";"2";"5";"14";"2";""
"202300052349";"155 587 687";"A01";"2";"32";"0";"2";"1";"3";"1";""
"202300052350";"155 587 675";"A01";"2";"7";"0";"2";"1";"15";"1";""
"202300052350";"155 587 678";"B01";"1";"34";"0";"2";"1";"1";"1";""
"202300052351";"155 587 673";"A01";"2";"7";"0";"2";"1";"13";"1";""