"Num_Acc";"id_vehicule";"num_veh";"senc";"catv";"obs";"obsm";"choc";"manv";"motor";"occutc"
"202300052351";"155 587 679";"B01";"1";"15";"0";"2";"3";"1";"1";""
"202300052352";"155 587 668";"A01";"2";"60";"0";"2";"1";"19";"5";""
"202300052352";"155 587 676";"B01";"2";"7";"0";"2";"5";"1";"1";""
"202300052353";"155 587 670";"A01";"3";"7";"0";"1";"3";"1";"0";""
"202300052354";"155 587 669";"B01";"2";"43";"0";"2";"1";"1";"1";""
"202300052354";"155 587 674";"A01";"2";"7";"0";"2";"3";"11";"6";""
"202300052355";"155 587 666";"A01";"1";"7";"0";"2";"1";"15";"1";""
"202300052355";"155 587 672";"B01";"2";"31";"0";"2";"0";"1";"1";""
"202300052356";"155 587 664";"A01";"2";"7";"0";"0";"2";"20";"1";""
"202300052357";"155 587 659";"A01";"1";"7";"1";"0";"1";"21";"1";""
"202300052358";"155 587 658";"B01";"1";"7";"0";"2";"3";"15";"1";""
"202300052358";"155 587 661";"A01";"1";"1";"0";"2";"8";"15";"5";""
"202300052359";"155 587 657";"C01";"3";"10";"0";"2";"4";"1";"1";""
"202300052359";"155 587 660";"A01";"3";"15";"0";"2";"1";"1";"1";""
"202300052359";"155 587 665";"B01";"3";"7";"0";"2";"4";"1";"1";""
"202300052359";"155 587 671";"D01";"3";"7";"0";"2";"4";"1";"1";""
"202300052359";"155 587 677";"E01";"3";"7";"0";"2";"4";"1";"1";""
"202300052360";"155 587 656";"B01";"1";"7";"0";"2";"1";"1";"1";""
"202300052360";"155 587 662";"A01";"2";"7";"0";"2";"1";"1";"1";""
"202300052361";"155 587 650";"A01";"2";"7";"0";"2";"7";"1";"1";""
"202300052361";"155 587 655";"B01";"2";"7";"0";"2";"1";"26";"1";""
"202300052362";"155 587 649";"A01";"2";"7";"1";"0";"1";"1";"1";""
"202300052363";"155 587 648";"B01";"2";"32";"0";"2";"1";"7";"0";""
"202300052363";"155 587 652";"A01";"2";"10";"0";"2";"7";"14";"1";""
"202300052364";"155 587 645";"B01";"3";"50";"0";"2";"7";"1";"3";""
"202300052364";"155 587 654";"A01";"1";"7";"0";"2";"8";"9";"1";""
"202300052365";"155 587 644";"A01";"2";"37";"1";"0";"5";"20";"3";"2"
"202300052365";"155 587 653";"B01";"2";"10";"1";"0";"6";"24";"1";""
"202300052366";"155 587 640";"A01";"2";"7";"0";"1";"1";"11";"0";""
"202300052367";"155 587 639";"B01";"1";"7";"0";"2";"0";"0";"1";""
"202300052367";"155 587 643";"A01";"1";"7";"0";"2";"1";"1";"1";""
"202300052367";"155 587 646";"C01";"1";"7";"0";"2";"1";"1";"1";""
"202300052368";"155 587 637";"A01";"2";"50";"0";"2";"1";"5";"3";""
"202300052368";"155 587 642";"B01";"1";"10";"0";"0";"1";"1";"1";""
"202300052369";"155 587 638";"A01";"3";"7";"0";"1";"1";"15";"1";""
"202300052370";"155 587 635";"A01";"2";"50";"0";"0";"7";"16";"3";""
"202300052370";"155 587 641";"B01";"0";"0";" -1";"2";"7";"0";" -1";""
"202300052371";"155 587 631";"A01";"1";"7";"0";"2";"1";"13";"1";""
"202300052371";"155 587 634";"B01";"2";"7";"0";"2";"0";"1";"1";""
"202300052372";"155 587 623";"A01";"1";"7";"0";"2";"3";"2";"1";""
"202300052372";"155 587 628";"B01";"1";"7";"0";"2";"4";"15";"1";""
"202300052373";"155 587 626";"A01";"1";"33";"0";"0";"8";"1";"1";""
"202300052374";"155 587 622";"A01";"2";"14";"0";"2";"7";"16";"1";""
"202300052374";"155 587 624";"B01";"2";"1";"0";"2";"1";"1";"5";""
"202300052375";"155 587 629";"A01";"2";"1";"0";"2";"7";"1";"5";""
"202300052375";"155 587 632";"B01";"2";"10";"0";"2";"3";"15";"1";""
"202300052376";"155 587 625";"A01";"1";"7";"13";"0";"2";"17";"1";""
"202300052376";"155 587 630";"B01";"1";"31";"0";"0";"0";"2";"0";""
"202300052377";"155 587 619";"A01";"2";"7";"2";"0";"1";"0";"1";""
"202300052378";"155 587 620";"A01";"1";"7";"0";"1";"7";"21";"1";""
"202300052379";"155 587 618";"B01";"2";"7";"0";"2";"3";"1";"1";""
"202300052379";"155 587 627";"A01";"1";"7";"0";"2";"1";"1";"1";""
"202300052380";"155 587 617";"B01";"1";"7";"0";"2";"1";"1";"1";""
"202300052380";"155 587 621";"A01";"1";"1";"0";"2";"8";"19";"5";""
"202300052381";"155 587 610";"B01";"1";"7";"0";"2";"2";"1";"0";""
"202300052381";"155 587 615";"A01";"1";"7";"0";"2";"5";"1";"1";""
"202300052382";"155 587 609";"B01";"1";"2";"0";"2";"1";"11";"1";""
"202300052382";"155 587 616";"A01";"1";"7";"0";"2";"3";"15";"1";""
"202300052383";"155 587 607";"A01";"2";"1";"0";"0";"0";"1";"5";""
"202300052384";"155 587 608";"A01";"1";"10";"0";"0";"2";"22";"1";""
"202300052384";"155 587 614";"B01";"1";"1";"0";"0";"1";"1";"5";""
"202300052385";"155 587 605";"A01";"1";"30";"0";"2";"7";"1";"1";""
"202300052385";"155 587 613";"B01";"2";"7";"0";"2";"1";"1";"1";""
"202300052386";"155 587 603";"B01";"3";"10";"0";"2";"2";"15";"1";""
"202300052386";"155 587 612";"A01";"3";"33";"0";"2";"1";"1";"1";""
"202300052387";"155 587 604";"A01";"2";"7";"0";"1";"1";"1";"1";""
"202300052388";"155 587 602";"C01";"1";"7";"0";"2";"1";"2";"0";""
"202300052388";"155 587 606";"B01";"1";"7";"0";"2";"1";"2";"0";""
"202300052388";"155 587 611";"A01";"2";"7";"0";"2";"1";"5";"2";""
"202300052389";"155 587 601";"A01";"2";"7";"12";"0";"2";"21";"1";""
"202300052390";"155 587 598";"A01";"1";"7";"0";"1";"4";"20";"1";""
"202300052391";"155 587 595";"A01";"1";"7";"0";"2";"1";"9";"1";""
"202300052391";"155 587 600";"B01";"1";"1";"0";"2";"1";"1";"5";""
"202300052392";"155 587 594";"A01";"1";"17";"0";"1";"1";"16";"0";""
"202300052393";"155 587 591";"A01";"2";"10";"0";"2";"3";"5";"1";""
"202300052393";"155 587 597";"B01";"1";"7";"0";"2";"3";"1";"1";""
"202300052394";"155 587 590";"A01";"2";"7";"0";"1";"3";"1";"1";""
"202300052395";"155 587 596";"A01";"2";"7";"0";"2";"3";"15";"3";""
"202300052395";"155 587 599";"B01";"2";"1";"0";"2";"0";"17";"5";""
"202300052396";"155 587 589";"A01";"0";"7";"0";"2";"1";"1";"1";""
"202300052396";"155 587 592";"B01";"0";"50";"0";"2";"8";"19";"3";""
"202300052397";"155 587 586";"B01";"1";"7";"0";"2";"2";"1";"0";""
"202300052397";"155 587 593";"A01";"2";"7";"0";"2";"1";"1";"1";""
"202300052398";"155 587 584";"A01";"1";"32";"0";"2";"7";"17";"1";""
"202300052398";"155 587 587";"B01";"1";"10";"0";"2";"2";"9";"1";""
"202300052399";"155 587 582";"A01";"3";"80";"16";"0";"7";"5";"3";""
"202300052399";"155 587 588";"B01";"3";"10";"0";"2";"1";"1";"0";""
"202300052400";"155 587 579";"B01";"1";"7";"0";"2";"1";"1";"1";""
"202300052400";"155 587 583";"A01";"2";"7";"0";"2";"1";"5";"1";""
"202300052400";"155 587 585";"C01";"1";"10";"14";"0";"1";"1";"1";""
"202300052401";"155 587 578";"A01";"3";"7";"15";"1";"1";"20";"0";""
"202300052402";"155 587 577";"B01";"3";"2";"0";"2";"2";"17";"1";""
"202300052402";"155 587 581";"A01";"3";"7";"0";"2";"3";"15";"1";""
"202300052403";"155 587 575";"A01";"1";"7";"4";"0";"2";"9";"1";""
"202300052404";"155 587 576";"B01";"3";"32";"0";"2";"1";"2";"1";""
"202300052404";"155 587 580";"A01";"2";"7";"0";"2";"2";"16";"1";""
"202300052405";"155 587 574";"Z01";"2";"7";"0";"1";"3";"15";"1";""
"202300052406";"155 587 567";"A01";"2";"7";"0";"2";"1";"15";"1";""
"202300052406";"155 587 572";"B01";"1";"7";"0";"2";"3";"1";"1";""
"202300052407";"155 587 570";"B01";"1";"33";"0";"2";"7";"17";"6";""
"202300052407";"155 587 573";"A01";"1";"7";"0";"2";"8";"17";"6";""
"202300052408";"155 587 565";"A01";"2";"7";"0";"2";"3";"11";"1";""
"202300052408";"155 587 568";"B01";"2";"31";"1";"2";"1";"1";"1";""
"202300052409";"155 587 566";"A01";"3";"7";"1";"1";"3";"1";"1";""
"202300052410";"155 587 564";"A01";"2";"33";"0";"2";"1";"2";"1";""
"202300052410";"155 587 571";"B01";"2";"10";"0";"2";"4";"2";"1";""
"202300052411";"155 587 562";"B01";"3";"30";"0";"2";"5";"1";"1";""
"202300052411";"155 587 569";"A01";"1";"7";"0";"2";"1";"9";"1";""
"202300052412";"155 587 561";"A01";"1";"50";"0";"0";"0";"1";"3";""
"202300052413";"155 587 560";"B01";"3";"32";"0";"2";"6";"1";"0";""
"202300052413";"155 587 563";"A01";"3";"13";"1";"0";"3";"15";"0";""
"202300052414";"155 587 559";"A01";"3";"7";"0";"1";"3";"1";"1";""
"202300052415";"155 587 557";"A01";"1";"7";"0";"1";"0";"0";"1";""
"202300052416";"155 587 551";"A01";"1";"7";"6";"0";"1";"1";"1";""
"202300052417";"155 587 553";"B01";"1";"30";"0";"2";"2";"16";"1";""
"202300052417";"155 587 558";"A01";"1";"37";"0";"2";"3";"1";"1";"1"
"202300052418";"155 587 548";"B01";"1";"7";"0";"2";"5";"23";"1";""
"202300052418";"155 587 554";"A01";"1";"33";"8";"2";"1";"1";"1";""
"202300052419";"155 587 550";"A01";"1";"32";"0";"2";"3";"13";"1";""
"202300052419";"155 587 556";"B01";"1";"7";"0";"2";"5";"1";"1";""
"202300052420";"155 587 549";"A01";"3";"50";"0";"2";"1";"5";"3";""
"202300052420";"155 587 555";"B01";"3";"7";"0";"2";"6";"1";"1";""
"202300052421";"155 587 547";"A01";"0";"10";"0";"1";"2";"1";"0";""
"202300052422";"155 587 546";"A01";"3";"10";"0";"2";"1";"1";"1";""
"202300052422";"155 587 552";"B01";"3";"7";"0";"2";"8";"0";"1";""
"202300052423";"155 587 545";"A01";"2";"7";"6";"0";"3";"1";"1";""
"202300052424";"155 587 539";"A01";"1";"10";"0";"2";"2";"13";"0";""
"202300052424";"155 587 543";"B01";"1";"1";"0";"2";"6";"13";"5";""
"202300052425";"155 587 538";"A01";"2";"33";"0";"2";"1";"2";"1";""
"202300052425";"155 587 542";"B01";"2";"43";"0";"2";"4";"2";"1";""
"202300052426";"155 587 537";"A01";"3";"2";"0";"2";"1";"1";"1";""
"202300052426";"155 587 540";"B01";"3";"10";"0";"2";"1";"1";"1";""
"202300052427";"155 587 536";"A01";"1";"7";"0";"2";"3";"1";"1";""
"202300052427";"155 587 544";"B01";"2";"1";"0";"2";"1";"1";"5";""
"202300052428";"155 587 541";"A01";"1";"1";"12";"0";"8";"13";"5";""
"202300052429";"155 587 530";"B01";"1";"7";"0";"2";"1";"1";"1";""
"202300052429";"155 587 534";"A01";"1";"7";"0";"0";"4";"1";"0";""
"202300052430";"155 587 531";"A01";"3";"33";"8";"0";"0";"1";"1";""
"202300052431";"155 587 533";"A01";"3";"7";"0";"2";"1";"1";"1";""
"202300052431";"155 587 535";"B01";"3";"50";"0";"2";"2";"0";"3";""
"202300052432";"155 587 528";"A01";"2";"7";"1";"0";"3";"0";"1";""
"202300052433";"155 587 527";"B01";"1";"43";"0";"2";"1";"1";"1";""
"202300052433";"155 587 532";"A01";"1";"7";"0";"2";"2";"1";"1";""
"202300052434";"155 587 525";"B01";"2";"2";"0";"2";"4";"1";"1";""
"202300052434";"155 587 529";"A01";"2";"7";"0";"2";"2";"2";"1";""
"202300052435";"155 587 522";"A01";"3";"7";"2";"0";"9";"1";"1";""
"202300052436";"155 587 523";"B01";"2";"7";"0";"2";"2";"9";"2";""
"202300052436";"155 587 526";"A01";"1";"30";"0";"2";"7";"1";"3";""
"202300052437";"155 587 521";"A01";"2";"7";"4";"0";"2";"14";"2";""
"202300052438";"155 587 520";"B01";"1";"50";"0";"0";"0";"1";"3";""
"202300052439";"155 587 518";"B01";"2";"7";"0";"2";"2";"16";"1";""
"202300052439";"155 587 524";"A01";"1";"50";"0";"2";"1";"1";"3";""
"202300052440";"155 587 517";"A01";"2";"7";"0";"1";"3";"1";"1";""
"202300052441";"155 587 508";"A01";"1";"10";"0";"1";"3";"1";"1";""
"202300052442";"155 587 509";"B01";"2";"7";"0";"0";"1";"1";"1";""
"202300052442";"155 587 516";"A01";"1";"7";"0";"0";"1";"17";"1";""
"202300052443";"155 587 507";"A01";"1";"7";"0";"2";"2";"17";"0";""
"202300052443";"155 587 512";"B01";"1";"7";"0";"2";"5";"1";"0";""
"202300052444";"155 587 506";"B01";"2";"10";"0";"2";"1";"0";"1";""
"202300052444";"155 587 511";"C01";"2";"7";"0";"2";"1";"1";"1";""
"202300052444";"155 587 515";"D01";"2";"7";"0";"2";"4";"1";"1";""
"202300052444";"155 587 519";"A01";"2";"7";"0";"2";"1";"1";"1";""
"202300052445";"155 587 505";"Z01";"1";"1";"0";"1";"1";"1";"5";""
"202300052446";"155 587 504";"A01";"2";"7";"7";"0";"3";"12";"1";""
"202300052447";"155 587 501";"A01";"3";"50";"8";"0";"1";"1";"3";""
"202300052448";"155 587 499";"A01";"2";"7";"8";"0";"1";"1";"1";""
"202300052449";"155 587 498";"A01";"2";"34";"0";"1";"2";"17";"1";""
"202300052450";"155 587 496";"A01";"3";"2";"0";"2";"0";"13";"1";""
"202300052450";"155 587 497";"B01";"3";"7";"0";"0";"1";"1";"1";""
"202300052451";"155 587 492";"B01";"1";"10";"0";"2";"4";"2";"1";""
"202300052451";"155 587 494";"A01";"1";"33";"0";"2";"1";"2";"1";""
"202300052452";"155 587 502";"A01";"1";"7";"12";"0";"3";"1";"3";""
"202300052453";"155 587 491";"B01";"2";"7";"0";"2";"7";"1";"1";""
"202300052453";"155 587 495";"A01";"2";"31";"0";"2";"1";"1";"1";""
"202300052454";"155 587 489";"A01";"2";"7";"0";"1";"1";"1";"1";""
"202300052455";"155 587 487";"A01";"3";"7";"9";"0";"1";"1";"2";""
"202300052456";"155 587 488";"B01";"2";"7";"0";"9";"3";"1";"1";""
"202300052456";"155 587 493";"A01";"1";"10";"0";"0";"0";"1";"1";""
"202300052457";"155 587 486";"A01";"1";"30";"0";"2";"1";"17";"1";""
"202300052457";"155 587 490";"B01";"1";"7";"0";"2";"8";"15";"1";""
"202300052458";"155 587 483";"B01";"2";"7";"0";"2";"3";"11";"1";""
"202300052458";"155 587 485";"A01";"2";"33";"14";"2";"7";"3";"1";""
"202300052459";"155 587 478";"B01";"2";"33";"8";"2";"4";"15";"1";""
"202300052459";"155 587 482";"Z01";"2";"7";"0";"2";"1";"2";"0";""
"202300052460";"155 587 477";"A01";"2";"7";"0";"2";"3";"13";"1";""
"202300052460";"155 587 484";"B01";"1";"10";"0";"2";"3";"1";"1";""
"202300052461";"155 587 476";"A01";"2";"7";"4";"0";"1";"1";"1";""
"202300052462";"155 587 475";"A01";"3";"7";"0";"1";"4";"20";"1";""
"202300052463";"155 587 474";"A01";"3";"7";"0";"2";"3";"9";"1";""
"202300052463";"155 587 480";"B01";"3";"1";"0";"2";"3";"1";"5";""
"202300052464";"155 587 473";"A01";"1";"7";"0";"2";"1";"0";"0";""
"202300052464";"155 587 481";"B01";"2";"7";"0";"2";"3";"0";"0";""
"202300052465";"155 587 468";"A01";"1";"31";"0";"2";"1";"2";"1";""
"202300052465";"155 587 472";"B01";"1";"7";"0";"0";"5";"1";"1";""
"202300052466";"155 587 466";"B01";"1";"7";"0";"2";"8";"2";"1";""
"202300052466";"155 587 471";"A01";"1";"15";"0";"2";"1";"2";"1";""
"202300052467";"155 587 465";"A01";"2";"7";"0";"2";"2";"1";"0";""
"202300052467";"155 587 479";"B01";"2";"7";"0";"2";"3";"16";"0";""
"202300052468";"155 587 463";"A01";"1";"7";"0";"2";"1";"26";"1";""
"202300052468";"155 587 470";"B01";"1";"15";"0";"2";"4";"1";"1";""
"202300052469";"155 587 461";"B01";"1";"33";"0";"2";"1";"17";"1";""
"202300052469";"155 587 467";"A01";"1";"7";"0";"2";"8";"15";"1";""
"202300052470";"155 587 464";"A01";"3";"10";"0";"2";"7";"14";"1";""
"202300052470";"155 587 469";"B01";"3";"80";"0";"2";"8";"23";"3";""
"202300052471";"155 587 460";"A01";"1";"7";"13";"0";"1";"1";"1";""
"202300052472";"155 587 456";"A01";"1";"7";"1";"0";"5";"16";"1";""
"202300052473";"155 587 455";"A01";"1";"7";"0";"1";"1";"1";"1";""
"202300052474";"155 587 453";"A01";"3";"3";"0";"2";"1";"2";"1";""
"202300052474";"155 587 458";"B01";"3";"33";"0";"2";"7";"16";"1";""
"202300052475";"155 587 454";"B01";"1";"33";"0";"2";"8";"1";"1";""
"202300052475";"155 587 459";"Z01";"1";"10";"0";"2";"7";"17";"0";""
"202300052476";"155 587 452";"A01";"1";"2";"0";"2";"4";"14";"1";""
"202300052476";"155 587 457";"B01";"1";"7";"0";"2";"1";"1";"3";""
"202300052477";"155 587 451";"A01";"2";"7";"0";"1";"1";"16";"1";""
"202300052478";"155 587 450";"A01";"0";"32";"14";"0";"1";"1";"1";""
"202300052479";"155 587 448";"A01";"1";"7";"0";"1";"1";"1";"1";""
"202300052480";"155 587 447";"A01";"1";"50";"0";"0";"0";"0";"3";""
"202300052481";"155 587 446";"A01";"2";"10";"0";"1";"2";"1";"1";""
"202300052482";"155 587 445";"A01";"1";"7";"4";"4";"8";"0";"1";""
"202300052482";"155 587 449";"B01";"1";"39";"0";"2";"1";"1";"1";""
"202300052483";"155 587 443";"A01";"3";"7";"0";"2";"1";"5";"1";""
"202300052483";"155 587 444";"B01";"3";"7";"0";"2";"1";"1";"1";""
"202300052484";"155 587 441";"A01";"2";"33";"3";"0";"7";"14";"1";""
"202300052485";"155 587 437";"B01";"1";"7";"0";"2";"8";"15";"1";""
"202300052485";"155 587 440";"A01";"1";"33";"0";"2";"1";"17";"1";""
"202300052486";"155 587 438";"B01";"1";"7";"0";"2";"6";"1";"2";""
"202300052486";"155 587 442";"A01";"1";"38";"0";"2";"2";"14";"1";"1"
"202300052487";"155 587 434";"A01";"3";"10";"0";"0";"0";"16";"1";""
"202300052488";"155 587 435";"B01";"2";"13";"0";"2";"2";"1";"1";""
"202300052488";"155 587 439";"A01";"0";"10";"0";"2";"1";"9";"1";""
"202300052489";"155 587 433";"A01";"1";"10";"0";"2";"2";"1";"1";""
"202300052489";"155 587 436";"B01";"1";"33";"0";"2";"4";"23";"1";""
"202300052490";"155 587 430";"B01";"2";"2";"0";"2";"2";"10";"1";""
"202300052490";"155 587 432";"A01";"1";"7";"0";"2";"3";"21";"1";""
"202300052491";"155 587 428";"A01";"1";"7";"8";"0";"1";"14";"1";""
"202300052492";"155 587 427";"A01";"0";"2";"0";"2";"2";"3";"1";""
"202300052492";"155 587 431";"B01";"0";"7";"0";"2";"6";"1";"1";""
"202300052493";"155 587 426";"A01";"0";"7";"0";"0";"0";"1";"1";""
"202300052494";"155 587 425";"A01";"0";"7";"1";"0";"2";"1";"1";""
"202300052495";"155 587 424";"A01";"2";"7";"0";"2";"7";"13";"1";""
"202300052495";"155 587 429";"B01";"2";"30";"0";"2";"1";"1";"1";""
"202300052496";"155 587 421";"Z01";"1";"7";"0";"1";"3";"26";"0";""
"202300052497";"155 587 419";"A01";"1";"10";"0";"1";"2";"16";"1";""
"202300052498";"155 587 420";"A01";"1";"7";"0";"2";"7";"12";"1";""
"202300052498";"155 587 422";"B01";"1";"32";"0";"2";"7";"3";"1";""
"202300052499";"155 587 415";"B01";"1";"7";"0";"2";"8";"1";"1";""
"202300052499";"155 587 418";"A01";"2";"10";"0";"2";"2";"19";"1";""
"202300052500";"155 587 414";"B01";"3";"7";"0";"2";"2";"15";"2";""
"202300052500";"155 587 423";"A01";"3";"7";"8";"2";"1";"1";"1";""
"202300052501";"155 587 413";"A01";"3";"7";"0";"2";"1";"1";"1";""
"202300052501";"155 587 416";"B01";"3";"50";"0";"2";"4";"2";"3";""
"202300052502";"155 587 411";"A01";"3";"7";"0";"0";"0";"0";"1";""
"202300052503";"155 587 412";"A01";"3";"7";"0";"2";"3";"1";"1";""
"202300052503";"155 587 417";"B01";"2";"50";"0";"2";"2";"17";"3";""
"202300052504";"155 587 407";"B01";"3";"7";"9";"0";"8";"24";"1";""
"202300052504";"155 587 408";"A01";"1";"7";"1";"0";"2";"13";"1";""
"202300052505";"155 587 406";"A01";"1";"31";"0";"2";"1";"3";"1";""
"202300052505";"155 587 409";"B01";"1";"7";"0";"2";"6";"1";"2";""
"202300052506";"155 587 405";"A01";"3";"7";"0";"1";"1";"1";"1";""
"202300052507";"155 587 403";"A01";"2";"7";"0";"2";"5";"1";"1";""
"202300052507";"155 587 410";"B01";"2";"34";"0";"2";"1";"1";"1";""
"202300052508";"155 587 404";"A01";"2";"7";"2";"0";"8";"0";"1";""
"202300052509";"155 587 401";"A01";"2";"7";"5";"0";"3";"1";"1";""
"202300052510";"155 587 400";"A01";"3";"1";"0";"2";"1";"1";"5";""
"202300052510";"155 587 402";"B01";"3";"1";"0";"2";"4";"1";"5";""
"202300052511";"155 587 397";"A01";"1";"7";"0";"1";"1";"1";"2";""
"202300052512";"155 587 392";"B01";"1";"1";"0";"2";"3";"15";"5";""
"202300052512";"155 587 396";"A01";"1";"80";"0";"2";"2";"17";"3";""
"202300052513";"155 587 393";"A01";"2";"33";"0";"2";"1";"3";"1";""
"202300052513";"155 587 398";"B01";"2";"7";"0";"2";"5";"1";"1";""
"202300052514";"155 587 394";"A01";"3";"3";"0";"1";"1";"1";"1";""
"202300052515";"155 587 391";"A01";"1";"7";"6";"0";"1";"13";"1";""
"202300052516";"155 587 389";"A01";"2";"7";"0";"1";"2";"1";"1";""
"202300052517";"155 587 388";"B01";"1";"1";"0";"2";"8";"1";"5";""
"202300052517";"155 587 390";"A01";"1";"32";"0";"2";"3";"15";"1";""
"202300052518";"155 587 382";"B01";"1";"21";"0";"0";"5";"26";"0";""
"202300052518";"155 587 386";"A01";"1";"7";"0";"2";"1";"1";"0";""
"202300052519";"155 587 384";"A01";"1";"7";"4";"0";"3";"13";"1";""
"202300052520";"155 587 380";"B01";"1";"31";"0";"2";"2";"2";"1";""
"202300052520";"155 587 385";"A01";"1";"7";"0";"2";"6";"23";"1";""
"202300052521";"155 587 381";"A01";"2";"30";"1";"0";"1";"13";"3";""
"202300052522";"155 587 383";"A01";"1";"7";"0";"2";"2";"7";"2";""
"202300052522";"155 587 387";"B01";"1";"80";"0";"2";"6";"1";"3";""
"202300052523";"155 587 379";"A01";"1";"14";"0";"1";"0";"1";"1";""
"202300052524";"155 587 377";"A01";"1";"33";"12";"0";"9";"17";"1";""
"202300052525";"155 587 378";"A01";"2";"1";"0";"1";"1";"1";"5";""
"202300052526";"155 587 373";"A01";"2";"7";"0";"2";"3";"2";"1";""
"202300052526";"155 587 375";"B01";"2";"33";"0";"2";"7";"2";"1";""
"202300052527";"155 587 372";"A01";"3";"30";"0";"2";"8";"26";"1";""
"202300052527";"155 587 376";"B01";"3";"7";"0";"2";"1";"0";"0";""
"202300052528";"155 587 374";"A01";"1";"7";"0";"1";"2";"16";"1";""
"202300052529";"155 587 371";"A01";"1";"10";"0";"1";"3";"1";"1";""
"202300052530";"155 587 369";"A01";"3";"7";"0";"1";"8";"1";"1";""
"202300052531";"155 587 368";"A01";"1";"7";"0";"2";"1";"5";"1";""
"202300052531";"155 587 370";"B01";"2";"7";"0";"2";"1";"2";"3";""
"202300052532";"155 587 367";"A01";"1";"50";"0";"0";"0";"21";"3";""
"202300052533";"155 587 357";"A01";"1";"7";"3";"2";"2";"17";"1";""
"202300052533";"155 587 362";"B01";"1";"7";"3";"2";"6";"1";"1";""
"202300052534";"155 587 358";"B01";"1";"33";"0";"2";"2";"17";"1";""
"202300052534";"155 587 363";"A01";"1";"7";"0";"0";"6";"17";"1";""
"202300052535";"155 587 359";"A01";"3";"33";"0";"1";"5";"0";"1";""
"202300052536";"155 587 361";"A01";"2";"33";"0";"2";"1";"1";"1";""
"202300052536";"155 587 366";"B01";"2";"7";"0";"2";"5";"14";"3";""
"202300052537";"155 587 360";"A01";"2";"33";"0";"2";"7";"17";"1";""
"202300052537";"155 587 365";"B01";"1";"7";"0";"2";"3";"15";"3";""
"202300052538";"155 587 356";"A01";"2";"7";"0";"2";"5";"14";"6";""
"202300052538";"155 587 364";"B01";"2";"7";"0";"2";"9";"1";"1";""
"202300052539";"155 587 355";"A01";"1";"7";"0";"1";"2";"1";"1";""
"202300052540";"155 587 350";"A01";"0";"7";"0";"2";"8";"10";"1";""
"202300052540";"155 587 353";"B01";"1";"7";"0";"2";"1";"1";"1";""
"202300052541";"155 587 352";"A01";"2";"2";"0";"0";"9";"1";"1";""
"202300052542";"155 587 351";"A01";"2";"1";"0";"1";"1";"5";"5";""
"202300052543";"155 587 348";"B01";"3";"1";"0";"2";"1";"19";"5";""
"202300052543";"155 587 354";"A01";"3";"7";"0";"2";"7";"15";"1";""
"202300052544";"155 587 349";"A01";"3";"33";"0";"1";"1";"0";"1";""
"202300052545";"155 587 346";"A01";"1";"7";"14";"0";"1";"2";"1";""
"202300052545";"155 587 347";"B01";"1";"43";"0";"2";"4";"23";"1";""
"202300052546";"155 587 345";"A01";"2";"50";"0";"1";"7";"1";"3";""
"202300052547";"155 587 344";"A01";"1";"30";"0";"0";"2";"1";"1";""
"202300052548";"155 587 343";"A01";"3";"1";"0";"0";"0";"21";"5";""
"202300052549";"155 587 339";"B01";"2";"7";"0";"2";"1";"1";"1";""
"202300052549";"155 587 342";"A01";"1";"7";"0";"2";"1";"5";"1";""
"202300052550";"155 587 341";"A01";"1";"7";"0";"1";"1";"16";"1";""
"202300052551";"155 587 331";"A01";"1";"7";"0";"0";"5";"2";"1";""
"202300052551";"155 587 333";"B01";"1";"2";"0";"2";"1";"2";"1";""
"202300052552";"155 587 332";"A01";"1";"7";"0";"1";"2";"1";"1";""
"202300052553";"155 587 336";"B01";"1";"7";"0";"2";"5";"1";"1";""
"202300052553";"155 587 340";"A01";"2";"50";"0";"2";"1";"19";"3";""
"202300052554";"155 587 335";"A01";"2";"80";"0";"2";"1";"1";"3";""
"202300052554";"155 587 337";"Z01";"3";"50";"0";"2";"0";"5";"3";""
"202300052555";"155 587 326";"A01";"2";"31";"0";"2";"8";"1";"1";""
"202300052555";"155 587 330";"B01";"1";"7";"0";"2";"3";"1";"1";""
"202300052556";"155 587 325";"B01";"1";"7";"0";"2";"1";"1";"6";""
"202300052556";"155 587 329";"A01";"2";"10";"0";"2";"1";"5";"6";""
"202300052557";"155 587 324";"A01";"1";"80";"0";"0";"0";"1";"3";""
"202300052558";"155 587 322";"A01";"2";"7";"0";"2";"1";"13";"1";""
"202300052558";"155 587 327";"B01";"2";"7";"0";"2";"1";"26";"1";""
"202300052559";"155 587 321";"A01";"1";"1";"0";"0";"0";"0";"5";""
"202300052560";"155 587 319";"A01";"3";"33";"0";"0";"2";"2";"1";""
"202300052561";"155 587 315";"A01";"2";"10";"0";"2";"6";"15";"1";""
"202300052561";"155 587 318";"B01";"2";"31";"0";"2";"1";"1";"1";""
"202300052562";"155 587 312";"B01";"2";"37";"0";"2";"1";"2";"1";"1"
"202300052562";"155 587 316";"A01";"2";"37";"0";"2";"4";"23";"1";"1"
"202300052563";"155 587 313";"A01";"2";"1";"0";"2";"8";"23";"5";""
"202300052563";"155 587 317";"Z01";"2";"33";"0";"2";"1";"23";"1";""
"202300052564";"155 587 314";"A01";"2";"7";"0";"2";"1";"2";"1";""
"202300052564";"155 587 320";"B01";"2";"1";"0";"2";"4";"2";"5";""