"Num_Acc";"id_vehicule";"num_veh";"senc";"catv";"obs";"obsm";"choc";"manv";"motor";"occutc"
"202300052565";"155 587 310";"A01";"2";"37";"0";"1";"7";"1";"1";"1"
"202300052566";"155 587 304";"A01";"3";"7";"16";"2";"2";"1";"2";""
"202300052566";"155 587 306";"B01";"3";"7";"9";"2";"1";"1";"3";""
"202300052567";"155 587 299";"A01";"2";"7";"13";"0";"1";"16";"1";""
"202300052568";"155 587 302";"C01";"1";"33";"14";"2";"0";"24";"1";""
"202300052568";"155 587 307";"A01";"1";"33";"1";"1";"1";"1";"1";""
"202300052568";"155 587 311";"B01";"1";"33";"1";"0";"4";"24";"1";""
"202300052569";"155 587 297";"B01";"1";"1";"0";"2";"7";"1";"5";""
"202300052569";"155 587 303";"A01";"1";"99";"0";"2";"2";"9";"1";""
"202300052570";"155 587 300";"A01";"1";"7";"0";"2";"1";"1";"1";""
"202300052570";"155 587 305";"B01";"2";"10";"0";"2";"2";"15";"1";""
"202300052570";"155 587 308";"C01";"2";"10";"0";"2";"1";"1";"1";""
"202300052571";"155 587 295";"B01";"2";"31";"0";"2";"1";"1";"1";""
"202300052571";"155 587 298";"A01";"2";"7";"0";"2";"7";"15";"1";""
"202300052572";"155 587 294";"A01";"2";"7";"0";"1";"5";"4";"1";""
"202300052573";"155 587 288";"A01";"3";"7";"0";"2";"3";"15";"1";""
"202300052573";"155 587 292";"B01";"0";"2";"0";"2";"0";"0";"1";""
"202300052574";"155 587 289";"A01";"2";"7";"0";"2";"1";"0";"1";""
"202300052574";"155 587 293";"B01";"2";"7";"0";"2";"4";"0";"1";""
"202300052575";"155 587 285";"A01";"1";"7";"0";"2";"7";"13";"1";""
"202300052575";"155 587 290";"B01";"2";"13";"0";"2";"1";"1";"1";""
"202300052576";"155 587 284";"A01";"1";"1";"0";"2";"8";"5";"5";""
"202300052576";"155 587 287";"B01";"1";"33";"0";"2";"1";"1";"1";""
"202300052577";"155 587 283";"A01";"2";"33";"0";"2";"2";"3";"1";""
"202300052577";"155 587 286";"B01";"2";"7";"0";"2";"8";"1";"1";""
"202300052577";"155 587 291";"C01";"2";"7";"0";"2";"7";"1";"1";""
"202300052578";"155 587 296";"B01";"3";"7";"0";"2";"7";"1";"1";""
"202300052578";"155 587 301";"A01";"3";"80";"0";"2";"8";"15";"3";""
"202300052579";"155 587 278";"A01";"2";"7";"0";"2";"5";"20";"1";""
"202300052579";"155 587 281";"B01";"2";"7";"0";"2";"2";"1";"1";""
"202300052580";"155 587 280";"B01";"2";"1";"0";"2";"7";"15";"5";""
"202300052580";"155 587 282";"A01";"1";"7";"0";"2";"1";"16";"1";""
"202300052581";"155 587 275";"A01";"2";"7";"0";"2";"7";"17";"1";""
"202300052581";"155 587 279";"B01";"2";"31";"0";"2";"8";"1";"1";""
"202300052582";"155 587 277";"A01";"2";"7";"0";"1";"3";"1";"1";""
"202300052583";"155 587 276";"A01";"3";"31";"0";"9";"0";"16";"1";""
"202300052584";"155 587 270";"A01";"1";"1";"0";"2";"1";"2";"5";""
"202300052584";"155 587 273";"B01";"1";"7";"0";"2";"5";"23";"2";""
"202300052585";"155 587 267";"A01";"1";"7";"0";"1";"2";"1";"1";""
"202300052586";"155 587 268";"A01";"1";"7";"0";"2";"8";"11";"1";""
"202300052586";"155 587 272";"B01";"1";"33";"0";"2";"7";"3";"1";""
"202300052586";"155 587 274";"C01";"1";"7";"0";"2";"5";"1";"1";""
"202300052587";"155 587 266";"B01";"3";"17";"0";"2";"1";"1";"1";""
"202300052587";"155 587 271";"A01";"3";"10";"0";"2";"3";"26";"1";""
"202300052588";"155 587 265";"A01";"2";"7";"15";"0";"2";"15";"1";""
"202300052589";"155 587 264";"A01";"0";"2";"8";"0";"1";"1";"1";""
"202300052590";"155 587 261";"A01";"2";"7";"1";"0";"9";"1";"1";""
"202300052591";"155 587 260";"A01";"1";"7";"0";"2";"2";"15";"1";""
"202300052591";"155 587 263";"B01";"2";"50";"0";"2";"1";"1";"3";""
"202300052592";"155 587 259";"A01";"2";"1";"0";"2";"2";"16";"5";""
"202300052592";"155 587 262";"B01";"2";"1";"0";"0";"2";"2";"5";""
"202300052593";"155 587 256";"A01";"1";"33";"8";"0";"9";"1";"6";""
"202300052594";"155 587 255";"A01";"2";"7";"0";"2";"1";"1";"1";""
"202300052594";"155 587 258";"B01";"2";"7";"0";"2";"4";"1";"4";""
"202300052595";"155 587 251";"A01";"1";"7";"3";"0";"1";"0";"1";""
"202300052596";"155 587 253";"A01";"2";"7";"0";"2";"4";"2";"1";""
"202300052596";"155 587 254";"C01";"2";"7";"0";"2";"4";"1";"1";""
"202300052596";"155 587 257";"B01";"2";"10";"0";"2";"1";"2";"1";""
"202300052597";"155 587 252";"A01";"2";"17";"0";"1";"1";"1";"1";""
"202300052598";"155 587 245";"A01";"3";"1";"0";"2";"1";"1";"5";""
"202300052598";"155 587 248";"B01";"3";"7";"0";"2";"4";"23";"1";""
"202300052599";"155 587 243";"A01";"2";"7";"0";"2";"2";"15";"1";""
"202300052599";"155 587 247";"B01";"2";"7";"0";"2";"8";"1";"1";""
"202300052600";"155 587 242";"B01";"1";"7";"0";"2";"6";"1";"2";""
"202300052600";"155 587 246";"A01";"1";"10";"0";"2";"2";"14";"1";""
"202300052601";"155 587 241";"A01";"2";"7";"0";"2";"2";"15";"1";""
"202300052601";"155 587 244";"B01";"1";"50";"0";"2";"1";"1";"3";""
"202300052602";"155 587 239";"Z01";"1";"2";"0";"1";"1";"9";"0";""
"202300052603";"155 587 237";"A01";"1";"7";"4";"0";"1";"0";"1";""
"202300052604";"155 587 236";"A01";"3";"7";"0";"2";"1";"16";"1";""
"202300052604";"155 587 240";"B01";"3";"7";"0";"2";"4";"23";"1";""
"202300052605";"155 587 232";"A01";"1";"7";"0";"2";"1";"1";"1";""
"202300052605";"155 587 233";"B01";"1";"7";"0";"2";"4";"1";"1";""
"202300052605";"155 587 235";"C01";"1";"7";"0";"2";"4";"1";"1";""
"202300052606";"155 587 231";"C01";"2";"7";"0";"2";"1";"0";"1";""
"202300052606";"155 587 234";"B01";"2";"2";"0";"2";"1";"1";"1";""
"202300052606";"155 587 238";"A01";"1";"7";"0";"2";"2";"15";"1";""
"202300052607";"155 587 230";"A01";"1";"33";"0";"0";"8";"13";"1";""
"202300052608";"155 587 228";"A01";"3";"7";"1";"0";"7";"13";"1";""
"202300052609";"155 587 225";"A01";"1";"7";"0";"1";"1";"16";"1";""
"202300052610";"155 587 224";"A01";"1";"10";"0";"2";"8";"10";"1";""
"202300052610";"155 587 227";"B01";"1";"30";"0";"2";"1";"17";"1";""
"202300052611";"155 587 223";"A01";"2";"7";"0";"2";"1";"2";"1";""
"202300052611";"155 587 226";"B01";"2";"7";"0";"2";"4";"2";"1";""
"202300052612";"155 587 221";"A01";"2";"10";"0";"2";"3";"26";"1";""
"202300052612";"155 587 229";"B01";"1";"1";"0";"2";"1";"25";"5";""
"202300052613";"155 587 220";"A01";"1";"30";"0";"2";"1";"2";"3";""
"202300052613";"155 587 222";"B01";"1";"7";"0";"2";"6";"23";"1";""
"202300052614";"155 587 217";"A01";"2";"7";"0";"1";"0";"19";"1";""
"202300052615";"155 587 215";"A01";"1";"10";"0";"2";"1";"5";"1";""
"202300052615";"155 587 219";"B01";"2";"10";"0";"2";"1";"1";"3";""
"202300052616";"155 587 212";"A01";"1";"1";"0";"0";"8";"1";"5";""
"202300052617";"155 587 211";"C01";"2";"7";"0";"9";"2";"1";"1";""
"202300052617";"155 587 214";"B01";"2";"17";"0";"2";"4";"2";"1";""
"202300052617";"155 587 218";"A01";"2";"31";"0";"2";"1";"2";"1";""
"202300052618";"155 587 213";"B01";"1";"7";"0";"2";"7";"1";"1";""
"202300052618";"155 587 216";"A01";"1";"37";"0";"2";"7";"16";"1";"1"
"202300052619";"155 587 208";"A01";"1";"7";"0";"2";"2";"15";"1";""
"202300052619";"155 587 210";"B01";"2";"2";"0";"2";"3";"1";"1";""
"202300052620";"155 587 205";"A01";"2";"7";"0";"0";"1";"1";"1";""
"202300052621";"155 587 207";"A01";"1";"7";"0";"2";"0";"1";"1";""
"202300052621";"155 587 209";"B01";"1";"80";"0";"2";"0";"1";"3";""
"202300052622";"155 587 203";"A01";"3";"10";"0";"1";"5";"20";"1";""
"202300052623";"155 587 204";"A01";"3";"7";"0";"2";"1";"1";"1";""
"202300052623";"155 587 206";"B01";"3";"1";"0";"2";"4";"1";"5";""
"202300052624";"155 587 197";"B01";"2";"7";"0";"2";"4";"2";"1";""
"202300052624";"155 587 201";"A01";"2";"10";"0";"2";"1";"2";"1";""
"202300052625";"155 587 195";"A01";"1";"50";"0";"2";"1";"1";"3";""
"202300052625";"155 587 199";"B01";"1";"7";"0";"2";"2";"1";"1";""
"202300052626";"155 587 194";"B01";"1";"7";"0";"2";"3";"1";"1";""
"202300052626";"155 587 200";"A01";"2";"7";"0";"2";"1";"13";"1";""
"202300052626";"155 587 202";"C01";"2";"7";"0";"2";"3";"1";"1";""
"202300052627";"155 587 192";"A01";"1";"1";"0";"2";"0";"1";"5";""
"202300052627";"155 587 196";"B01";"2";"1";"0";"2";"7";"1";"5";""
"202300052628";"155 587 193";"B01";"0";"34";"0";"2";"1";"2";"1";""
"202300052628";"155 587 198";"A01";"0";"7";"0";"2";"3";"15";"1";""
"202300052629";"155 587 190";"A01";"1";"7";"13";"0";"1";"13";"1";""
"202300052630";"155 587 186";"B01";"2";"33";"0";"2";"8";"3";"1";""
"202300052630";"155 587 188";"A01";"2";"33";"0";"2";"8";"11";"1";""
"202300052630";"155 587 191";"C01";"2";"7";"0";"2";"8";"1";"1";""
"202300052631";"155 587 184";"B01";"2";"50";"0";"0";"0";"0";"3";""
"202300052631";"155 587 189";"A01";"0";"10";"0";"2";"0";"2";"0";""
"202300052632";"155 587 187";"A01";"1";"30";"0";"1";"1";"1";"1";""
"202300052633";"155 587 183";"Z01";"0";"7";"0";"2";"7";"12";"1";""
"202300052633";"155 587 185";"A01";"3";"34";"0";"2";"8";"16";"1";""
"202300052634";"155 587 181";"A01";"1";"1";"0";"2";"5";"0";"5";""
"202300052634";"155 587 182";"B01";"2";"7";"0";"2";"2";"1";"1";""
"202300052635";"155 587 178";"B01";"2";"7";"0";"2";"3";"0";"1";""
"202300052635";"155 587 179";"A01";"2";"2";"0";"2";"1";"26";"1";""
"202300052636";"155 587 180";"A01";"1";"7";"4";"0";"2";"1";"1";""
"202300052637";"155 587 177";"A01";"2";"50";"0";"0";"0";"1";"3";""
"202300052638";"155 587 174";"A01";"3";"7";"0";"1";"1";"15";"1";""
"202300052639";"155 587 172";"A01";"1";"30";"0";"1";"1";"1";"1";""
"202300052640";"155 587 175";"A01";"1";"3";"0";"2";"1";"1";"1";""
"202300052640";"155 587 176";"B01";"3";"30";"0";"2";"1";"9";"1";""
"202300052641";"155 587 170";"A01";"0";"7";"0";"2";"4";"0";"1";""
"202300052641";"155 587 171";"B01";"0";"7";"0";"2";"1";"0";"1";""
"202300052642";"155 587 165";"A01";"2";"50";"0";"2";"1";"2";"3";""
"202300052642";"155 587 168";"B01";"2";"7";"0";"2";"5";"15";"1";""
"202300052643";"155 587 166";"A01";"2";"1";"9";"2";"8";"15";"5";""
"202300052643";"155 587 169";"B01";"2";"33";"0";"2";"2";"2";"1";""
"202300052644";"155 587 164";"A01";"3";"43";"0";"0";"0";"2";"1";""
"202300052645";"155 587 163";"Z01";"1";"2";"0";"2";"1";"0";"0";""
"202300052645";"155 587 167";"A01";"2";"1";"0";"2";"3";"15";"5";""
"202300052646";"155 587 160";"A01";"1";"7";"0";"1";"1";"1";"1";""
"202300052647";"155 587 162";"B01";"2";"1";"0";"2";"1";"1";"5";""
"202300052647";"155 587 173";"A01";"2";"7";"0";"9";"3";"9";"1";""
"202300052648";"155 587 158";"A01";"0";"7";"0";"2";"0";"0";"1";""
"202300052648";"155 587 159";"B01";"0";"7";"0";"2";"1";"0";"1";""
"202300052649";"155 587 157";"A01";"2";"7";"0";"2";"1";"1";"1";""
"202300052649";"155 587 161";"B01";"2";"1";"0";"2";"7";"1";"5";""
"202300052650";"155 587 155";"A01";"1";"7";"1";"1";"1";"19";"1";""
"202300052651";"155 587 154";"A01";"1";"7";"0";"2";"2";"1";"1";""
"202300052651";"155 587 156";"B01";"1";"3";"0";"2";"3";"1";"1";""
"202300052652";"155 587 152";"A01";"1";"10";"0";"0";"9";"0";"1";""
"202300052653";"155 587 153";"A01";"0";"7";"0";"1";"2";"19";"1";""
"202300052654";"155 587 151";"A01";"2";"7";"0";"0";"9";"1";"1";""
"202300052655";"155 587 148";"A01";"2";"33";"0";"2";"0";"0";"1";""
"202300052656";"155 587 145";"A01";"1";"7";"0";"2";"1";"19";"1";""
"202300052656";"155 587 149";"B01";"2";"34";"0";"2";"8";"1";"1";""
"202300052657";"155 587 144";"B01";"0";"50";"0";"2";"1";"1";"3";""
"202300052657";"155 587 147";"A01";"0";"10";"0";"2";"7";"22";"1";""
"202300052658";"155 587 143";"A01";"1";"33";"1";"0";"1";"3";"1";""
"202300052658";"155 587 146";"C01";"1";"38";"0";"2";"4";"0";"1";"1"
"202300052658";"155 587 150";"B01";"1";"3";"0";"2";"1";"0";"1";""
"202300052659";"155 587 139";"A01";"3";"1";"0";"2";"2";"18";"5";""
"202300052659";"155 587 142";"B01";"3";"7";"0";"2";"5";"23";"1";""
"202300052660";"155 587 138";"B01";"1";"30";"0";"2";"1";"1";"1";""
"202300052660";"155 587 140";"A01";"2";"7";"0";"2";"3";"13";"1";""
"202300052661";"155 587 137";"B01";"1";"2";"0";"0";"5";"0";"0";""
"202300052661";"155 587 141";"A01";"1";"33";"0";"2";"2";"14";"1";""
"202300052662";"155 587 136";"A01";"1";"7";"0";"1";"1";"1";"1";""
"202300052663";"155 587 133";"A01";"0";"31";"0";"0";"0";"9";"1";""
"202300052664";"155 587 132";"A01";"0";"7";"1";"0";"0";"0";"1";""
"202300052664";"155 587 135";"B01";"2";"1";"1";"0";"2";"0";"5";""
"202300052665";"155 587 131";"A01";"1";"7";"0";"2";"1";"2";"0";""
"202300052665";"155 587 134";"B01";"1";"7";"0";"2";"4";"2";"0";""
"202300052666";"155 587 130";"A01";"3";"15";"0";"0";"8";"0";"6";""
"202300052667";"155 587 129";"A01";"2";"32";"0";"1";"3";"9";"1";""
"202300052668";"155 587 128";"A01";"1";"30";"14";"0";"0";"26";"1";""
"202300052669";"155 587 125";"A01";"1";"7";"0";"2";"1";"15";"1";""
"202300052669";"155 587 127";"B01";"2";"7";"8";"2";"1";"1";"1";""
"202300052670";"155 587 124";"A01";"2";"7";"0";"1";"1";"1";"2";""
"202300052671";"155 587 123";"A01";"1";"7";"0";"2";"1";"9";"1";""
"202300052671";"155 587 126";"B01";"1";"7";"0";"2";"2";"1";"1";""
"202300052672";"155 587 122";"A01";"1";"7";"4";"0";"3";"1";"1";""
"202300052673";"155 587 118";"A01";"1";"7";"0";"2";"6";"1";"0";""
"202300052673";"155 587 121";"B01";"2";"7";"0";"2";"3";"13";"1";""
"202300052674";"155 587 116";"B01";"3";"7";"0";"2";"2";"1";"1";""
"202300052674";"155 587 119";"A01";"3";"7";"0";"2";"3";"9";"1";""
"202300052675";"155 587 117";"B01";"3";"32";"0";"2";"1";"9";"1";""
"202300052675";"155 587 120";"A01";"3";"7";"0";"2";"2";"9";"1";""
"202300052676";"155 587 115";"A01";"1";"1";"0";"1";"1";"1";"5";""
"202300052677";"155 587 110";"A01";"1";"7";"0";"2";"1";"1";"1";""
"202300052677";"155 587 112";"B01";"1";"7";"0";"2";"4";"23";"1";""
"202300052678";"155 587 109";"B01";"1";"7";"0";"2";" -1";"1";" -1";""
"202300052678";"155 587 113";"A01";"1";"34";"0";"2";"8";"1";"1";""
"202300052679";"155 587 108";"B01";"0";"10";"0";"2";"8";"0";"1";""
"202300052679";"155 587 114";"A01";"1";"31";"0";"2";"7";"9";"1";""
"202300052680";"155 587 107";"A01";"1";"7";"0";"2";"3";"1";"1";""
"202300052680";"155 587 111";"B01";"2";"30";"0";"2";"1";"15";"1";""
"202300052681";"155 587 103";"A01";"0";"31";"0";"2";"1";"23";"0";""
"202300052681";"155 587 104";"B01";"0";"3";"0";"2";"6";"1";"0";""
"202300052682";"155 587 102";"B01";"2";"1";"0";"2";"7";"0";"5";""
"202300052682";"155 587 106";"A01";"2";"7";"0";"2";"1";"9";"1";""
"202300052683";"155 587 101";"Z01";"3";"0";"0";"0";"0";"0";"0";""
"202300052683";"155 587 105";"B01";"3";"50";"0";"2";"2";"1";"3";""
"202300052684";"155 587 100";"A01";"2";"7";"13";"0";"7";"1";"1";""
"202300052685";"155 587 096";"B01";"1";"50";"1";"0";"1";"1";"3";""
"202300052685";"155 587 099";"A01";"1";"10";"0";"2";"3";"24";"1";""
"202300052686";"155 587 095";"A01";"1";"10";"0";"1";"2";"1";"1";""
"202300052687";"155 587 094";"A01";"2";"7";"0";"2";"1";"26";"1";""
"202300052687";"155 587 098";"B01";"1";"10";"0";"2";"1";"15";"1";""
"202300052688";"155 587 092";"A01";"2";"1";"12";"0";"7";"16";"5";""
"202300052689";"155 587 088";"A01";"1";"7";"0";"9";"1";"1";"1";""
"202300052689";"155 587 090";"B01";"2";"1";"0";"2";"1";"5";"5";""
"202300052690";"155 587 087";"B01";"2";"13";"0";"2";"3";"26";"1";""
"202300052690";"155 587 089";"A01";"1";"7";"12";"2";"3";"1";"2";""
"202300052691";"155 587 085";"A01";"2";"3";"0";"1";"7";"21";"3";""
"202300052692";"155 587 080";"A01";"2";"34";"0";"2";"3";"2";"1";""
"202300052692";"155 587 083";"B01";"2";"10";"0";"2";"5";"2";"1";""
"202300052693";"155 587 078";"A01";"0";"7";"0";"2";"4";"4";"1";""
"202300052693";"155 587 081";"B01";"0";"43";"0";"2";"7";"1";"1";""
"202300052694";"155 587 077";"A01";"3";"7";"0";"2";"3";"1";"1";""
"202300052694";"155 587 079";"B01";"3";"31";"0";"2";"3";"1";"1";""
"202300052695";"155 587 076";"B01";"2";"7";"0";"2";"1";"1";"1";""
"202300052695";"155 587 082";"A01";"1";"3";"0";"2";"7";"1";"1";""
"202300052696";"155 587 074";"B01";"1";"33";"0";"2";"1";"2";"1";""
"202300052696";"155 587 075";"A01";"2";"33";"0";"2";"6";"10";"1";""
"202300052697";"155 587 071";"B01";"3";"7";"0";"2";"1";"2";"1";""
"202300052697";"155 587 072";"A01";"3";"7";"14";"2";"4";"2";"1";""
"202300052698";"155 587 066";"A01";"2";"7";"0";"2";"1";"2";"1";""
"202300052698";"155 587 067";"B01";"2";"7";"0";"2";"6";"2";"1";""
"202300052698";"155 587 070";"C01";"2";"7";"0";"2";"6";"2";"1";""
"202300052698";"155 587 073";"D01";"2";"7";"0";"2";"7";"2";"2";""
"202300052699";"155 587 065";"B01";"1";"7";"0";"2";"7";"1";"1";""
"202300052699";"155 587 069";"A01";"3";"7";"0";"2";"1";"19";"1";""
"202300052700";"155 587 064";"A01";"1";"7";"0";"2";"2";"22";"1";""
"202300052700";"155 587 068";"B01";"1";"50";"0";"2";"1";"1";"3";""
"202300052701";"155 587 057";"B01";"1";"1";"0";"2";"2";"1";"0";""
"202300052701";"155 587 061";"A01";"3";"2";"0";"2";"7";"23";"0";""
"202300052702";"155 587 056";"C01";"1";"7";"0";"2";"4";"2";"1";""
"202300052702";"155 587 060";"B01";"1";"15";"0";"2";"4";"2";"1";""
"202300052702";"155 587 062";"D01";"1";"7";"0";"2";"4";"2";"1";""
"202300052702";"155 587 063";"A01";"1";"10";"0";"2";"1";"2";"1";""
"202300052703";"155 587 055";"B01";"1";"32";"0";"2";"1";"1";"1";""
"202300052703";"155 587 058";"A01";"1";"32";"0";"2";"4";"20";"1";""
"202300052704";"155 587 054";"A01";"1";"7";"0";"2";"1";"19";"2";""
"202300052704";"155 587 059";"B01";"1";"33";"0";"2";"7";"1";"1";""
"202300052705";"155 587 053";"A01";"3";"32";"6";"0";"1";"1";"1";""
"202300052706";"155 587 052";"A01";"1";"7";"0";"1";"3";"16";"1";""
"202300052707";"155 587 049";"B01";"1";"33";"0";"2";"3";"1";"1";""
"202300052707";"155 587 051";"A01";"1";"10";"0";"2";"2";"1";"1";""
"202300052708";"155 587 048";"A01";"0";"7";"0";"1";"1";"1";"1";""
"202300052709";"155 587 047";"A01";"2";"2";"0";"2";"7";"1";"1";""
"202300052709";"155 587 050";"B01";"1";"7";"0";"2";"3";"15";"1";""
"202300052710";"155 587 046";"A01";"1";"7";"0";"1";"1";"1";"1";""
"202300052711";"155 587 043";"A01";"1";"7";"3";"0";"1";"14";"1";""
"202300052712";"155 587 042";"A01";"2";"7";"0";"2";"1";"1";"1";""
"202300052712";"155 587 044";"B01";"1";"7";"0";"2";"2";"1";"1";""
"202300052713";"155 587 041";"A01";"1";"7";"0";"2";"3";"1";"1";""
"202300052713";"155 587 045";"B01";"2";"10";"0";"2";"1";"19";"1";""
"202300052714";"155 587 039";"B01";"3";"30";"0";"2";"5";"14";"1";""
"202300052714";"155 587 040";"A01";"3";"7";"0";"2";"3";"1";"1";""
"202300052715";"155 587 035";"A01";"1";"7";"0";"2";"2";"2";"1";""
"202300052715";"155 587 036";"B01";"1";"33";"0";"2";"6";"12";"1";""
"202300052716";"155 587 032";"B01";"2";"50";"0";"2";"7";"1";"3";""
"202300052716";"155 587 037";"A01";"1";"10";"0";"2";"1";"16";"1";""
"202300052717";"155 587 034";"A01";"1";"7";"0";"2";"1";"1";"1";""
"202300052717";"155 587 038";"B01";"2";"7";"0";"2";"3";"1";"1";""
"202300052718";"155 587 031";"B01";"3";"1";"0";"2";"1";"1";"5";""
"202300052718";"155 587 033";"A01";"1";"7";"0";"2";"1";"1";"2";""
"202300052719";"155 587 030";"A01";"1";"14";"13";"0";"0";"0";"1";""
"202300052720";"155 587 028";"A01";"1";"21";"0";"9";"9";"1";"1";""
"202300052721";"155 587 026";"B01";"3";"32";"0";"2";"7";"1";"1";""
"202300052721";"155 587 029";"A01";"3";"7";"0";"2";"8";"9";"1";""
"202300052722";"155 587 027";"A01";"1";"33";"0";"1";"1";"1";"1";""
"202300052723";"155 587 022";"A01";"2";"50";"0";"0";"0";"1";"3";""
"202300052724";"155 587 023";"A01";"1";"7";"0";"2";"3";"15";"1";""
"202300052724";"155 587 025";"B01";"2";"31";"0";"2";"8";"1";"1";""
"202300052725";"155 587 024";"A01";" -1";"7";"13";"0";"3";"16";"1";""
"202300052726";"155 587 021";"A01";"3";"50";"0";"0";"0";"26";"3";""
"202300052727";"155 587 020";"A01";"1";"80";"0";"0";"2";"1";"3";""
"202300052728";"155 587 015";"A01";"1";"7";"0";"2";"1";"26";"1";""
"202300052728";"155 587 017";"B01";"2";"34";"0";"2";"1";"0";"1";""
"202300052729";"155 587 016";"B01";"3";"7";"0";"2";"1";"15";"1";""
"202300052729";"155 587 018";"A01";"3";"30";"0";"2";"1";"1";"0";""
"202300052730";"155 587 014";"B01";"2";"7";"0";"2";"3";"1";"1";""
"202300052730";"155 587 019";"A01";"2";"7";"0";"2";"8";"9";"1";""
"202300052731";"155 587 013";"A01";"1";"7";"0";"1";"1";"1";"1";""
"202300052732";"155 587 012";"A01";"1";"33";"3";"0";"1";"1";"1";""
"202300052733";"155 587 008";"B01";"1";"2";"0";"2";"8";"1";"1";""
"202300052733";"155 587 010";"A01";"3";"7";"0";"2";"5";"14";"1";""
"202300052734";"155 587 009";"A01";"1";"30";"15";"0";"1";"0";"0";""
"202300052734";"155 587 011";"B01";"2";"7";"0";"2";"0";"0";"1";""
"202300052735";"155 587 006";"A01";"2";"33";"0";"2";"8";"13";"1";""
"202300052735";"155 587 007";"B01";"1";"7";"0";"2";"8";"1";"1";""
"202300052736";"155 586 999";"A01";"2";"31";"0";"2";"1";"1";"1";""
"202300052736";"155 587 001";"B01";"1";"10";"0";"2";"2";"15";"1";""
"202300052737";"155 586 997";"B01";"3";"7";"0";"2";"5";"16";"1";""
"202300052737";"155 587 000";"A01";"3";"10";"0";"2";"2";"1";"1";""
"202300052738";"155 586 996";"B01";"1";"7";"0";"2";"1";"1";"1";""
"202300052738";"155 586 998";"A01";"2";"10";"0";"2";"3";"13";"1";""
"202300052739";"155 586 995";"A01";"1";"7";"0";"1";"3";"1";"1";""
"202300052740";"155 586 993";"A01";"1";"7";"0";"2";"3";"22";"1";""
"202300052740";"155 586 994";"Y01";"1";"1";"1";"0";"1";"1";"5";""
"202300052741";"155 586 992";"A01";"2";"10";"13";"0";"2";"1";"1";""
"202300052742";"155 586 991";"A01";"0";"7";"0";"1";"2";"16";"0";""
"202300052743";"155 586 990";"A01";"2";"34";"0";"0";"0";"1";"1";""
"202300052744";"155 586 987";"A01";"1";"3";"0";"2";"3";"1";"1";""
"202300052744";"155 586 989";"B01";"2";"36";"0";"2";"1";"1";"1";""
"202300052745";"155 586 986";"A01";"1";"10";"0";"1";"0";"0";"0";""
"202300052746";"155 586 985";"B01";"1";"33";"0";"2";"1";"1";"1";""
"202300052746";"155 586 988";"A01";"1";"7";"0";"2";"2";"15";"1";""
"202300052747";"155 586 983";"A01";"1";"7";"3";"2";"2";"14";"3";""
"202300052747";"155 586 984";"B01";"1";"7";"4";"0";"6";"1";"1";""
"202300052748";"155 586 980";"A01";"2";"7";"0";"2";"3";"15";"1";""
"202300052748";"155 586 982";"B01";"2";"32";"0";"2";"1";"1";"1";""
"202300052749";"155 586 979";"A01";"0";"7";"0";"2";"3";"9";"1";""
"202300052749";"155 586 981";"B01";"0";"50";"0";"2";"2";"9";"3";""
"202300052750";"155 586 977";"A01";"1";"7";"0";"2";"1";"13";"1";""
"202300052750";"155 586 978";"B01";"2";"7";"0";"2";"1";"1";"1";""
"202300052751";"155 586 975";"B01";"3";"7";"0";"2";"2";"2";"1";""
"202300052751";"155 586 976";"A01";"0";"2";"0";"2";"3";"2";"1";""
"202300052752";"155 586 973";"A01";"1";"10";"0";"2";"1";"1";"1";""
"202300052752";"155 586 974";"B01";"1";"7";"0";"2";"4";"1";"1";""
"202300052753";"155 586 970";"A01";"3";"50";"1";"0";"1";"18";"3";""
"202300052753";"155 586 971";"Z01";"3";"7";"0";"9";"7";"22";"1";""
"202300052754";"155 586 969";"B01";"2";"7";"0";"2";"1";"1";"1";""
"202300052754";"155 586 972";"A01";"1";"7";"0";"2";"3";"9";"1";""
"202300052755";"155 586 965";"B01";"3";"7";"0";"2";"2";"15";"1";""
"202300052755";"155 586 968";"A01";"2";"10";"12";"2";"1";"1";"1";""
"202300052756";"155 586 964";"B01";"3";"7";"0";"0";"4";"1";"0";""
"202300052756";"155 586 967";"A01";"3";"13";"0";"2";"1";"1";"0";""
"202300052757";"155 586 963";"A01";"1";"2";"0";"2";"1";"1";"1";""
"202300052757";"155 586 966";"B01";"2";"7";"0";"2";"2";"1";"1";""
"202300052758";"155 586 960";"B01";"2";"30";"0";"2";"0";"0";"1";""
"202300052758";"155 586 962";"A01";"2";"10";"0";"2";"1";"1";"1";""
"202300052759";"155 586 958";"B01";"3";"14";"0";"2";"5";"1";"1";""
"202300052759";"155 586 961";"A01";"3";"7";"0";"2";"1";"1";"1";""
"202300052760";"155 586 957";"A01";"1";"10";"0";"2";"1";"13";"1";""
"202300052760";"155 586 959";"B01";"2";"7";"0";"2";"1";"1";"1";""
"202300052761";"155 586 956";"A01";"1";"7";"0";"1";"2";"1";"2";""
"202300052762";"155 586 955";"A01";"3";"7";"0";"0";"0";"0";"0";""
"202300052763";"155 586 952";"A01";"2";"7";"3";"2";"1";"13";"1";""
"202300052763";"155 586 954";"B01";"2";"10";"0";"2";"5";"0";"1";""
"202300052764";"155 586 950";"A01";"1";"2";"0";"2";"2";"17";"1";""
"202300052764";"155 586 951";"B01";"1";"10";"0";"2";"6";"15";"1";""