"Num_Acc";"id_vehicule";"num_veh";"senc";"catv";"obs";"obsm";"choc";"manv";"motor";"occutc"
"202300052975";"155 586 585";"A01";"1";"7";"0";"2";"2";"15";"1";""
"202300052975";"155 586 590";"B01";"2";"33";"0";"2";"1";"1";"1";""
"202300052976";"155 586 583";"B01";"1";"7";"3";"2";"4";"1";"1";""
"202300052976";"155 586 589";"A01";"1";"7";"3";"2";"1";"1";"1";""
"202300052977";"155 586 576";"B01";"1";"33";"0";"2";"1";"1";"1";""
"202300052977";"155 586 581";"A01";"1";"7";"0";"2";"1";"9";"1";""
"202300052978";"155 586 580";"C01";"2";"7";"0";"2";"2";"1";"1";""
"202300052978";"155 586 587";"A01";"1";"7";"13";"2";"8";"1";"1";""
"202300052978";"155 586 591";"B01";"2";"7";"0";"2";"1";"1";"1";""
"202300052979";"155 586 575";"B01";"1";"7";"0";"2";"2";"2";"1";""
"202300052979";"155 586 578";"A01";"2";"7";"0";"2";"3";"16";"1";""
"202300052980";"155 586 577";"A01";"2";"34";"0";"2";"1";"1";"1";""
"202300052980";"155 586 582";"B01";"1";"1";"0";"2";"8";"15";"0";""
"202300052981";"155 586 573";"A01";"1";"7";"0";"2";"8";"1";"2";""
"202300052981";"155 586 579";"Z01";"0";"7";"0";"2";"1";"26";"1";""
"202300052982";"155 586 572";"A01";"2";"7";"0";"2";"6";"1";"1";""
"202300052983";"155 586 571";"A01";"3";"33";"0";"2";"8";"0";"1";""
"202300052984";"155 586 567";"A01";"2";"7";"0";"2";"2";"1";"0";""
"202300052984";"155 586 569";"B01";"2";"7";"0";"2";"3";"1";"1";""
"202300052985";"155 586 565";"A01";"3";"3";"0";"9";"2";"16";"1";""
"202300052985";"155 586 566";"B01";"0";"1";"0";"2";"8";"1";"5";""
"202300052986";"155 586 562";"A01";"0";"30";"0";"1";"2";"3";"1";""
"202300052987";"155 586 564";"A01";"2";"7";"0";"2";"1";"1";"1";""
"202300052987";"155 586 570";"B01";"0";"1";"0";"2";"8";"25";"5";""
"202300052988";"155 586 559";"A01";"2";"10";"0";"2";"4";"14";"1";""
"202300052988";"155 586 563";"B01";"2";"1";"0";"2";"1";"2";"5";""
"202300052989";"155 586 558";"A01";"1";"50";"0";"2";"1";"1";"3";""
"202300052989";"155 586 561";"B01";"1";"7";"0";"2";"6";"15";"3";""
"202300052990";"155 586 556";"A01";"1";"10";"0";"1";"7";"1";"1";""
"202300052991";"155 586 560";"A01";"2";"7";"0";"2";"1";"1";"1";""
"202300052991";"155 586 568";"B01";"2";"7";"0";"2";"4";"1";"1";""
"202300052991";"155 586 574";"C01";"2";"7";"0";"2";"4";"1";"1";""
"202300052991";"155 586 584";"D01";"2";"7";"0";"2";"4";"1";"1";""
"202300052992";"155 586 555";"A01";"1";"7";"6";"0";"1";"17";"1";""
"202300052993";"155 586 553";"A01";"1";"14";"13";"0";"1";"1";"1";""
"202300052994";"155 586 550";"A01";"1";"50";"0";"1";"1";"1";"3";""
"202300052995";"155 586 551";"A01";"3";"33";"14";"0";"1";"11";"0";""
"202300052995";"155 586 554";"C01";"3";"7";"14";"0";"0";"0";"0";""
"202300052995";"155 586 557";"B01";"3";"7";"15";"0";"0";"0";"0";""
"202300052996";"155 586 547";"B01";"1";"1";"0";"2";"7";"19";"5";""
"202300052996";"155 586 552";"A01";"2";"7";"0";"2";"1";"19";"1";""
"202300052997";"155 586 548";"A01";"1";"2";"12";"0";"1";"26";"3";""
"202300052998";"155 586 544";"A01";"2";"7";"0";"2";"1";"2";"1";""
"202300052998";"155 586 549";"B01";"2";"10";"0";"2";"4";"2";"1";""
"202300052999";"155 586 542";"A01";"2";"10";"0";"1";"4";"4";"1";""
"202300053000";"155 586 543";"A01";"2";"7";"0";"2";"3";"1";"1";""
"202300053000";"155 586 546";"B01";"1";"1";"0";"2";"3";"1";"5";""
"202300053001";"155 586 540";"A01";"1";"7";"1";"2";"2";"1";"1";""
"202300053001";"155 586 545";"B01";"1";"33";"1";"2";"1";"1";"1";""
"202300053002";"155 586 538";"A01";"1";"7";"2";"0";"1";"14";"1";""
"202300053003";"155 586 539";"A01";"3";"7";"0";"1";"1";"1";"0";""
"202300053004";"155 586 535";"A01";"1";"7";"0";"1";"1";"2";"1";""
"202300053005";"155 586 532";"B01";"2";"37";"0";"2";"1";"1";"1";"1"
"202300053005";"155 586 536";"A01";"1";"7";"0";"2";"1";"11";"1";""
"202300053006";"155 586 534";"B01";"2";"7";"0";"2";"3";"2";"0";""
"202300053006";"155 586 537";"A01";"2";"7";"0";"2";"2";"12";"2";""
"202300053006";"155 586 541";"C01";"2";"7";"0";"2";"2";"2";"1";""
"202300053007";"155 586 528";"A01";"3";"7";"0";"1";"3";"1";"1";""
"202300053008";"155 586 529";"A01";"2";"10";"13";"0";"2";"14";"1";""
"202300053009";"155 586 526";"A01";"1";"7";"0";"2";"3";"2";"1";""
"202300053009";"155 586 531";"B01";"1";"7";"0";"2";"5";"1";"0";""
"202300053010";"155 586 523";"B01";"2";"7";"0";"2";"4";"11";"1";""
"202300053010";"155 586 527";"A01";"2";"34";"0";"2";"1";"3";"1";""
"202300053011";"155 586 520";"B01";"3";"7";"0";"2";"1";"1";"1";""
"202300053011";"155 586 525";"A01";"3";"7";"0";"2";"8";"19";"1";""
"202300053012";"155 586 522";"A01";"3";"7";"0";"1";"1";"15";"0";""
"202300053013";"155 586 515";"A01";"3";"2";"0";"2";"5";"19";"1";""
"202300053013";"155 586 521";"B01";"3";"7";"0";"2";"1";"1";"1";""
"202300053014";"155 586 518";"A01";"1";"43";"14";"0";"1";"3";"1";""
"202300053014";"155 586 524";"B01";"1";"7";"0";"2";"6";"23";"1";""
"202300053015";"155 586 513";"A01";"1";"7";"0";"2";"1";"2";"1";""
"202300053015";"155 586 516";"B01";"1";"7";"0";"2";"4";"2";"1";""
"202300053016";"155 586 514";"B01";"2";"7";"0";"2";"4";"2";"1";""
"202300053016";"155 586 517";"A01";"2";"13";"0";"2";"1";"2";"1";""
"202300053017";"155 586 512";"A01";"1";"2";"0";"2";"6";"1";"1";""
"202300053017";"155 586 519";"B01";"1";"2";"0";"2";"0";"1";"1";""
"202300053018";"155 586 508";"A01";"2";"10";"0";"1";"1";"1";"1";""
"202300053019";"155 586 506";"A01";"3";"7";"0";"2";"1";"2";"1";""
"202300053019";"155 586 509";"C01";"3";"7";"0";"2";"4";"23";"1";""
"202300053019";"155 586 511";"B01";"3";"7";"0";"2";"4";"23";"1";""
"202300053020";"155 586 503";"A01";"2";"7";"4";"2";"1";"2";"2";""
"202300053020";"155 586 507";"B01";"2";"7";"0";"2";"4";"1";"1";""
"202300053020";"155 586 510";"C01";"2";"7";"0";"2";"6";"1";"2";""
"202300053021";"155 586 502";"A01";"1";"7";"0";"1";"2";"15";"0";""
"202300053022";"155 586 501";"A01";"2";"7";"0";"2";"2";"12";"0";""
"202300053022";"155 586 505";"B01";"2";"43";"0";"2";"3";"3";"1";""
"202300053023";"155 586 500";"A01";"1";"33";"0";"2";"1";"17";"1";""
"202300053023";"155 586 504";"B01";"1";"7";"0";"2";"3";"15";"1";""
"202300053024";"155 586 498";"A01";"2";"7";"0";"1";"1";"1";"1";""
"202300053025";"155 586 496";"A01";"3";"33";"0";"0";"2";"13";"0";""
"202300053026";"155 586 495";"A01";"1";"7";"0";"1";"3";"16";"2";""
"202300053027";"155 586 494";"B01";"2";"7";"0";"2";"1";"1";"1";""
"202300053027";"155 586 497";"A01";"1";"7";"0";"2";"1";"13";"1";""
"202300053028";"155 586 492";"B01";"1";"7";"0";"2";"8";"1";"1";""
"202300053028";"155 586 499";"A01";"2";"7";"0";"2";"3";"13";"1";""
"202300053029";"155 586 490";"A01";"1";"32";"14";"0";"1";"14";"1";""
"202300053030";"155 586 487";"A01";"0";"10";"0";"1";"1";"1";"1";""
"202300053031";"155 586 484";"A01";"1";"10";"0";"2";"7";"12";"1";""
"202300053031";"155 586 488";"C01";"1";"10";"0";"2";"4";"1";"1";""
"202300053031";"155 586 491";"B01";"1";"33";"0";"2";"1";"3";"1";""
"202300053032";"155 586 486";"A01";"3";"7";"0";"1";"1";"1";"1";""
"202300053033";"155 586 483";"A01";"0";"7";"1";"0";"1";"19";"1";""
"202300053034";"155 586 481";"A01";"1";"10";"0";"2";"1";"21";"1";""
"202300053034";"155 586 485";"B01";"1";"7";"0";"2";"4";"23";"2";""
"202300053034";"155 586 489";"C01";"1";"15";"0";"2";"1";"2";"1";""
"202300053034";"155 586 493";"D01";"1";"15";"0";"2";"4";"23";"1";""
"202300053035";"155 586 482";"A01";"3";"7";"4";"0";"1";"14";"1";""
"202300053036";"155 586 480";"A01";"2";"7";"13";"0";"1";"17";"1";""
"202300053037";"155 586 475";"A01";"2";"33";"3";"0";"7";"9";"1";""
"202300053038";"155 586 474";"B01";"3";"33";"0";"2";"8";"1";"1";""
"202300053038";"155 586 478";"A01";"3";"10";"0";"2";"2";"12";"1";""
"202300053039";"155 586 471";"A01";"0";"7";"1";"0";"2";"1";"0";""
"202300053040";"155 586 472";"B01";"1";"34";"0";"2";"7";"1";"1";""
"202300053040";"155 586 476";"A01";"1";"7";"0";"2";"3";"11";"1";""
"202300053041";"155 586 473";"A01";"2";"7";"0";"2";"3";"1";"1";""
"202300053041";"155 586 479";"B01";"3";"1";"0";"2";"2";"19";"5";""
"202300053042";"155 586 468";"A01";"0";"7";"0";"2";"3";"1";"1";""
"202300053042";"155 586 469";"B01";"0";"7";"0";"2";"3";"13";"1";""
"202300053043";"155 586 465";"A01";"3";"30";"0";"0";"3";"16";"3";""
"202300053044";"155 586 463";"A01";"1";"7";"1";"0";"1";"1";"1";""
"202300053044";"155 586 466";"B01";"1";"7";"0";"2";"4";"23";"1";""
"202300053045";"155 586 461";"A01";"1";"30";"0";"2";"1";"2";"1";""
"202300053045";"155 586 467";"B01";"1";"7";"0";"2";"4";"2";"1";""
"202300053046";"155 586 458";"B01";"0";"7";"0";"2";"2";"1";"1";""
"202300053046";"155 586 462";"A01";"0";"33";"2";"2";"1";"5";"1";""
"202300053046";"155 586 464";"C01";"0";"7";"0";"2";"8";"1";"1";""
"202300053047";"155 586 459";"A01";"2";"15";"2";"0";"3";"13";"1";""
"202300053048";"155 586 457";"A01";"0";"7";"0";"1";"3";"1";"2";""
"202300053049";"155 586 452";"A01";"1";"7";"8";"0";"1";"1";"1";""
"202300053050";"155 586 455";"A01";"1";"32";"0";"0";"0";"21";"1";""
"202300053051";"155 586 456";"A01";"1";"7";"1";"0";"1";"0";"1";""
"202300053051";"155 586 460";"B01";"1";"15";"0";"0";"4";"24";"1";""
"202300053052";"155 586 451";"B01";"1";"7";"0";"2";"0";"0";"1";""
"202300053052";"155 586 453";"A01";"1";"7";"0";"2";"1";"26";"1";""
"202300053053";"155 586 450";"A01";"2";"7";"0";"2";"2";"14";"1";""
"202300053053";"155 586 454";"B01";"2";"7";"0";"2";"8";"1";"1";""
"202300053054";"155 586 447";"A01";"2";"7";"0";"2";"2";"20";"1";""
"202300053054";"155 586 448";"B01";"2";"30";"0";"2";"3";"18";"1";""
"202300053055";"155 586 443";"A01";"1";"7";"14";"5";"8";"1";"1";""
"202300053056";"155 586 439";"A01";"0";"30";"0";"2";"0";"2";"1";""
"202300053056";"155 586 445";"B01";"1";"7";"0";"0";"0";"26";"1";""
"202300053057";"155 586 441";"B01";"1";"20";"0";"0";"7";"26";"1";""
"202300053057";"155 586 449";"A01";"1";"7";"0";"2";"1";"2";"1";""
"202300053058";"155 586 438";"A01";"2";"7";"0";"2";"8";"1";"1";""
"202300053058";"155 586 444";"B01";"1";"43";"0";"2";"2";"1";"1";""
"202300053059";"155 586 437";"B01";"2";"7";"0";"2";"4";"2";"2";""
"202300053059";"155 586 442";"A01";"2";"14";"0";"2";"1";"2";"1";""
"202300053060";"155 586 435";"A01";"2";"7";"0";"2";"2";"12";"1";""
"202300053060";"155 586 440";"B01";"2";"17";"0";"0";"6";"1";"1";""
"202300053060";"155 586 446";"C01";"2";"7";"0";"2";"1";"1";"1";""
"202300053061";"155 586 428";"A01";"2";"7";"0";"1";"1";"1";"1";""
"202300053062";"155 586 429";"A01";"1";"50";"0";"2";"3";"1";"3";""
"202300053062";"155 586 433";"B01";"1";"7";"0";"2";"1";"1";"1";""
"202300053063";"155 586 431";"A01";"1";"10";"5";"6";"2";"1";"1";""
"202300053064";"155 586 426";"A01";"1";"7";"0";"2";"1";"2";"1";""
"202300053064";"155 586 430";"B01";"1";"43";"0";"2";"4";"2";"1";""
"202300053065";"155 586 427";"V01";"3";"1";"0";"2";"1";"1";"5";""
"202300053065";"155 586 434";"A01";"1";"7";"0";"2";"1";"1";"1";""
"202300053066";"155 586 425";"A01";"2";"7";"15";"0";"9";"0";"1";""
"202300053067";"155 586 423";"A01";"1";"7";"13";"0";"2";"0";"0";""
"202300053068";"155 586 422";"A01";"1";"2";"0";"2";"1";"13";"1";""
"202300053068";"155 586 424";"B01";"2";"10";"0";"2";"3";"1";"1";""
"202300053069";"155 586 421";"A01";"2";"1";"4";"0";"1";"13";"5";""
"202300053070";"155 586 414";"B01";"2";"1";"0";"0";"0";"0";"5";""
"202300053070";"155 586 418";"A01";"1";"7";"0";"2";"1";"26";"3";""
"202300053071";"155 586 413";"A01";"2";"1";"0";"0";"0";"1";"5";""
"202300053072";"155 586 416";"B01";"2";"43";"0";"2";"1";"2";"1";""
"202300053072";"155 586 420";"A01";"2";"7";"0";"2";"4";"2";"1";""
"202300053073";"155 586 411";"A01";"1";"7";"0";"2";"3";"13";"1";""
"202300053073";"155 586 412";"B01";"2";"7";"0";"2";"3";"1";"1";""
"202300053074";"155 586 409";"C01";"1";"7";"0";"2";"5";"1";"1";""
"202300053074";"155 586 417";"A01";"1";"7";"0";"2";"1";"1";"1";""
"202300053074";"155 586 419";"B01";"1";"7";"0";"2";"5";"1";"1";""
"202300053075";"155 586 410";"A01";"1";"7";"0";"0";"3";"15";"0";""
"202300053076";"155 586 405";"A01";"2";"7";"3";"2";"3";"1";"1";""
"202300053077";"155 586 403";"A01";"1";"7";"0";"2";"3";"13";"1";""
"202300053077";"155 586 407";"B01";"2";"7";"0";"2";"3";"1";"1";""
"202300053078";"155 586 399";"B01";"1";"1";"0";"2";"7";"1";"5";""
"202300053078";"155 586 406";"A01";"2";"7";"0";"2";"3";"16";"1";""
"202300053079";"155 586 402";"A01";"3";"30";"0";"2";"1";"2";"1";""
"202300053079";"155 586 408";"B01";"3";"7";"1";"0";"6";"23";"1";""
"202300053080";"155 586 398";"A01";"2";"2";"0";"2";"1";"1";"1";""
"202300053080";"155 586 404";"B01";"1";"7";"0";"2";"2";"15";"1";""
"202300053081";"155 586 394";"B01";"2";"7";"0";"2";"1";"23";"0";""
"202300053081";"155 586 397";"A01";"2";"7";"0";"2";"1";"1";"0";""
"202300053081";"155 586 400";"C01";"2";"10";"0";"2";"4";"23";"1";""
"202300053082";"155 586 395";"A01";"2";"7";"2";"0";"2";"14";"1";""
"202300053083";"155 586 393";"C01";"1";"7";"0";"2";"8";"1";"1";""
"202300053083";"155 586 396";"B01";"1";"7";"4";"2";"2";"1";"1";""
"202300053083";"155 586 401";"A01";"1";"10";"0";"2";"1";"15";"1";""
"202300053084";"155 586 385";"B01";"1";"7";"0";"2";"3";"1";"1";""
"202300053084";"155 586 390";"A01";"2";"7";"0";"2";"3";"13";"6";""
"202300053085";"155 586 387";"Z01";"2";"30";"0";"2";"1";"1";"0";""
"202300053085";"155 586 392";"A01";"2";"1";"0";"2";"6";"21";"5";""
"202300053086";"155 586 386";"A01";"1";"10";"0";"2";"2";"14";"1";""
"202300053086";"155 586 391";"B01";"1";"7";"0";"0";"6";"1";"1";""
"202300053087";"155 586 384";"A01";"1";"7";"0";"2";"1";"1";"1";""
"202300053087";"155 586 389";"B01";"2";"15";"0";"2";"6";"1";"1";""
"202300053088";"155 586 381";"A01";"1";"7";"13";"0";"1";"1";"1";""
"202300053089";"155 586 380";"A01";"1";"7";"0";"2";"6";"1";"0";""
"202300053089";"155 586 383";"B01";"1";"7";"0";"2";"1";"17";"0";""
"202300053090";"155 586 379";"A01";"1";"10";"4";"0";"1";"1";"1";""
"202300053091";"155 586 378";"C01";"1";"7";"0";"0";"1";"2";"1";""
"202300053091";"155 586 382";"B01";"1";"7";"0";"2";"4";"1";"1";""
"202300053091";"155 586 388";"A01";"1";"7";"0";"2";"1";"1";"1";""
"202300053092";"155 586 374";"A01";"1";"50";"0";"2";"8";"15";"3";""
"202300053092";"155 586 376";"B01";"2";"7";"0";"2";"1";"1";"2";""
"202300053093";"155 586 371";"B01";"2";"2";"0";"2";"3";"1";"1";""
"202300053093";"155 586 375";"A01";"1";"7";"0";"2";"3";"15";"1";""
"202300053094";"155 586 368";"C01";"1";"7";"0";"2";"1";"1";"1";""
"202300053094";"155 586 373";"A01";"1";"7";"0";"2";"4";"1";"1";""
"202300053094";"155 586 377";"B01";"1";"7";"0";"2";"4";"1";"1";""
"202300053095";"155 586 367";"A01";"1";"7";"0";"2";"1";"2";"1";""
"202300053095";"155 586 369";"B01";"1";"7";"0";"2";"4";"23";"1";""
"202300053096";"155 586 365";"B01";"1";"2";"0";"0";"4";"1";"1";""
"202300053096";"155 586 370";"A01";"1";"7";"0";"2";"3";"9";"1";""
"202300053097";"155 586 363";"B01";"0";"34";"0";"2";"1";"21";"1";""
"202300053097";"155 586 372";"A01";"3";"7";"0";"2";"1";"23";"1";""
"202300053098";"155 586 362";"A01";"2";"7";"0";"2";"4";"1";"1";""
"202300053098";"155 586 366";"B01";"2";"33";"0";"2";"1";"1";"1";""
"202300053099";"155 586 361";"A01";"1";"10";"0";"1";"1";"1";"1";""
"202300053100";"155 586 357";"A01";"2";"7";"0";"2";"4";"2";"1";""
"202300053100";"155 586 359";"C01";"2";"7";"0";"2";"1";"2";"1";""
"202300053100";"155 586 360";"B01";"2";"32";"0";"2";"4";"2";"1";""
"202300053100";"155 586 364";"D01";"2";"10";"0";"2";"1";"2";"1";""
"202300053101";"155 586 354";"B01";"2";"1";"0";"2";"8";"26";"5";""
"202300053101";"155 586 358";"A01";"2";"7";"0";"2";"2";"1";"1";""
"202300053102";"155 586 356";"A01";"1";"7";"0";"1";"1";"15";"2";""
"202300053103";"155 586 353";"A01";"1";"7";"3";"0";"1";"1";"1";""
"202300053104";"155 586 351";"A01";"1";"33";"5";"6";"1";"1";"1";""
"202300053105";"155 586 349";"A01";"3";"7";"0";"1";"1";"2";"1";""
"202300053106";"155 586 350";"A01";"1";"7";"0";"2";"2";"26";"1";""
"202300053106";"155 586 355";"B01";"1";"7";"0";"2";"4";"26";"1";""
"202300053107";"155 586 348";"A01";"1";"7";"0";"2";"3";"13";"1";""
"202300053107";"155 586 352";"B01";"2";"7";"0";"2";"3";"1";"1";""
"202300053108";"155 586 345";"A01";"1";"37";"0";"1";"5";"13";"6";"1"
"202300053109";"155 586 342";"A01";"1";"7";"0";"2";"1";"1";"1";""
"202300053109";"155 586 346";"B01";"1";"7";"0";"2";"4";"1";"1";""
"202300053110";"155 586 341";"B01";"2";"7";"0";"2";"4";"23";"1";""
"202300053110";"155 586 347";"A01";"2";"7";"0";"2";"1";"1";"1";""
"202300053111";"155 586 339";"A01";"1";"7";"0";"0";"0";"13";"1";""
"202300053112";"155 586 338";"A01";"1";"33";"13";"0";"8";"15";"1";""
"202300053113";"155 586 333";"A01";"0";"7";"0";"2";"1";"15";"1";""
"202300053113";"155 586 336";"B01";"0";"1";"0";"2";"1";"1";"5";""
"202300053114";"155 586 335";"A01";"3";"7";"0";"2";"2";"1";"1";""
"202300053114";"155 586 340";"B01";"3";"15";"0";"2";"2";"15";"1";""
"202300053115";"155 586 334";"A01";"2";"7";"0";"2";"3";"26";"1";""
"202300053115";"155 586 343";"B01";"0";"1";"0";"2";"8";"1";"5";""
"202300053116";"155 586 330";"A01";"1";"7";"0";"1";"3";"15";"1";""
"202300053117";"155 586 331";"A01";"1";"7";"0";"2";"3";"13";"1";""
"202300053117";"155 586 332";"B01";"2";"17";"0";"0";"3";"1";"1";""
"202300053118";"155 586 326";"A01";"3";"7";"0";"1";"1";"1";"1";""
"202300053119";"155 586 323";"B01";"3";"7";"0";"2";"3";"1";"1";""
"202300053119";"155 586 329";"A01";"3";"7";"0";"2";"3";"1";"1";""
"202300053120";"155 586 322";"A01";"3";"7";"0";"2";"3";"1";"1";""
"202300053120";"155 586 327";"B01";"3";"50";"0";"2";"1";"19";"3";""
"202300053121";"155 586 321";"A01";"1";"7";"0";"1";"1";"1";"1";""
"202300053122";"155 586 319";"B01";"3";"32";"0";"2";"2";"17";"0";""
"202300053122";"155 586 324";"A01";"3";"7";"0";"2";"8";"15";"1";""
"202300053123";"155 586 316";"A01";"1";"10";"0";"2";"1";"1";"1";""
"202300053123";"155 586 318";"C01";"2";"7";"7";"0";"1";"1";"1";""
"202300053123";"155 586 325";"B01";"2";"7";"0";"2";"1";"1";"1";""
"202300053124";"155 586 315";"A01";"1";"7";"0";"2";"3";"15";"1";""
"202300053124";"155 586 320";"B01";"1";"15";"0";"2";"1";"1";"1";""
"202300053125";"155 586 317";"B01";"1";"7";"13";"0";"5";"2";"0";""
"202300053125";"155 586 328";"A01";"1";"7";"12";"2";"3";"1";"0";""
"202300053126";"155 586 313";"A01";"1";"7";"0";"1";"1";"1";"1";""
"202300053127";"155 586 309";"A01";"1";"7";"0";"2";"3";"2";"1";""
"202300053127";"155 586 314";"B01";"2";"7";"0";"2";"3";"17";"1";""
"202300053128";"155 586 308";"A01";"1";"14";"0";"2";"7";"26";"1";""
"202300053128";"155 586 311";"B01";"3";"7";"0";"2";"3";"0";"2";""
"202300053129";"155 586 310";"A01";"1";"7";"0";"1";"7";"2";"1";""
"202300053130";"155 586 306";"A01";"1";"7";"8";"0";"2";"1";"1";""
"202300053131";"155 586 307";"A01";"2";"14";"0";"1";"0";"16";"1";""
"202300053132";"155 586 301";"A01";"0";"30";"0";"2";"2";"17";"3";""
"202300053132";"155 586 303";"B01";"0";"7";"0";"2";"3";"1";"1";""
"202300053133";"155 586 299";"A01";"1";"7";"0";"2";"1";"1";"1";""
"202300053133";"155 586 304";"B01";"1";"7";"0";"2";"4";"1";"1";""
"202300053134";"155 586 297";"A01";"2";"7";"0";"2";"3";"9";"0";""
"202300053134";"155 586 302";"B01";"1";"2";"0";"2";"7";"15";"1";""
"202300053135";"155 586 296";"B01";"1";"37";"0";"2";"3";"1";"1";"6"
"202300053135";"155 586 312";"A01";"2";"14";"0";"2";"2";"1";"1";""
"202300053136";"155 586 295";"B01";"1";"7";"0";"0";"4";"23";"1";""
"202300053136";"155 586 300";"A01";"1";"7";"0";"2";"1";"1";"1";""
"202300053137";"155 586 292";"A01";"1";"7";"6";"0";"3";"1";"1";""
"202300053138";"155 586 290";"B01";"1";"15";"0";"0";"6";"1";"1";""
"202300053138";"155 586 294";"A01";"1";"10";"0";"2";"2";"2";"1";""
"202300053139";"155 586 293";"A01";"2";"7";"0";"2";"5";"14";"1";""
"202300053139";"155 586 298";"B01";"2";"33";"0";"2";"3";"18";"1";""
"202300053140";"155 586 288";"A01";"2";"34";"0";"2";"1";"1";"1";""
"202300053140";"155 586 291";"B01";"1";"7";"0";"2";"0";"15";"1";""
"202300053141";"155 586 285";"B01";"1";"3";"0";"2";"2";"14";"2";""
"202300053141";"155 586 287";"A01";"1";"99";"0";"2";"1";"1";"3";""
"202300053142";"155 586 284";"A01";"0";"7";"0";"1";"1";"1";"1";""
"202300053143";"155 586 280";"A01";"1";"33";"13";"0";"1";"5";"1";""
"202300053144";"155 586 282";"A01";"2";"33";"0";"2";"0";"21";"1";""
"202300053144";"155 586 286";"B01";"1";"31";"0";"2";"0";"0";"1";""
"202300053145";"155 586 279";"A01";"1";"7";"1";"0";"3";"1";"1";""
"202300053146";"155 586 281";"A01";"1";"10";"0";"2";"2";"13";"1";""
"202300053146";"155 586 289";"B01";"2";"7";"13";"2";"6";"1";"1";""
"202300053147";"155 586 275";"A01";"3";"7";"0";"0";"4";"2";"1";""
"202300053147";"155 586 277";"B01";"0";"7";"0";"2";"0";"0";"1";""
"202300053148";"155 586 274";"A01";"3";"10";"0";"1";"6";"26";"1";""
"202300053149";"155 586 273";"A01";"1";"7";"0";"2";"1";"5";"1";""
"202300053149";"155 586 278";"C01";"2";"7";"0";"2";"1";"1";"1";""
"202300053149";"155 586 283";"B01";"2";"7";"0";"2";"1";"1";"1";""
"202300053150";"155 586 276";"A01";"2";"32";"8";"0";"1";"14";"1";""
"202300053151";"155 586 268";"A01";"1";"7";"0";"0";"6";"24";"2";""
"202300053151";"155 586 272";"B01";"1";"15";"1";"0";"2";"1";"1";""
"202300053152";"155 586 266";"B01";"2";"7";"0";"9";"1";"1";"1";""
"202300053152";"155 586 270";"A01";"1";"15";"0";"0";"0";"1";"0";""
"202300053153";"155 586 263";"A01";"3";"1";"0";"0";"0";"0";"5";""
"202300053154";"155 586 265";"B01";"2";"10";"0";"2";"1";"1";"1";""
"202300053154";"155 586 271";"A01";"1";"50";"0";"2";"0";"15";"3";""
"202300053155";"155 586 259";"A01";"0";"13";"0";"2";"3";"2";"1";""
"202300053155";"155 586 262";"B01";"0";"7";"0";"2";"4";"2";"1";""
"202300053155";"155 586 267";"C01";"0";"7";"0";"0";"4";"2";"3";""
"202300053156";"155 586 257";"A01";"2";"14";"0";"0";"8";"1";"1";""
"202300053157";"155 586 260";"A01";"1";"7";"0";"0";"5";"16";"1";""
"202300053157";"155 586 264";"B01";"1";"7";"0";"2";"1";"7";"1";""
"202300053158";"155 586 256";"A01";"2";"7";"2";"0";"0";"1";"1";""
"202300053159";"155 586 255";"B01";"2";"7";"0";"9";"3";"9";"1";""
"202300053159";"155 586 261";"A01";"2";"2";"0";"2";"1";"1";"1";""
"202300053160";"155 586 253";"A01";"2";"7";"0";"9";"1";"1";"0";""
"202300053160";"155 586 258";"B01";"2";"1";"0";"0";"4";"1";"5";""
"202300053161";"155 586 249";"A01";"1";"7";"2";"0";"1";"14";"1";""
"202300053162";"155 586 250";"B01";"1";"1";"0";"2";"1";"1";"5";""
"202300053162";"155 586 252";"A01";"1";"7";"0";"2";"3";"9";"1";""
"202300053163";"155 586 244";"A01";"2";"7";"0";"0";"8";"1";"1";""
"202300053163";"155 586 251";"B01";"2";"7";"0";"0";"1";"1";"1";""
"202300053164";"155 586 243";"B01";"1";"7";"0";"2";"1";"1";"2";""
"202300053164";"155 586 248";"A01";"2";"7";"0";"2";"1";"5";"1";""
"202300053165";"155 586 241";"A01";"1";"7";"0";"2";"2";"26";"1";""
"202300053165";"155 586 245";"B01";"2";"50";"0";"2";"2";"25";"3";""
"202300053166";"155 586 240";"B01";"3";"7";"0";"2";"1";"5";"1";""
"202300053166";"155 586 246";"A01";"3";"7";"0";"2";"1";"1";"1";""
"202300053167";"155 586 237";"A01";"1";"7";"2";"0";"7";"1";"1";""
"202300053168";"155 586 238";"A01";"1";"7";"0";"2";"3";"1";"1";""
"202300053168";"155 586 242";"B01";"2";"7";"0";"2";"3";"1";"1";""
"202300053169";"155 586 235";"A01";"2";"7";"0";"1";"1";"1";"1";""
"202300053170";"155 586 233";"A01";"3";"10";"0";"2";"1";"1";"1";""
"202300053170";"155 586 234";"B01";"3";"10";"0";"2";"8";"19";"0";""
"202300053171";"155 586 232";"B01";"2";"7";"0";"2";"5";"2";"1";""
"202300053171";"155 586 236";"A01";"2";"34";"0";"2";"3";"2";"1";""
"202300053172";"155 586 231";"A01";"1";"10";"7";"0";"9";"1";"1";""
"202300053173";"155 586 230";"A01";"2";"7";"0";"1";"1";"1";"1";""
"202300053174";"155 586 224";"A01";"1";"7";"0";"2";"1";"15";"1";""
"202300053174";"155 586 228";"B01";"1";"7";"9";"2";"8";"1";"1";""