"Num_Acc";"id_vehicule";"num_veh";"senc";"catv";"obs";"obsm";"choc";"manv";"motor";"occutc"
"202300053378";"155 585 866";"A01";"3";"10";"1";"0";"1";"1";"1";""
"202300053379";"155 585 861";"A01";"3";"7";"16";"0";"1";"1";"1";""
"202300053380";"155 585 858";"A01";"2";"30";"11";"0";"3";"13";"1";""
"202300053381";"155 585 853";"A01";"1";"7";"3";"0";"8";"1";"1";""
"202300053381";"155 585 857";"B01";"1";"17";"0";"2";"2";"12";"1";""
"202300053382";"155 585 851";"B01";"1";"10";"0";"2";"5";"2";"1";""
"202300053382";"155 585 856";"A01";"1";"33";"0";"2";"3";"1";"1";""
"202300053383";"155 585 855";"B01";"1";"7";"0";"2";"3";"11";"1";""
"202300053383";"155 585 859";"A01";"1";"33";"0";"2";"1";"26";"1";""
"202300053384";"155 585 850";"A01";"0";"35";"6";"0";"0";"0";"0";""
"202300053385";"155 585 848";"A01";"2";"7";"3";"0";"1";"13";"1";""
"202300053386";"155 585 847";"A01";"2";"21";"0";"2";"2";"15";"1";""
"202300053386";"155 585 852";"B01";"1";"7";"6";"2";"1";"1";"1";""
"202300053387";"155 585 843";"A01";"2";"7";"13";"2";"3";"1";"1";""
"202300053387";"155 585 849";"B01";"2";"10";"0";"2";"2";"19";"1";""
"202300053388";"155 585 842";"A01";"2";"10";"15";"0";"1";"14";"1";""
"202300053389";"155 585 837";"A01";"1";"7";"3";"0";"1";"1";"1";""
"202300053390";"155 585 839";"A01";"0";"2";"0";"2";"1";"9";"0";""
"202300053390";"155 585 844";"B01";"0";"7";"0";"2";"1";"1";"0";""
"202300053391";"155 585 835";"A01";"1";"7";"0";"0";"0";"1";"1";""
"202300053392";"155 585 838";"A01";"3";"7";"0";"2";"1";"2";"1";""
"202300053392";"155 585 846";"B01";"3";"7";"0";"2";"4";"2";"1";""
"202300053393";"155 585 833";"A01";"2";"10";"0";"1";"3";"17";"1";""
"202300053394";"155 585 828";"A01";"1";"10";"0";"2";"8";"13";"1";""
"202300053394";"155 585 834";"C01";"1";"7";"0";"2";"8";"1";"1";""
"202300053394";"155 585 840";"B01";"1";"7";"0";"2";"7";"1";"1";""
"202300053395";"155 585 827";"A01";"1";"7";"0";"2";"3";"15";"0";""
"202300053395";"155 585 832";"B01";"1";"33";"0";"2";"2";"17";"1";""
"202300053396";"155 585 824";"A01";"1";"7";"2";"0";"1";"14";"1";""
"202300053397";"155 585 826";"A01";"1";"7";"4";"0";"3";"1";"1";""
"202300053397";"155 585 831";"E01";"1";"13";"0";"0";"4";"1";"1";""
"202300053397";"155 585 836";"F01";"1";"7";"1";"0";"1";"2";"1";""
"202300053397";"155 585 841";"B01";"1";"10";"0";"2";"1";"1";"1";""
"202300053397";"155 585 845";"C01";"1";"7";"0";"2";"3";"1";"1";""
"202300053397";"155 585 854";"D01";"1";"7";"0";"0";"4";"0";"1";""
"202300053398";"155 585 821";"A01";"2";"7";"5";"0";"1";"1";"1";""
"202300053399";"155 585 820";"A01";"1";"7";"0";"2";"3";"5";"1";""
"202300053399";"155 585 830";"B01";"2";"7";"0";"2";"3";"1";"1";""
"202300053400";"155 585 817";"A01";"1";"7";"2";"0";"7";"13";"1";""
"202300053401";"155 585 819";"A01";"2";"7";"0";"2";"1";"11";"1";""
"202300053401";"155 585 823";"B01";"2";"7";"0";"2";"0";"0";"1";""
"202300053401";"155 585 829";"C01";"2";"10";"0";"0";"0";"0";"1";""
"202300053402";"155 585 818";"B01";"3";"7";"0";"2";"3";"1";"1";""
"202300053402";"155 585 825";"A01";"3";"7";"0";"2";"1";"13";"1";""
"202300053403";"155 585 816";"A01";"1";"7";"0";"1";"2";"1";"1";""
"202300053404";"155 585 815";"A01";"1";"30";"0";"2";"1";"2";"1";""
"202300053404";"155 585 822";"B01";"1";"7";"0";"2";"4";"23";"1";""
"202300053405";"155 585 813";"A01";"1";"7";"0";"5";"2";"1";"1";""
"202300053406";"155 585 811";"A01";"2";"33";"11";"0";"1";"13";"1";""
"202300053407";"155 585 810";"A01";"1";"3";"0";"2";"3";"13";"1";""
"202300053407";"155 585 814";"B01";"2";"10";"0";"2";"3";"1";"1";""
"202300053408";"155 585 809";"B01";"0";"7";"0";"2";"3";"0";"1";""
"202300053408";"155 585 812";"A01";"0";"7";"0";"2";"1";"0";"1";""
"202300053409";"155 585 808";"A01";"3";"7";"0";"1";"3";"1";"1";""
"202300053410";"155 585 807";"A01";"2";"30";"12";"0";"2";"14";"1";""
"202300053411";"155 585 801";"A01";"1";"33";"0";"0";"7";"1";"1";""
"202300053412";"155 585 802";"A01";"2";"33";"3";"0";"8";"26";"1";""
"202300053413";"155 585 799";"A01";"2";"7";"0";"2";"3";"1";"2";""
"202300053413";"155 585 805";"B01";"1";"7";"0";"2";"3";"1";"1";""
"202300053414";"155 585 798";"A01";"1";"7";"0";"2";"8";"15";"1";""
"202300053414";"155 585 804";"B01";"1";"33";"0";"2";"1";"17";"1";""
"202300053415";"155 585 797";"A01";"2";"33";"13";"0";"7";"1";"1";""
"202300053416";"155 585 796";"A01";"2";"7";"0";"2";"8";"20";"1";""
"202300053416";"155 585 800";"B01";"2";"33";"0";"2";"7";"17";"1";""
"202300053417";"155 585 795";"A01";"1";"7";"0";"0";"0";"11";"1";""
"202300053418";"155 585 791";"A01";"1";"7";"8";"0";"1";"1";"1";""
"202300053419";"155 585 794";"A01";"1";"10";"0";"1";"1";"15";"1";""
"202300053420";"155 585 789";"A01";"1";"36";"2";"0";"1";"1";"1";""
"202300053421";"155 585 790";"A01";"2";"1";"0";"2";"1";"1";"5";""
"202300053421";"155 585 793";"Z01";"1";"1";"0";"2";"1";"1";"5";""
"202300053422";"155 585 785";"B01";"1";"7";"0";"2";"4";"2";"1";""
"202300053422";"155 585 792";"A01";"1";"7";"0";"2";"1";"1";"1";""
"202300053423";"155 585 786";"A01";"1";"7";"0";"0";"9";"1";"1";""
"202300053424";"155 585 782";"A01";"2";"7";"0";"2";"2";"5";"1";""
"202300053424";"155 585 787";"B01";"1";"10";"0";"2";"7";"13";"1";""
"202300053425";"155 585 779";"B01";"2";"13";"0";"2";"8";"1";"1";""
"202300053425";"155 585 783";"C01";"2";"7";"0";"2";"5";"1";"1";""
"202300053425";"155 585 788";"A01";"2";"7";"0";"2";"7";"17";"1";""
"202300053426";"155 585 778";"A01";"1";"10";"1";"0";"2";"14";"1";""
"202300053427";"155 585 780";"A01";"1";"21";"0";"2";"6";"15";"1";""
"202300053427";"155 585 784";"B01";"1";"33";"0";"2";"7";"17";"1";""
"202300053428";"155 585 777";"A01";"2";"7";"0";"2";"7";"15";"1";""
"202300053428";"155 585 781";"B01";"1";"33";"0";"2";"1";"1";"1";""
"202300053429";"155 585 775";"A01";"0";"32";"0";"0";"7";"26";"1";""
"202300053430";"155 585 773";"A01";"2";"7";"4";"0";"3";"1";"1";""
"202300053431";"155 585 776";"A01";"1";"7";"0";"1";"1";"1";"1";""
"202300053432";"155 585 767";"A01";"1";"7";"0";"0";"3";"1";"1";""
"202300053433";"155 585 765";"A01";"1";"21";"0";"2";"6";"9";"1";""
"202300053433";"155 585 770";"B01";"1";"10";"0";"2";"2";"2";"1";""
"202300053434";"155 585 768";"A01";"2";"2";"0";"2";"9";"21";"1";""
"202300053434";"155 585 771";"B01";"1";"7";"0";"2";"1";"1";"1";""
"202300053434";"155 585 774";"C01";"2";"7";"0";"2";"6";"1";"1";""
"202300053435";"155 585 766";"A01";"1";"7";"13";"0";"1";"14";"1";""
"202300053436";"155 585 761";"A01";"2";"7";"3";"0";"1";"0";"1";""
"202300053437";"155 585 763";"B01";"1";"7";"0";"2";"4";"2";"1";""
"202300053437";"155 585 769";"A01";"1";"7";"0";"2";"1";"1";"1";""
"202300053437";"155 585 772";"C01";"1";"10";"0";"2";"4";"2";"1";""
"202300053438";"155 585 759";"A01";"3";"37";"0";"0";"7";"1";"1";"1"
"202300053438";"155 585 762";"B01";"0";"7";"0";"2";"1";"1";"1";""
"202300053439";"155 585 758";"A01";"2";"7";"8";"9";"3";"5";"1";""
"202300053439";"155 585 764";"B01";"2";"7";"6";"0";"4";"15";"0";""
"202300053440";"155 585 752";"A01";"2";"37";"0";"1";"2";"21";"1";"1"
"202300053441";"155 585 750";"A01";"1";"10";"8";"0";"1";"1";"1";""
"202300053442";"155 585 749";"A01";"1";"7";"0";"1";"1";"16";"1";""
"202300053443";"155 585 748";"A01";"1";"7";"0";"6";"1";"1";"1";""
"202300053443";"155 585 755";"B01";"1";"37";"0";"6";"1";"1";"1";"1"
"202300053444";"155 585 742";"A01";"2";"2";"0";"2";"8";"18";"1";""
"202300053444";"155 585 745";"B01";"2";"7";"0";"2";"7";"16";"1";""
"202300053445";"155 585 740";"D01";"1";"7";"0";"2";"4";"1";"1";""
"202300053445";"155 585 747";"E01";"1";"7";"0";"2";"7";"1";"1";""
"202300053445";"155 585 753";"A01";"1";"7";"0";"2";"1";"2";"1";""
"202300053445";"155 585 757";"B01";"1";"10";"0";"2";"7";"1";"1";""
"202300053445";"155 585 760";"C01";"1";"31";"0";"2";"5";"1";"1";""
"202300053446";"155 585 737";"A01";"2";"7";"0";"2";"1";"1";"1";""
"202300053446";"155 585 754";"B01";"2";"15";"0";"2";"4";"1";"1";""
"202300053447";"155 585 743";"A01";"3";"7";"0";"9";"5";"17";"0";""
"202300053447";"155 585 751";"B01";"3";"1";"0";"2";"2";"1";"5";""
"202300053448";"155 585 738";"B01";"2";"7";"0";"2";"1";"26";"1";""
"202300053448";"155 585 744";"A01";"2";"7";"0";"2";"4";"26";"1";""
"202300053449";"155 585 732";"A01";"1";"7";"0";"1";"7";"1";"0";""
"202300053450";"155 585 733";"A01";"3";"7";"0";"1";"2";"26";"1";""
"202300053451";"155 585 731";"A01";"2";"7";"0";"2";"2";"5";"1";""
"202300053451";"155 585 736";"B01";"2";"10";"0";"2";"2";"2";"1";""
"202300053451";"155 585 739";"C01";"2";"7";"0";"9";"3";"1";"1";""
"202300053452";"155 585 730";"A01";"3";"7";"0";"1";"4";"4";"0";""
"202300053453";"155 585 729";"A01";"1";"7";"0";"2";"5";"12";"1";""
"202300053453";"155 585 735";"B01";"1";"33";"0";"2";"1";"3";"1";""
"202300053454";"155 585 728";"A01";"2";"7";"0";"2";"2";"13";"1";""
"202300053454";"155 585 734";"B01";"2";"7";"0";"2";"6";"1";"1";""
"202300053454";"155 585 741";"C01";"1";"7";"13";"2";"1";"1";"1";""
"202300053454";"155 585 746";"D01";"1";"7";"0";"2";"2";"1";"1";""
"202300053454";"155 585 756";"E01";"2";"7";"0";"9";"8";"1";"1";""
"202300053455";"155 585 723";"A01";"1";"7";"9";"0";"9";"1";"1";""
"202300053456";"155 585 720";"B01";"1";"7";"0";"2";"2";"1";"1";""
"202300053456";"155 585 724";"C01";"1";"7";"0";"2";"1";"1";"1";""
"202300053456";"155 585 727";"A01";"1";"7";"0";"2";"6";"13";"1";""
"202300053457";"155 585 719";"A01";"1";"7";"0";"2";"1";"15";"1";""
"202300053457";"155 585 726";"B01";"2";"10";"0";"2";"1";"1";"1";""
"202300053458";"155 585 717";"A01";"2";"33";"2";"0";"1";"1";"1";""
"202300053459";"155 585 715";"A01";"1";"10";"0";"1";"1";"1";"1";""
"202300053460";"155 585 713";"A01";"1";"7";"15";"0";"2";"1";"0";""
"202300053461";"155 585 710";"B01";"2";"7";"0";"2";"5";"1";"1";""
"202300053461";"155 585 718";"A01";"2";"2";"0";"2";"1";"9";"1";""
"202300053462";"155 585 711";"B01";"1";"7";"0";"2";"6";"11";"1";""
"202300053462";"155 585 716";"C01";"1";"7";"0";"2";"3";"1";"1";""
"202300053462";"155 585 721";"A01";"1";"33";"0";"2";"8";"3";"1";""
"202300053463";"155 585 706";"A01";"1";"33";"0";"2";"3";"21";"1";""
"202300053463";"155 585 709";"B01";"1";"10";"0";"2";"5";"1";"1";""
"202300053464";"155 585 705";"C01";"1";"7";"0";"2";"4";"1";"2";""
"202300053464";"155 585 714";"B01";"1";"7";"0";"2";"4";"1";"1";""
"202300053464";"155 585 722";"A01";"1";"7";"0";"2";"1";"1";"1";""
"202300053465";"155 585 703";"A01";"2";"7";"14";"0";"1";"13";"4";""
"202300053466";"155 585 699";"A01";"2";"33";"0";"6";"1";"2";"1";""
"202300053467";"155 585 701";"A01";"1";"7";"0";"1";"3";"1";"6";""
"202300053468";"155 585 697";"A01";"2";"7";"0";"2";"3";"1";"1";""
"202300053468";"155 585 704";"B01";"1";"7";"0";"2";"6";"1";"1";""
"202300053469";"155 585 693";"A01";"3";"10";"0";"2";"1";"0";"0";""
"202300053469";"155 585 700";"B01";"3";"2";"0";"2";"7";"0";"1";""
"202300053470";"155 585 690";"A01";"1";"7";"0";"2";"1";"1";"1";""
"202300053470";"155 585 695";"B01";"1";"7";"0";"2";"4";"1";"1";""
"202300053471";"155 585 691";"A01";"2";"7";"2";"0";"1";"1";"6";""
"202300053472";"155 585 689";"A01";"1";"7";"0";"2";"2";"12";"0";""
"202300053472";"155 585 694";"B01";"1";"7";"0";"2";"3";"1";"0";""
"202300053473";"155 585 688";"B01";"1";"7";"0";"2";"2";"1";"1";""
"202300053473";"155 585 698";"C01";"1";"7";"0";"2";"2";"1";"1";""
"202300053473";"155 585 702";"D01";"1";"37";"0";"2";"6";"1";"1";"1"
"202300053473";"155 585 707";"A01";"2";"7";"0";"2";"8";"11";"1";""
"202300053474";"155 585 687";"A01";"1";"50";"0";"2";"7";"17";"1";""
"202300053474";"155 585 692";"B01";"1";"7";"0";"9";"8";"2";"1";""
"202300053475";"155 585 684";"A01";"3";"7";"7";"1";"4";"4";"1";""
"202300053476";"155 585 683";"A01";"1";"7";"13";"0";"9";"1";"1";""
"202300053477";"155 585 675";"A01";"3";"7";"0";"2";"8";"9";"1";""
"202300053477";"155 585 681";"B01";"3";"2";"0";"2";"1";"1";"1";""
"202300053478";"155 585 673";"B01";"1";"7";"0";"2";"4";"1";"1";""
"202300053478";"155 585 678";"A01";"1";"10";"0";"2";"1";"1";"1";""
"202300053479";"155 585 674";"B01";"2";"7";"0";"2";"1";"1";"1";""
"202300053479";"155 585 682";"A01";"1";"7";"15";"2";"2";"15";"1";""
"202300053480";"155 585 672";"A01";"2";"10";"0";"2";"1";"1";"1";""
"202300053480";"155 585 679";"B01";"2";"7";"0";"2";"4";"1";"1";""
"202300053480";"155 585 685";"C01";"2";"17";"0";"2";"4";"1";"1";""
"202300053481";"155 585 667";"A01";"1";"7";"0";"2";"1";"13";"1";""
"202300053481";"155 585 676";"B01";"2";"7";"0";"2";"1";"1";"1";""
"202300053482";"155 585 671";"A01";"1";"7";"0";"1";"3";"15";"1";""
"202300053483";"155 585 670";"B01";"1";"7";"0";"2";"2";"24";"1";""
"202300053483";"155 585 680";"A01";"2";"7";"1";"0";"2";"14";"1";""
"202300053484";"155 585 666";"D01";"1";"7";"0";"2";"4";"2";"1";""
"202300053484";"155 585 677";"A01";"1";"7";"0";"2";"1";"2";"1";""
"202300053484";"155 585 686";"C01";"1";"7";"0";"2";"4";"2";"1";""
"202300053484";"155 585 696";"B01";"1";"7";"0";"2";"4";"2";"1";""
"202300053485";"155 585 665";"A01";"2";"7";"0";"2";"1";"2";"1";""
"202300053485";"155 585 669";"B01";"2";"10";"0";"0";"4";"23";"1";""
"202300053486";"155 585 662";"A01";"2";"7";"0";"2";"3";"26";"1";""
"202300053486";"155 585 668";"B01";"1";"7";"0";"2";"3";"0";"2";""
"202300053487";"155 585 661";"A01";"1";"1";"0";"0";"0";"1";"5";""
"202300053488";"155 585 658";"B01";"3";"7";"0";"2";"4";"1";"1";""
"202300053488";"155 585 663";"A01";"3";"33";"0";"2";"1";"14";"1";""
"202300053489";"155 585 655";"B01";"2";"1";"0";"2";"1";"1";"5";""
"202300053489";"155 585 660";"A01";"1";"7";"0";"2";"3";"15";"1";""
"202300053490";"155 585 653";"A01";"1";"1";"0";"2";"1";"19";"5";""
"202300053490";"155 585 659";"B01";"2";"2";"0";"2";"5";"1";"1";""
"202300053491";"155 585 654";"B01";"3";"50";"0";"2";"1";"0";"3";""
"202300053491";"155 585 664";"A01";"3";"7";"0";"2";"6";"15";"1";""
"202300053492";"155 585 648";"A01";"1";"33";"2";"0";"1";"1";"1";""
"202300053493";"155 585 650";"B01";"3";"2";"0";"2";"1";"1";"1";""
"202300053493";"155 585 657";"A01";"3";"10";"0";"2";"2";"20";"1";""
"202300053494";"155 585 644";"A01";"1";"32";"0";"2";"4";"2";"1";""
"202300053495";"155 585 646";"B01";"2";"7";"0";"2";"4";"2";"1";""
"202300053495";"155 585 651";"C01";"2";"7";"0";"0";"4";"2";"1";""
"202300053495";"155 585 656";"A01";"2";"7";"0";"2";"1";"12";"1";""
"202300053496";"155 585 643";"A01";"2";"7";"0";"2";"6";"11";"1";""
"202300053496";"155 585 649";"B01";"2";"31";"0";"2";"7";"1";"1";""
"202300053497";"155 585 642";"B01";"2";"7";"4";"2";"6";"1";"1";""
"202300053497";"155 585 647";"A01";"2";"7";"4";"2";"1";"0";"1";""
"202300053497";"155 585 652";"C01";"2";"7";"4";"2";"4";"1";"1";""
"202300053498";"155 585 640";"A01";"1";"7";"0";"2";"3";"13";"1";""
"202300053498";"155 585 645";"B01";"1";"33";"0";"0";"8";"1";"1";""
"202300053499";"155 585 638";"A01";"1";"7";"2";"0";"1";"0";"1";""
"202300053500";"155 585 636";"A01";"3";"37";"0";"1";"6";"1";"4";"1"
"202300053501";"155 585 632";"A01";"1";"10";"0";"0";"0";"1";"1";""
"202300053502";"155 585 633";"A01";"1";"7";"0";"2";"1";"1";"1";""
"202300053502";"155 585 639";"B01";"2";"1";"0";"2";"0";"0";"0";""
"202300053503";"155 585 637";"B01";"1";"1";"0";"0";"6";"15";"5";""
"202300053503";"155 585 641";"A01";"1";"10";"0";"9";"2";"17";"1";""
"202300053504";"155 585 623";"B01";"1";"7";"0";"2";"4";"1";"1";""
"202300053504";"155 585 628";"D01";"1";"7";"0";"2";"4";"1";"1";""
"202300053504";"155 585 629";"A01";"1";"7";"0";"2";"1";"1";"1";""
"202300053504";"155 585 635";"C01";"1";"7";"0";"2";"4";"1";"1";""
"202300053505";"155 585 620";"B01";"1";"7";"0";"2";"4";"2";"1";""
"202300053505";"155 585 631";"A01";"1";"10";"0";"2";"1";"2";"1";""
"202300053506";"155 585 622";"A01";"2";"7";"0";"2";"1";"13";"6";""
"202300053506";"155 585 626";"B01";"1";"7";"0";"2";"1";"1";"1";""
"202300053507";"155 585 624";"B01";"2";"7";"0";"2";"3";"1";"1";""
"202300053507";"155 585 634";"A01";"1";"50";"0";"2";"2";"19";"3";""
"202300053508";"155 585 619";"A01";"1";"7";"0";"0";"1";"9";"1";""
"202300053509";"155 585 618";"A01";"2";"7";"0";"0";"0";"0";"1";""
"202300053510";"155 585 621";"A01";"1";"7";"0";"2";"1";"1";"1";""
"202300053510";"155 585 627";"B01";"2";"7";"0";"2";"8";"1";"1";""
"202300053511";"155 585 616";"A01";"3";"7";"0";"1";"1";"1";"1";""
"202300053512";"155 585 614";"A01";"1";"7";"3";"2";"1";"2";"1";""
"202300053513";"155 585 610";"A01";"1";"33";"0";"2";"1";"1";"1";""
"202300053513";"155 585 612";"B01";"1";"7";"0";"2";"4";"2";"1";""
"202300053514";"155 585 615";"X01";"1";"7";"0";"0";"0";"0";"0";""
"202300053514";"155 585 625";"B01";"1";"13";"0";"2";"8";"2";"1";""
"202300053514";"155 585 630";"A01";"1";"7";"0";"2";"4";"2";"1";""
"202300053515";"155 585 611";"B01";"2";"7";"0";"2";"1";"1";"1";""
"202300053515";"155 585 617";"A01";"2";"7";"0";"2";"8";"1";"1";""
"202300053516";"155 585 604";"A01";"2";"7";"6";"0";"2";"1";"0";""
"202300053517";"155 585 605";"A01";"1";"7";"0";"1";"1";"1";"1";""
"202300053518";"155 585 602";"A01";"1";"7";"0";"2";"3";"1";"0";""
"202300053518";"155 585 607";"B01";"2";"33";"0";"2";"4";"1";"0";""
"202300053519";"155 585 599";"A01";"1";"10";"4";"0";"2";"1";"1";""
"202300053520";"155 585 598";"A01";"3";"7";"0";"2";"3";"1";"1";""
"202300053520";"155 585 603";"B01";"3";"7";"0";"2";"1";"1";"3";""
"202300053520";"155 585 608";"C01";"3";"7";"0";"2";"2";"15";"2";""
"202300053521";"155 585 606";"A01";"2";"7";"0";"1";"2";"1";"1";""
"202300053522";"155 585 597";"A01";"2";"2";"0";"2";"3";"15";"1";""
"202300053522";"155 585 600";"B01";"2";"7";"0";"2";"7";"17";"1";""
"202300053523";"155 585 593";"A01";"2";"7";"0";"2";"1";"1";"1";""
"202300053523";"155 585 596";"B01";"2";"7";"4";"2";"4";"1";"1";""
"202300053524";"155 585 594";"A01";"2";"21";"13";"0";"7";"14";"1";""
"202300053525";"155 585 591";"C01";"2";"7";"0";"2";"4";"1";"1";""
"202300053525";"155 585 595";"A01";"2";"7";"0";"2";"1";"1";"1";""
"202300053525";"155 585 601";"B01";"2";"7";"0";"2";"4";"0";"1";""
"202300053526";"155 585 587";"A01";"2";"7";"0";"2";"0";"15";"1";""
"202300053526";"155 585 592";"B01";"1";"30";"0";"2";"1";"1";"1";""
"202300053527";"155 585 586";"A01";"2";"7";"0";"9";"4";"1";"1";""
"202300053528";"155 585 585";"A01";"1";"7";"2";"0";"2";"1";"1";""
"202300053529";"155 585 583";"A01";"1";"30";"0";"2";"1";"17";"0";""
"202300053529";"155 585 589";"B01";"1";"7";"0";"2";"8";"15";"1";""
"202300053530";"155 585 579";"B01";"1";"7";"0";"2";"5";"1";"2";""
"202300053530";"155 585 588";"A01";"1";"31";"0";"2";"3";"3";"1";""
"202300053531";"155 585 578";"B01";"2";"33";"0";"2";"8";"1";"1";""
"202300053531";"155 585 584";"A01";"2";"33";"0";"2";"2";"15";"1";""
"202300053532";"155 585 577";"A01";"2";"2";"0";"2";"1";"17";"1";""
"202300053532";"155 585 581";"B01";"1";"7";"0";"2";"1";"1";"1";""
"202300053532";"155 585 590";"C01";"2";"7";"0";"2";"1";"1";"1";""
"202300053533";"155 585 576";"A01";"1";"7";"0";"2";"7";"1";"1";""
"202300053533";"155 585 580";"B01";"1";"1";"0";"2";"8";"1";"5";""
"202300053534";"155 585 574";"A01";"3";"1";"12";"0";"0";"0";"5";""
"202300053535";"155 585 571";"A01";"2";"7";"0";"2";"1";"2";"1";""
"202300053535";"155 585 575";"B01";"2";"7";"0";"2";"4";"2";"1";""
"202300053535";"155 585 582";"C01";"2";"7";"0";"2";"4";"2";"1";""
"202300053536";"155 585 572";"A01";"1";"7";"4";"2";"1";"16";"1";""
"202300053537";"155 585 570";"A01";"1";"7";"6";"0";"1";"6";"1";""
"202300053538";"155 585 566";"B01";"2";"7";"0";"2";"1";"1";"1";""
"202300053538";"155 585 573";"A01";"1";"7";"0";"2";"1";"1";"1";""
"202300053539";"155 585 567";"A01";"3";"10";"0";"1";"0";"15";" -1";""
"202300053540";"155 585 563";"A01";"1";"33";"0";"2";"3";"1";"1";""
"202300053540";"155 585 568";"B01";"2";"10";"0";"2";"3";"1";"1";""
"202300053541";"155 585 562";"A01";"1";"7";"13";"0";"3";"1";"1";""
"202300053542";"155 585 564";"A01";"1";"7";"0";"1";"2";"1";"1";""
"202300053543";"155 585 560";"A01";"3";"50";"0";"2";"1";"5";"3";""
"202300053543";"155 585 569";"B01";"3";"7";"0";"9";"2";"20";"1";""
"202300053544";"155 585 559";"A01";"2";"33";"0";"2";"1";"2";"1";""
"202300053544";"155 585 561";"B01";"2";"7";"0";"2";"7";"1";"1";""
"202300053545";"155 585 557";"A01";"1";"7";"0";"2";"2";"1";"0";""
"202300053545";"155 585 565";"B01";"1";"1";"0";"2";"8";"1";"5";""
"202300053546";"155 585 556";"A01";"1";"7";"1";"0";"1";"26";"2";""
"202300053547";"155 585 555";"A01";"1";"33";"0";"2";"7";"0";"1";""
"202300053547";"155 585 558";"B01";"1";"7";"0";"2";"8";"0";"1";""
"202300053548";"155 585 551";"A01";" -1";"7";"0";"1";"2";"1";"3";""
"202300053549";"155 585 552";"A01";"1";"10";"0";"1";"7";"1";"1";""
"202300053550";"155 585 542";"A01";"1";"10";"0";"2";"1";"0";"1";""
"202300053550";"155 585 549";"B01";"1";"7";"0";"2";"6";"1";"1";""
"202300053551";"155 585 548";"A01";"3";"7";"0";"1";"0";"15";"1";""
"202300053552";"155 585 546";"A01";"2";"7";"0";"2";"3";"1";"1";""
"202300053552";"155 585 550";"B01";"1";"7";"0";"2";"3";"13";"1";""
"202300053553";"155 585 543";"B01";"1";"2";"0";"2";"0";"0";"0";""
"202300053553";"155 585 554";"A01";"1";"7";"0";"2";"1";"2";"0";""
"202300053554";"155 585 545";"B01";"1";"2";"0";"2";"1";"1";"1";""
"202300053554";"155 585 553";"A01";"2";"10";"0";"2";"2";"15";"1";""
"202300053555";"155 585 538";"A01";"2";"7";"16";"0";"3";"1";"1";""
"202300053556";"155 585 537";"A01";"2";"7";"4";"0";"7";"26";"1";""
"202300053557";"155 585 539";"A01";"1";"7";"0";"2";"3";"15";"3";""
"202300053557";"155 585 544";"B01";"1";"50";"0";"2";"2";"17";"3";""
"202300053558";"155 585 530";"B01";"2";"33";"0";"2";"1";"1";"1";""
"202300053558";"155 585 534";"A01";"2";"10";"0";"2";"8";"11";"1";""
"202300053559";"155 585 535";"A01";"1";"7";"6";"0";"1";"15";"1";""
"202300053560";"155 585 528";"A01";"1";"7";"0";"1";"1";"2";"1";""
"202300053561";"155 585 526";"A01";"2";"7";"0";"2";"3";"5";"1";""
"202300053561";"155 585 532";"B01";"1";"7";"0";"2";"1";"1";"1";""
"202300053562";"155 585 525";"B01";"2";"7";"0";"2";"4";"2";"1";""
"202300053562";"155 585 533";"C01";"2";"7";"0";"2";"4";"2";"1";""
"202300053562";"155 585 536";"D01";"2";"7";"0";"2";"1";"2";"1";""
"202300053562";"155 585 541";"A01";"2";"7";"0";"2";"4";"2";"1";""
"202300053563";"155 585 524";"A01";"1";"7";"0";"2";"1";"1";"1";""
"202300053563";"155 585 531";"B01";"2";"7";"0";"2";"3";"1";"1";""
"202300053564";"155 585 520";"A01";"2";"7";"0";"2";"2";"1";"1";""
"202300053564";"155 585 527";"B01";"0";"10";"0";"2";"3";"9";"1";""
"202300053565";"155 585 517";"B01";"1";"7";"0";"2";"1";"17";"1";""
"202300053565";"155 585 522";"A01";"1";"10";"0";"2";"1";"1";"1";""
"202300053566";"155 585 516";"C01";"1";"7";"0";"2";"1";"1";"1";""
"202300053566";"155 585 521";"A01";"2";"7";"0";"2";"1";"13";"1";""
"202300053566";"155 585 529";"B01";"1";"15";"0";"2";"0";"1";"1";""
"202300053567";"155 585 513";"B01";"1";"33";"0";"0";"7";"2";"1";""
"202300053567";"155 585 518";"C01";"1";"7";"0";"2";"2";"2";"0";""
"202300053567";"155 585 523";"A01";"1";"1";"0";"2";"8";"2";"5";""
"202300053568";"155 585 509";"A01";"1";"7";"0";"1";"1";"1";"1";""
"202300053569";"155 585 505";"B01";"1";"7";"0";"2";"4";"2";"1";""
"202300053569";"155 585 512";"C01";"1";"7";"0";"2";"1";"2";"1";""
"202300053569";"155 585 514";"D01";"1";"7";"0";"2";"1";"2";"2";""
"202300053569";"155 585 519";"A01";"1";"7";"0";"2";"4";"2";"2";""
"202300053570";"155 585 504";"B01";"2";"1";"0";"2";"8";"2";"0";""
"202300053570";"155 585 515";"A01";"1";"7";"0";"2";"1";"19";"1";""
"202300053571";"155 585 507";"A01";"3";"7";"0";"1";"4";"20";"0";""
"202300053572";"155 585 503";"A01";"2";"2";"0";"2";"1";"13";"1";""
"202300053572";"155 585 510";"B01";"1";"7";"0";"2";"3";"1";"1";""
"202300053573";"155 585 502";"A01";"1";"7";"0";"0";"1";"13";"1";""