"Num_Acc";"id_vehicule";"num_veh";"senc";"catv";"obs";"obsm";"choc";"manv";"motor";"occutc"
"202300053785";"155 585 136";"Z01";"1";"7";"0";"1";"1";"1";"1";""
"202300053786";"155 585 130";"A01";"1";"7";"0";"2";"1";"21";"1";""
"202300053786";"155 585 135";"B01";"1";"7";"0";"2";"4";"1";"1";""
"202300053786";"155 585 137";"C01";"1";"7";"0";"2";"5";"1";"1";""
"202300053787";"155 585 128";"A01";"2";"7";"0";"2";"1";"2";"1";""
"202300053787";"155 585 134";"B01";"2";"7";"0";"2";"4";"23";"1";""
"202300053788";"155 585 125";"B01";"1";"7";"0";"2";"0";"0";"1";""
"202300053788";"155 585 133";"A01";"2";"7";"0";"2";"1";"1";"1";""
"202300053789";"155 585 122";"A01";"1";"7";"0";"2";"3";"15";"1";""
"202300053789";"155 585 132";"B01";"2";"2";"0";"2";"1";"1";"1";""
"202300053790";"155 585 121";"A01";"1";"7";"0";"2";"5";"2";"1";""
"202300053790";"155 585 129";"B01";"1";"7";"0";"2";"2";"2";"1";""
"202300053791";"155 585 124";"A01";"2";"7";"0";"1";"2";"1";"2";""
"202300053792";"155 585 123";"A01";"1";"7";"0";"2";"3";"15";"1";""
"202300053792";"155 585 127";"B01";"2";"60";"0";"2";"3";"1";"5";""
"202300053793";"155 585 119";"A01";"2";"7";"9";"0";"1";"13";"1";""
"202300053794";"155 585 120";"A01";"1";"7";"0";"2";"1";"1";"1";""
"202300053794";"155 585 126";"B01";"2";"7";"0";"2";"5";"15";"1";""
"202300053795";"155 585 110";"X01";"1";"7";"0";"9";"0";"0";"0";""
"202300053795";"155 585 115";"A01";"0";"30";"0";"2";"3";"16";"1";""
"202300053796";"155 585 108";"A01";"2";"32";"0";"2";"1";"2";"1";""
"202300053796";"155 585 114";"B01";"2";"32";"0";"2";"4";"11";"1";""
"202300053796";"155 585 118";"C01";"2";"7";"0";"2";"8";"1";"1";""
"202300053797";"155 585 112";"B01";"2";"30";"0";"2";"1";"21";"1";""
"202300053797";"155 585 117";"A01";"1";"10";"0";"2";"3";"15";"1";""
"202300053798";"155 585 106";"A01";"2";"7";"0";"1";"1";"0";"1";""
"202300053799";"155 585 104";"A01";"2";"7";"0";"2";"1";"19";"1";""
"202300053799";"155 585 116";"B01";"2";"33";"0";"2";"7";"2";"1";""
"202300053800";"155 585 102";"A01";"1";"7";"0";"2";"1";"26";"1";""
"202300053800";"155 585 105";"B01";"1";"33";"0";"2";"7";"1";"1";""
"202300053801";"155 585 101";"A01";"1";"50";"0";"2";"1";"16";"3";""
"202300053801";"155 585 107";"B01";"1";"7";"0";"2";"5";"16";"1";""
"202300053802";"155 585 103";"B01";"0";"33";"0";"2";"7";"0";"1";""
"202300053802";"155 585 113";"A01";"0";"0";"0";"2";"0";"0";"1";""
"202300053803";"155 585 100";"B01";"1";"17";"0";"2";"5";"1";"1";""
"202300053803";"155 585 109";"A01";"1";"33";"0";"2";"1";"1";"1";""
"202300053804";"155 585 099";"A01";"2";"10";"0";"2";"6";"1";"1";""
"202300053804";"155 585 111";"B01";"1";"34";"0";"2";"1";"1";"1";""
"202300053805";"155 585 098";"A01";"2";"7";"3";"0";"1";"1";"1";""
"202300053806";"155 585 095";"A01";"1";"7";"0";"0";"1";"1";"1";""
"202300053807";"155 585 091";"A01";"1";"3";"16";"0";"1";"1";"1";""
"202300053808";"155 585 092";"A01";"1";"7";"0";"1";"3";"1";"1";""
"202300053809";"155 585 088";"A01";"0";"7";"0";"0";"4";"24";"3";""
"202300053809";"155 585 096";"B01";"0";"1";"1";"0";"1";"2";"5";""
"202300053810";"155 585 087";"A01";"2";"30";"14";"0";"1";"2";"1";""
"202300053810";"155 585 093";"B01";"2";"7";"0";"2";"4";"2";"1";""
"202300053811";"155 585 085";"A01";"2";"10";"0";"2";"1";"2";"1";""
"202300053811";"155 585 089";"B01";"2";"33";"0";"2";"4";"23";"1";""
"202300053811";"155 585 097";"C01";"1";"7";"0";"2";"8";"13";"1";""
"202300053812";"155 585 086";"A01";"3";"7";"0";"1";"2";"1";"1";""
"202300053813";"155 585 084";"A01";"1";"7";"0";"2";"1";"15";"1";""
"202300053813";"155 585 090";"B01";"2";"50";"0";"2";"8";"19";"3";""
"202300053814";"155 585 083";"A01";"1";"7";"0";"1";"1";"21";"0";""
"202300053815";"155 585 079";"A01";"1";"7";"12";"0";"2";"1";"1";""
"202300053816";"155 585 072";"B01";"3";"7";"0";"2";"2";"1";"1";""
"202300053816";"155 585 082";"A01";"3";"7";"0";"2";"1";"9";"1";""
"202300053817";"155 585 074";"B01";"1";"7";"0";"2";"5";"17";"1";""
"202300053817";"155 585 078";"A01";"1";"31";"0";"2";"3";"1";"1";""
"202300053818";"155 585 071";"A01";"0";"7";"0";"2";"1";"1";"1";""
"202300053818";"155 585 077";"B01";"0";"7";"0";"2";"7";"19";"1";""
"202300053819";"155 585 073";"A01";"2";"7";"8";"0";"2";"1";"1";""
"202300053820";"155 585 075";"B01";"3";"1";"0";"2";"4";"2";"5";""
"202300053820";"155 585 080";"A01";"3";"10";"0";"2";"1";"1";"1";""
"202300053821";"155 585 070";"C01";"3";"7";"0";"2";"7";"0";"1";""
"202300053821";"155 585 076";"B01";"3";"2";"0";"2";"7";"1";"1";""
"202300053821";"155 585 081";"Z01";"3";"7";"0";"2";"3";"20";"0";""
"202300053822";"155 585 067";"A01";"2";"30";"4";"0";"1";"13";"1";""
"202300053823";"155 585 065";"B01";"3";"30";"0";"2";"1";"1";"1";""
"202300053823";"155 585 068";"A01";"3";"7";"0";"2";"8";"15";"1";""
"202300053824";"155 585 053";"A01";"1";"7";"0";"1";"4";"4";"1";""
"202300053825";"155 585 052";"B01";"2";"7";"0";"2";"1";"2";"1";""
"202300053825";"155 585 059";"A01";"2";"7";"0";"2";"0";"19";"3";""
"202300053826";"155 585 051";"B01";"2";"80";"0";"2";"2";"1";"3";""
"202300053826";"155 585 060";"A01";"1";"32";"0";"2";"3";"16";"1";""
"202300053827";"155 585 056";"B01";"1";"2";"0";"2";"8";"1";"1";""
"202300053827";"155 585 066";"A01";"2";"7";"0";"0";"1";"15";"1";""
"202300053828";"155 585 049";"A01";"1";"7";"0";"2";"1";"2";"1";""
"202300053828";"155 585 054";"B01";"1";"7";"0";"2";"4";"1";"1";""
"202300053828";"155 585 062";"C01";"1";"7";"0";"2";"4";"23";"1";""
"202300053829";"155 585 050";"A01";"3";"7";"2";"0";"1";"6";"1";""
"202300053830";"155 585 046";"A01";"1";"7";"0";"1";"2";"15";"1";""
"202300053831";"155 585 041";"B01";"0";"7";"0";"2";"6";"15";"1";""
"202300053831";"155 585 045";"A01";"0";"7";"0";"2";"2";"17";"1";""
"202300053832";"155 585 042";"A01";"2";"7";"0";"1";"1";"21";"1";""
"202300053833";"155 585 039";"A01";"1";"30";"0";"0";"7";"2";"0";""
"202300053834";"155 585 038";"A01";"3";"7";"0";"1";"3";"1";"0";""
"202300053835";"155 585 040";"A01";"3";"34";"0";"2";"1";"19";"1";""
"202300053835";"155 585 047";"B01";"3";"7";"0";"2";"2";"1";"1";""
"202300053836";"155 585 036";"B01";"1";"50";"0";"2";"7";"1";"3";""
"202300053836";"155 585 043";"Z01";"2";"7";"0";"0";"0";"15";"0";""
"202300053837";"155 585 033";"A01";"1";"7";"8";"0";"2";"26";"1";""
"202300053838";"155 585 035";"A01";"0";"7";"0";"2";"2";"16";"1";""
"202300053838";"155 585 037";"B01";"0";"7";"0";"2";"3";"1";"1";""
"202300053839";"155 585 034";"A01";"2";"7";"0";"0";"5";"26";"1";""
"202300053840";"155 585 031";"A01";"1";"7";"13";"0";"3";"1";"1";""
"202300053841";"155 585 025";"Z01";"1";"7";"0";"2";"3";"9";"1";""
"202300053841";"155 585 032";"A01";"2";"33";"0";"2";"1";"1";"1";""
"202300053842";"155 585 023";"A01";"1";"1";"0";"1";"1";"14";"5";""
"202300053843";"155 585 022";"A01";"0";"1";"0";" -1";"8";"1";"5";""
"202300053844";"155 585 021";"C01";"1";"7";"0";"2";"2";"1";"1";""
"202300053844";"155 585 026";"B01";"2";"7";"0";"2";"3";"1";"1";""
"202300053844";"155 585 030";"A01";"1";"33";"0";"2";"8";"17";"1";""
"202300053845";"155 585 019";"A01";"2";"7";"0";"2";"3";"9";"1";""
"202300053845";"155 585 027";"B01";"3";"31";"0";"2";"5";"1";"1";""
"202300053846";"155 585 018";"C01";"2";"7";"0";"2";"4";"2";"1";""
"202300053846";"155 585 024";"A01";"2";"7";"0";"2";"1";"2";"1";""
"202300053846";"155 585 029";"B01";"2";"7";"0";"2";"4";"2";"1";""
"202300053847";"155 585 017";"A01";"2";"10";"0";"1";"3";"16";"1";""
"202300053848";"155 585 015";"A01";"1";"10";"0";"2";"1";"0";"1";""
"202300053848";"155 585 020";"B01";"1";"7";"0";"2";"4";"0";"0";""
"202300053849";"155 585 016";"A01";"2";"33";"0";"0";"1";"1";"1";""
"202300053850";"155 585 011";"A01";"1";"7";"0";"2";"3";"9";"1";""
"202300053850";"155 585 014";"B01";"1";"33";"0";"2";"2";"2";"1";""
"202300053851";"155 585 007";"A01";"2";"7";"0";"1";"1";"1";"1";""
"202300053852";"155 585 005";"A01";"1";"7";"0";"2";"2";"1";"1";""
"202300053852";"155 585 013";"B01";"1";"7";"0";"2";"3";"16";"1";""
"202300053853";"155 585 003";"A01";"1";"7";"0";"2";"2";"15";"1";""
"202300053853";"155 585 009";"B01";"1";"31";"0";"2";"0";"0";"1";""
"202300053854";"155 585 002";"B01";"3";"7";"0";"2";"1";"1";"1";""
"202300053854";"155 585 008";"C01";"3";"7";"0";"2";"1";"1";"1";""
"202300053854";"155 585 012";"A01";"3";"7";"0";"2";"1";"1";"1";""
"202300053855";"155 584 999";"A01";"2";"3";"3";"0";"1";"1";"1";""
"202300053856";"155 585 000";"A01";"2";"7";"0";"2";"1";"13";"1";""
"202300053856";"155 585 006";"B01";"1";"7";"0";"2";"6";"2";"1";""
"202300053856";"155 585 010";"C01";"1";"7";"0";"2";"1";"2";"1";""
"202300053857";"155 584 998";"A01";"3";"7";"0";"2";"2";"5";"1";""
"202300053857";"155 585 004";"B01";"3";"7";"0";"2";"5";"22";"1";""
"202300053858";"155 585 001";"A01";"3";"37";"0";"1";"1";"15";"1";"1"
"202300053859";"155 584 996";"A01";"1";"10";"0";"1";"7";"1";"1";""
"202300053860";"155 584 995";"A01";"2";"7";"0";"2";"7";"12";"1";""
"202300053860";"155 584 997";"B01";"2";"7";"7";"2";"1";"18";"1";""
"202300053861";"155 584 992";"A01";"1";"50";"0";"0";"8";"25";"3";""
"202300053862";"155 584 990";"A01";"1";"10";"0";"1";"1";"1";"1";""
"202300053863";"155 584 989";"A01";"3";"1";"0";"2";"1";"1";"5";""
"202300053863";"155 584 994";"B01";"3";"1";"0";"2";"1";"1";"5";""
"202300053864";"155 584 985";"A01";"2";"7";"0";"2";"2";"13";"1";""
"202300053864";"155 584 991";"B01";"2";"30";"0";"2";"1";"13";"1";""
"202300053865";"155 584 987";"A01";"3";"7";"1";"1";"5";"24";"1";""
"202300053866";"155 584 986";"A01";"2";"7";"0";"1";"2";"1";"1";""
"202300053867";"155 584 984";"B01";"3";"1";"0";"2";"3";"1";"5";""
"202300053867";"155 584 993";"A01";"3";"10";"0";"2";"2";"1";"1";""
"202300053868";"155 584 983";"B01";"2";"7";"0";"2";"5";"2";"1";""
"202300053868";"155 584 988";"A01";"2";"1";"0";"2";"1";"2";"5";""
"202300053869";"155 584 982";"A01";"1";"7";"2";"0";"1";"0";"0";""
"202300053870";"155 584 981";"A01";"3";"7";"0";"1";"8";"13";"2";""
"202300053871";"155 584 977";"A01";"1";"7";"0";"1";"2";"1";"1";""
"202300053872";"155 584 978";"A01";"2";"7";"0";"2";"8";"11";"1";""
"202300053872";"155 584 980";"B01";"2";"33";"0";"2";"7";"2";"1";""
"202300053873";"155 584 972";"B01";"1";"7";"0";"2";"8";"1";"1";""
"202300053873";"155 584 979";"A01";"1";"7";"0";"2";"1";"1";"1";""
"202300053874";"155 584 971";"A01";"2";"7";"9";"0";"1";"14";"1";""
"202300053875";"155 584 968";"A01";"1";"2";"11";"2";"5";"17";"1";""
"202300053875";"155 584 975";"B01";"2";"10";"0";"2";"5";"4";"1";""
"202300053876";"155 584 969";"A01";"1";"7";"13";"0";"2";"14";"1";""
"202300053877";"155 584 970";"B01";"1";"3";"0";"2";"3";"0";"1";""
"202300053877";"155 584 976";"A01";"1";"7";"0";"2";"2";"2";"1";""
"202300053878";"155 584 963";"B01";"2";"7";"0";"2";"1";"26";"1";""
"202300053878";"155 584 973";"A01";"2";"7";"0";"2";"1";"26";"1";""
"202300053879";"155 584 965";"A01";"2";"14";"0";"0";"7";"14";"1";""
"202300053880";"155 584 967";"B01";"2";"50";"0";"2";"1";"1";"3";""
"202300053880";"155 584 974";"Z01";"1";"7";"0";"2";"1";"1";"1";""
"202300053881";"155 584 962";"A01";"1";"80";"0";"2";"1";"1";"3";""
"202300053881";"155 584 966";"B01";"2";"50";"0";"2";"1";"13";"3";""
"202300053882";"155 584 961";"B01";"2";"1";"0";"2";"8";"1";"5";""
"202300053882";"155 584 964";"A01";"1";"7";"0";"2";"1";"15";"1";""
"202300053883";"155 584 958";"A01";"1";"80";"1";"0";"1";"15";"3";""
"202300053884";"155 584 950";"A01";"2";"7";"0";"1";"1";"15";"1";""
"202300053885";"155 584 949";"A01";"1";"36";"0";"2";"1";"1";"1";""
"202300053885";"155 584 955";"B01";"3";"7";"0";"2";"4";"26";"1";""
"202300053886";"155 584 945";"D01";"3";"7";"0";"2";"4";"1";"1";""
"202300053886";"155 584 951";"C01";"3";"7";"0";"2";"4";"1";"1";""
"202300053886";"155 584 956";"A01";"3";"7";"0";"2";"1";"1";"1";""
"202300053886";"155 584 959";"B01";"3";"7";"0";"2";"4";"1";"1";""
"202300053887";"155 584 946";"A01";"1";"7";"0";"2";"3";"15";"1";""
"202300053887";"155 584 957";"B01";"2";"7";"0";"2";"2";"1";"1";""
"202300053888";"155 584 944";"A01";"1";"7";"0";"2";"8";"1";"1";""
"202300053888";"155 584 954";"B01";"2";"80";"0";"2";"8";"23";"3";""
"202300053889";"155 584 943";"A01";"3";"33";"0";"2";"1";"2";"1";""
"202300053889";"155 584 952";"B01";"3";"7";"0";"2";"4";"15";"1";""
"202300053890";"155 584 942";"B01";"2";"7";"0";"2";"3";"15";"1";""
"202300053890";"155 584 953";"A01";"1";"50";"0";"2";"1";"5";"3";""
"202300053891";"155 584 940";"A01";"2";"33";"1";"2";"1";"3";"1";""
"202300053891";"155 584 947";"C01";"2";"7";"0";"2";"8";"23";"1";""
"202300053891";"155 584 960";"B01";"2";"43";"1";"2";"1";"3";"1";""
"202300053892";"155 584 939";"B01";"1";"33";"0";"2";"6";"1";"1";""
"202300053892";"155 584 948";"A01";"3";"7";"0";"2";"2";"15";"1";""
"202300053893";"155 584 937";"B01";"1";"10";"0";"2";"2";"22";"1";""
"202300053893";"155 584 941";"A01";"1";"10";"0";"2";"5";"4";"1";""
"202300053894";"155 584 930";"A01";"2";"50";"0";"0";"1";"1";"3";""
"202300053895";"155 584 929";"A01";"3";"50";"0";"1";"1";"2";"3";""
"202300053896";"155 584 925";"B01";"3";"1";"0";"2";"8";"1";"5";""
"202300053896";"155 584 936";"A01";"2";"7";"0";"2";"1";"1";"1";""
"202300053897";"155 584 926";"A01";"2";"31";"0";"0";"2";"19";"1";""
"202300053897";"155 584 934";"B01";"1";"1";"0";"0";"1";"1";"5";""
"202300053898";"155 584 924";"A01";"3";"3";"1";"0";"0";"1";"1";""
"202300053898";"155 584 933";"Z01";"3";"0";"0";"2";"0";"26";"0";""
"202300053899";"155 584 927";"A01";"1";"10";"0";"1";"2";"1";"1";""
"202300053900";"155 584 923";"A01";"1";"80";"0";"2";"8";"15";"3";""
"202300053900";"155 584 931";"B01";"1";"32";"0";"2";"7";"1";"1";""
"202300053901";"155 584 922";"A01";"1";"7";"0";"1";"3";"1";"1";""
"202300053902";"155 584 920";"A01";"2";"7";"0";"2";"1";"1";"1";""
"202300053902";"155 584 928";"B01";"2";"7";"0";"2";"1";"0";"1";""
"202300053903";"155 584 916";"A01";"1";"7";"0";"0";"0";"14";"0";""
"202300053904";"155 584 914";"A01";"2";"7";"0";"2";"1";"2";"1";""
"202300053904";"155 584 921";"B01";"2";"31";"1";"2";"4";"2";"1";""
"202300053905";"155 584 913";"B01";"1";"7";"0";"2";"1";"1";"0";""
"202300053905";"155 584 919";"A01";"1";"1";"0";"2";"1";"1";"5";""
"202300053906";"155 584 910";"A01";"2";"7";"0";"2";"2";"15";"1";""
"202300053906";"155 584 915";"B01";"1";"33";"0";"2";"1";"1";"1";""
"202300053907";"155 584 911";"A01";"1";"7";"5";"0";"3";"13";"1";""
"202300053908";"155 584 907";"A01";"1";"7";"1";"0";"3";"23";"1";""
"202300053909";"155 584 908";"B01";"2";"7";"0";"2";"2";"1";"1";""
"202300053909";"155 584 912";"A01";"2";"7";"0";"2";"8";"11";"1";""
"202300053910";"155 584 909";"A01";"1";"7";"0";"2";"1";"13";"1";""
"202300053910";"155 584 918";"B01";"2";"10";"0";"2";"1";"1";"3";""
"202300053911";"155 584 902";"B01";"2";"50";"1";"0";"1";"1";"3";""
"202300053911";"155 584 904";"A01";"2";"10";"0";"0";"8";"24";"1";""
"202300053912";"155 584 900";"B01";"3";"7";"0";"2";"5";"12";"1";""
"202300053912";"155 584 906";"A01";"0";"10";"0";"2";"3";"12";"0";""
"202300053913";"155 584 901";"B01";"2";"7";"3";"2";"1";"13";"1";""
"202300053913";"155 584 905";"A01";"1";"7";"3";"2";"3";"1";"3";""
"202300053914";"155 584 903";"A01";"2";"7";"0";"1";"1";"15";"1";""
"202300053915";"155 584 896";"A01";"1";"7";"0";"1";"2";"1";"1";""
"202300053916";"155 584 895";"A01";"3";"7";"0";"2";"1";"1";"0";""
"202300053916";"155 584 898";"B01";"3";"50";"0";"2";"3";"15";"3";""
"202300053917";"155 584 893";"A01";"2";"50";"0";"2";"8";"13";"3";""
"202300053917";"155 584 897";"B01";"1";"37";"0";"2";"1";"1";"1";"1"
"202300053918";"155 584 890";"A01";"1";"33";"6";"0";"1";"1";"1";""
"202300053919";"155 584 891";"A01";"2";"7";"0";"2";"1";"1";"0";""
"202300053919";"155 584 894";"B01";"2";"10";"0";"2";"4";"1";"0";""
"202300053920";"155 584 892";"A01";"1";"7";"0";"1";"7";"1";"1";""
"202300053921";"155 584 887";"A01";"3";"7";"0";"1";"3";"1";"1";""
"202300053922";"155 584 889";"A01";"3";"10";"8";"1";"1";"10";"1";""
"202300053923";"155 584 886";"A01";"1";"7";"0";"2";"8";"1";"1";""
"202300053923";"155 584 899";"B01";"1";"7";"0";"2";"1";"15";"1";""
"202300053924";"155 584 882";"A01";"2";"7";"12";"0";"3";"13";"1";""
"202300053925";"155 584 881";"A01";"1";"7";"0";"2";"1";"1";"1";""
"202300053925";"155 584 884";"B01";"2";"2";"0";"2";"5";"1";"1";""
"202300053926";"155 584 885";"B01";"1";"31";"0";"2";"1";"1";"1";""
"202300053926";"155 584 888";"A01";"1";"1";"0";"2";"8";"15";"5";""
"202300053927";"155 584 880";"A01";"3";"31";"0";"2";"1";"7";"1";""
"202300053927";"155 584 883";"B01";"3";"7";"0";"2";"7";"15";"1";""
"202300053928";"155 584 878";"A01";"1";"7";"5";"0";"9";"14";"1";""
"202300053929";"155 584 876";"A01";"1";"7";"0";"1";"8";"2";"1";""
"202300053930";"155 584 875";"A01";"1";"7";"0";"1";"7";"1";"1";""
"202300053931";"155 584 874";"A01";"3";"7";"1";"0";"1";"1";"1";""
"202300053931";"155 584 879";"B01";"3";"7";"0";"2";"3";"1";"1";""
"202300053932";"155 584 877";"A01";"2";"50";"0";"0";"7";"1";"3";""
"202300053933";"155 584 873";"A01";"1";"7";"0";"1";"2";"1";"1";""
"202300053934";"155 584 871";"A01";"1";"1";"0";"0";"0";"1";"5";""
"202300053935";"155 584 868";"A01";"2";"7";"0";"2";"8";"11";"1";""
"202300053935";"155 584 872";"B01";"2";"33";"0";"2";"1";"1";"1";""
"202300053936";"155 584 869";"A01";"2";"7";"0";"1";"2";"1";"1";""
"202300053937";"155 584 864";"A01";"1";"7";"0";"1";"4";"26";"1";""
"202300053938";"155 584 866";"A01";"2";"7";"0";"2";"1";"2";"1";""
"202300053938";"155 584 870";"B01";"2";"2";"0";"2";"4";"23";"1";""
"202300053939";"155 584 863";"A01";"1";"7";"0";"1";"4";"4";"1";""
"202300053940";"155 584 858";"A01";"2";"7";"0";"2";"2";"15";"1";""
"202300053940";"155 584 862";"B01";"1";"33";"0";"2";"1";"1";"1";""
"202300053941";"155 584 860";"A01";"2";"10";"0";"2";"2";"10";"1";""
"202300053941";"155 584 865";"B01";"1";"10";"0";"2";"1";"1";"1";""
"202300053942";"155 584 857";"A01";"0";"7";"13";"2";"3";"9";"6";""
"202300053942";"155 584 867";"B01";"2";"32";"0";"2";"1";"9";"1";""
"202300053943";"155 584 856";"A01";"1";"1";"0";"2";"1";"2";"5";""
"202300053943";"155 584 859";"B01";"1";"7";"0";"9";"5";"2";"1";""
"202300053944";"155 584 855";"A01";"1";"7";"12";"0";"1";"14";"1";""
"202300053945";"155 584 852";"A01";"1";"7";"0";"2";"1";"13";"1";""
"202300053945";"155 584 861";"B01";"2";"7";"0";"2";"1";"1";"1";""
"202300053946";"155 584 851";"A01";"0";"3";"1";"1";"1";"1";"1";""
"202300053947";"155 584 850";"A01";"3";"30";"0";"0";"0";"21";"1";""
"202300053948";"155 584 849";"A01";"2";"30";"0";"2";"8";"2";"1";""
"202300053948";"155 584 853";"B01";"2";"7";"0";"2";"2";"23";"1";""
"202300053949";"155 584 848";"A01";"2";"7";"8";"0";"1";"1";"1";""
"202300053950";"155 584 847";"A01";"1";"7";"0";"1";"1";"15";"1";""
"202300053951";"155 584 846";"B01";"1";"7";"0";"2";"3";"16";"1";""
"202300053951";"155 584 854";"A01";"2";"7";"0";"2";"2";"1";"1";""
"202300053952";"155 584 843";"A01";"1";"7";"2";"0";"1";"14";"1";""
"202300053953";"155 584 842";"A01";"1";"7";"1";"0";"9";"1";"1";""
"202300053954";"155 584 841";"B01";"2";"21";"0";"2";"3";"15";"1";""
"202300053954";"155 584 844";"A01";"2";"7";"0";"2";"2";"17";"3";""
"202300053955";"155 584 837";"A01";"1";"7";"0";"1";"3";"1";"1";""
"202300053956";"155 584 838";"A01";"2";"7";"0";"2";"2";"1";"1";""
"202300053956";"155 584 845";"B01";"3";"7";"1";"2";"1";"20";"1";""
"202300053957";"155 584 840";"A01";"0";"50";"0";"0";"1";"1";"3";""
"202300053958";"155 584 834";"A01";"1";"10";"15";"0";"2";"2";"1";""
"202300053959";"155 584 832";"B01";"1";"50";"0";"2";"1";"1";"3";""
"202300053959";"155 584 836";"A01";"1";"7";"0";"2";"7";"14";"1";""
"202300053960";"155 584 831";"A01";"0";"33";"0";"2";"2";"26";"1";""
"202300053960";"155 584 835";"B01";"0";"7";"0";"2";"7";"23";"1";""
"202300053960";"155 584 839";"C01";"0";"7";"0";"2";"2";"23";"1";""
"202300053961";"155 584 828";"A01";"1";"32";"0";"6";"1";"1";"1";""
"202300053962";"155 584 826";"A01";"1";"7";"0";"2";"1";"15";"1";""
"202300053962";"155 584 833";"B01";"1";"7";"0";"2";"3";"21";"1";""
"202300053963";"155 584 824";"B01";"2";"7";"0";"2";"1";"1";"1";""
"202300053963";"155 584 830";"A01";"0";"7";"0";"2";"1";"26";"1";""
"202300053964";"155 584 825";"B01";"3";"7";"0";"1";"4";"4";"1";""
"202300053965";"155 584 823";"A01";"0";"7";"0";"1";"4";"20";"1";""
"202300053966";"155 584 821";"B01";"3";"7";"0";"2";"2";"1";"2";""
"202300053966";"155 584 829";"A01";"3";"30";"0";"2";"8";"9";"1";""
"202300053967";"155 584 819";"A01";"1";"32";"0";"1";"1";"1";"1";""
"202300053968";"155 584 818";"B01";"2";"7";"0";"2";"3";"15";"1";""
"202300053968";"155 584 827";"A01";"1";"50";"0";"2";"1";"0";"3";""
"202300053969";"155 584 816";"A01";"2";"7";"4";"0";"1";"0";"1";""
"202300053970";"155 584 815";"A01";"1";"7";"0";"2";"3";"2";"1";""
"202300053970";"155 584 820";"B01";"1";"7";"0";"2";"6";"2";"1";""
"202300053971";"155 584 813";"A01";"2";"7";"0";"2";"1";"1";"1";""
"202300053971";"155 584 817";"B01";"2";"7";"0";"2";"4";"23";"1";""
"202300053971";"155 584 822";"C01";"2";"7";"0";"2";"4";"23";"1";""
"202300053972";"155 584 807";"A01";"1";"37";"1";"1";"1";"2";"1";"1"
"202300053973";"155 584 808";"A01";"1";"7";"13";"0";"9";"1";"1";""
"202300053974";"155 584 809";"B01";"2";"7";"0";"2";"8";"15";"1";""
"202300053974";"155 584 812";"A01";"1";"43";"0";"2";"1";"17";"1";""
"202300053975";"155 584 806";"Y01";"2";"50";"0";"2";"0";"1";"3";""
"202300053975";"155 584 814";"A01";"2";"7";"0";"9";"6";"15";"1";""
"202300053976";"155 584 803";"A01";"0";"30";"0";"1";"5";"0";"2";""
"202300053977";"155 584 802";"A01";"2";"32";"0";"2";"1";"26";"1";""
"202300053977";"155 584 811";"B01";"2";"7";"0";"2";"7";"15";"0";""
"202300053978";"155 584 801";"B01";"2";"7";"0";"2";"5";"15";"1";""
"202300053978";"155 584 805";"A01";"2";"1";"0";"2";"1";"1";"5";""
"202300053979";"155 584 800";"A01";"1";"7";"13";"0";"2";"21";"1";""
"202300053980";"155 584 799";"B01";"1";"7";"0";"2";"4";"2";"6";""
"202300053980";"155 584 810";"A01";"1";"7";"0";"2";"1";"2";"6";""
"202300053981";"155 584 795";"A01";"2";"7";"1";"0";"1";"1";"0";""
"202300053982";"155 584 792";"B01";"2";"7";"0";"2";"4";"1";"1";""
"202300053982";"155 584 798";"A01";"2";"7";"0";"2";"1";"2";"1";""
"202300053983";"155 584 790";"B01";"2";"7";"0";"2";"3";"15";"1";""
"202300053983";"155 584 796";"A01";"1";"7";"0";"2";"1";"1";"1";""
"202300053984";"155 584 787";"A01";"1";"7";"0";"1";"1";"16";"1";""
"202300053985";"155 584 785";"A01";"3";"10";"0";"1";"4";"4";"1";""
"202300053986";"155 584 782";"A01";"1";"17";"0";"2";"1";"2";"1";""
"202300053986";"155 584 786";"B01";"1";"14";"0";"2";"4";"1";"1";""
"202300053986";"155 584 791";"C01";"1";"7";"0";"2";"4";"1";"1";""
"202300053986";"155 584 797";"D01";"1";"17";"0";"2";"4";"1";"6";""
"202300053987";"155 584 781";"A01";"1";"10";"0";"1";"4";"4";"1";""
"202300053988";"155 584 789";"A01";"1";"7";"0";"2";"1";"15";"1";""
"202300053988";"155 584 794";"B01";"2";"33";"0";"2";"8";"1";"1";""
"202300053989";"155 584 788";"A01";"2";"7";"0";"2";"1";"1";"0";""
"202300053989";"155 584 793";"B01";"2";"32";"0";"2";"3";"16";"1";""
"202300053990";"155 584 780";"B01";"2";"7";"0";"2";"8";"0";"1";""
"202300053990";"155 584 784";"A01";"2";"10";"0";"2";"3";"17";"1";""
"202300053991";"155 584 779";"A01";"3";"7";"0";"1";"2";"16";"1";""
"202300053992";"155 584 773";"B01";"1";"33";"0";"2";"8";"1";"0";""
"202300053992";"155 584 777";"A01";"1";"7";"0";"2";"7";"14";"1";""
"202300053993";"155 584 774";"A01";"1";"7";"0";"9";"3";"24";"2";""
"202300053993";"155 584 778";"B01";"1";"1";"1";"0";"1";"1";"5";""
"202300053994";"155 584 768";"A01";"3";"99";"0";"2";"2";"1";"1";""
"202300053994";"155 584 776";"B01";"3";"2";"0";"2";"4";"23";"1";""