"Num_Acc";"id_vehicule";"num_veh";"senc";"catv";"obs";"obsm";"choc";"manv";"motor";"occutc"
"202300053995";"155 584 765";"B01";"3";"7";"0";"0";"0";"15";"1";""
"202300053995";"155 584 770";"A01";"3";"2";"0";"0";"1";"1";"1";""
"202300053996";"155 584 766";"A01";"2";"7";"7";"2";"1";"1";"1";""
"202300053996";"155 584 771";"B01";"1";"7";"0";"2";"4";"15";"1";""
"202300053997";"155 584 763";"A01";"2";"7";"7";"0";"1";"13";"1";""
"202300053998";"155 584 764";"B01";"2";"32";"0";"2";"1";"1";"1";""
"202300053998";"155 584 772";"A01";"1";"7";"0";"2";"1";"15";"1";""
"202300053999";"155 584 762";"B01";"1";"33";"0";"2";"8";"1";"1";""
"202300053999";"155 584 767";"A01";"2";"7";"0";"2";"3";"15";"0";""
"202300054000";"155 584 761";"A01";"1";"7";"0";"2";"1";"15";"1";""
"202300054000";"155 584 769";"B01";"2";"7";"0";"0";"0";"0";"3";""
"202300054001";"155 584 760";"A01";"1";"1";"0";"2";"0";"1";"5";""
"202300054001";"155 584 775";"B01";"2";"7";"0";"2";"1";"1";"2";""
"202300054002";"155 584 757";"A01";"1";"33";"16";"0";"0";"0";"1";""
"202300054003";"155 584 753";"A01";"2";"33";"4";"0";"0";"0";"1";""
"202300054004";"155 584 752";"B01";"2";"31";"0";"0";"4";"1";"1";""
"202300054004";"155 584 758";"Z01";"2";"7";"0";"2";"1";"26";"0";""
"202300054004";"155 584 759";"A01";"2";"7";"0";"2";"1";"26";"1";""
"202300054005";"155 584 756";"A01";"3";"7";"0";"1";"1";"1";"2";""
"202300054006";"155 584 751";"B01";"1";"30";"0";"2";"2";"1";"1";""
"202300054006";"155 584 754";"A01";"1";"7";"0";"2";"3";"9";"1";""
"202300054007";"155 584 745";"A01";"3";"7";"1";"2";"1";"1";"1";""
"202300054007";"155 584 750";"B01";"3";"32";"0";"2";"1";"1";"1";""
"202300054008";"155 584 746";"A01";"3";"7";"0";"2";"1";"2";"1";""
"202300054008";"155 584 749";"B01";"3";"7";"0";"2";"4";"2";"1";""
"202300054008";"155 584 755";"C01";"3";"7";"0";"2";"4";"2";"1";""
"202300054009";"155 584 743";"A01";"0";"10";"0";"0";"0";"0";"0";""
"202300054010";"155 584 747";"A01";"1";"7";"0";"1";"1";"15";"1";""
"202300054011";"155 584 741";"A01";"2";"1";"0";"2";"8";"16";"5";""
"202300054011";"155 584 748";"B01";"1";"37";"0";"2";"7";"1";"3";"1"
"202300054012";"155 584 740";"A01";"3";"7";"0";"0";"3";"1";"0";""
"202300054012";"155 584 744";"B01";"3";"7";"0";"0";"3";"1";"0";""
"202300054013";"155 584 738";"A01";"3";"32";"1";"0";"1";"1";"1";""
"202300054014";"155 584 734";"A01";"1";"7";"1";"0";"1";"1";"1";""
"202300054014";"155 584 742";"B01";"1";"7";"0";"2";"4";"23";"1";""
"202300054015";"155 584 736";"A01";"3";"10";"0";"2";"6";"13";"0";""
"202300054015";"155 584 739";"B01";"3";"33";"0";"2";"1";"3";"0";""
"202300054016";"155 584 730";"B01";"2";"7";"0";"2";"4";"2";"1";""
"202300054016";"155 584 737";"A01";"2";"7";"0";"2";"4";"2";"0";""
"202300054017";"155 584 731";"A01";"0";"31";"0";"0";"7";"1";"1";""
"202300054018";"155 584 729";"A01";"2";"7";"0";"2";"1";"2";"1";""
"202300054018";"155 584 735";"B01";"2";"7";"0";"2";"4";"2";"1";""
"202300054019";"155 584 725";"A01";"2";"7";"9";"0";"1";"0";"1";""
"202300054020";"155 584 728";"A01";"2";"7";"0";"2";"3";"14";"2";""
"202300054020";"155 584 732";"B01";"1";"1";"0";"2";"3";"8";"5";""
"202300054021";"155 584 724";"A01";"1";"7";"0";"2";"3";"15";"1";""
"202300054021";"155 584 727";"B01";"1";"34";"0";"0";"2";"1";"1";""
"202300054022";"155 584 723";"A01";"1";"7";"0";"2";"3";"15";"1";""
"202300054022";"155 584 726";"B01";"2";"31";"0";"2";"0";"17";"5";""
"202300054023";"155 584 722";"A01";"2";"7";"0";"0";"0";"1";"1";""
"202300054024";"155 584 720";"A01";"2";"15";"4";"0";"0";"1";"0";""
"202300054025";"155 584 712";"A01";"1";"7";"0";"2";"8";"11";"1";""
"202300054025";"155 584 719";"B01";"1";"33";"0";"2";"2";"3";"1";""
"202300054026";"155 584 713";"A01";"3";"7";"0";"2";"1";"1";"1";""
"202300054026";"155 584 717";"B01";"3";"33";"0";"2";"1";"26";"1";""
"202300054027";"155 584 714";"B01";"2";"7";"0";"2";"2";"2";"1";""
"202300054027";"155 584 718";"A01";"3";"10";"0";"2";"3";"1";"3";""
"202300054028";"155 584 706";"A01";"1";"7";"13";"0";"1";"1";"1";""
"202300054029";"155 584 705";"A01";"3";"99";"0";"2";"0";"0";"0";""
"202300054029";"155 584 711";"B01";"1";"50";"0";"2";"6";"1";"3";""
"202300054030";"155 584 709";"B01";"1";"7";"0";"2";"2";"1";"1";""
"202300054030";"155 584 715";"A01";"1";"7";"0";"9";"3";"1";"1";""
"202300054031";"155 584 703";"A01";"1";"7";"0";"2";"6";"11";"1";""
"202300054031";"155 584 710";"B01";"1";"32";"0";"2";"1";"1";"1";""
"202300054032";"155 584 699";"A01";"3";"10";"0";"2";"7";"15";"1";""
"202300054032";"155 584 708";"B01";"3";"33";"0";"2";"1";"2";"1";""
"202300054033";"155 584 697";"B01";"2";"10";"0";"2";"2";"21";"1";""
"202300054033";"155 584 702";"C01";"2";"10";"0";"2";"0";"1";"1";""
"202300054033";"155 584 707";"A01";"2";"7";"0";"2";"6";"2";"1";""
"202300054034";"155 584 701";"C01";"3";"7";"0";"2";"4";"23";"1";""
"202300054034";"155 584 704";"D01";"3";"7";"0";"2";"4";"23";"1";""
"202300054034";"155 584 716";"B01";"3";"10";"0";"2";"4";"23";"1";""
"202300054034";"155 584 721";"A01";"3";"7";"0";"2";"1";"2";"1";""
"202300054035";"155 584 693";"A01";"2";"7";"0";"2";"1";"1";"1";""
"202300054035";"155 584 698";"B01";"2";"31";"0";"2";"4";"2";"1";""
"202300054036";"155 584 690";"A01";"1";"7";"10";"0";"1";"1";"0";""
"202300054037";"155 584 691";"B01";"1";"80";"0";"2";"2";"11";"3";""
"202300054037";"155 584 695";"A01";"1";"34";"0";"9";"8";"17";"1";""
"202300054038";"155 584 689";"B01";"3";"7";"0";"2";"3";"1";"1";""
"202300054038";"155 584 694";"A01";"3";"32";"0";"2";"3";"15";"1";""
"202300054039";"155 584 688";"C01";"1";"7";"0";"2";"8";"15";"1";""
"202300054039";"155 584 696";"A01";"1";"7";"0";"2";"7";"15";"1";""
"202300054039";"155 584 700";"B01";"2";"1";"0";"2";"1";"1";"5";""
"202300054040";"155 584 685";"A01";"2";"7";"5";"0";"1";"26";"1";""
"202300054041";"155 584 682";"B01";"2";"32";"0";"1";"5";"14";"1";""
"202300054042";"155 584 678";"A01";"1";"50";"0";"0";"0";"1";"3";""
"202300054043";"155 584 677";"A01";"3";"35";"0";"1";"3";"23";"3";""
"202300054044";"155 584 676";"A01";"3";"37";"0";"2";"3";"1";"1";"2"
"202300054044";"155 584 683";"B01";"3";"7";"0";"2";"1";"5";"1";""
"202300054044";"155 584 686";"C01";"3";"7";"0";"2";"3";"1";"1";""
"202300054045";"155 584 674";"A01";"1";"7";"2";"0";"1";"13";"1";""
"202300054046";"155 584 672";"B01";"1";"7";"0";"2";"1";"26";"1";""
"202300054046";"155 584 681";"A01";"1";"7";"0";"2";"3";"26";"2";""
"202300054047";"155 584 675";"B01";"2";"7";"0";"2";"4";"2";"2";""
"202300054047";"155 584 679";"A01";"2";"33";"0";"2";"1";"2";"1";""
"202300054048";"155 584 671";"B01";"1";"33";"0";"2";"1";"1";"1";""
"202300054048";"155 584 680";"A01";"1";"7";"0";"2";"1";"15";"1";""
"202300054049";"155 584 670";"A01";"3";"7";"0";"1";"1";"1";"0";""
"202300054050";"155 584 673";"A01";"3";"7";"0";"2";"5";"2";"1";""
"202300054050";"155 584 687";"B01";"3";"7";"0";"2";"1";"2";"1";""
"202300054051";"155 584 666";"A01";"0";"7";"2";"0";"2";"2";"6";""
"202300054052";"155 584 664";"A01";"3";"7";"0";"1";"1";"0";"0";""
"202300054053";"155 584 661";"A01";"2";"7";"0";"2";"2";"1";"1";""
"202300054053";"155 584 669";"B01";"2";"7";"0";"2";"8";"10";"1";""
"202300054054";"155 584 662";"A01";"1";"7";"3";"0";"3";"13";"1";""
"202300054055";"155 584 668";"A01";"2";"7";"0";"1";"1";"1";"1";""
"202300054056";"155 584 657";"B01";"2";"7";"0";"2";"3";"2";"1";""
"202300054056";"155 584 663";"A01";"2";"33";"0";"2";"2";"3";"1";""
"202300054057";"155 584 655";"A01";"1";"7";"0";"2";"8";"15";"1";""
"202300054057";"155 584 660";"B01";"2";"31";"0";"2";"8";"1";"1";""
"202300054058";"155 584 658";"A01";"1";"7";"0";"2";"1";"1";"1";""
"202300054058";"155 584 665";"B01";"2";"10";"0";"2";"1";"13";"1";""
"202300054059";"155 584 654";"A01";"2";"7";"12";"0";"1";"5";"1";""
"202300054060";"155 584 656";"A01";"2";"1";"0";"2";"1";"1";"5";""
"202300054060";"155 584 667";"B01";"2";"7";"0";"2";"3";"1";"1";""
"202300054061";"155 584 659";"A01";"3";"10";"0";"1";"3";"15";"0";""
"202300054062";"155 584 653";"A01";"2";"33";"13";"0";"7";"1";"1";""
"202300054063";"155 584 651";"A01";"1";"7";"0";"1";"2";"0";"0";""
"202300054064";"155 584 650";"A01";"2";"33";"0";"0";"1";"21";"1";""
"202300054065";"155 584 646";"A01";"2";"7";"0";"1";"1";"9";"1";""
"202300054066";"155 584 647";"A01";"1";"7";"3";"0";"0";"1";"1";""
"202300054067";"155 584 644";"A01";" -1";"7";" -1";"1";" -1";"1";"1";""
"202300054068";"155 584 643";"A01";"3";"7";"0";"2";"2";"11";"1";""
"202300054068";"155 584 652";"B01";"3";"30";"0";"2";"1";"0";"1";""
"202300054069";"155 584 639";"A01";"3";"7";"0";"2";"1";"1";"1";""
"202300054069";"155 584 645";"B01";"1";"7";"0";"2";"1";"5";"1";""
"202300054069";"155 584 649";"C01";"3";"7";"0";"0";"6";"15";"1";""
"202300054070";"155 584 640";"A01";"3";"7";"0";"2";"3";"9";"1";""
"202300054070";"155 584 648";"B01";"3";"1";"0";"2";"1";"1";"5";""
"202300054071";"155 584 637";"B01";"1";"50";"0";"2";"1";"2";"3";""
"202300054071";"155 584 642";"A01";"1";"7";"0";"2";"6";"4";"3";""
"202300054072";"155 584 638";"A01";"1";"7";"3";"0";"3";"1";"1";""
"202300054073";"155 584 634";"A01";"1";"36";"13";"0";"9";"0";"1";""
"202300054074";"155 584 633";"A01";"1";"7";"0";"2";"3";"2";"1";""
"202300054074";"155 584 635";"B01";"1";"7";"0";"2";"5";"2";"1";""
"202300054075";"155 584 631";"A01";"1";"7";"0";"1";"4";"26";"1";""
"202300054076";"155 584 630";"A01";"2";"7";"0";"1";"1";"1";"1";""
"202300054077";"155 584 629";"A01";"1";"7";"0";"1";"3";"1";"1";""
"202300054078";"155 584 626";"C01";"2";"7";"0";"2";"3";"23";"1";""
"202300054078";"155 584 636";"A01";"1";"7";"0";"2";"1";"9";"1";""
"202300054078";"155 584 641";"B01";"1";"7";"0";"2";"9";"1";"1";""
"202300054079";"155 584 625";"A01";"1";"7";"2";"0";"8";"1";"1";""
"202300054080";"155 584 620";"A01";"1";"7";"8";"0";"5";"0";"1";""
"202300054081";"155 584 623";"A01";"1";"7";"0";"2";"0";"0";"1";""
"202300054081";"155 584 627";"B01";"1";"7";"0";"2";"0";"0";"1";""
"202300054082";"155 584 619";"A01";"3";"10";"0";"2";"1";"1";"1";""
"202300054082";"155 584 624";"B01";"3";"7";"0";"2";"8";"1";"1";""
"202300054083";"155 584 617";"A01";"3";"7";"0";"1";"3";"1";"1";""
"202300054084";"155 584 612";"B01";"1";"1";"0";"2";"1";"1";"5";""
"202300054084";"155 584 622";"A01";"1";"10";"0";"2";"3";"1";"1";""
"202300054085";"155 584 618";"A01";"2";"50";"12";"0";"1";"14";"3";""
"202300054086";"155 584 614";"A01";"2";"7";"0";"2";"2";"15";"1";""
"202300054086";"155 584 621";"B01";"1";"7";"0";"2";"1";"1";"1";""
"202300054087";"155 584 610";"B01";"1";"50";"0";"2";"4";"0";"3";""
"202300054087";"155 584 615";"A01";" -1";"7";"0";"2";"0";"0";"1";""
"202300054088";"155 584 609";"B01";"1";"80";"12";"2";"8";"1";"3";""
"202300054088";"155 584 613";"A01";"1";"10";"0";"9";"4";"4";"1";""
"202300054089";"155 584 607";"A01";"2";"7";"2";"0";"1";"14";"1";""
"202300054090";"155 584 602";"A01";"1";"7";"4";"0";"3";"13";"1";""
"202300054091";"155 584 601";"A01";"2";"33";"0";"0";"7";"1";"1";""
"202300054092";"155 584 599";"A01";"2";"7";"0";"2";"1";"13";"1";""
"202300054092";"155 584 605";"B01";"1";"10";"0";"2";"1";"1";"1";""
"202300054093";"155 584 598";"A01";"1";"7";"0";"2";"1";"2";"1";""
"202300054093";"155 584 604";"B01";"1";"7";"0";"2";"4";"2";"1";""
"202300054093";"155 584 608";"C01";"1";"7";"0";"2";"1";"2";"1";""
"202300054093";"155 584 611";"D01";"1";"7";"0";"2";"4";"13";"1";""
"202300054093";"155 584 616";"E01";"2";"34";"0";"2";"1";"0";"1";""
"202300054094";"155 584 595";"A01";"1";"7";"2";"0";"2";"2";"1";""
"202300054095";"155 584 596";"A01";"0";"13";"0";"2";"2";"1";"1";""
"202300054095";"155 584 606";"B01";"0";"7";"0";"2";"1";"1";"1";""
"202300054096";"155 584 597";"B01";"1";"1";"0";"2";"8";"19";"5";""
"202300054096";"155 584 603";"A01";"1";"33";"0";"2";"7";"1";"1";""
"202300054097";"155 584 593";"A01";"1";"7";"0";"2";"2";"16";"1";""
"202300054097";"155 584 600";"B01";"1";"50";"0";"2";"8";"1";"3";""
"202300054098";"155 584 588";"A01";"2";"17";"0";"0";"7";"14";"1";""
"202300054099";"155 584 590";"B01";"2";"33";"0";"2";"7";"15";"1";""
"202300054099";"155 584 594";"A01";"2";"7";"0";"2";"1";"1";"1";""
"202300054100";"155 584 589";"A01";"3";"3";"0";"1";"1";"26";"1";""
"202300054101";"155 584 586";"A01";"2";"7";"0";"2";"1";"5";"1";""
"202300054101";"155 584 591";"B01";"1";"10";"0";"2";"1";"0";"1";""
"202300054102";"155 584 585";"A01";"2";"7";"13";"0";"2";"1";"1";""
"202300054103";"155 584 587";"A01";"1";"14";"0";"2";"1";"15";"1";""
"202300054103";"155 584 592";"B01";"2";"7";"0";"2";"8";"1";"1";""
"202300054104";"155 584 583";"A01";"2";"1";"0";"1";"1";"1";"5";""
"202300054105";"155 584 582";"A01";"3";"37";"0";"1";"4";"4";"1";"1"
"202300054106";"155 584 580";"B01";"1";"7";"0";"2";"3";"23";"2";""
"202300054106";"155 584 584";"A01";"1";"7";"7";"2";"1";"10";"1";""
"202300054107";"155 584 579";"A01";"0";"1";"0";"0";"0";"0";"5";""
"202300054108";"155 584 577";"A01";"2";"10";"0";"1";"1";"1";"1";""
"202300054109";"155 584 578";"A01";"1";"33";"3";"0";"1";"1";"1";""
"202300054110";"155 584 576";"A01";"1";"14";"0";"1";"2";"21";"1";""
"202300054111";"155 584 572";"A01";"0";"7";"8";"0";"3";"5";"1";""
"202300054112";"155 584 570";"B01";"2";"7";"0";"2";"2";"1";"1";""
"202300054112";"155 584 575";"C01";"1";"7";"0";"2";"3";"1";"1";""
"202300054112";"155 584 581";"A01";"2";"7";"0";"2";"1";"1";"1";""
"202300054113";"155 584 565";"A01";"1";"31";"0";"0";"1";"1";"1";""
"202300054114";"155 584 568";"A01";"2";"7";"0";"2";"1";"23";"1";""
"202300054114";"155 584 574";"B01";"2";"7";"0";"2";"4";"2";"1";""
"202300054115";"155 584 566";"A01";"1";"7";"0";"1";"2";"1";"1";""
"202300054116";"155 584 567";"B01";"2";"10";"0";"2";"5";"1";"1";""
"202300054116";"155 584 573";"A01";"2";"1";"0";"2";"1";"1";"5";""
"202300054117";"155 584 562";"B01";"2";"7";"0";"9";"1";"1";"1";""
"202300054117";"155 584 571";"A01";"1";"7";"4";"0";"8";"1";"1";""
"202300054118";"155 584 563";"A01";"2";"10";"0";"2";"2";"15";"1";""
"202300054118";"155 584 569";"B01";"1";"50";"0";"2";"1";"1";"3";""
"202300054119";"155 584 560";"A01";"1";"7";"6";"0";"1";"1";"0";""
"202300054120";"155 584 561";"A01";"1";"7";"0";"2";"8";"9";"1";""
"202300054120";"155 584 564";"B01";"1";"10";"0";"2";"1";"1";"1";""
"202300054121";"155 584 556";"A01";"2";"80";"0";"2";"1";"15";"3";""
"202300054121";"155 584 559";"B01";"1";"7";"0";"2";"6";"2";"2";""
"202300054122";"155 584 551";"A01";"3";"1";"0";"2";"3";"5";"5";""
"202300054122";"155 584 558";"B01";"3";"7";"0";"9";"2";"16";"1";""
"202300054123";"155 584 549";"A01";"1";"7";"0";"0";"1";"1";"1";""
"202300054124";"155 584 553";"A01";"1";"33";"0";"1";"8";"2";"1";""
"202300054125";"155 584 548";"A01";"2";"7";"2";"2";"6";"1";"1";""
"202300054125";"155 584 554";"B01";"2";"7";"0";"2";"3";"15";"1";""
"202300054126";"155 584 555";"B01";"2";"7";"0";"2";"8";"2";"1";""
"202300054126";"155 584 557";"A01";"1";"7";"0";"2";"8";"23";"1";""
"202300054127";"155 584 550";"A01";"2";"7";"2";"0";"1";"1";"1";""
"202300054128";"155 584 545";"B01";"1";"10";"0";"2";"2";"2";"1";""
"202300054128";"155 584 552";"A01";"1";"7";"0";"2";"5";"11";"1";""
"202300054129";"155 584 541";"B01";"2";"7";"0";"2";"2";"9";"1";""
"202300054129";"155 584 546";"A01";"1";"7";"0";"2";"1";"9";"1";""
"202300054130";"155 584 543";"A01";"1";"7";"0";"2";"2";"11";"1";""
"202300054130";"155 584 547";"B01";"1";"7";"0";"2";"1";"1";"1";""
"202300054131";"155 584 539";"A01";"1";"2";"0";"2";"1";"5";"1";""
"202300054131";"155 584 544";"B01";"1";"7";"0";"2";"8";"1";"1";""
"202300054132";"155 584 537";"A01";"1";"7";"0";"2";"1";"15";"1";""
"202300054132";"155 584 542";"B01";"1";"43";"0";"2";"7";"1";"1";""
"202300054133";"155 584 532";"A01";"2";"7";"3";"0";"3";"21";"1";""
"202300054134";"155 584 531";"B01";"1";"7";"0";"5";"1";"0";"0";""
"202300054134";"155 584 536";"C01";"1";"7";"0";"5";"1";"1";"1";""
"202300054134";"155 584 540";"A01";"1";"7";"0";"5";"2";"1";"1";""
"202300054135";"155 584 535";"A01";"3";"7";"0";"1";"1";"1";"1";""
"202300054136";"155 584 530";"A01";"1";"7";"0";"9";"1";"15";"1";""
"202300054136";"155 584 534";"B01";"1";"2";"0";"2";"8";"1";"1";""
"202300054137";"155 584 528";"B01";"2";"31";"0";"2";"3";"16";"1";""
"202300054137";"155 584 538";"A01";"2";"7";"0";"2";"2";"1";"1";""
"202300054138";"155 584 527";"B01";"2";"7";"0";"0";"0";"0";"3";""
"202300054138";"155 584 533";"A01";"2";"1";"11";"0";"0";"1";"5";""
"202300054139";"155 584 524";"A01";"0";"7";"9";"0";"2";"0";"1";""
"202300054140";"155 584 523";"A01";"1";"7";"2";"0";"0";"14";"1";""
"202300054141";"155 584 522";"B01";"3";"1";"0";"2";"8";"1";"5";""
"202300054141";"155 584 525";"A01";"1";"7";"0";"2";"1";"1";"1";""
"202300054142";"155 584 520";"A01";"2";"2";"6";"0";"1";"1";"1";""
"202300054143";"155 584 519";"A01";"3";"7";"0";"2";"1";"1";"1";""
"202300054143";"155 584 529";"B01";"3";"7";"0";"2";"2";"1";"1";""
"202300054144";"155 584 513";"A01";"1";"7";"13";"0";"1";"1";"1";""
"202300054145";"155 584 516";"A01";"2";"32";"9";"0";"1";"2";"1";""
"202300054146";"155 584 512";"A01";"2";"99";"0";"2";"1";"1";"1";""
"202300054146";"155 584 518";"B01";"2";"7";"0";"2";"4";"15";"1";""
"202300054147";"155 584 508";"B01";"1";"1";"0";"2";"2";"14";"5";""
"202300054147";"155 584 515";"A01";"1";"7";"0";"0";"3";"1";"1";""
"202300054148";"155 584 507";"A01";"2";"7";"0";"2";"7";"15";"1";""
"202300054148";"155 584 514";"B01";"1";"34";"0";"2";"1";"1";"1";""
"202300054149";"155 584 506";"A01";"1";"7";"0";"2";"2";"11";"1";""
"202300054149";"155 584 511";"B01";"2";"7";"0";"2";"2";"1";"1";""
"202300054150";"155 584 503";"B01";"2";"7";"0";"2";"4";"1";"0";""
"202300054150";"155 584 510";"A01";"2";"7";"0";"2";"1";"1";"0";""
"202300054151";"155 584 502";"E01";"1";"7";"0";"2";"1";"1";"1";""
"202300054151";"155 584 505";"C01";"1";"7";"0";"2";"9";"1";"1";""
"202300054151";"155 584 517";"D01";"1";"7";"0";"2";"9";"1";"1";""
"202300054151";"155 584 521";"A01";"1";"7";"0";"2";"4";"1";"1";""
"202300054151";"155 584 526";"B01";"1";"7";"0";"2";"9";"1";"1";""
"202300054152";"155 584 499";"B01";"3";"7";"0";"2";"8";"1";"0";""
"202300054152";"155 584 509";"A01";"3";"7";"0";"2";"3";"16";"0";""
"202300054153";"155 584 498";"B01";"2";"1";"0";"2";"7";"1";"5";""
"202300054153";"155 584 504";"A01";"2";"7";"0";"2";"3";"16";"1";""
"202300054154";"155 584 495";"A01";"2";"7";"0";"2";"7";"17";"1";""
"202300054154";"155 584 500";"B01";"2";"1";"0";"2";"3";"15";"5";""
"202300054155";"155 584 497";"A01";"1";"7";"0";"1";"1";"1";"1";""
"202300054156";"155 584 493";"A01";"2";"7";"8";"0";"2";"14";"1";""
"202300054157";"155 584 494";"A01";"1";"7";"0";"1";"2";"1";"1";""
"202300054158";"155 584 489";"A01";"3";"7";"2";"0";"2";"1";"1";""
"202300054159";"155 584 491";"B01";"1";"1";"1";"0";"2";"2";"5";""
"202300054159";"155 584 496";"A01";"1";"7";"0";"2";"3";"22";"1";""
"202300054160";"155 584 492";"A01";"1";"7";"12";"2";"1";"1";"0";""
"202300054160";"155 584 501";"B01";"1";"10";"0";"2";"6";"2";"0";""
"202300054161";"155 584 486";"A01";"2";"7";"0";"2";"1";"1";"3";""
"202300054161";"155 584 490";"B01";"2";"37";"0";"0";"4";"1";"1";"1"
"202300054162";"155 584 482";"B01";"1";"7";"0";"2";"7";"1";"1";""
"202300054162";"155 584 488";"Z01";"2";"30";"0";"2";"1";"1";"1";""
"202300054163";"155 584 483";"A01";"1";"7";"0";"0";"4";"9";"1";""
"202300054163";"155 584 487";"B01";"1";"33";"0";"2";"1";"1";"1";""
"202300054164";"155 584 481";"A01";"3";"7";"0";"1";"1";"15";"1";""
"202300054165";"155 584 479";"A01";"1";"7";"0";"0";"8";"16";"1";""
"202300054165";"155 584 484";"B01";"1";"10";"0";"2";"1";"1";"1";""
"202300054166";"155 584 480";"B01";"2";"7";"0";"2";"6";"1";"1";""
"202300054166";"155 584 485";"A01";"1";"7";"0";"2";"1";"1";"1";""
"202300054167";"155 584 477";"A01";"1";"7";"0";"1";"1";"1";"1";""
"202300054168";"155 584 474";"A01";"1";"7";"0";"2";"7";"0";"1";""
"202300054168";"155 584 478";"B01";"1";"2";"0";"2";"8";"0";"1";""
"202300054169";"155 584 473";"B01";"3";"60";"0";"2";"1";"26";"5";""
"202300054169";"155 584 476";"A01";"3";"7";"0";"2";"7";"1";"1";""
"202300054170";"155 584 471";"A01";"1";"7";"0";"1";"1";"2";"1";""
"202300054171";"155 584 470";"A01";"2";"32";"0";"2";"1";"1";"1";""
"202300054171";"155 584 475";"Z01";"2";"1";"0";"2";"0";"19";"5";""
"202300054172";"155 584 468";"A01";"1";"7";"4";"0";"1";"0";"1";""
"202300054173";"155 584 464";"A01";"1";"7";"0";"2";"1";"2";"1";""
"202300054173";"155 584 472";"B01";"1";"17";"0";"2";"4";"2";"1";""
"202300054174";"155 584 462";"A01";"1";"7";"4";"0";"3";"13";"1";""
"202300054174";"155 584 465";"B01";"1";"7";"4";"0";"1";"13";"1";""
"202300054175";"155 584 459";"B01";"3";"7";"0";"2";"1";"1";"1";""
"202300054175";"155 584 469";"A01";"3";"7";"0";"2";"8";"15";"1";""
"202300054176";"155 584 460";"B01";"1";"7";"0";"2";"1";"1";"1";""
"202300054176";"155 584 466";"A01";"2";"7";"0";"9";"1";"15";"1";""
"202300054177";"155 584 463";"B01";"1";"2";"0";"2";"0";"26";"1";""
"202300054177";"155 584 467";"A01";"1";"7";"0";"2";"0";"15";"1";""
"202300054178";"155 584 458";"B01";"1";"10";"0";"2";"3";"0";"3";""
"202300054178";"155 584 461";"A01";"1";"2";"0";"2";"2";"0";"0";""
"202300054179";"155 584 453";"A01";"2";"7";"0";"2";"1";"2";"1";""
"202300054179";"155 584 457";"B01";"2";"50";"0";"2";"5";"1";"3";""
"202300054180";"155 584 452";"B01";"1";"1";"0";"2";"1";"1";"5";""
"202300054180";"155 584 456";"A01";"2";"50";"0";"2";"1";"1";"3";""
"202300054181";"155 584 450";"B01";"2";"7";"0";"2";"1";"1";"1";""
"202300054181";"155 584 455";"A01";"2";"7";"0";"2";"1";"13";"1";""
"202300054182";"155 584 445";"B01";"2";"2";"0";"2";"1";"17";"1";""
"202300054182";"155 584 451";"A01";"1";"7";"0";"2";"1";"1";"1";""
"202300054183";"155 584 444";"A01";"1";"7";"0";"1";"7";"15";"1";""
"202300054184";"155 584 447";"A01";"3";"7";"0";"1";"2";"1";"1";""
"202300054185";"155 584 443";"B01";"3";"13";"0";"2";"5";"2";"1";""
"202300054185";"155 584 448";"A01";"3";"7";"0";"2";"6";"18";"1";""
"202300054186";"155 584 440";"C01";"1";"7";"0";"0";"0";"0";"0";""
"202300054186";"155 584 442";"A01";"1";"7";"0";"2";"1";"0";"0";""
"202300054186";"155 584 446";"B01";"1";"7";"0";"2";"4";"0";"0";""
"202300054187";"155 584 436";"A01";"3";"7";"0";"1";"3";"1";"2";""
"202300054188";"155 584 431";"B01";"1";"7";"0";"2";"4";"1";"0";""
"202300054188";"155 584 438";"A01";"1";"1";"0";"2";"1";"2";"5";""
"202300054189";"155 584 432";"A01";"1";"7";"0";"2";"3";"9";"2";""
"202300054189";"155 584 437";"B01";"1";"31";"0";"2";"7";"1";"1";""
"202300054190";"155 584 433";"B01";"2";"7";"0";"2";"3";"15";"1";""
"202300054190";"155 584 439";"A01";"2";"30";"0";"2";"1";"17";"1";""
"202300054191";"155 584 427";"B01";"1";"17";"0";"2";"6";"17";"1";""
"202300054191";"155 584 435";"A01";"1";"33";"0";"2";"1";"17";"1";""
"202300054192";"155 584 424";"A01";"0";"7";"0";"2";"1";"1";"1";""
"202300054192";"155 584 430";"C01";"0";"7";"0";"2";"1";"1";"1";""
"202300054192";"155 584 441";"B01";"0";"7";"0";"2";"5";"15";"1";""
"202300054193";"155 584 426";"A01";"1";"7";"0";"2";"5";"15";"1";""
"202300054193";"155 584 434";"B01";"2";"32";"0";"2";"1";"1";"1";""
"202300054194";"155 584 422";"B01";"3";"30";"0";"2";"7";"1";"1";""
"202300054194";"155 584 429";"A01";"2";"7";"0";"2";"1";"15";"1";""
"202300054195";"155 584 421";"A01";"3";"7";"0";"2";"8";"15";"1";""
"202300054195";"155 584 425";"B01";"3";"37";"0";"2";"1";"1";"0";"1"
"202300054196";"155 584 420";"B01";"1";"10";"0";"1";" -1";"1";"1";""
"202300054196";"155 584 428";"A01";"2";"10";"0";"0";" -1";"1";"1";""
"202300054197";"155 584 419";"A01";"2";"37";"0";"2";"3";"16";"4";"1"
"202300054197";"155 584 423";"B01";"2";"7";"0";"2";"2";"23";"1";""
"202300054198";"155 584 412";"B01";"1";"32";"0";"2";"1";"1";"1";""